split,seed,coverage,method,fault_kind,source_hidden,magnitude,threshold,n_quiet_windows,false_alarm_rate
tune,1000,1.0,RippleTwin,SLOWDOWN,False,1.3039152979422162,45.562612595121664,177,0.04519774011299435
tune,1000,1.0,B2_observed_only_twin,SLOWDOWN,False,1.3039152979422162,45.562612595121664,177,0.04519774011299435
tune,1000,1.0,B0_SPC_observed,SLOWDOWN,False,1.3039152979422162,5.237133527699475,177,0.05649717514124294
tune,1000,1.0,B1_IsolationForest,SLOWDOWN,False,1.3039152979422162,0.7565752413847274,177,0.0
tune,1000,0.75,RippleTwin,SLOWDOWN,False,1.3039152979422162,32.119525394492335,177,0.04519774011299435
tune,1000,0.75,B2_observed_only_twin,SLOWDOWN,False,1.3039152979422162,32.119525394492335,177,0.04519774011299435
tune,1000,0.75,B0_SPC_observed,SLOWDOWN,False,1.3039152979422162,5.237133527699475,177,0.05649717514124294
tune,1000,0.75,B1_IsolationForest,SLOWDOWN,False,1.3039152979422162,0.7565752413847274,177,0.0
tune,1000,0.5,RippleTwin,SLOWDOWN,False,1.3039152979422162,42.892326734815505,177,0.04519774011299435
tune,1000,0.5,B2_observed_only_twin,SLOWDOWN,False,1.3039152979422162,42.892326734815505,177,0.04519774011299435
tune,1000,0.5,B0_SPC_observed,SLOWDOWN,False,1.3039152979422162,5.237133527699475,177,0.05649717514124294
tune,1000,0.5,B1_IsolationForest,SLOWDOWN,False,1.3039152979422162,0.7565752413847274,177,0.0
tune,1000,0.25,RippleTwin,SLOWDOWN,True,1.3039152979422162,27.136223649542885,177,0.0
tune,1000,0.25,B2_observed_only_twin,SLOWDOWN,True,1.3039152979422162,26.168542400051628,177,0.0
tune,1000,0.25,B0_SPC_observed,SLOWDOWN,True,1.3039152979422162,4.936240980386517,177,0.005649717514124294
tune,1000,0.25,B1_IsolationForest,SLOWDOWN,True,1.3039152979422162,0.7090738077922258,177,0.01694915254237288
tune,1001,1.0,RippleTwin,COMBINED,False,1.1636215766230222,45.562612595121664,162,0.012345679012345678
tune,1001,1.0,B2_observed_only_twin,COMBINED,False,1.1636215766230222,45.562612595121664,162,0.012345679012345678
tune,1001,1.0,B0_SPC_observed,COMBINED,False,1.1636215766230222,5.237133527699475,162,0.012345679012345678
tune,1001,1.0,B1_IsolationForest,COMBINED,False,1.1636215766230222,0.7565752413847274,162,0.0
tune,1001,0.75,RippleTwin,COMBINED,True,1.1636215766230222,32.119525394492335,162,0.012345679012345678
tune,1001,0.75,B2_observed_only_twin,COMBINED,True,1.1636215766230222,32.119525394492335,162,0.012345679012345678
tune,1001,0.75,B0_SPC_observed,COMBINED,True,1.1636215766230222,5.237133527699475,162,0.012345679012345678
tune,1001,0.75,B1_IsolationForest,COMBINED,True,1.1636215766230222,0.7565752413847274,162,0.0
tune,1001,0.5,RippleTwin,COMBINED,True,1.1636215766230222,42.892326734815505,162,0.012345679012345678
tune,1001,0.5,B2_observed_only_twin,COMBINED,True,1.1636215766230222,42.892326734815505,162,0.012345679012345678
tune,1001,0.5,B0_SPC_observed,COMBINED,True,1.1636215766230222,5.237133527699475,162,0.012345679012345678
tune,1001,0.5,B1_IsolationForest,COMBINED,True,1.1636215766230222,0.7565752413847274,162,0.0
tune,1001,0.25,RippleTwin,COMBINED,True,1.1636215766230222,27.136223649542885,162,0.0
tune,1001,0.25,B2_observed_only_twin,COMBINED,True,1.1636215766230222,26.168542400051628,162,0.0
tune,1001,0.25,B0_SPC_observed,COMBINED,True,1.1636215766230222,4.936240980386517,162,0.0
tune,1001,0.25,B1_IsolationForest,COMBINED,True,1.1636215766230222,0.7090738077922258,162,0.012345679012345678
tune,1002,1.0,RippleTwin,QUALITY_DRIFT,False,9.371311867995367,45.562612595121664,181,0.011049723756906077
tune,1002,1.0,B2_observed_only_twin,QUALITY_DRIFT,False,9.371311867995367,45.562612595121664,181,0.011049723756906077
tune,1002,1.0,B0_SPC_observed,QUALITY_DRIFT,False,9.371311867995367,5.237133527699475,181,0.016574585635359115
tune,1002,1.0,B1_IsolationForest,QUALITY_DRIFT,False,9.371311867995367,0.7565752413847274,181,0.0
tune,1002,0.75,RippleTwin,QUALITY_DRIFT,True,9.371311867995367,32.119525394492335,181,0.011049723756906077
tune,1002,0.75,B2_observed_only_twin,QUALITY_DRIFT,True,9.371311867995367,32.119525394492335,181,0.016574585635359115
tune,1002,0.75,B0_SPC_observed,QUALITY_DRIFT,True,9.371311867995367,5.237133527699475,181,0.016574585635359115
tune,1002,0.75,B1_IsolationForest,QUALITY_DRIFT,True,9.371311867995367,0.7565752413847274,181,0.0
tune,1002,0.5,RippleTwin,QUALITY_DRIFT,True,9.371311867995367,42.892326734815505,181,0.016574585635359115
tune,1002,0.5,B2_observed_only_twin,QUALITY_DRIFT,True,9.371311867995367,42.892326734815505,181,0.016574585635359115
tune,1002,0.5,B0_SPC_observed,QUALITY_DRIFT,True,9.371311867995367,5.237133527699475,181,0.0055248618784530384
tune,1002,0.5,B1_IsolationForest,QUALITY_DRIFT,True,9.371311867995367,0.7565752413847274,181,0.0
tune,1002,0.25,RippleTwin,QUALITY_DRIFT,True,9.371311867995367,27.136223649542885,181,0.0
tune,1002,0.25,B2_observed_only_twin,QUALITY_DRIFT,True,9.371311867995367,26.168542400051628,181,0.0
tune,1002,0.25,B0_SPC_observed,QUALITY_DRIFT,True,9.371311867995367,4.936240980386517,181,0.0
tune,1002,0.25,B1_IsolationForest,QUALITY_DRIFT,True,9.371311867995367,0.7090738077922258,181,0.03314917127071823
tune,1003,1.0,RippleTwin,COMBINED,False,1.3731549871195838,45.562612595121664,188,0.0
tune,1003,1.0,B2_observed_only_twin,COMBINED,False,1.3731549871195838,45.562612595121664,188,0.0
tune,1003,1.0,B0_SPC_observed,COMBINED,False,1.3731549871195838,5.237133527699475,188,0.010638297872340425
tune,1003,1.0,B1_IsolationForest,COMBINED,False,1.3731549871195838,0.7565752413847274,188,0.0
tune,1003,0.75,RippleTwin,COMBINED,True,1.3731549871195838,32.119525394492335,188,0.0
tune,1003,0.75,B2_observed_only_twin,COMBINED,True,1.3731549871195838,32.119525394492335,188,0.0
tune,1003,0.75,B0_SPC_observed,COMBINED,True,1.3731549871195838,5.237133527699475,188,0.010638297872340425
tune,1003,0.75,B1_IsolationForest,COMBINED,True,1.3731549871195838,0.7565752413847274,188,0.0
tune,1003,0.5,RippleTwin,COMBINED,True,1.3731549871195838,42.892326734815505,188,0.0
tune,1003,0.5,B2_observed_only_twin,COMBINED,True,1.3731549871195838,42.892326734815505,188,0.0
tune,1003,0.5,B0_SPC_observed,COMBINED,True,1.3731549871195838,5.237133527699475,188,0.010638297872340425
tune,1003,0.5,B1_IsolationForest,COMBINED,True,1.3731549871195838,0.7565752413847274,188,0.0
tune,1003,0.25,RippleTwin,COMBINED,True,1.3731549871195838,27.136223649542885,188,0.0
tune,1003,0.25,B2_observed_only_twin,COMBINED,True,1.3731549871195838,26.168542400051628,188,0.0
tune,1003,0.25,B0_SPC_observed,COMBINED,True,1.3731549871195838,4.936240980386517,188,0.0
tune,1003,0.25,B1_IsolationForest,COMBINED,True,1.3731549871195838,0.7090738077922258,188,0.0
tune,1004,1.0,RippleTwin,QUALITY_DRIFT,False,12.206738048579876,45.562612595121664,186,0.0
tune,1004,1.0,B2_observed_only_twin,QUALITY_DRIFT,False,12.206738048579876,45.562612595121664,186,0.0
tune,1004,1.0,B0_SPC_observed,QUALITY_DRIFT,False,12.206738048579876,5.237133527699475,186,0.0
tune,1004,1.0,B1_IsolationForest,QUALITY_DRIFT,False,12.206738048579876,0.7565752413847274,186,0.0
tune,1004,0.75,RippleTwin,QUALITY_DRIFT,True,12.206738048579876,32.119525394492335,186,0.0
tune,1004,0.75,B2_observed_only_twin,QUALITY_DRIFT,True,12.206738048579876,32.119525394492335,186,0.0
tune,1004,0.75,B0_SPC_observed,QUALITY_DRIFT,True,12.206738048579876,5.237133527699475,186,0.0
tune,1004,0.75,B1_IsolationForest,QUALITY_DRIFT,True,12.206738048579876,0.7565752413847274,186,0.0
tune,1004,0.5,RippleTwin,QUALITY_DRIFT,True,12.206738048579876,42.892326734815505,186,0.0
tune,1004,0.5,B2_observed_only_twin,QUALITY_DRIFT,True,12.206738048579876,42.892326734815505,186,0.0
tune,1004,0.5,B0_SPC_observed,QUALITY_DRIFT,True,12.206738048579876,5.237133527699475,186,0.0
tune,1004,0.5,B1_IsolationForest,QUALITY_DRIFT,True,12.206738048579876,0.7565752413847274,186,0.0
tune,1004,0.25,RippleTwin,QUALITY_DRIFT,True,12.206738048579876,27.136223649542885,186,0.010752688172043012
tune,1004,0.25,B2_observed_only_twin,QUALITY_DRIFT,True,12.206738048579876,26.168542400051628,186,0.005376344086021506
tune,1004,0.25,B0_SPC_observed,QUALITY_DRIFT,True,12.206738048579876,4.936240980386517,186,0.0
tune,1004,0.25,B1_IsolationForest,QUALITY_DRIFT,True,12.206738048579876,0.7090738077922258,186,0.005376344086021506
tune,1005,1.0,RippleTwin,QUALITY_DRIFT,False,14.347927245440864,45.562612595121664,189,0.005291005291005291
tune,1005,1.0,B2_observed_only_twin,QUALITY_DRIFT,False,14.347927245440864,45.562612595121664,189,0.005291005291005291
tune,1005,1.0,B0_SPC_observed,QUALITY_DRIFT,False,14.347927245440864,5.237133527699475,189,0.010582010582010581
tune,1005,1.0,B1_IsolationForest,QUALITY_DRIFT,False,14.347927245440864,0.7565752413847274,189,0.0
tune,1005,0.75,RippleTwin,QUALITY_DRIFT,False,14.347927245440864,32.119525394492335,189,0.005291005291005291
tune,1005,0.75,B2_observed_only_twin,QUALITY_DRIFT,False,14.347927245440864,32.119525394492335,189,0.005291005291005291
tune,1005,0.75,B0_SPC_observed,QUALITY_DRIFT,False,14.347927245440864,5.237133527699475,189,0.010582010582010581
tune,1005,0.75,B1_IsolationForest,QUALITY_DRIFT,False,14.347927245440864,0.7565752413847274,189,0.0
tune,1005,0.5,RippleTwin,QUALITY_DRIFT,True,14.347927245440864,42.892326734815505,189,0.005291005291005291
tune,1005,0.5,B2_observed_only_twin,QUALITY_DRIFT,True,14.347927245440864,42.892326734815505,189,0.005291005291005291
tune,1005,0.5,B0_SPC_observed,QUALITY_DRIFT,True,14.347927245440864,5.237133527699475,189,0.005291005291005291
tune,1005,0.5,B1_IsolationForest,QUALITY_DRIFT,True,14.347927245440864,0.7565752413847274,189,0.0
tune,1005,0.25,RippleTwin,QUALITY_DRIFT,True,14.347927245440864,27.136223649542885,189,0.010582010582010581
tune,1005,0.25,B2_observed_only_twin,QUALITY_DRIFT,True,14.347927245440864,26.168542400051628,189,0.010582010582010581
tune,1005,0.25,B0_SPC_observed,QUALITY_DRIFT,True,14.347927245440864,4.936240980386517,189,0.005291005291005291
tune,1005,0.25,B1_IsolationForest,QUALITY_DRIFT,True,14.347927245440864,0.7090738077922258,189,0.0
tune,1006,1.0,RippleTwin,SLOWDOWN,False,1.3879286554113792,45.562612595121664,176,0.0625
tune,1006,1.0,B2_observed_only_twin,SLOWDOWN,False,1.3879286554113792,45.562612595121664,176,0.0625
tune,1006,1.0,B0_SPC_observed,SLOWDOWN,False,1.3879286554113792,5.237133527699475,176,0.06818181818181818
tune,1006,1.0,B1_IsolationForest,SLOWDOWN,False,1.3879286554113792,0.7565752413847274,176,0.0
tune,1006,0.75,RippleTwin,SLOWDOWN,False,1.3879286554113792,32.119525394492335,176,0.0625
tune,1006,0.75,B2_observed_only_twin,SLOWDOWN,False,1.3879286554113792,32.119525394492335,176,0.0625
tune,1006,0.75,B0_SPC_observed,SLOWDOWN,False,1.3879286554113792,5.237133527699475,176,0.06818181818181818
tune,1006,0.75,B1_IsolationForest,SLOWDOWN,False,1.3879286554113792,0.7565752413847274,176,0.0
tune,1006,0.5,RippleTwin,SLOWDOWN,False,1.3879286554113792,42.892326734815505,176,0.0625
tune,1006,0.5,B2_observed_only_twin,SLOWDOWN,False,1.3879286554113792,42.892326734815505,176,0.0625
tune,1006,0.5,B0_SPC_observed,SLOWDOWN,False,1.3879286554113792,5.237133527699475,176,0.06818181818181818
tune,1006,0.5,B1_IsolationForest,SLOWDOWN,False,1.3879286554113792,0.7565752413847274,176,0.0
tune,1006,0.25,RippleTwin,SLOWDOWN,False,1.3879286554113792,27.136223649542885,176,0.0625
tune,1006,0.25,B2_observed_only_twin,SLOWDOWN,False,1.3879286554113792,26.168542400051628,176,0.06818181818181818
tune,1006,0.25,B0_SPC_observed,SLOWDOWN,False,1.3879286554113792,4.936240980386517,176,0.06818181818181818
tune,1006,0.25,B1_IsolationForest,SLOWDOWN,False,1.3879286554113792,0.7090738077922258,176,0.056818181818181816
tune,1007,1.0,RippleTwin,SLOWDOWN,False,1.3225338259901676,45.562612595121664,177,0.04519774011299435
tune,1007,1.0,B2_observed_only_twin,SLOWDOWN,False,1.3225338259901676,45.562612595121664,177,0.04519774011299435
tune,1007,1.0,B0_SPC_observed,SLOWDOWN,False,1.3225338259901676,5.237133527699475,177,0.062146892655367235
tune,1007,1.0,B1_IsolationForest,SLOWDOWN,False,1.3225338259901676,0.7565752413847274,177,0.0
tune,1007,0.75,RippleTwin,SLOWDOWN,False,1.3225338259901676,32.119525394492335,177,0.05084745762711865
tune,1007,0.75,B2_observed_only_twin,SLOWDOWN,False,1.3225338259901676,32.119525394492335,177,0.05084745762711865
tune,1007,0.75,B0_SPC_observed,SLOWDOWN,False,1.3225338259901676,5.237133527699475,177,0.062146892655367235
tune,1007,0.75,B1_IsolationForest,SLOWDOWN,False,1.3225338259901676,0.7565752413847274,177,0.0
tune,1007,0.5,RippleTwin,SLOWDOWN,True,1.3225338259901676,42.892326734815505,177,0.0
tune,1007,0.5,B2_observed_only_twin,SLOWDOWN,True,1.3225338259901676,42.892326734815505,177,0.0
tune,1007,0.5,B0_SPC_observed,SLOWDOWN,True,1.3225338259901676,5.237133527699475,177,0.0
tune,1007,0.5,B1_IsolationForest,SLOWDOWN,True,1.3225338259901676,0.7565752413847274,177,0.0
tune,1007,0.25,RippleTwin,SLOWDOWN,True,1.3225338259901676,27.136223649542885,177,0.0
tune,1007,0.25,B2_observed_only_twin,SLOWDOWN,True,1.3225338259901676,26.168542400051628,177,0.0
tune,1007,0.25,B0_SPC_observed,SLOWDOWN,True,1.3225338259901676,4.936240980386517,177,0.005649717514124294
tune,1007,0.25,B1_IsolationForest,SLOWDOWN,True,1.3225338259901676,0.7090738077922258,177,0.0
test,5000,1.0,RippleTwin,SLOWDOWN,False,1.1949660821520764,45.562612595121664,163,0.0
test,5000,1.0,B2_observed_only_twin,SLOWDOWN,False,1.1949660821520764,45.562612595121664,163,0.0
test,5000,1.0,B0_SPC_observed,SLOWDOWN,False,1.1949660821520764,5.237133527699475,163,0.006134969325153374
test,5000,1.0,B1_IsolationForest,SLOWDOWN,False,1.1949660821520764,0.7565752413847274,163,0.03680981595092025
test,5000,0.75,RippleTwin,SLOWDOWN,True,1.1949660821520764,32.119525394492335,163,0.006134969325153374
test,5000,0.75,B2_observed_only_twin,SLOWDOWN,True,1.1949660821520764,32.119525394492335,163,0.006134969325153374
test,5000,0.75,B0_SPC_observed,SLOWDOWN,True,1.1949660821520764,5.237133527699475,163,0.006134969325153374
test,5000,0.75,B1_IsolationForest,SLOWDOWN,True,1.1949660821520764,0.7565752413847274,163,0.03680981595092025
test,5000,0.5,RippleTwin,SLOWDOWN,True,1.1949660821520764,42.892326734815505,163,0.0
test,5000,0.5,B2_observed_only_twin,SLOWDOWN,True,1.1949660821520764,42.892326734815505,163,0.0
test,5000,0.5,B0_SPC_observed,SLOWDOWN,True,1.1949660821520764,5.237133527699475,163,0.006134969325153374
test,5000,0.5,B1_IsolationForest,SLOWDOWN,True,1.1949660821520764,0.7565752413847274,163,0.0
test,5000,0.25,RippleTwin,SLOWDOWN,True,1.1949660821520764,27.136223649542885,163,0.0
test,5000,0.25,B2_observed_only_twin,SLOWDOWN,True,1.1949660821520764,26.168542400051628,163,0.0
test,5000,0.25,B0_SPC_observed,SLOWDOWN,True,1.1949660821520764,4.936240980386517,163,0.0
test,5000,0.25,B1_IsolationForest,SLOWDOWN,True,1.1949660821520764,0.7090738077922258,163,0.04294478527607362
test,5001,1.0,RippleTwin,QUALITY_DRIFT,False,13.6887759257169,45.562612595121664,159,0.0
test,5001,1.0,B2_observed_only_twin,QUALITY_DRIFT,False,13.6887759257169,45.562612595121664,159,0.0
test,5001,1.0,B0_SPC_observed,QUALITY_DRIFT,False,13.6887759257169,5.237133527699475,159,0.0
test,5001,1.0,B1_IsolationForest,QUALITY_DRIFT,False,13.6887759257169,0.7565752413847274,159,0.0
test,5001,0.75,RippleTwin,QUALITY_DRIFT,False,13.6887759257169,32.119525394492335,159,0.0
test,5001,0.75,B2_observed_only_twin,QUALITY_DRIFT,False,13.6887759257169,32.119525394492335,159,0.0
test,5001,0.75,B0_SPC_observed,QUALITY_DRIFT,False,13.6887759257169,5.237133527699475,159,0.0
test,5001,0.75,B1_IsolationForest,QUALITY_DRIFT,False,13.6887759257169,0.7565752413847274,159,0.0
test,5001,0.5,RippleTwin,QUALITY_DRIFT,True,13.6887759257169,42.892326734815505,159,0.0
test,5001,0.5,B2_observed_only_twin,QUALITY_DRIFT,True,13.6887759257169,42.892326734815505,159,0.0
test,5001,0.5,B0_SPC_observed,QUALITY_DRIFT,True,13.6887759257169,5.237133527699475,159,0.0
test,5001,0.5,B1_IsolationForest,QUALITY_DRIFT,True,13.6887759257169,0.7565752413847274,159,0.0
test,5001,0.25,RippleTwin,QUALITY_DRIFT,True,13.6887759257169,27.136223649542885,159,0.0
test,5001,0.25,B2_observed_only_twin,QUALITY_DRIFT,True,13.6887759257169,26.168542400051628,159,0.0
test,5001,0.25,B0_SPC_observed,QUALITY_DRIFT,True,13.6887759257169,4.936240980386517,159,0.006289308176100629
test,5001,0.25,B1_IsolationForest,QUALITY_DRIFT,True,13.6887759257169,0.7090738077922258,159,0.0440251572327044
test,5002,1.0,RippleTwin,SLOWDOWN,False,1.2319251079170532,45.562612595121664,176,0.005681818181818182
test,5002,1.0,B2_observed_only_twin,SLOWDOWN,False,1.2319251079170532,45.562612595121664,176,0.005681818181818182
test,5002,1.0,B0_SPC_observed,SLOWDOWN,False,1.2319251079170532,5.237133527699475,176,0.005681818181818182
test,5002,1.0,B1_IsolationForest,SLOWDOWN,False,1.2319251079170532,0.7565752413847274,176,0.011363636363636364
test,5002,0.75,RippleTwin,SLOWDOWN,False,1.2319251079170532,32.119525394492335,176,0.005681818181818182
test,5002,0.75,B2_observed_only_twin,SLOWDOWN,False,1.2319251079170532,32.119525394492335,176,0.005681818181818182
test,5002,0.75,B0_SPC_observed,SLOWDOWN,False,1.2319251079170532,5.237133527699475,176,0.005681818181818182
test,5002,0.75,B1_IsolationForest,SLOWDOWN,False,1.2319251079170532,0.7565752413847274,176,0.011363636363636364
test,5002,0.5,RippleTwin,SLOWDOWN,True,1.2319251079170532,42.892326734815505,176,0.0
test,5002,0.5,B2_observed_only_twin,SLOWDOWN,True,1.2319251079170532,42.892326734815505,176,0.0
test,5002,0.5,B0_SPC_observed,SLOWDOWN,True,1.2319251079170532,5.237133527699475,176,0.005681818181818182
test,5002,0.5,B1_IsolationForest,SLOWDOWN,True,1.2319251079170532,0.7565752413847274,176,0.011363636363636364
test,5002,0.25,RippleTwin,SLOWDOWN,True,1.2319251079170532,27.136223649542885,176,0.005681818181818182
test,5002,0.25,B2_observed_only_twin,SLOWDOWN,True,1.2319251079170532,26.168542400051628,176,0.005681818181818182
test,5002,0.25,B0_SPC_observed,SLOWDOWN,True,1.2319251079170532,4.936240980386517,176,0.0
test,5002,0.25,B1_IsolationForest,SLOWDOWN,True,1.2319251079170532,0.7090738077922258,176,0.017045454545454544
test,5003,1.0,RippleTwin,SLOWDOWN,False,1.2705041636670094,45.562612595121664,165,0.0
test,5003,1.0,B2_observed_only_twin,SLOWDOWN,False,1.2705041636670094,45.562612595121664,165,0.0
test,5003,1.0,B0_SPC_observed,SLOWDOWN,False,1.2705041636670094,5.237133527699475,165,0.11515151515151516
test,5003,1.0,B1_IsolationForest,SLOWDOWN,False,1.2705041636670094,0.7565752413847274,165,0.0
test,5003,0.75,RippleTwin,SLOWDOWN,True,1.2705041636670094,32.119525394492335,165,0.012121212121212121
test,5003,0.75,B2_observed_only_twin,SLOWDOWN,True,1.2705041636670094,32.119525394492335,165,0.012121212121212121
test,5003,0.75,B0_SPC_observed,SLOWDOWN,True,1.2705041636670094,5.237133527699475,165,0.04242424242424243
test,5003,0.75,B1_IsolationForest,SLOWDOWN,True,1.2705041636670094,0.7565752413847274,165,0.0
test,5003,0.5,RippleTwin,SLOWDOWN,True,1.2705041636670094,42.892326734815505,165,0.006060606060606061
test,5003,0.5,B2_observed_only_twin,SLOWDOWN,True,1.2705041636670094,42.892326734815505,165,0.006060606060606061
test,5003,0.5,B0_SPC_observed,SLOWDOWN,True,1.2705041636670094,5.237133527699475,165,0.04242424242424243
test,5003,0.5,B1_IsolationForest,SLOWDOWN,True,1.2705041636670094,0.7565752413847274,165,0.0
test,5003,0.25,RippleTwin,SLOWDOWN,True,1.2705041636670094,27.136223649542885,165,0.0
test,5003,0.25,B2_observed_only_twin,SLOWDOWN,True,1.2705041636670094,26.168542400051628,165,0.006060606060606061
test,5003,0.25,B0_SPC_observed,SLOWDOWN,True,1.2705041636670094,4.936240980386517,165,0.03636363636363636
test,5003,0.25,B1_IsolationForest,SLOWDOWN,True,1.2705041636670094,0.7090738077922258,165,0.01818181818181818
test,5004,1.0,RippleTwin,QUALITY_DRIFT,False,6.659029720362757,45.562612595121664,173,0.0
test,5004,1.0,B2_observed_only_twin,QUALITY_DRIFT,False,6.659029720362757,45.562612595121664,173,0.0
test,5004,1.0,B0_SPC_observed,QUALITY_DRIFT,False,6.659029720362757,5.237133527699475,173,0.005780346820809248
test,5004,1.0,B1_IsolationForest,QUALITY_DRIFT,False,6.659029720362757,0.7565752413847274,173,0.011560693641618497
test,5004,0.75,RippleTwin,QUALITY_DRIFT,True,6.659029720362757,32.119525394492335,173,0.0
test,5004,0.75,B2_observed_only_twin,QUALITY_DRIFT,True,6.659029720362757,32.119525394492335,173,0.0
test,5004,0.75,B0_SPC_observed,QUALITY_DRIFT,True,6.659029720362757,5.237133527699475,173,0.005780346820809248
test,5004,0.75,B1_IsolationForest,QUALITY_DRIFT,True,6.659029720362757,0.7565752413847274,173,0.011560693641618497
test,5004,0.5,RippleTwin,QUALITY_DRIFT,True,6.659029720362757,42.892326734815505,173,0.005780346820809248
test,5004,0.5,B2_observed_only_twin,QUALITY_DRIFT,True,6.659029720362757,42.892326734815505,173,0.005780346820809248
test,5004,0.5,B0_SPC_observed,QUALITY_DRIFT,True,6.659029720362757,5.237133527699475,173,0.005780346820809248
test,5004,0.5,B1_IsolationForest,QUALITY_DRIFT,True,6.659029720362757,0.7565752413847274,173,0.011560693641618497
test,5004,0.25,RippleTwin,QUALITY_DRIFT,True,6.659029720362757,27.136223649542885,173,0.005780346820809248
test,5004,0.25,B2_observed_only_twin,QUALITY_DRIFT,True,6.659029720362757,26.168542400051628,173,0.005780346820809248
test,5004,0.25,B0_SPC_observed,QUALITY_DRIFT,True,6.659029720362757,4.936240980386517,173,0.005780346820809248
test,5004,0.25,B1_IsolationForest,QUALITY_DRIFT,True,6.659029720362757,0.7090738077922258,173,0.0
test,5005,1.0,RippleTwin,QUALITY_DRIFT,False,15.08737093854699,45.562612595121664,167,0.0
test,5005,1.0,B2_observed_only_twin,QUALITY_DRIFT,False,15.08737093854699,45.562612595121664,167,0.0
test,5005,1.0,B0_SPC_observed,QUALITY_DRIFT,False,15.08737093854699,5.237133527699475,167,0.005988023952095809
test,5005,1.0,B1_IsolationForest,QUALITY_DRIFT,False,15.08737093854699,0.7565752413847274,167,0.0
test,5005,0.75,RippleTwin,QUALITY_DRIFT,True,15.08737093854699,32.119525394492335,167,0.0
test,5005,0.75,B2_observed_only_twin,QUALITY_DRIFT,True,15.08737093854699,32.119525394492335,167,0.0
test,5005,0.75,B0_SPC_observed,QUALITY_DRIFT,True,15.08737093854699,5.237133527699475,167,0.005988023952095809
test,5005,0.75,B1_IsolationForest,QUALITY_DRIFT,True,15.08737093854699,0.7565752413847274,167,0.0
test,5005,0.5,RippleTwin,QUALITY_DRIFT,True,15.08737093854699,42.892326734815505,167,0.0
test,5005,0.5,B2_observed_only_twin,QUALITY_DRIFT,True,15.08737093854699,42.892326734815505,167,0.0
test,5005,0.5,B0_SPC_observed,QUALITY_DRIFT,True,15.08737093854699,5.237133527699475,167,0.005988023952095809
test,5005,0.5,B1_IsolationForest,QUALITY_DRIFT,True,15.08737093854699,0.7565752413847274,167,0.0
test,5005,0.25,RippleTwin,QUALITY_DRIFT,True,15.08737093854699,27.136223649542885,167,0.0
test,5005,0.25,B2_observed_only_twin,QUALITY_DRIFT,True,15.08737093854699,26.168542400051628,167,0.0
test,5005,0.25,B0_SPC_observed,QUALITY_DRIFT,True,15.08737093854699,4.936240980386517,167,0.0
test,5005,0.25,B1_IsolationForest,QUALITY_DRIFT,True,15.08737093854699,0.7090738077922258,167,0.0
test,5006,1.0,RippleTwin,,False,0.0,45.562612595121664,237,0.0
test,5006,1.0,B2_observed_only_twin,,False,0.0,45.562612595121664,237,0.0
test,5006,1.0,B0_SPC_observed,,False,0.0,5.237133527699475,237,0.0
test,5006,1.0,B1_IsolationForest,,False,0.0,0.7565752413847274,237,0.0
test,5006,0.75,RippleTwin,,False,0.0,32.119525394492335,237,0.0
test,5006,0.75,B2_observed_only_twin,,False,0.0,32.119525394492335,237,0.0
test,5006,0.75,B0_SPC_observed,,False,0.0,5.237133527699475,237,0.0
test,5006,0.75,B1_IsolationForest,,False,0.0,0.7565752413847274,237,0.0
test,5006,0.5,RippleTwin,,False,0.0,42.892326734815505,237,0.0
test,5006,0.5,B2_observed_only_twin,,False,0.0,42.892326734815505,237,0.0
test,5006,0.5,B0_SPC_observed,,False,0.0,5.237133527699475,237,0.0
test,5006,0.5,B1_IsolationForest,,False,0.0,0.7565752413847274,237,0.0
test,5006,0.25,RippleTwin,,False,0.0,27.136223649542885,237,0.0
test,5006,0.25,B2_observed_only_twin,,False,0.0,26.168542400051628,237,0.0
test,5006,0.25,B0_SPC_observed,,False,0.0,4.936240980386517,237,0.0
test,5006,0.25,B1_IsolationForest,,False,0.0,0.7090738077922258,237,0.008438818565400843
test,5007,1.0,RippleTwin,,False,0.0,45.562612595121664,237,0.0
test,5007,1.0,B2_observed_only_twin,,False,0.0,45.562612595121664,237,0.0
test,5007,1.0,B0_SPC_observed,,False,0.0,5.237133527699475,237,0.02109704641350211
test,5007,1.0,B1_IsolationForest,,False,0.0,0.7565752413847274,237,0.004219409282700422
test,5007,0.75,RippleTwin,,False,0.0,32.119525394492335,237,0.008438818565400843
test,5007,0.75,B2_observed_only_twin,,False,0.0,32.119525394492335,237,0.008438818565400843
test,5007,0.75,B0_SPC_observed,,False,0.0,5.237133527699475,237,0.02109704641350211
test,5007,0.75,B1_IsolationForest,,False,0.0,0.7565752413847274,237,0.004219409282700422
test,5007,0.5,RippleTwin,,False,0.0,42.892326734815505,237,0.004219409282700422
test,5007,0.5,B2_observed_only_twin,,False,0.0,42.892326734815505,237,0.004219409282700422
test,5007,0.5,B0_SPC_observed,,False,0.0,5.237133527699475,237,0.012658227848101266
test,5007,0.5,B1_IsolationForest,,False,0.0,0.7565752413847274,237,0.004219409282700422
test,5007,0.25,RippleTwin,,False,0.0,27.136223649542885,237,0.0
test,5007,0.25,B2_observed_only_twin,,False,0.0,26.168542400051628,237,0.0
test,5007,0.25,B0_SPC_observed,,False,0.0,4.936240980386517,237,0.0
test,5007,0.25,B1_IsolationForest,,False,0.0,0.7090738077922258,237,0.02531645569620253
test,5008,1.0,RippleTwin,COMBINED,False,1.14039917558224,45.562612595121664,154,0.0
test,5008,1.0,B2_observed_only_twin,COMBINED,False,1.14039917558224,45.562612595121664,154,0.0
test,5008,1.0,B0_SPC_observed,COMBINED,False,1.14039917558224,5.237133527699475,154,0.0
test,5008,1.0,B1_IsolationForest,COMBINED,False,1.14039917558224,0.7565752413847274,154,0.0
test,5008,0.75,RippleTwin,COMBINED,True,1.14039917558224,32.119525394492335,154,0.0
test,5008,0.75,B2_observed_only_twin,COMBINED,True,1.14039917558224,32.119525394492335,154,0.0
test,5008,0.75,B0_SPC_observed,COMBINED,True,1.14039917558224,5.237133527699475,154,0.0
test,5008,0.75,B1_IsolationForest,COMBINED,True,1.14039917558224,0.7565752413847274,154,0.0
test,5008,0.5,RippleTwin,COMBINED,True,1.14039917558224,42.892326734815505,154,0.0
test,5008,0.5,B2_observed_only_twin,COMBINED,True,1.14039917558224,42.892326734815505,154,0.0
test,5008,0.5,B0_SPC_observed,COMBINED,True,1.14039917558224,5.237133527699475,154,0.0
test,5008,0.5,B1_IsolationForest,COMBINED,True,1.14039917558224,0.7565752413847274,154,0.0
test,5008,0.25,RippleTwin,COMBINED,True,1.14039917558224,27.136223649542885,154,0.0
test,5008,0.25,B2_observed_only_twin,COMBINED,True,1.14039917558224,26.168542400051628,154,0.0
test,5008,0.25,B0_SPC_observed,COMBINED,True,1.14039917558224,4.936240980386517,154,0.006493506493506494
test,5008,0.25,B1_IsolationForest,COMBINED,True,1.14039917558224,0.7090738077922258,154,0.006493506493506494
test,5009,1.0,RippleTwin,SLOWDOWN,False,1.2601684573104932,45.562612595121664,191,0.0
test,5009,1.0,B2_observed_only_twin,SLOWDOWN,False,1.2601684573104932,45.562612595121664,191,0.0
test,5009,1.0,B0_SPC_observed,SLOWDOWN,False,1.2601684573104932,5.237133527699475,191,0.0
test,5009,1.0,B1_IsolationForest,SLOWDOWN,False,1.2601684573104932,0.7565752413847274,191,0.005235602094240838
test,5009,0.75,RippleTwin,SLOWDOWN,False,1.2601684573104932,32.119525394492335,191,0.0
test,5009,0.75,B2_observed_only_twin,SLOWDOWN,False,1.2601684573104932,32.119525394492335,191,0.0
test,5009,0.75,B0_SPC_observed,SLOWDOWN,False,1.2601684573104932,5.237133527699475,191,0.0
test,5009,0.75,B1_IsolationForest,SLOWDOWN,False,1.2601684573104932,0.7565752413847274,191,0.005235602094240838
test,5009,0.5,RippleTwin,SLOWDOWN,False,1.2601684573104932,42.892326734815505,191,0.0
test,5009,0.5,B2_observed_only_twin,SLOWDOWN,False,1.2601684573104932,42.892326734815505,191,0.0
test,5009,0.5,B0_SPC_observed,SLOWDOWN,False,1.2601684573104932,5.237133527699475,191,0.0
test,5009,0.5,B1_IsolationForest,SLOWDOWN,False,1.2601684573104932,0.7565752413847274,191,0.005235602094240838
test,5009,0.25,RippleTwin,SLOWDOWN,True,1.2601684573104932,27.136223649542885,191,0.005235602094240838
test,5009,0.25,B2_observed_only_twin,SLOWDOWN,True,1.2601684573104932,26.168542400051628,191,0.005235602094240838
test,5009,0.25,B0_SPC_observed,SLOWDOWN,True,1.2601684573104932,4.936240980386517,191,0.0
test,5009,0.25,B1_IsolationForest,SLOWDOWN,True,1.2601684573104932,0.7090738077922258,191,0.010471204188481676
test,5010,1.0,RippleTwin,SLOWDOWN,False,1.4180308973979445,45.562612595121664,169,0.11242603550295859
test,5010,1.0,B2_observed_only_twin,SLOWDOWN,False,1.4180308973979445,45.562612595121664,169,0.11242603550295859
test,5010,1.0,B0_SPC_observed,SLOWDOWN,False,1.4180308973979445,5.237133527699475,169,0.13609467455621302
test,5010,1.0,B1_IsolationForest,SLOWDOWN,False,1.4180308973979445,0.7565752413847274,169,0.1242603550295858
test,5010,0.75,RippleTwin,SLOWDOWN,True,1.4180308973979445,32.119525394492335,169,0.005917159763313609
test,5010,0.75,B2_observed_only_twin,SLOWDOWN,True,1.4180308973979445,32.119525394492335,169,0.005917159763313609
test,5010,0.75,B0_SPC_observed,SLOWDOWN,True,1.4180308973979445,5.237133527699475,169,0.011834319526627219
test,5010,0.75,B1_IsolationForest,SLOWDOWN,True,1.4180308973979445,0.7565752413847274,169,0.0
test,5010,0.5,RippleTwin,SLOWDOWN,True,1.4180308973979445,42.892326734815505,169,0.005917159763313609
test,5010,0.5,B2_observed_only_twin,SLOWDOWN,True,1.4180308973979445,42.892326734815505,169,0.005917159763313609
test,5010,0.5,B0_SPC_observed,SLOWDOWN,True,1.4180308973979445,5.237133527699475,169,0.0
test,5010,0.5,B1_IsolationForest,SLOWDOWN,True,1.4180308973979445,0.7565752413847274,169,0.0
test,5010,0.25,RippleTwin,SLOWDOWN,True,1.4180308973979445,27.136223649542885,169,0.023668639053254437
test,5010,0.25,B2_observed_only_twin,SLOWDOWN,True,1.4180308973979445,26.168542400051628,169,0.01775147928994083
test,5010,0.25,B0_SPC_observed,SLOWDOWN,True,1.4180308973979445,4.936240980386517,169,0.011834319526627219
test,5010,0.25,B1_IsolationForest,SLOWDOWN,True,1.4180308973979445,0.7090738077922258,169,0.0
test,5011,1.0,RippleTwin,SLOWDOWN,False,1.4485291535733276,45.562612595121664,187,0.0
test,5011,1.0,B2_observed_only_twin,SLOWDOWN,False,1.4485291535733276,45.562612595121664,187,0.0
test,5011,1.0,B0_SPC_observed,SLOWDOWN,False,1.4485291535733276,5.237133527699475,187,0.016042780748663103
test,5011,1.0,B1_IsolationForest,SLOWDOWN,False,1.4485291535733276,0.7565752413847274,187,0.0053475935828877
test,5011,0.75,RippleTwin,SLOWDOWN,True,1.4485291535733276,32.119525394492335,187,0.0
test,5011,0.75,B2_observed_only_twin,SLOWDOWN,True,1.4485291535733276,32.119525394492335,187,0.0
test,5011,0.75,B0_SPC_observed,SLOWDOWN,True,1.4485291535733276,5.237133527699475,187,0.0053475935828877
test,5011,0.75,B1_IsolationForest,SLOWDOWN,True,1.4485291535733276,0.7565752413847274,187,0.0053475935828877
test,5011,0.5,RippleTwin,SLOWDOWN,True,1.4485291535733276,42.892326734815505,187,0.0053475935828877
test,5011,0.5,B2_observed_only_twin,SLOWDOWN,True,1.4485291535733276,42.892326734815505,187,0.0053475935828877
test,5011,0.5,B0_SPC_observed,SLOWDOWN,True,1.4485291535733276,5.237133527699475,187,0.0053475935828877
test,5011,0.5,B1_IsolationForest,SLOWDOWN,True,1.4485291535733276,0.7565752413847274,187,0.0053475935828877
test,5011,0.25,RippleTwin,SLOWDOWN,True,1.4485291535733276,27.136223649542885,187,0.0053475935828877
test,5011,0.25,B2_observed_only_twin,SLOWDOWN,True,1.4485291535733276,26.168542400051628,187,0.0053475935828877
test,5011,0.25,B0_SPC_observed,SLOWDOWN,True,1.4485291535733276,4.936240980386517,187,0.0
test,5011,0.25,B1_IsolationForest,SLOWDOWN,True,1.4485291535733276,0.7090738077922258,187,0.016042780748663103
test,5012,1.0,RippleTwin,,False,0.0,45.562612595121664,237,0.0
test,5012,1.0,B2_observed_only_twin,,False,0.0,45.562612595121664,237,0.0
test,5012,1.0,B0_SPC_observed,,False,0.0,5.237133527699475,237,0.012658227848101266
test,5012,1.0,B1_IsolationForest,,False,0.0,0.7565752413847274,237,0.0
test,5012,0.75,RippleTwin,,False,0.0,32.119525394492335,237,0.0
test,5012,0.75,B2_observed_only_twin,,False,0.0,32.119525394492335,237,0.0
test,5012,0.75,B0_SPC_observed,,False,0.0,5.237133527699475,237,0.012658227848101266
test,5012,0.75,B1_IsolationForest,,False,0.0,0.7565752413847274,237,0.0
test,5012,0.5,RippleTwin,,False,0.0,42.892326734815505,237,0.0
test,5012,0.5,B2_observed_only_twin,,False,0.0,42.892326734815505,237,0.0
test,5012,0.5,B0_SPC_observed,,False,0.0,5.237133527699475,237,0.012658227848101266
test,5012,0.5,B1_IsolationForest,,False,0.0,0.7565752413847274,237,0.0
test,5012,0.25,RippleTwin,,False,0.0,27.136223649542885,237,0.0
test,5012,0.25,B2_observed_only_twin,,False,0.0,26.168542400051628,237,0.0
test,5012,0.25,B0_SPC_observed,,False,0.0,4.936240980386517,237,0.012658227848101266
test,5012,0.25,B1_IsolationForest,,False,0.0,0.7090738077922258,237,0.004219409282700422
test,5013,1.0,RippleTwin,,False,0.0,45.562612595121664,237,0.0
test,5013,1.0,B2_observed_only_twin,,False,0.0,45.562612595121664,237,0.0
test,5013,1.0,B0_SPC_observed,,False,0.0,5.237133527699475,237,0.016877637130801686
test,5013,1.0,B1_IsolationForest,,False,0.0,0.7565752413847274,237,0.004219409282700422
test,5013,0.75,RippleTwin,,False,0.0,32.119525394492335,237,0.0
test,5013,0.75,B2_observed_only_twin,,False,0.0,32.119525394492335,237,0.0
test,5013,0.75,B0_SPC_observed,,False,0.0,5.237133527699475,237,0.016877637130801686
test,5013,0.75,B1_IsolationForest,,False,0.0,0.7565752413847274,237,0.004219409282700422
test,5013,0.5,RippleTwin,,False,0.0,42.892326734815505,237,0.004219409282700422
test,5013,0.5,B2_observed_only_twin,,False,0.0,42.892326734815505,237,0.004219409282700422
test,5013,0.5,B0_SPC_observed,,False,0.0,5.237133527699475,237,0.016877637130801686
test,5013,0.5,B1_IsolationForest,,False,0.0,0.7565752413847274,237,0.004219409282700422
test,5013,0.25,RippleTwin,,False,0.0,27.136223649542885,237,0.008438818565400843
test,5013,0.25,B2_observed_only_twin,,False,0.0,26.168542400051628,237,0.012658227848101266
test,5013,0.25,B0_SPC_observed,,False,0.0,4.936240980386517,237,0.012658227848101266
test,5013,0.25,B1_IsolationForest,,False,0.0,0.7090738077922258,237,0.004219409282700422
test,5014,1.0,RippleTwin,QUALITY_DRIFT,False,13.019213797604646,45.562612595121664,170,0.0
test,5014,1.0,B2_observed_only_twin,QUALITY_DRIFT,False,13.019213797604646,45.562612595121664,170,0.0
test,5014,1.0,B0_SPC_observed,QUALITY_DRIFT,False,13.019213797604646,5.237133527699475,170,0.01764705882352941
test,5014,1.0,B1_IsolationForest,QUALITY_DRIFT,False,13.019213797604646,0.7565752413847274,170,0.0
test,5014,0.75,RippleTwin,QUALITY_DRIFT,False,13.019213797604646,32.119525394492335,170,0.0
test,5014,0.75,B2_observed_only_twin,QUALITY_DRIFT,False,13.019213797604646,32.119525394492335,170,0.0
test,5014,0.75,B0_SPC_observed,QUALITY_DRIFT,False,13.019213797604646,5.237133527699475,170,0.01764705882352941
test,5014,0.75,B1_IsolationForest,QUALITY_DRIFT,False,13.019213797604646,0.7565752413847274,170,0.0
test,5014,0.5,RippleTwin,QUALITY_DRIFT,False,13.019213797604646,42.892326734815505,170,0.0
test,5014,0.5,B2_observed_only_twin,QUALITY_DRIFT,False,13.019213797604646,42.892326734815505,170,0.0
test,5014,0.5,B0_SPC_observed,QUALITY_DRIFT,False,13.019213797604646,5.237133527699475,170,0.011764705882352941
test,5014,0.5,B1_IsolationForest,QUALITY_DRIFT,False,13.019213797604646,0.7565752413847274,170,0.0
test,5014,0.25,RippleTwin,QUALITY_DRIFT,True,13.019213797604646,27.136223649542885,170,0.0058823529411764705
test,5014,0.25,B2_observed_only_twin,QUALITY_DRIFT,True,13.019213797604646,26.168542400051628,170,0.0
test,5014,0.25,B0_SPC_observed,QUALITY_DRIFT,True,13.019213797604646,4.936240980386517,170,0.0
test,5014,0.25,B1_IsolationForest,QUALITY_DRIFT,True,13.019213797604646,0.7090738077922258,170,0.0058823529411764705
test,5015,1.0,RippleTwin,QUALITY_DRIFT,False,9.84571496591007,45.562612595121664,156,0.01282051282051282
test,5015,1.0,B2_observed_only_twin,QUALITY_DRIFT,False,9.84571496591007,45.562612595121664,156,0.01282051282051282
test,5015,1.0,B0_SPC_observed,QUALITY_DRIFT,False,9.84571496591007,5.237133527699475,156,0.0
test,5015,1.0,B1_IsolationForest,QUALITY_DRIFT,False,9.84571496591007,0.7565752413847274,156,0.01282051282051282
test,5015,0.75,RippleTwin,QUALITY_DRIFT,True,9.84571496591007,32.119525394492335,156,0.019230769230769232
test,5015,0.75,B2_observed_only_twin,QUALITY_DRIFT,True,9.84571496591007,32.119525394492335,156,0.019230769230769232
test,5015,0.75,B0_SPC_observed,QUALITY_DRIFT,True,9.84571496591007,5.237133527699475,156,0.0
test,5015,0.75,B1_IsolationForest,QUALITY_DRIFT,True,9.84571496591007,0.7565752413847274,156,0.01282051282051282
test,5015,0.5,RippleTwin,QUALITY_DRIFT,True,9.84571496591007,42.892326734815505,156,0.02564102564102564
test,5015,0.5,B2_observed_only_twin,QUALITY_DRIFT,True,9.84571496591007,42.892326734815505,156,0.02564102564102564
test,5015,0.5,B0_SPC_observed,QUALITY_DRIFT,True,9.84571496591007,5.237133527699475,156,0.0
test,5015,0.5,B1_IsolationForest,QUALITY_DRIFT,True,9.84571496591007,0.7565752413847274,156,0.01282051282051282
test,5015,0.25,RippleTwin,QUALITY_DRIFT,True,9.84571496591007,27.136223649542885,156,0.03205128205128205
test,5015,0.25,B2_observed_only_twin,QUALITY_DRIFT,True,9.84571496591007,26.168542400051628,156,0.03205128205128205
test,5015,0.25,B0_SPC_observed,QUALITY_DRIFT,True,9.84571496591007,4.936240980386517,156,0.0
test,5015,0.25,B1_IsolationForest,QUALITY_DRIFT,True,9.84571496591007,0.7090738077922258,156,0.01282051282051282
test,5016,1.0,RippleTwin,,False,0.0,45.562612595121664,237,0.004219409282700422
test,5016,1.0,B2_observed_only_twin,,False,0.0,45.562612595121664,237,0.004219409282700422
test,5016,1.0,B0_SPC_observed,,False,0.0,5.237133527699475,237,0.0
test,5016,1.0,B1_IsolationForest,,False,0.0,0.7565752413847274,237,0.004219409282700422
test,5016,0.75,RippleTwin,,False,0.0,32.119525394492335,237,0.004219409282700422
test,5016,0.75,B2_observed_only_twin,,False,0.0,32.119525394492335,237,0.004219409282700422
test,5016,0.75,B0_SPC_observed,,False,0.0,5.237133527699475,237,0.0
test,5016,0.75,B1_IsolationForest,,False,0.0,0.7565752413847274,237,0.004219409282700422
test,5016,0.5,RippleTwin,,False,0.0,42.892326734815505,237,0.004219409282700422
test,5016,0.5,B2_observed_only_twin,,False,0.0,42.892326734815505,237,0.004219409282700422
test,5016,0.5,B0_SPC_observed,,False,0.0,5.237133527699475,237,0.0
test,5016,0.5,B1_IsolationForest,,False,0.0,0.7565752413847274,237,0.0
test,5016,0.25,RippleTwin,,False,0.0,27.136223649542885,237,0.008438818565400843
test,5016,0.25,B2_observed_only_twin,,False,0.0,26.168542400051628,237,0.008438818565400843
test,5016,0.25,B0_SPC_observed,,False,0.0,4.936240980386517,237,0.0
test,5016,0.25,B1_IsolationForest,,False,0.0,0.7090738077922258,237,0.0
test,5017,1.0,RippleTwin,QUALITY_DRIFT,False,11.271547897221904,45.562612595121664,168,0.0
test,5017,1.0,B2_observed_only_twin,QUALITY_DRIFT,False,11.271547897221904,45.562612595121664,168,0.0
test,5017,1.0,B0_SPC_observed,QUALITY_DRIFT,False,11.271547897221904,5.237133527699475,168,0.005952380952380952
test,5017,1.0,B1_IsolationForest,QUALITY_DRIFT,False,11.271547897221904,0.7565752413847274,168,0.005952380952380952
test,5017,0.75,RippleTwin,QUALITY_DRIFT,False,11.271547897221904,32.119525394492335,168,0.005952380952380952
test,5017,0.75,B2_observed_only_twin,QUALITY_DRIFT,False,11.271547897221904,32.119525394492335,168,0.005952380952380952
test,5017,0.75,B0_SPC_observed,QUALITY_DRIFT,False,11.271547897221904,5.237133527699475,168,0.005952380952380952
test,5017,0.75,B1_IsolationForest,QUALITY_DRIFT,False,11.271547897221904,0.7565752413847274,168,0.005952380952380952
test,5017,0.5,RippleTwin,QUALITY_DRIFT,False,11.271547897221904,42.892326734815505,168,0.0
test,5017,0.5,B2_observed_only_twin,QUALITY_DRIFT,False,11.271547897221904,42.892326734815505,168,0.0
test,5017,0.5,B0_SPC_observed,QUALITY_DRIFT,False,11.271547897221904,5.237133527699475,168,0.005952380952380952
test,5017,0.5,B1_IsolationForest,QUALITY_DRIFT,False,11.271547897221904,0.7565752413847274,168,0.0
test,5017,0.25,RippleTwin,QUALITY_DRIFT,True,11.271547897221904,27.136223649542885,168,0.0
test,5017,0.25,B2_observed_only_twin,QUALITY_DRIFT,True,11.271547897221904,26.168542400051628,168,0.0
test,5017,0.25,B0_SPC_observed,QUALITY_DRIFT,True,11.271547897221904,4.936240980386517,168,0.005952380952380952
test,5017,0.25,B1_IsolationForest,QUALITY_DRIFT,True,11.271547897221904,0.7090738077922258,168,0.02976190476190476
test,5018,1.0,RippleTwin,SLOWDOWN,False,1.2030161082769026,45.562612595121664,176,0.0
test,5018,1.0,B2_observed_only_twin,SLOWDOWN,False,1.2030161082769026,45.562612595121664,176,0.0
test,5018,1.0,B0_SPC_observed,SLOWDOWN,False,1.2030161082769026,5.237133527699475,176,0.005681818181818182
test,5018,1.0,B1_IsolationForest,SLOWDOWN,False,1.2030161082769026,0.7565752413847274,176,0.011363636363636364
test,5018,0.75,RippleTwin,SLOWDOWN,True,1.2030161082769026,32.119525394492335,176,0.005681818181818182
test,5018,0.75,B2_observed_only_twin,SLOWDOWN,True,1.2030161082769026,32.119525394492335,176,0.0
test,5018,0.75,B0_SPC_observed,SLOWDOWN,True,1.2030161082769026,5.237133527699475,176,0.005681818181818182
test,5018,0.75,B1_IsolationForest,SLOWDOWN,True,1.2030161082769026,0.7565752413847274,176,0.011363636363636364
test,5018,0.5,RippleTwin,SLOWDOWN,True,1.2030161082769026,42.892326734815505,176,0.0
test,5018,0.5,B2_observed_only_twin,SLOWDOWN,True,1.2030161082769026,42.892326734815505,176,0.0
test,5018,0.5,B0_SPC_observed,SLOWDOWN,True,1.2030161082769026,5.237133527699475,176,0.0
test,5018,0.5,B1_IsolationForest,SLOWDOWN,True,1.2030161082769026,0.7565752413847274,176,0.011363636363636364
test,5018,0.25,RippleTwin,SLOWDOWN,True,1.2030161082769026,27.136223649542885,176,0.0
test,5018,0.25,B2_observed_only_twin,SLOWDOWN,True,1.2030161082769026,26.168542400051628,176,0.0
test,5018,0.25,B0_SPC_observed,SLOWDOWN,True,1.2030161082769026,4.936240980386517,176,0.0
test,5018,0.25,B1_IsolationForest,SLOWDOWN,True,1.2030161082769026,0.7090738077922258,176,0.028409090909090908
test,5019,1.0,RippleTwin,,False,0.0,45.562612595121664,237,0.0
test,5019,1.0,B2_observed_only_twin,,False,0.0,45.562612595121664,237,0.0
test,5019,1.0,B0_SPC_observed,,False,0.0,5.237133527699475,237,0.0
test,5019,1.0,B1_IsolationForest,,False,0.0,0.7565752413847274,237,0.0
test,5019,0.75,RippleTwin,,False,0.0,32.119525394492335,237,0.0
test,5019,0.75,B2_observed_only_twin,,False,0.0,32.119525394492335,237,0.0
test,5019,0.75,B0_SPC_observed,,False,0.0,5.237133527699475,237,0.0
test,5019,0.75,B1_IsolationForest,,False,0.0,0.7565752413847274,237,0.0
test,5019,0.5,RippleTwin,,False,0.0,42.892326734815505,237,0.0
test,5019,0.5,B2_observed_only_twin,,False,0.0,42.892326734815505,237,0.0
test,5019,0.5,B0_SPC_observed,,False,0.0,5.237133527699475,237,0.0
test,5019,0.5,B1_IsolationForest,,False,0.0,0.7565752413847274,237,0.0
test,5019,0.25,RippleTwin,,False,0.0,27.136223649542885,237,0.0
test,5019,0.25,B2_observed_only_twin,,False,0.0,26.168542400051628,237,0.0
test,5019,0.25,B0_SPC_observed,,False,0.0,4.936240980386517,237,0.004219409282700422
test,5019,0.25,B1_IsolationForest,,False,0.0,0.7090738077922258,237,0.0
test,5020,1.0,RippleTwin,QUALITY_DRIFT,False,10.688048124695761,45.562612595121664,171,0.0
test,5020,1.0,B2_observed_only_twin,QUALITY_DRIFT,False,10.688048124695761,45.562612595121664,171,0.0
test,5020,1.0,B0_SPC_observed,QUALITY_DRIFT,False,10.688048124695761,5.237133527699475,171,0.0
test,5020,1.0,B1_IsolationForest,QUALITY_DRIFT,False,10.688048124695761,0.7565752413847274,171,0.011695906432748537
test,5020,0.75,RippleTwin,QUALITY_DRIFT,True,10.688048124695761,32.119525394492335,171,0.005847953216374269
test,5020,0.75,B2_observed_only_twin,QUALITY_DRIFT,True,10.688048124695761,32.119525394492335,171,0.005847953216374269
test,5020,0.75,B0_SPC_observed,QUALITY_DRIFT,True,10.688048124695761,5.237133527699475,171,0.0
test,5020,0.75,B1_IsolationForest,QUALITY_DRIFT,True,10.688048124695761,0.7565752413847274,171,0.011695906432748537
test,5020,0.5,RippleTwin,QUALITY_DRIFT,True,10.688048124695761,42.892326734815505,171,0.0
test,5020,0.5,B2_observed_only_twin,QUALITY_DRIFT,True,10.688048124695761,42.892326734815505,171,0.0
test,5020,0.5,B0_SPC_observed,QUALITY_DRIFT,True,10.688048124695761,5.237133527699475,171,0.0
test,5020,0.5,B1_IsolationForest,QUALITY_DRIFT,True,10.688048124695761,0.7565752413847274,171,0.011695906432748537
test,5020,0.25,RippleTwin,QUALITY_DRIFT,True,10.688048124695761,27.136223649542885,171,0.0
test,5020,0.25,B2_observed_only_twin,QUALITY_DRIFT,True,10.688048124695761,26.168542400051628,171,0.0
test,5020,0.25,B0_SPC_observed,QUALITY_DRIFT,True,10.688048124695761,4.936240980386517,171,0.005847953216374269
test,5020,0.25,B1_IsolationForest,QUALITY_DRIFT,True,10.688048124695761,0.7090738077922258,171,0.005847953216374269
test,5021,1.0,RippleTwin,COMBINED,False,1.2630645324144383,45.562612595121664,157,0.0
test,5021,1.0,B2_observed_only_twin,COMBINED,False,1.2630645324144383,45.562612595121664,157,0.0
test,5021,1.0,B0_SPC_observed,COMBINED,False,1.2630645324144383,5.237133527699475,157,0.07006369426751592
test,5021,1.0,B1_IsolationForest,COMBINED,False,1.2630645324144383,0.7565752413847274,157,0.0
test,5021,0.75,RippleTwin,COMBINED,True,1.2630645324144383,32.119525394492335,157,0.012738853503184714
test,5021,0.75,B2_observed_only_twin,COMBINED,True,1.2630645324144383,32.119525394492335,157,0.006369426751592357
test,5021,0.75,B0_SPC_observed,COMBINED,True,1.2630645324144383,5.237133527699475,157,0.012738853503184714
test,5021,0.75,B1_IsolationForest,COMBINED,True,1.2630645324144383,0.7565752413847274,157,0.0
test,5021,0.5,RippleTwin,COMBINED,True,1.2630645324144383,42.892326734815505,157,0.0
test,5021,0.5,B2_observed_only_twin,COMBINED,True,1.2630645324144383,42.892326734815505,157,0.0
test,5021,0.5,B0_SPC_observed,COMBINED,True,1.2630645324144383,5.237133527699475,157,0.012738853503184714
test,5021,0.5,B1_IsolationForest,COMBINED,True,1.2630645324144383,0.7565752413847274,157,0.0
test,5021,0.25,RippleTwin,COMBINED,True,1.2630645324144383,27.136223649542885,157,0.0
test,5021,0.25,B2_observed_only_twin,COMBINED,True,1.2630645324144383,26.168542400051628,157,0.0
test,5021,0.25,B0_SPC_observed,COMBINED,True,1.2630645324144383,4.936240980386517,157,0.01910828025477707
test,5021,0.25,B1_IsolationForest,COMBINED,True,1.2630645324144383,0.7090738077922258,157,0.03184713375796178
test,5022,1.0,RippleTwin,SLOWDOWN,False,1.3539098816349975,45.562612595121664,184,0.016304347826086956
test,5022,1.0,B2_observed_only_twin,SLOWDOWN,False,1.3539098816349975,45.562612595121664,184,0.016304347826086956
test,5022,1.0,B0_SPC_observed,SLOWDOWN,False,1.3539098816349975,5.237133527699475,184,0.03260869565217391
test,5022,1.0,B1_IsolationForest,SLOWDOWN,False,1.3539098816349975,0.7565752413847274,184,0.0
test,5022,0.75,RippleTwin,SLOWDOWN,True,1.3539098816349975,32.119525394492335,184,0.0
test,5022,0.75,B2_observed_only_twin,SLOWDOWN,True,1.3539098816349975,32.119525394492335,184,0.0
test,5022,0.75,B0_SPC_observed,SLOWDOWN,True,1.3539098816349975,5.237133527699475,184,0.0
test,5022,0.75,B1_IsolationForest,SLOWDOWN,True,1.3539098816349975,0.7565752413847274,184,0.0
test,5022,0.5,RippleTwin,SLOWDOWN,True,1.3539098816349975,42.892326734815505,184,0.0
test,5022,0.5,B2_observed_only_twin,SLOWDOWN,True,1.3539098816349975,42.892326734815505,184,0.0
test,5022,0.5,B0_SPC_observed,SLOWDOWN,True,1.3539098816349975,5.237133527699475,184,0.0
test,5022,0.5,B1_IsolationForest,SLOWDOWN,True,1.3539098816349975,0.7565752413847274,184,0.0
test,5022,0.25,RippleTwin,SLOWDOWN,True,1.3539098816349975,27.136223649542885,184,0.0
test,5022,0.25,B2_observed_only_twin,SLOWDOWN,True,1.3539098816349975,26.168542400051628,184,0.0
test,5022,0.25,B0_SPC_observed,SLOWDOWN,True,1.3539098816349975,4.936240980386517,184,0.0
test,5022,0.25,B1_IsolationForest,SLOWDOWN,True,1.3539098816349975,0.7090738077922258,184,0.005434782608695652
test,5023,1.0,RippleTwin,,False,0.0,45.562612595121664,237,0.0
test,5023,1.0,B2_observed_only_twin,,False,0.0,45.562612595121664,237,0.0
test,5023,1.0,B0_SPC_observed,,False,0.0,5.237133527699475,237,0.004219409282700422
test,5023,1.0,B1_IsolationForest,,False,0.0,0.7565752413847274,237,0.008438818565400843
test,5023,0.75,RippleTwin,,False,0.0,32.119525394492335,237,0.0
test,5023,0.75,B2_observed_only_twin,,False,0.0,32.119525394492335,237,0.0
test,5023,0.75,B0_SPC_observed,,False,0.0,5.237133527699475,237,0.004219409282700422
test,5023,0.75,B1_IsolationForest,,False,0.0,0.7565752413847274,237,0.008438818565400843
test,5023,0.5,RippleTwin,,False,0.0,42.892326734815505,237,0.0
test,5023,0.5,B2_observed_only_twin,,False,0.0,42.892326734815505,237,0.0
test,5023,0.5,B0_SPC_observed,,False,0.0,5.237133527699475,237,0.0
test,5023,0.5,B1_IsolationForest,,False,0.0,0.7565752413847274,237,0.008438818565400843
test,5023,0.25,RippleTwin,,False,0.0,27.136223649542885,237,0.0
test,5023,0.25,B2_observed_only_twin,,False,0.0,26.168542400051628,237,0.0
test,5023,0.25,B0_SPC_observed,,False,0.0,4.936240980386517,237,0.004219409282700422
test,5023,0.25,B1_IsolationForest,,False,0.0,0.7090738077922258,237,0.03375527426160337
test,5024,1.0,RippleTwin,,False,0.0,45.562612595121664,237,0.0
test,5024,1.0,B2_observed_only_twin,,False,0.0,45.562612595121664,237,0.0
test,5024,1.0,B0_SPC_observed,,False,0.0,5.237133527699475,237,0.008438818565400843
test,5024,1.0,B1_IsolationForest,,False,0.0,0.7565752413847274,237,0.004219409282700422
test,5024,0.75,RippleTwin,,False,0.0,32.119525394492335,237,0.0
test,5024,0.75,B2_observed_only_twin,,False,0.0,32.119525394492335,237,0.0
test,5024,0.75,B0_SPC_observed,,False,0.0,5.237133527699475,237,0.008438818565400843
test,5024,0.75,B1_IsolationForest,,False,0.0,0.7565752413847274,237,0.004219409282700422
test,5024,0.5,RippleTwin,,False,0.0,42.892326734815505,237,0.0
test,5024,0.5,B2_observed_only_twin,,False,0.0,42.892326734815505,237,0.0
test,5024,0.5,B0_SPC_observed,,False,0.0,5.237133527699475,237,0.008438818565400843
test,5024,0.5,B1_IsolationForest,,False,0.0,0.7565752413847274,237,0.0
test,5024,0.25,RippleTwin,,False,0.0,27.136223649542885,237,0.0
test,5024,0.25,B2_observed_only_twin,,False,0.0,26.168542400051628,237,0.0
test,5024,0.25,B0_SPC_observed,,False,0.0,4.936240980386517,237,0.008438818565400843
test,5024,0.25,B1_IsolationForest,,False,0.0,0.7090738077922258,237,0.012658227848101266
test,5025,1.0,RippleTwin,,False,0.0,45.562612595121664,237,0.02531645569620253
test,5025,1.0,B2_observed_only_twin,,False,0.0,45.562612595121664,237,0.02531645569620253
test,5025,1.0,B0_SPC_observed,,False,0.0,5.237133527699475,237,0.008438818565400843
test,5025,1.0,B1_IsolationForest,,False,0.0,0.7565752413847274,237,0.0
test,5025,0.75,RippleTwin,,False,0.0,32.119525394492335,237,0.029535864978902954
test,5025,0.75,B2_observed_only_twin,,False,0.0,32.119525394492335,237,0.029535864978902954
test,5025,0.75,B0_SPC_observed,,False,0.0,5.237133527699475,237,0.008438818565400843
test,5025,0.75,B1_IsolationForest,,False,0.0,0.7565752413847274,237,0.0
test,5025,0.5,RippleTwin,,False,0.0,42.892326734815505,237,0.029535864978902954
test,5025,0.5,B2_observed_only_twin,,False,0.0,42.892326734815505,237,0.029535864978902954
test,5025,0.5,B0_SPC_observed,,False,0.0,5.237133527699475,237,0.0
test,5025,0.5,B1_IsolationForest,,False,0.0,0.7565752413847274,237,0.004219409282700422
test,5025,0.25,RippleTwin,,False,0.0,27.136223649542885,237,0.029535864978902954
test,5025,0.25,B2_observed_only_twin,,False,0.0,26.168542400051628,237,0.029535864978902954
test,5025,0.25,B0_SPC_observed,,False,0.0,4.936240980386517,237,0.0
test,5025,0.25,B1_IsolationForest,,False,0.0,0.7090738077922258,237,0.02109704641350211
test,5026,1.0,RippleTwin,QUALITY_DRIFT,False,6.931270144147872,45.562612595121664,164,0.0
test,5026,1.0,B2_observed_only_twin,QUALITY_DRIFT,False,6.931270144147872,45.562612595121664,164,0.0
test,5026,1.0,B0_SPC_observed,QUALITY_DRIFT,False,6.931270144147872,5.237133527699475,164,0.0
test,5026,1.0,B1_IsolationForest,QUALITY_DRIFT,False,6.931270144147872,0.7565752413847274,164,0.0
test,5026,0.75,RippleTwin,QUALITY_DRIFT,True,6.931270144147872,32.119525394492335,164,0.012195121951219513
test,5026,0.75,B2_observed_only_twin,QUALITY_DRIFT,True,6.931270144147872,32.119525394492335,164,0.012195121951219513
test,5026,0.75,B0_SPC_observed,QUALITY_DRIFT,True,6.931270144147872,5.237133527699475,164,0.0
test,5026,0.75,B1_IsolationForest,QUALITY_DRIFT,True,6.931270144147872,0.7565752413847274,164,0.0
test,5026,0.5,RippleTwin,QUALITY_DRIFT,True,6.931270144147872,42.892326734815505,164,0.012195121951219513
test,5026,0.5,B2_observed_only_twin,QUALITY_DRIFT,True,6.931270144147872,42.892326734815505,164,0.0
test,5026,0.5,B0_SPC_observed,QUALITY_DRIFT,True,6.931270144147872,5.237133527699475,164,0.0
test,5026,0.5,B1_IsolationForest,QUALITY_DRIFT,True,6.931270144147872,0.7565752413847274,164,0.0
test,5026,0.25,RippleTwin,QUALITY_DRIFT,True,6.931270144147872,27.136223649542885,164,0.006097560975609756
test,5026,0.25,B2_observed_only_twin,QUALITY_DRIFT,True,6.931270144147872,26.168542400051628,164,0.0
test,5026,0.25,B0_SPC_observed,QUALITY_DRIFT,True,6.931270144147872,4.936240980386517,164,0.0
test,5026,0.25,B1_IsolationForest,QUALITY_DRIFT,True,6.931270144147872,0.7090738077922258,164,0.006097560975609756
test,5027,1.0,RippleTwin,SLOWDOWN,False,1.2682430732073742,45.562612595121664,193,0.0
test,5027,1.0,B2_observed_only_twin,SLOWDOWN,False,1.2682430732073742,45.562612595121664,193,0.0
test,5027,1.0,B0_SPC_observed,SLOWDOWN,False,1.2682430732073742,5.237133527699475,193,0.010362694300518135
test,5027,1.0,B1_IsolationForest,SLOWDOWN,False,1.2682430732073742,0.7565752413847274,193,0.02072538860103627
test,5027,0.75,RippleTwin,SLOWDOWN,True,1.2682430732073742,32.119525394492335,193,0.0
test,5027,0.75,B2_observed_only_twin,SLOWDOWN,True,1.2682430732073742,32.119525394492335,193,0.0
test,5027,0.75,B0_SPC_observed,SLOWDOWN,True,1.2682430732073742,5.237133527699475,193,0.010362694300518135
test,5027,0.75,B1_IsolationForest,SLOWDOWN,True,1.2682430732073742,0.7565752413847274,193,0.02072538860103627
test,5027,0.5,RippleTwin,SLOWDOWN,True,1.2682430732073742,42.892326734815505,193,0.0
test,5027,0.5,B2_observed_only_twin,SLOWDOWN,True,1.2682430732073742,42.892326734815505,193,0.0
test,5027,0.5,B0_SPC_observed,SLOWDOWN,True,1.2682430732073742,5.237133527699475,193,0.0
test,5027,0.5,B1_IsolationForest,SLOWDOWN,True,1.2682430732073742,0.7565752413847274,193,0.0051813471502590676
test,5027,0.25,RippleTwin,SLOWDOWN,True,1.2682430732073742,27.136223649542885,193,0.0
test,5027,0.25,B2_observed_only_twin,SLOWDOWN,True,1.2682430732073742,26.168542400051628,193,0.0
test,5027,0.25,B0_SPC_observed,SLOWDOWN,True,1.2682430732073742,4.936240980386517,193,0.0
test,5027,0.25,B1_IsolationForest,SLOWDOWN,True,1.2682430732073742,0.7090738077922258,193,0.04145077720207254
test,5028,1.0,RippleTwin,,False,0.0,45.562612595121664,237,0.0
test,5028,1.0,B2_observed_only_twin,,False,0.0,45.562612595121664,237,0.0
test,5028,1.0,B0_SPC_observed,,False,0.0,5.237133527699475,237,0.008438818565400843
test,5028,1.0,B1_IsolationForest,,False,0.0,0.7565752413847274,237,0.012658227848101266
test,5028,0.75,RippleTwin,,False,0.0,32.119525394492335,237,0.008438818565400843
test,5028,0.75,B2_observed_only_twin,,False,0.0,32.119525394492335,237,0.008438818565400843
test,5028,0.75,B0_SPC_observed,,False,0.0,5.237133527699475,237,0.008438818565400843
test,5028,0.75,B1_IsolationForest,,False,0.0,0.7565752413847274,237,0.012658227848101266
test,5028,0.5,RippleTwin,,False,0.0,42.892326734815505,237,0.004219409282700422
test,5028,0.5,B2_observed_only_twin,,False,0.0,42.892326734815505,237,0.004219409282700422
test,5028,0.5,B0_SPC_observed,,False,0.0,5.237133527699475,237,0.008438818565400843
test,5028,0.5,B1_IsolationForest,,False,0.0,0.7565752413847274,237,0.016877637130801686
test,5028,0.25,RippleTwin,,False,0.0,27.136223649542885,237,0.004219409282700422
test,5028,0.25,B2_observed_only_twin,,False,0.0,26.168542400051628,237,0.004219409282700422
test,5028,0.25,B0_SPC_observed,,False,0.0,4.936240980386517,237,0.004219409282700422
test,5028,0.25,B1_IsolationForest,,False,0.0,0.7090738077922258,237,0.029535864978902954
test,5029,1.0,RippleTwin,QUALITY_DRIFT,False,11.674801625920002,45.562612595121664,182,0.0
test,5029,1.0,B2_observed_only_twin,QUALITY_DRIFT,False,11.674801625920002,45.562612595121664,182,0.0
test,5029,1.0,B0_SPC_observed,QUALITY_DRIFT,False,11.674801625920002,5.237133527699475,182,0.0
test,5029,1.0,B1_IsolationForest,QUALITY_DRIFT,False,11.674801625920002,0.7565752413847274,182,0.0
test,5029,0.75,RippleTwin,QUALITY_DRIFT,True,11.674801625920002,32.119525394492335,182,0.0
test,5029,0.75,B2_observed_only_twin,QUALITY_DRIFT,True,11.674801625920002,32.119525394492335,182,0.0
test,5029,0.75,B0_SPC_observed,QUALITY_DRIFT,True,11.674801625920002,5.237133527699475,182,0.0
test,5029,0.75,B1_IsolationForest,QUALITY_DRIFT,True,11.674801625920002,0.7565752413847274,182,0.0
test,5029,0.5,RippleTwin,QUALITY_DRIFT,True,11.674801625920002,42.892326734815505,182,0.0
test,5029,0.5,B2_observed_only_twin,QUALITY_DRIFT,True,11.674801625920002,42.892326734815505,182,0.0
test,5029,0.5,B0_SPC_observed,QUALITY_DRIFT,True,11.674801625920002,5.237133527699475,182,0.0
test,5029,0.5,B1_IsolationForest,QUALITY_DRIFT,True,11.674801625920002,0.7565752413847274,182,0.0
test,5029,0.25,RippleTwin,QUALITY_DRIFT,True,11.674801625920002,27.136223649542885,182,0.005494505494505495
test,5029,0.25,B2_observed_only_twin,QUALITY_DRIFT,True,11.674801625920002,26.168542400051628,182,0.005494505494505495
test,5029,0.25,B0_SPC_observed,QUALITY_DRIFT,True,11.674801625920002,4.936240980386517,182,0.0
test,5029,0.25,B1_IsolationForest,QUALITY_DRIFT,True,11.674801625920002,0.7090738077922258,182,0.02197802197802198
test,5030,1.0,RippleTwin,COMBINED,False,1.2713160039732971,45.562612595121664,183,0.0
test,5030,1.0,B2_observed_only_twin,COMBINED,False,1.2713160039732971,45.562612595121664,183,0.0
test,5030,1.0,B0_SPC_observed,COMBINED,False,1.2713160039732971,5.237133527699475,183,0.01639344262295082
test,5030,1.0,B1_IsolationForest,COMBINED,False,1.2713160039732971,0.7565752413847274,183,0.0
test,5030,0.75,RippleTwin,COMBINED,True,1.2713160039732971,32.119525394492335,183,0.0
test,5030,0.75,B2_observed_only_twin,COMBINED,True,1.2713160039732971,32.119525394492335,183,0.0
test,5030,0.75,B0_SPC_observed,COMBINED,True,1.2713160039732971,5.237133527699475,183,0.0
test,5030,0.75,B1_IsolationForest,COMBINED,True,1.2713160039732971,0.7565752413847274,183,0.0
test,5030,0.5,RippleTwin,COMBINED,True,1.2713160039732971,42.892326734815505,183,0.00546448087431694
test,5030,0.5,B2_observed_only_twin,COMBINED,True,1.2713160039732971,42.892326734815505,183,0.00546448087431694
test,5030,0.5,B0_SPC_observed,COMBINED,True,1.2713160039732971,5.237133527699475,183,0.0
test,5030,0.5,B1_IsolationForest,COMBINED,True,1.2713160039732971,0.7565752413847274,183,0.0
test,5030,0.25,RippleTwin,COMBINED,True,1.2713160039732971,27.136223649542885,183,0.00546448087431694
test,5030,0.25,B2_observed_only_twin,COMBINED,True,1.2713160039732971,26.168542400051628,183,0.00546448087431694
test,5030,0.25,B0_SPC_observed,COMBINED,True,1.2713160039732971,4.936240980386517,183,0.0
test,5030,0.25,B1_IsolationForest,COMBINED,True,1.2713160039732971,0.7090738077922258,183,0.00546448087431694
test,5031,1.0,RippleTwin,SLOWDOWN,False,1.427351941411458,45.562612595121664,167,0.017964071856287425
test,5031,1.0,B2_observed_only_twin,SLOWDOWN,False,1.427351941411458,45.562612595121664,167,0.017964071856287425
test,5031,1.0,B0_SPC_observed,SLOWDOWN,False,1.427351941411458,5.237133527699475,167,0.029940119760479042
test,5031,1.0,B1_IsolationForest,SLOWDOWN,False,1.427351941411458,0.7565752413847274,167,0.0
test,5031,0.75,RippleTwin,SLOWDOWN,False,1.427351941411458,32.119525394492335,167,0.029940119760479042
test,5031,0.75,B2_observed_only_twin,SLOWDOWN,False,1.427351941411458,32.119525394492335,167,0.029940119760479042
test,5031,0.75,B0_SPC_observed,SLOWDOWN,False,1.427351941411458,5.237133527699475,167,0.029940119760479042
test,5031,0.75,B1_IsolationForest,SLOWDOWN,False,1.427351941411458,0.7565752413847274,167,0.0
test,5031,0.5,RippleTwin,SLOWDOWN,False,1.427351941411458,42.892326734815505,167,0.029940119760479042
test,5031,0.5,B2_observed_only_twin,SLOWDOWN,False,1.427351941411458,42.892326734815505,167,0.029940119760479042
test,5031,0.5,B0_SPC_observed,SLOWDOWN,False,1.427351941411458,5.237133527699475,167,0.029940119760479042
test,5031,0.5,B1_IsolationForest,SLOWDOWN,False,1.427351941411458,0.7565752413847274,167,0.0
test,5031,0.25,RippleTwin,SLOWDOWN,True,1.427351941411458,27.136223649542885,167,0.011976047904191617
test,5031,0.25,B2_observed_only_twin,SLOWDOWN,True,1.427351941411458,26.168542400051628,167,0.011976047904191617
test,5031,0.25,B0_SPC_observed,SLOWDOWN,True,1.427351941411458,4.936240980386517,167,0.0
test,5031,0.25,B1_IsolationForest,SLOWDOWN,True,1.427351941411458,0.7090738077922258,167,0.011976047904191617
test,5032,1.0,RippleTwin,COMBINED,False,1.2548267707663434,45.562612595121664,176,0.011363636363636364
test,5032,1.0,B2_observed_only_twin,COMBINED,False,1.2548267707663434,45.562612595121664,176,0.011363636363636364
test,5032,1.0,B0_SPC_observed,COMBINED,False,1.2548267707663434,5.237133527699475,176,0.011363636363636364
test,5032,1.0,B1_IsolationForest,COMBINED,False,1.2548267707663434,0.7565752413847274,176,0.005681818181818182
test,5032,0.75,RippleTwin,COMBINED,True,1.2548267707663434,32.119525394492335,176,0.011363636363636364
test,5032,0.75,B2_observed_only_twin,COMBINED,True,1.2548267707663434,32.119525394492335,176,0.011363636363636364
test,5032,0.75,B0_SPC_observed,COMBINED,True,1.2548267707663434,5.237133527699475,176,0.005681818181818182
test,5032,0.75,B1_IsolationForest,COMBINED,True,1.2548267707663434,0.7565752413847274,176,0.005681818181818182
test,5032,0.5,RippleTwin,COMBINED,True,1.2548267707663434,42.892326734815505,176,0.011363636363636364
test,5032,0.5,B2_observed_only_twin,COMBINED,True,1.2548267707663434,42.892326734815505,176,0.011363636363636364
test,5032,0.5,B0_SPC_observed,COMBINED,True,1.2548267707663434,5.237133527699475,176,0.0
test,5032,0.5,B1_IsolationForest,COMBINED,True,1.2548267707663434,0.7565752413847274,176,0.005681818181818182
test,5032,0.25,RippleTwin,COMBINED,True,1.2548267707663434,27.136223649542885,176,0.0
test,5032,0.25,B2_observed_only_twin,COMBINED,True,1.2548267707663434,26.168542400051628,176,0.0
test,5032,0.25,B0_SPC_observed,COMBINED,True,1.2548267707663434,4.936240980386517,176,0.0
test,5032,0.25,B1_IsolationForest,COMBINED,True,1.2548267707663434,0.7090738077922258,176,0.017045454545454544
test,5033,1.0,RippleTwin,SLOWDOWN,False,1.278085418596527,45.562612595121664,161,0.0
test,5033,1.0,B2_observed_only_twin,SLOWDOWN,False,1.278085418596527,45.562612595121664,161,0.0
test,5033,1.0,B0_SPC_observed,SLOWDOWN,False,1.278085418596527,5.237133527699475,161,0.012422360248447204
test,5033,1.0,B1_IsolationForest,SLOWDOWN,False,1.278085418596527,0.7565752413847274,161,0.006211180124223602
test,5033,0.75,RippleTwin,SLOWDOWN,False,1.278085418596527,32.119525394492335,161,0.0
test,5033,0.75,B2_observed_only_twin,SLOWDOWN,False,1.278085418596527,32.119525394492335,161,0.0
test,5033,0.75,B0_SPC_observed,SLOWDOWN,False,1.278085418596527,5.237133527699475,161,0.012422360248447204
test,5033,0.75,B1_IsolationForest,SLOWDOWN,False,1.278085418596527,0.7565752413847274,161,0.006211180124223602
test,5033,0.5,RippleTwin,SLOWDOWN,True,1.278085418596527,42.892326734815505,161,0.0
test,5033,0.5,B2_observed_only_twin,SLOWDOWN,True,1.278085418596527,42.892326734815505,161,0.0
test,5033,0.5,B0_SPC_observed,SLOWDOWN,True,1.278085418596527,5.237133527699475,161,0.012422360248447204
test,5033,0.5,B1_IsolationForest,SLOWDOWN,True,1.278085418596527,0.7565752413847274,161,0.006211180124223602
test,5033,0.25,RippleTwin,SLOWDOWN,True,1.278085418596527,27.136223649542885,161,0.0
test,5033,0.25,B2_observed_only_twin,SLOWDOWN,True,1.278085418596527,26.168542400051628,161,0.0
test,5033,0.25,B0_SPC_observed,SLOWDOWN,True,1.278085418596527,4.936240980386517,161,0.0
test,5033,0.25,B1_IsolationForest,SLOWDOWN,True,1.278085418596527,0.7090738077922258,161,0.024844720496894408
test,5034,1.0,RippleTwin,QUALITY_DRIFT,False,12.557112155997704,45.562612595121664,179,0.0223463687150838
test,5034,1.0,B2_observed_only_twin,QUALITY_DRIFT,False,12.557112155997704,45.562612595121664,179,0.0223463687150838
test,5034,1.0,B0_SPC_observed,QUALITY_DRIFT,False,12.557112155997704,5.237133527699475,179,0.00558659217877095
test,5034,1.0,B1_IsolationForest,QUALITY_DRIFT,False,12.557112155997704,0.7565752413847274,179,0.0
test,5034,0.75,RippleTwin,QUALITY_DRIFT,True,12.557112155997704,32.119525394492335,179,0.027932960893854747
test,5034,0.75,B2_observed_only_twin,QUALITY_DRIFT,True,12.557112155997704,32.119525394492335,179,0.027932960893854747
test,5034,0.75,B0_SPC_observed,QUALITY_DRIFT,True,12.557112155997704,5.237133527699475,179,0.00558659217877095
test,5034,0.75,B1_IsolationForest,QUALITY_DRIFT,True,12.557112155997704,0.7565752413847274,179,0.0
test,5034,0.5,RippleTwin,QUALITY_DRIFT,True,12.557112155997704,42.892326734815505,179,0.027932960893854747
test,5034,0.5,B2_observed_only_twin,QUALITY_DRIFT,True,12.557112155997704,42.892326734815505,179,0.027932960893854747
test,5034,0.5,B0_SPC_observed,QUALITY_DRIFT,True,12.557112155997704,5.237133527699475,179,0.00558659217877095
test,5034,0.5,B1_IsolationForest,QUALITY_DRIFT,True,12.557112155997704,0.7565752413847274,179,0.0
test,5034,0.25,RippleTwin,QUALITY_DRIFT,True,12.557112155997704,27.136223649542885,179,0.0
test,5034,0.25,B2_observed_only_twin,QUALITY_DRIFT,True,12.557112155997704,26.168542400051628,179,0.0
test,5034,0.25,B0_SPC_observed,QUALITY_DRIFT,True,12.557112155997704,4.936240980386517,179,0.0
test,5034,0.25,B1_IsolationForest,QUALITY_DRIFT,True,12.557112155997704,0.7090738077922258,179,0.0111731843575419
test,5035,1.0,RippleTwin,SLOWDOWN,False,1.2256720948200042,45.562612595121664,166,0.018072289156626505
test,5035,1.0,B2_observed_only_twin,SLOWDOWN,False,1.2256720948200042,45.562612595121664,166,0.018072289156626505
test,5035,1.0,B0_SPC_observed,SLOWDOWN,False,1.2256720948200042,5.237133527699475,166,0.03614457831325301
test,5035,1.0,B1_IsolationForest,SLOWDOWN,False,1.2256720948200042,0.7565752413847274,166,0.0
test,5035,0.75,RippleTwin,SLOWDOWN,True,1.2256720948200042,32.119525394492335,166,0.030120481927710843
test,5035,0.75,B2_observed_only_twin,SLOWDOWN,True,1.2256720948200042,32.119525394492335,166,0.030120481927710843
test,5035,0.75,B0_SPC_observed,SLOWDOWN,True,1.2256720948200042,5.237133527699475,166,0.006024096385542169
test,5035,0.75,B1_IsolationForest,SLOWDOWN,True,1.2256720948200042,0.7565752413847274,166,0.0
test,5035,0.5,RippleTwin,SLOWDOWN,True,1.2256720948200042,42.892326734815505,166,0.030120481927710843
test,5035,0.5,B2_observed_only_twin,SLOWDOWN,True,1.2256720948200042,42.892326734815505,166,0.030120481927710843
test,5035,0.5,B0_SPC_observed,SLOWDOWN,True,1.2256720948200042,5.237133527699475,166,0.006024096385542169
test,5035,0.5,B1_IsolationForest,SLOWDOWN,True,1.2256720948200042,0.7565752413847274,166,0.0
test,5035,0.25,RippleTwin,SLOWDOWN,True,1.2256720948200042,27.136223649542885,166,0.030120481927710843
test,5035,0.25,B2_observed_only_twin,SLOWDOWN,True,1.2256720948200042,26.168542400051628,166,0.030120481927710843
test,5035,0.25,B0_SPC_observed,SLOWDOWN,True,1.2256720948200042,4.936240980386517,166,0.0
test,5035,0.25,B1_IsolationForest,SLOWDOWN,True,1.2256720948200042,0.7090738077922258,166,0.018072289156626505
test,5036,1.0,RippleTwin,COMBINED,False,1.2814103309747698,45.562612595121664,176,0.06818181818181818
test,5036,1.0,B2_observed_only_twin,COMBINED,False,1.2814103309747698,45.562612595121664,176,0.06818181818181818
test,5036,1.0,B0_SPC_observed,COMBINED,False,1.2814103309747698,5.237133527699475,176,0.09090909090909091
test,5036,1.0,B1_IsolationForest,COMBINED,False,1.2814103309747698,0.7565752413847274,176,0.0
test,5036,0.75,RippleTwin,COMBINED,False,1.2814103309747698,32.119525394492335,176,0.07386363636363637
test,5036,0.75,B2_observed_only_twin,COMBINED,False,1.2814103309747698,32.119525394492335,176,0.07386363636363637
test,5036,0.75,B0_SPC_observed,COMBINED,False,1.2814103309747698,5.237133527699475,176,0.09090909090909091
test,5036,0.75,B1_IsolationForest,COMBINED,False,1.2814103309747698,0.7565752413847274,176,0.0
test,5036,0.5,RippleTwin,COMBINED,False,1.2814103309747698,42.892326734815505,176,0.06818181818181818
test,5036,0.5,B2_observed_only_twin,COMBINED,False,1.2814103309747698,42.892326734815505,176,0.06818181818181818
test,5036,0.5,B0_SPC_observed,COMBINED,False,1.2814103309747698,5.237133527699475,176,0.09090909090909091
test,5036,0.5,B1_IsolationForest,COMBINED,False,1.2814103309747698,0.7565752413847274,176,0.0
test,5036,0.25,RippleTwin,COMBINED,True,1.2814103309747698,27.136223649542885,176,0.005681818181818182
test,5036,0.25,B2_observed_only_twin,COMBINED,True,1.2814103309747698,26.168542400051628,176,0.005681818181818182
test,5036,0.25,B0_SPC_observed,COMBINED,True,1.2814103309747698,4.936240980386517,176,0.0
test,5036,0.25,B1_IsolationForest,COMBINED,True,1.2814103309747698,0.7090738077922258,176,0.0
test,5037,1.0,RippleTwin,,False,0.0,45.562612595121664,237,0.0
test,5037,1.0,B2_observed_only_twin,,False,0.0,45.562612595121664,237,0.0
test,5037,1.0,B0_SPC_observed,,False,0.0,5.237133527699475,237,0.004219409282700422
test,5037,1.0,B1_IsolationForest,,False,0.0,0.7565752413847274,237,0.0
test,5037,0.75,RippleTwin,,False,0.0,32.119525394492335,237,0.0
test,5037,0.75,B2_observed_only_twin,,False,0.0,32.119525394492335,237,0.0
test,5037,0.75,B0_SPC_observed,,False,0.0,5.237133527699475,237,0.004219409282700422
test,5037,0.75,B1_IsolationForest,,False,0.0,0.7565752413847274,237,0.0
test,5037,0.5,RippleTwin,,False,0.0,42.892326734815505,237,0.0
test,5037,0.5,B2_observed_only_twin,,False,0.0,42.892326734815505,237,0.0
test,5037,0.5,B0_SPC_observed,,False,0.0,5.237133527699475,237,0.004219409282700422
test,5037,0.5,B1_IsolationForest,,False,0.0,0.7565752413847274,237,0.0
test,5037,0.25,RippleTwin,,False,0.0,27.136223649542885,237,0.0
test,5037,0.25,B2_observed_only_twin,,False,0.0,26.168542400051628,237,0.0
test,5037,0.25,B0_SPC_observed,,False,0.0,4.936240980386517,237,0.0
test,5037,0.25,B1_IsolationForest,,False,0.0,0.7090738077922258,237,0.0
test,5038,1.0,RippleTwin,,False,0.0,45.562612595121664,237,0.012658227848101266
test,5038,1.0,B2_observed_only_twin,,False,0.0,45.562612595121664,237,0.012658227848101266
test,5038,1.0,B0_SPC_observed,,False,0.0,5.237133527699475,237,0.0
test,5038,1.0,B1_IsolationForest,,False,0.0,0.7565752413847274,237,0.008438818565400843
test,5038,0.75,RippleTwin,,False,0.0,32.119525394492335,237,0.012658227848101266
test,5038,0.75,B2_observed_only_twin,,False,0.0,32.119525394492335,237,0.012658227848101266
test,5038,0.75,B0_SPC_observed,,False,0.0,5.237133527699475,237,0.0
test,5038,0.75,B1_IsolationForest,,False,0.0,0.7565752413847274,237,0.008438818565400843
test,5038,0.5,RippleTwin,,False,0.0,42.892326734815505,237,0.016877637130801686
test,5038,0.5,B2_observed_only_twin,,False,0.0,42.892326734815505,237,0.012658227848101266
test,5038,0.5,B0_SPC_observed,,False,0.0,5.237133527699475,237,0.0
test,5038,0.5,B1_IsolationForest,,False,0.0,0.7565752413847274,237,0.008438818565400843
test,5038,0.25,RippleTwin,,False,0.0,27.136223649542885,237,0.016877637130801686
test,5038,0.25,B2_observed_only_twin,,False,0.0,26.168542400051628,237,0.016877637130801686
test,5038,0.25,B0_SPC_observed,,False,0.0,4.936240980386517,237,0.0
test,5038,0.25,B1_IsolationForest,,False,0.0,0.7090738077922258,237,0.02531645569620253
test,5039,1.0,RippleTwin,SLOWDOWN,False,1.3911928852386626,45.562612595121664,167,0.04790419161676647
test,5039,1.0,B2_observed_only_twin,SLOWDOWN,False,1.3911928852386626,45.562612595121664,167,0.04790419161676647
test,5039,1.0,B0_SPC_observed,SLOWDOWN,False,1.3911928852386626,5.237133527699475,167,0.041916167664670656
test,5039,1.0,B1_IsolationForest,SLOWDOWN,False,1.3911928852386626,0.7565752413847274,167,0.011976047904191617
test,5039,0.75,RippleTwin,SLOWDOWN,False,1.3911928852386626,32.119525394492335,167,0.04790419161676647
test,5039,0.75,B2_observed_only_twin,SLOWDOWN,False,1.3911928852386626,32.119525394492335,167,0.041916167664670656
test,5039,0.75,B0_SPC_observed,SLOWDOWN,False,1.3911928852386626,5.237133527699475,167,0.041916167664670656
test,5039,0.75,B1_IsolationForest,SLOWDOWN,False,1.3911928852386626,0.7565752413847274,167,0.011976047904191617
test,5039,0.5,RippleTwin,SLOWDOWN,True,1.3911928852386626,42.892326734815505,167,0.041916167664670656
test,5039,0.5,B2_observed_only_twin,SLOWDOWN,True,1.3911928852386626,42.892326734815505,167,0.041916167664670656
test,5039,0.5,B0_SPC_observed,SLOWDOWN,True,1.3911928852386626,5.237133527699475,167,0.0
test,5039,0.5,B1_IsolationForest,SLOWDOWN,True,1.3911928852386626,0.7565752413847274,167,0.0
test,5039,0.25,RippleTwin,SLOWDOWN,True,1.3911928852386626,27.136223649542885,167,0.041916167664670656
test,5039,0.25,B2_observed_only_twin,SLOWDOWN,True,1.3911928852386626,26.168542400051628,167,0.041916167664670656
test,5039,0.25,B0_SPC_observed,SLOWDOWN,True,1.3911928852386626,4.936240980386517,167,0.0
test,5039,0.25,B1_IsolationForest,SLOWDOWN,True,1.3911928852386626,0.7090738077922258,167,0.029940119760479042
test,5040,1.0,RippleTwin,QUALITY_DRIFT,False,13.765236214004174,45.562612595121664,155,0.025806451612903226
test,5040,1.0,B2_observed_only_twin,QUALITY_DRIFT,False,13.765236214004174,45.562612595121664,155,0.025806451612903226
test,5040,1.0,B0_SPC_observed,QUALITY_DRIFT,False,13.765236214004174,5.237133527699475,155,0.01935483870967742
test,5040,1.0,B1_IsolationForest,QUALITY_DRIFT,False,13.765236214004174,0.7565752413847274,155,0.0064516129032258064
test,5040,0.75,RippleTwin,QUALITY_DRIFT,False,13.765236214004174,32.119525394492335,155,0.03225806451612903
test,5040,0.75,B2_observed_only_twin,QUALITY_DRIFT,False,13.765236214004174,32.119525394492335,155,0.03225806451612903
test,5040,0.75,B0_SPC_observed,QUALITY_DRIFT,False,13.765236214004174,5.237133527699475,155,0.01935483870967742
test,5040,0.75,B1_IsolationForest,QUALITY_DRIFT,False,13.765236214004174,0.7565752413847274,155,0.0064516129032258064
test,5040,0.5,RippleTwin,QUALITY_DRIFT,True,13.765236214004174,42.892326734815505,155,0.03225806451612903
test,5040,0.5,B2_observed_only_twin,QUALITY_DRIFT,True,13.765236214004174,42.892326734815505,155,0.03225806451612903
test,5040,0.5,B0_SPC_observed,QUALITY_DRIFT,True,13.765236214004174,5.237133527699475,155,0.01935483870967742
test,5040,0.5,B1_IsolationForest,QUALITY_DRIFT,True,13.765236214004174,0.7565752413847274,155,0.0064516129032258064
test,5040,0.25,RippleTwin,QUALITY_DRIFT,True,13.765236214004174,27.136223649542885,155,0.05161290322580645
test,5040,0.25,B2_observed_only_twin,QUALITY_DRIFT,True,13.765236214004174,26.168542400051628,155,0.05161290322580645
test,5040,0.25,B0_SPC_observed,QUALITY_DRIFT,True,13.765236214004174,4.936240980386517,155,0.0
test,5040,0.25,B1_IsolationForest,QUALITY_DRIFT,True,13.765236214004174,0.7090738077922258,155,0.025806451612903226
test,5041,1.0,RippleTwin,SLOWDOWN,False,1.4106346101364826,45.562612595121664,181,0.011049723756906077
test,5041,1.0,B2_observed_only_twin,SLOWDOWN,False,1.4106346101364826,45.562612595121664,181,0.011049723756906077
test,5041,1.0,B0_SPC_observed,SLOWDOWN,False,1.4106346101364826,5.237133527699475,181,0.0
test,5041,1.0,B1_IsolationForest,SLOWDOWN,False,1.4106346101364826,0.7565752413847274,181,0.011049723756906077
test,5041,0.75,RippleTwin,SLOWDOWN,True,1.4106346101364826,32.119525394492335,181,0.011049723756906077
test,5041,0.75,B2_observed_only_twin,SLOWDOWN,True,1.4106346101364826,32.119525394492335,181,0.011049723756906077
test,5041,0.75,B0_SPC_observed,SLOWDOWN,True,1.4106346101364826,5.237133527699475,181,0.0
test,5041,0.75,B1_IsolationForest,SLOWDOWN,True,1.4106346101364826,0.7565752413847274,181,0.011049723756906077
test,5041,0.5,RippleTwin,SLOWDOWN,True,1.4106346101364826,42.892326734815505,181,0.011049723756906077
test,5041,0.5,B2_observed_only_twin,SLOWDOWN,True,1.4106346101364826,42.892326734815505,181,0.011049723756906077
test,5041,0.5,B0_SPC_observed,SLOWDOWN,True,1.4106346101364826,5.237133527699475,181,0.0
test,5041,0.5,B1_IsolationForest,SLOWDOWN,True,1.4106346101364826,0.7565752413847274,181,0.0
test,5041,0.25,RippleTwin,SLOWDOWN,True,1.4106346101364826,27.136223649542885,181,0.011049723756906077
test,5041,0.25,B2_observed_only_twin,SLOWDOWN,True,1.4106346101364826,26.168542400051628,181,0.011049723756906077
test,5041,0.25,B0_SPC_observed,SLOWDOWN,True,1.4106346101364826,4.936240980386517,181,0.0055248618784530384
test,5041,0.25,B1_IsolationForest,SLOWDOWN,True,1.4106346101364826,0.7090738077922258,181,0.016574585635359115
test,5042,1.0,RippleTwin,COMBINED,False,1.2612598316952393,45.562612595121664,169,0.005917159763313609
test,5042,1.0,B2_observed_only_twin,COMBINED,False,1.2612598316952393,45.562612595121664,169,0.005917159763313609
test,5042,1.0,B0_SPC_observed,COMBINED,False,1.2612598316952393,5.237133527699475,169,0.023668639053254437
test,5042,1.0,B1_IsolationForest,COMBINED,False,1.2612598316952393,0.7565752413847274,169,0.0
test,5042,0.75,RippleTwin,COMBINED,False,1.2612598316952393,32.119525394492335,169,0.011834319526627219
test,5042,0.75,B2_observed_only_twin,COMBINED,False,1.2612598316952393,32.119525394492335,169,0.011834319526627219
test,5042,0.75,B0_SPC_observed,COMBINED,False,1.2612598316952393,5.237133527699475,169,0.023668639053254437
test,5042,0.75,B1_IsolationForest,COMBINED,False,1.2612598316952393,0.7565752413847274,169,0.0
test,5042,0.5,RippleTwin,COMBINED,True,1.2612598316952393,42.892326734815505,169,0.005917159763313609
test,5042,0.5,B2_observed_only_twin,COMBINED,True,1.2612598316952393,42.892326734815505,169,0.0
test,5042,0.5,B0_SPC_observed,COMBINED,True,1.2612598316952393,5.237133527699475,169,0.0
test,5042,0.5,B1_IsolationForest,COMBINED,True,1.2612598316952393,0.7565752413847274,169,0.0
test,5042,0.25,RippleTwin,COMBINED,True,1.2612598316952393,27.136223649542885,169,0.0
test,5042,0.25,B2_observed_only_twin,COMBINED,True,1.2612598316952393,26.168542400051628,169,0.0
test,5042,0.25,B0_SPC_observed,COMBINED,True,1.2612598316952393,4.936240980386517,169,0.0
test,5042,0.25,B1_IsolationForest,COMBINED,True,1.2612598316952393,0.7090738077922258,169,0.005917159763313609
test,5043,1.0,RippleTwin,COMBINED,False,1.3308489462414401,45.562612595121664,190,0.005263157894736842
test,5043,1.0,B2_observed_only_twin,COMBINED,False,1.3308489462414401,45.562612595121664,190,0.005263157894736842
test,5043,1.0,B0_SPC_observed,COMBINED,False,1.3308489462414401,5.237133527699475,190,0.010526315789473684
test,5043,1.0,B1_IsolationForest,COMBINED,False,1.3308489462414401,0.7565752413847274,190,0.015789473684210527
test,5043,0.75,RippleTwin,COMBINED,False,1.3308489462414401,32.119525394492335,190,0.005263157894736842
test,5043,0.75,B2_observed_only_twin,COMBINED,False,1.3308489462414401,32.119525394492335,190,0.005263157894736842
test,5043,0.75,B0_SPC_observed,COMBINED,False,1.3308489462414401,5.237133527699475,190,0.010526315789473684
test,5043,0.75,B1_IsolationForest,COMBINED,False,1.3308489462414401,0.7565752413847274,190,0.015789473684210527
test,5043,0.5,RippleTwin,COMBINED,False,1.3308489462414401,42.892326734815505,190,0.010526315789473684
test,5043,0.5,B2_observed_only_twin,COMBINED,False,1.3308489462414401,42.892326734815505,190,0.010526315789473684
test,5043,0.5,B0_SPC_observed,COMBINED,False,1.3308489462414401,5.237133527699475,190,0.010526315789473684
test,5043,0.5,B1_IsolationForest,COMBINED,False,1.3308489462414401,0.7565752413847274,190,0.0
test,5043,0.25,RippleTwin,COMBINED,False,1.3308489462414401,27.136223649542885,190,0.005263157894736842
test,5043,0.25,B2_observed_only_twin,COMBINED,False,1.3308489462414401,26.168542400051628,190,0.005263157894736842
test,5043,0.25,B0_SPC_observed,COMBINED,False,1.3308489462414401,4.936240980386517,190,0.02631578947368421
test,5043,0.25,B1_IsolationForest,COMBINED,False,1.3308489462414401,0.7090738077922258,190,0.015789473684210527
test,5044,1.0,RippleTwin,QUALITY_DRIFT,False,14.331232336449194,45.562612595121664,170,0.0058823529411764705
test,5044,1.0,B2_observed_only_twin,QUALITY_DRIFT,False,14.331232336449194,45.562612595121664,170,0.0058823529411764705
test,5044,1.0,B0_SPC_observed,QUALITY_DRIFT,False,14.331232336449194,5.237133527699475,170,0.0058823529411764705
test,5044,1.0,B1_IsolationForest,QUALITY_DRIFT,False,14.331232336449194,0.7565752413847274,170,0.0
test,5044,0.75,RippleTwin,QUALITY_DRIFT,False,14.331232336449194,32.119525394492335,170,0.0058823529411764705
test,5044,0.75,B2_observed_only_twin,QUALITY_DRIFT,False,14.331232336449194,32.119525394492335,170,0.0058823529411764705
test,5044,0.75,B0_SPC_observed,QUALITY_DRIFT,False,14.331232336449194,5.237133527699475,170,0.0058823529411764705
test,5044,0.75,B1_IsolationForest,QUALITY_DRIFT,False,14.331232336449194,0.7565752413847274,170,0.0
test,5044,0.5,RippleTwin,QUALITY_DRIFT,True,14.331232336449194,42.892326734815505,170,0.011764705882352941
test,5044,0.5,B2_observed_only_twin,QUALITY_DRIFT,True,14.331232336449194,42.892326734815505,170,0.011764705882352941
test,5044,0.5,B0_SPC_observed,QUALITY_DRIFT,True,14.331232336449194,5.237133527699475,170,0.0058823529411764705
test,5044,0.5,B1_IsolationForest,QUALITY_DRIFT,True,14.331232336449194,0.7565752413847274,170,0.0
test,5044,0.25,RippleTwin,QUALITY_DRIFT,True,14.331232336449194,27.136223649542885,170,0.011764705882352941
test,5044,0.25,B2_observed_only_twin,QUALITY_DRIFT,True,14.331232336449194,26.168542400051628,170,0.011764705882352941
test,5044,0.25,B0_SPC_observed,QUALITY_DRIFT,True,14.331232336449194,4.936240980386517,170,0.011764705882352941
test,5044,0.25,B1_IsolationForest,QUALITY_DRIFT,True,14.331232336449194,0.7090738077922258,170,0.0
test,5045,1.0,RippleTwin,QUALITY_DRIFT,False,13.730986754209898,45.562612595121664,173,0.011560693641618497
test,5045,1.0,B2_observed_only_twin,QUALITY_DRIFT,False,13.730986754209898,45.562612595121664,173,0.011560693641618497
test,5045,1.0,B0_SPC_observed,QUALITY_DRIFT,False,13.730986754209898,5.237133527699475,173,0.0
test,5045,1.0,B1_IsolationForest,QUALITY_DRIFT,False,13.730986754209898,0.7565752413847274,173,0.005780346820809248
test,5045,0.75,RippleTwin,QUALITY_DRIFT,True,13.730986754209898,32.119525394492335,173,0.011560693641618497
test,5045,0.75,B2_observed_only_twin,QUALITY_DRIFT,True,13.730986754209898,32.119525394492335,173,0.011560693641618497
test,5045,0.75,B0_SPC_observed,QUALITY_DRIFT,True,13.730986754209898,5.237133527699475,173,0.0
test,5045,0.75,B1_IsolationForest,QUALITY_DRIFT,True,13.730986754209898,0.7565752413847274,173,0.005780346820809248
test,5045,0.5,RippleTwin,QUALITY_DRIFT,True,13.730986754209898,42.892326734815505,173,0.017341040462427744
test,5045,0.5,B2_observed_only_twin,QUALITY_DRIFT,True,13.730986754209898,42.892326734815505,173,0.017341040462427744
test,5045,0.5,B0_SPC_observed,QUALITY_DRIFT,True,13.730986754209898,5.237133527699475,173,0.0
test,5045,0.5,B1_IsolationForest,QUALITY_DRIFT,True,13.730986754209898,0.7565752413847274,173,0.0
test,5045,0.25,RippleTwin,QUALITY_DRIFT,True,13.730986754209898,27.136223649542885,173,0.017341040462427744
test,5045,0.25,B2_observed_only_twin,QUALITY_DRIFT,True,13.730986754209898,26.168542400051628,173,0.017341040462427744
test,5045,0.25,B0_SPC_observed,QUALITY_DRIFT,True,13.730986754209898,4.936240980386517,173,0.0
test,5045,0.25,B1_IsolationForest,QUALITY_DRIFT,True,13.730986754209898,0.7090738077922258,173,0.04046242774566474
test,5046,1.0,RippleTwin,SLOWDOWN,False,1.3067344976587847,45.562612595121664,154,0.045454545454545456
test,5046,1.0,B2_observed_only_twin,SLOWDOWN,False,1.3067344976587847,45.562612595121664,154,0.045454545454545456
test,5046,1.0,B0_SPC_observed,SLOWDOWN,False,1.3067344976587847,5.237133527699475,154,0.07142857142857142
test,5046,1.0,B1_IsolationForest,SLOWDOWN,False,1.3067344976587847,0.7565752413847274,154,0.01948051948051948
test,5046,0.75,RippleTwin,SLOWDOWN,True,1.3067344976587847,32.119525394492335,154,0.0
test,5046,0.75,B2_observed_only_twin,SLOWDOWN,True,1.3067344976587847,32.119525394492335,154,0.0
test,5046,0.75,B0_SPC_observed,SLOWDOWN,True,1.3067344976587847,5.237133527699475,154,0.006493506493506494
test,5046,0.75,B1_IsolationForest,SLOWDOWN,True,1.3067344976587847,0.7565752413847274,154,0.01948051948051948
test,5046,0.5,RippleTwin,SLOWDOWN,True,1.3067344976587847,42.892326734815505,154,0.0
test,5046,0.5,B2_observed_only_twin,SLOWDOWN,True,1.3067344976587847,42.892326734815505,154,0.0
test,5046,0.5,B0_SPC_observed,SLOWDOWN,True,1.3067344976587847,5.237133527699475,154,0.0
test,5046,0.5,B1_IsolationForest,SLOWDOWN,True,1.3067344976587847,0.7565752413847274,154,0.0
test,5046,0.25,RippleTwin,SLOWDOWN,True,1.3067344976587847,27.136223649542885,154,0.0
test,5046,0.25,B2_observed_only_twin,SLOWDOWN,True,1.3067344976587847,26.168542400051628,154,0.0
test,5046,0.25,B0_SPC_observed,SLOWDOWN,True,1.3067344976587847,4.936240980386517,154,0.0
test,5046,0.25,B1_IsolationForest,SLOWDOWN,True,1.3067344976587847,0.7090738077922258,154,0.032467532467532464
test,5047,1.0,RippleTwin,QUALITY_DRIFT,False,6.1184600243400515,45.562612595121664,171,0.0
test,5047,1.0,B2_observed_only_twin,QUALITY_DRIFT,False,6.1184600243400515,45.562612595121664,171,0.0
test,5047,1.0,B0_SPC_observed,QUALITY_DRIFT,False,6.1184600243400515,5.237133527699475,171,0.0
test,5047,1.0,B1_IsolationForest,QUALITY_DRIFT,False,6.1184600243400515,0.7565752413847274,171,0.0
test,5047,0.75,RippleTwin,QUALITY_DRIFT,False,6.1184600243400515,32.119525394492335,171,0.0
test,5047,0.75,B2_observed_only_twin,QUALITY_DRIFT,False,6.1184600243400515,32.119525394492335,171,0.0
test,5047,0.75,B0_SPC_observed,QUALITY_DRIFT,False,6.1184600243400515,5.237133527699475,171,0.0
test,5047,0.75,B1_IsolationForest,QUALITY_DRIFT,False,6.1184600243400515,0.7565752413847274,171,0.0
test,5047,0.5,RippleTwin,QUALITY_DRIFT,True,6.1184600243400515,42.892326734815505,171,0.0
test,5047,0.5,B2_observed_only_twin,QUALITY_DRIFT,True,6.1184600243400515,42.892326734815505,171,0.0
test,5047,0.5,B0_SPC_observed,QUALITY_DRIFT,True,6.1184600243400515,5.237133527699475,171,0.0
test,5047,0.5,B1_IsolationForest,QUALITY_DRIFT,True,6.1184600243400515,0.7565752413847274,171,0.0
test,5047,0.25,RippleTwin,QUALITY_DRIFT,True,6.1184600243400515,27.136223649542885,171,0.005847953216374269
test,5047,0.25,B2_observed_only_twin,QUALITY_DRIFT,True,6.1184600243400515,26.168542400051628,171,0.005847953216374269
test,5047,0.25,B0_SPC_observed,QUALITY_DRIFT,True,6.1184600243400515,4.936240980386517,171,0.0
test,5047,0.25,B1_IsolationForest,QUALITY_DRIFT,True,6.1184600243400515,0.7090738077922258,171,0.011695906432748537
test,5048,1.0,RippleTwin,COMBINED,False,1.167618339699741,45.562612595121664,157,0.0
test,5048,1.0,B2_observed_only_twin,COMBINED,False,1.167618339699741,45.562612595121664,157,0.0
test,5048,1.0,B0_SPC_observed,COMBINED,False,1.167618339699741,5.237133527699475,157,0.006369426751592357
test,5048,1.0,B1_IsolationForest,COMBINED,False,1.167618339699741,0.7565752413847274,157,0.0
test,5048,0.75,RippleTwin,COMBINED,False,1.167618339699741,32.119525394492335,157,0.0
test,5048,0.75,B2_observed_only_twin,COMBINED,False,1.167618339699741,32.119525394492335,157,0.0
test,5048,0.75,B0_SPC_observed,COMBINED,False,1.167618339699741,5.237133527699475,157,0.006369426751592357
test,5048,0.75,B1_IsolationForest,COMBINED,False,1.167618339699741,0.7565752413847274,157,0.0
test,5048,0.5,RippleTwin,COMBINED,False,1.167618339699741,42.892326734815505,157,0.0
test,5048,0.5,B2_observed_only_twin,COMBINED,False,1.167618339699741,42.892326734815505,157,0.0
test,5048,0.5,B0_SPC_observed,COMBINED,False,1.167618339699741,5.237133527699475,157,0.006369426751592357
test,5048,0.5,B1_IsolationForest,COMBINED,False,1.167618339699741,0.7565752413847274,157,0.0
test,5048,0.25,RippleTwin,COMBINED,True,1.167618339699741,27.136223649542885,157,0.0
test,5048,0.25,B2_observed_only_twin,COMBINED,True,1.167618339699741,26.168542400051628,157,0.0
test,5048,0.25,B0_SPC_observed,COMBINED,True,1.167618339699741,4.936240980386517,157,0.012738853503184714
test,5048,0.25,B1_IsolationForest,COMBINED,True,1.167618339699741,0.7090738077922258,157,0.01910828025477707
test,5049,1.0,RippleTwin,MICROSTOP_BURST,False,11.192055204709195,45.562612595121664,154,0.006493506493506494
test,5049,1.0,B2_observed_only_twin,MICROSTOP_BURST,False,11.192055204709195,45.562612595121664,154,0.006493506493506494
test,5049,1.0,B0_SPC_observed,MICROSTOP_BURST,False,11.192055204709195,5.237133527699475,154,0.0
test,5049,1.0,B1_IsolationForest,MICROSTOP_BURST,False,11.192055204709195,0.7565752413847274,154,0.0
test,5049,0.75,RippleTwin,MICROSTOP_BURST,True,11.192055204709195,32.119525394492335,154,0.006493506493506494
test,5049,0.75,B2_observed_only_twin,MICROSTOP_BURST,True,11.192055204709195,32.119525394492335,154,0.006493506493506494
test,5049,0.75,B0_SPC_observed,MICROSTOP_BURST,True,11.192055204709195,5.237133527699475,154,0.0
test,5049,0.75,B1_IsolationForest,MICROSTOP_BURST,True,11.192055204709195,0.7565752413847274,154,0.0
test,5049,0.5,RippleTwin,MICROSTOP_BURST,True,11.192055204709195,42.892326734815505,154,0.006493506493506494
test,5049,0.5,B2_observed_only_twin,MICROSTOP_BURST,True,11.192055204709195,42.892326734815505,154,0.006493506493506494
test,5049,0.5,B0_SPC_observed,MICROSTOP_BURST,True,11.192055204709195,5.237133527699475,154,0.0
test,5049,0.5,B1_IsolationForest,MICROSTOP_BURST,True,11.192055204709195,0.7565752413847274,154,0.0
test,5049,0.25,RippleTwin,MICROSTOP_BURST,True,11.192055204709195,27.136223649542885,154,0.012987012987012988
test,5049,0.25,B2_observed_only_twin,MICROSTOP_BURST,True,11.192055204709195,26.168542400051628,154,0.006493506493506494
test,5049,0.25,B0_SPC_observed,MICROSTOP_BURST,True,11.192055204709195,4.936240980386517,154,0.0
test,5049,0.25,B1_IsolationForest,MICROSTOP_BURST,True,11.192055204709195,0.7090738077922258,154,0.01948051948051948
test,5050,1.0,RippleTwin,MICROSTOP_BURST,False,5.147778469217321,45.562612595121664,170,0.0
test,5050,1.0,B2_observed_only_twin,MICROSTOP_BURST,False,5.147778469217321,45.562612595121664,170,0.0
test,5050,1.0,B0_SPC_observed,MICROSTOP_BURST,False,5.147778469217321,5.237133527699475,170,0.0058823529411764705
test,5050,1.0,B1_IsolationForest,MICROSTOP_BURST,False,5.147778469217321,0.7565752413847274,170,0.0058823529411764705
test,5050,0.75,RippleTwin,MICROSTOP_BURST,True,5.147778469217321,32.119525394492335,170,0.0
test,5050,0.75,B2_observed_only_twin,MICROSTOP_BURST,True,5.147778469217321,32.119525394492335,170,0.0
test,5050,0.75,B0_SPC_observed,MICROSTOP_BURST,True,5.147778469217321,5.237133527699475,170,0.0058823529411764705
test,5050,0.75,B1_IsolationForest,MICROSTOP_BURST,True,5.147778469217321,0.7565752413847274,170,0.0058823529411764705
test,5050,0.5,RippleTwin,MICROSTOP_BURST,True,5.147778469217321,42.892326734815505,170,0.0
test,5050,0.5,B2_observed_only_twin,MICROSTOP_BURST,True,5.147778469217321,42.892326734815505,170,0.0
test,5050,0.5,B0_SPC_observed,MICROSTOP_BURST,True,5.147778469217321,5.237133527699475,170,0.0058823529411764705
test,5050,0.5,B1_IsolationForest,MICROSTOP_BURST,True,5.147778469217321,0.7565752413847274,170,0.0058823529411764705
test,5050,0.25,RippleTwin,MICROSTOP_BURST,True,5.147778469217321,27.136223649542885,170,0.0
test,5050,0.25,B2_observed_only_twin,MICROSTOP_BURST,True,5.147778469217321,26.168542400051628,170,0.0
test,5050,0.25,B0_SPC_observed,MICROSTOP_BURST,True,5.147778469217321,4.936240980386517,170,0.0058823529411764705
test,5050,0.25,B1_IsolationForest,MICROSTOP_BURST,True,5.147778469217321,0.7090738077922258,170,0.023529411764705882
test,5051,1.0,RippleTwin,SLOWDOWN,False,1.3070556122301205,45.562612595121664,194,0.0
test,5051,1.0,B2_observed_only_twin,SLOWDOWN,False,1.3070556122301205,45.562612595121664,194,0.0
test,5051,1.0,B0_SPC_observed,SLOWDOWN,False,1.3070556122301205,5.237133527699475,194,0.0
test,5051,1.0,B1_IsolationForest,SLOWDOWN,False,1.3070556122301205,0.7565752413847274,194,0.0
test,5051,0.75,RippleTwin,SLOWDOWN,True,1.3070556122301205,32.119525394492335,194,0.005154639175257732
test,5051,0.75,B2_observed_only_twin,SLOWDOWN,True,1.3070556122301205,32.119525394492335,194,0.005154639175257732
test,5051,0.75,B0_SPC_observed,SLOWDOWN,True,1.3070556122301205,5.237133527699475,194,0.0
test,5051,0.75,B1_IsolationForest,SLOWDOWN,True,1.3070556122301205,0.7565752413847274,194,0.0
test,5051,0.5,RippleTwin,SLOWDOWN,True,1.3070556122301205,42.892326734815505,194,0.0
test,5051,0.5,B2_observed_only_twin,SLOWDOWN,True,1.3070556122301205,42.892326734815505,194,0.0
test,5051,0.5,B0_SPC_observed,SLOWDOWN,True,1.3070556122301205,5.237133527699475,194,0.0
test,5051,0.5,B1_IsolationForest,SLOWDOWN,True,1.3070556122301205,0.7565752413847274,194,0.0
test,5051,0.25,RippleTwin,SLOWDOWN,True,1.3070556122301205,27.136223649542885,194,0.005154639175257732
test,5051,0.25,B2_observed_only_twin,SLOWDOWN,True,1.3070556122301205,26.168542400051628,194,0.005154639175257732
test,5051,0.25,B0_SPC_observed,SLOWDOWN,True,1.3070556122301205,4.936240980386517,194,0.0
test,5051,0.25,B1_IsolationForest,SLOWDOWN,True,1.3070556122301205,0.7090738077922258,194,0.015463917525773196
test,5052,1.0,RippleTwin,,False,0.0,45.562612595121664,237,0.0
test,5052,1.0,B2_observed_only_twin,,False,0.0,45.562612595121664,237,0.0
test,5052,1.0,B0_SPC_observed,,False,0.0,5.237133527699475,237,0.004219409282700422
test,5052,1.0,B1_IsolationForest,,False,0.0,0.7565752413847274,237,0.008438818565400843
test,5052,0.75,RippleTwin,,False,0.0,32.119525394492335,237,0.004219409282700422
test,5052,0.75,B2_observed_only_twin,,False,0.0,32.119525394492335,237,0.004219409282700422
test,5052,0.75,B0_SPC_observed,,False,0.0,5.237133527699475,237,0.004219409282700422
test,5052,0.75,B1_IsolationForest,,False,0.0,0.7565752413847274,237,0.008438818565400843
test,5052,0.5,RippleTwin,,False,0.0,42.892326734815505,237,0.0
test,5052,0.5,B2_observed_only_twin,,False,0.0,42.892326734815505,237,0.0
test,5052,0.5,B0_SPC_observed,,False,0.0,5.237133527699475,237,0.004219409282700422
test,5052,0.5,B1_IsolationForest,,False,0.0,0.7565752413847274,237,0.004219409282700422
test,5052,0.25,RippleTwin,,False,0.0,27.136223649542885,237,0.0
test,5052,0.25,B2_observed_only_twin,,False,0.0,26.168542400051628,237,0.0
test,5052,0.25,B0_SPC_observed,,False,0.0,4.936240980386517,237,0.004219409282700422
test,5052,0.25,B1_IsolationForest,,False,0.0,0.7090738077922258,237,0.012658227848101266
test,5053,1.0,RippleTwin,COMBINED,False,1.300812052213753,45.562612595121664,188,0.0
test,5053,1.0,B2_observed_only_twin,COMBINED,False,1.300812052213753,45.562612595121664,188,0.0
test,5053,1.0,B0_SPC_observed,COMBINED,False,1.300812052213753,5.237133527699475,188,0.010638297872340425
test,5053,1.0,B1_IsolationForest,COMBINED,False,1.300812052213753,0.7565752413847274,188,0.005319148936170213
test,5053,0.75,RippleTwin,COMBINED,True,1.300812052213753,32.119525394492335,188,0.0
test,5053,0.75,B2_observed_only_twin,COMBINED,True,1.300812052213753,32.119525394492335,188,0.0
test,5053,0.75,B0_SPC_observed,COMBINED,True,1.300812052213753,5.237133527699475,188,0.010638297872340425
test,5053,0.75,B1_IsolationForest,COMBINED,True,1.300812052213753,0.7565752413847274,188,0.005319148936170213
test,5053,0.5,RippleTwin,COMBINED,True,1.300812052213753,42.892326734815505,188,0.0
test,5053,0.5,B2_observed_only_twin,COMBINED,True,1.300812052213753,42.892326734815505,188,0.0
test,5053,0.5,B0_SPC_observed,COMBINED,True,1.300812052213753,5.237133527699475,188,0.010638297872340425
test,5053,0.5,B1_IsolationForest,COMBINED,True,1.300812052213753,0.7565752413847274,188,0.005319148936170213
test,5053,0.25,RippleTwin,COMBINED,True,1.300812052213753,27.136223649542885,188,0.0
test,5053,0.25,B2_observed_only_twin,COMBINED,True,1.300812052213753,26.168542400051628,188,0.0
test,5053,0.25,B0_SPC_observed,COMBINED,True,1.300812052213753,4.936240980386517,188,0.010638297872340425
test,5053,0.25,B1_IsolationForest,COMBINED,True,1.300812052213753,0.7090738077922258,188,0.0
test,5054,1.0,RippleTwin,SLOWDOWN,False,1.2351127769475707,45.562612595121664,175,0.011428571428571429
test,5054,1.0,B2_observed_only_twin,SLOWDOWN,False,1.2351127769475707,45.562612595121664,175,0.011428571428571429
test,5054,1.0,B0_SPC_observed,SLOWDOWN,False,1.2351127769475707,5.237133527699475,175,0.08571428571428572
test,5054,1.0,B1_IsolationForest,SLOWDOWN,False,1.2351127769475707,0.7565752413847274,175,0.005714285714285714
test,5054,0.75,RippleTwin,SLOWDOWN,True,1.2351127769475707,32.119525394492335,175,0.03428571428571429
test,5054,0.75,B2_observed_only_twin,SLOWDOWN,True,1.2351127769475707,32.119525394492335,175,0.02857142857142857
test,5054,0.75,B0_SPC_observed,SLOWDOWN,True,1.2351127769475707,5.237133527699475,175,0.0
test,5054,0.75,B1_IsolationForest,SLOWDOWN,True,1.2351127769475707,0.7565752413847274,175,0.005714285714285714
test,5054,0.5,RippleTwin,SLOWDOWN,True,1.2351127769475707,42.892326734815505,175,0.022857142857142857
test,5054,0.5,B2_observed_only_twin,SLOWDOWN,True,1.2351127769475707,42.892326734815505,175,0.017142857142857144
test,5054,0.5,B0_SPC_observed,SLOWDOWN,True,1.2351127769475707,5.237133527699475,175,0.0
test,5054,0.5,B1_IsolationForest,SLOWDOWN,True,1.2351127769475707,0.7565752413847274,175,0.005714285714285714
test,5054,0.25,RippleTwin,SLOWDOWN,True,1.2351127769475707,27.136223649542885,175,0.005714285714285714
test,5054,0.25,B2_observed_only_twin,SLOWDOWN,True,1.2351127769475707,26.168542400051628,175,0.005714285714285714
test,5054,0.25,B0_SPC_observed,SLOWDOWN,True,1.2351127769475707,4.936240980386517,175,0.005714285714285714
test,5054,0.25,B1_IsolationForest,SLOWDOWN,True,1.2351127769475707,0.7090738077922258,175,0.017142857142857144
test,5055,1.0,RippleTwin,SLOWDOWN,False,1.1700154409010246,45.562612595121664,167,0.0
test,5055,1.0,B2_observed_only_twin,SLOWDOWN,False,1.1700154409010246,45.562612595121664,167,0.0
test,5055,1.0,B0_SPC_observed,SLOWDOWN,False,1.1700154409010246,5.237133527699475,167,0.0
test,5055,1.0,B1_IsolationForest,SLOWDOWN,False,1.1700154409010246,0.7565752413847274,167,0.005988023952095809
test,5055,0.75,RippleTwin,SLOWDOWN,False,1.1700154409010246,32.119525394492335,167,0.0
test,5055,0.75,B2_observed_only_twin,SLOWDOWN,False,1.1700154409010246,32.119525394492335,167,0.0
test,5055,0.75,B0_SPC_observed,SLOWDOWN,False,1.1700154409010246,5.237133527699475,167,0.0
test,5055,0.75,B1_IsolationForest,SLOWDOWN,False,1.1700154409010246,0.7565752413847274,167,0.005988023952095809
test,5055,0.5,RippleTwin,SLOWDOWN,True,1.1700154409010246,42.892326734815505,167,0.0
test,5055,0.5,B2_observed_only_twin,SLOWDOWN,True,1.1700154409010246,42.892326734815505,167,0.0
test,5055,0.5,B0_SPC_observed,SLOWDOWN,True,1.1700154409010246,5.237133527699475,167,0.0
test,5055,0.5,B1_IsolationForest,SLOWDOWN,True,1.1700154409010246,0.7565752413847274,167,0.005988023952095809
test,5055,0.25,RippleTwin,SLOWDOWN,True,1.1700154409010246,27.136223649542885,167,0.0
test,5055,0.25,B2_observed_only_twin,SLOWDOWN,True,1.1700154409010246,26.168542400051628,167,0.0
test,5055,0.25,B0_SPC_observed,SLOWDOWN,True,1.1700154409010246,4.936240980386517,167,0.0
test,5055,0.25,B1_IsolationForest,SLOWDOWN,True,1.1700154409010246,0.7090738077922258,167,0.0
test,5056,1.0,RippleTwin,SLOWDOWN,False,1.4145830916116453,45.562612595121664,165,0.030303030303030304
test,5056,1.0,B2_observed_only_twin,SLOWDOWN,False,1.4145830916116453,45.562612595121664,165,0.030303030303030304
test,5056,1.0,B0_SPC_observed,SLOWDOWN,False,1.4145830916116453,5.237133527699475,165,0.024242424242424242
test,5056,1.0,B1_IsolationForest,SLOWDOWN,False,1.4145830916116453,0.7565752413847274,165,0.012121212121212121
test,5056,0.75,RippleTwin,SLOWDOWN,True,1.4145830916116453,32.119525394492335,165,0.024242424242424242
test,5056,0.75,B2_observed_only_twin,SLOWDOWN,True,1.4145830916116453,32.119525394492335,165,0.024242424242424242
test,5056,0.75,B0_SPC_observed,SLOWDOWN,True,1.4145830916116453,5.237133527699475,165,0.0
test,5056,0.75,B1_IsolationForest,SLOWDOWN,True,1.4145830916116453,0.7565752413847274,165,0.012121212121212121
test,5056,0.5,RippleTwin,SLOWDOWN,True,1.4145830916116453,42.892326734815505,165,0.024242424242424242
test,5056,0.5,B2_observed_only_twin,SLOWDOWN,True,1.4145830916116453,42.892326734815505,165,0.024242424242424242
test,5056,0.5,B0_SPC_observed,SLOWDOWN,True,1.4145830916116453,5.237133527699475,165,0.0
test,5056,0.5,B1_IsolationForest,SLOWDOWN,True,1.4145830916116453,0.7565752413847274,165,0.012121212121212121
test,5056,0.25,RippleTwin,SLOWDOWN,True,1.4145830916116453,27.136223649542885,165,0.012121212121212121
test,5056,0.25,B2_observed_only_twin,SLOWDOWN,True,1.4145830916116453,26.168542400051628,165,0.012121212121212121
test,5056,0.25,B0_SPC_observed,SLOWDOWN,True,1.4145830916116453,4.936240980386517,165,0.0
test,5056,0.25,B1_IsolationForest,SLOWDOWN,True,1.4145830916116453,0.7090738077922258,165,0.006060606060606061
test,5057,1.0,RippleTwin,QUALITY_DRIFT,False,9.035219451778552,45.562612595121664,162,0.012345679012345678
test,5057,1.0,B2_observed_only_twin,QUALITY_DRIFT,False,9.035219451778552,45.562612595121664,162,0.012345679012345678
test,5057,1.0,B0_SPC_observed,QUALITY_DRIFT,False,9.035219451778552,5.237133527699475,162,0.0
test,5057,1.0,B1_IsolationForest,QUALITY_DRIFT,False,9.035219451778552,0.7565752413847274,162,0.0
test,5057,0.75,RippleTwin,QUALITY_DRIFT,True,9.035219451778552,32.119525394492335,162,0.012345679012345678
test,5057,0.75,B2_observed_only_twin,QUALITY_DRIFT,True,9.035219451778552,32.119525394492335,162,0.012345679012345678
test,5057,0.75,B0_SPC_observed,QUALITY_DRIFT,True,9.035219451778552,5.237133527699475,162,0.0
test,5057,0.75,B1_IsolationForest,QUALITY_DRIFT,True,9.035219451778552,0.7565752413847274,162,0.0
test,5057,0.5,RippleTwin,QUALITY_DRIFT,True,9.035219451778552,42.892326734815505,162,0.012345679012345678
test,5057,0.5,B2_observed_only_twin,QUALITY_DRIFT,True,9.035219451778552,42.892326734815505,162,0.012345679012345678
test,5057,0.5,B0_SPC_observed,QUALITY_DRIFT,True,9.035219451778552,5.237133527699475,162,0.0
test,5057,0.5,B1_IsolationForest,QUALITY_DRIFT,True,9.035219451778552,0.7565752413847274,162,0.0
test,5057,0.25,RippleTwin,QUALITY_DRIFT,True,9.035219451778552,27.136223649542885,162,0.018518518518518517
test,5057,0.25,B2_observed_only_twin,QUALITY_DRIFT,True,9.035219451778552,26.168542400051628,162,0.018518518518518517
test,5057,0.25,B0_SPC_observed,QUALITY_DRIFT,True,9.035219451778552,4.936240980386517,162,0.0
test,5057,0.25,B1_IsolationForest,QUALITY_DRIFT,True,9.035219451778552,0.7090738077922258,162,0.006172839506172839
test,5058,1.0,RippleTwin,SLOWDOWN,False,1.2528500393887334,45.562612595121664,172,0.0
test,5058,1.0,B2_observed_only_twin,SLOWDOWN,False,1.2528500393887334,45.562612595121664,172,0.0
test,5058,1.0,B0_SPC_observed,SLOWDOWN,False,1.2528500393887334,5.237133527699475,172,0.005813953488372093
test,5058,1.0,B1_IsolationForest,SLOWDOWN,False,1.2528500393887334,0.7565752413847274,172,0.0
test,5058,0.75,RippleTwin,SLOWDOWN,True,1.2528500393887334,32.119525394492335,172,0.0
test,5058,0.75,B2_observed_only_twin,SLOWDOWN,True,1.2528500393887334,32.119525394492335,172,0.0
test,5058,0.75,B0_SPC_observed,SLOWDOWN,True,1.2528500393887334,5.237133527699475,172,0.0
test,5058,0.75,B1_IsolationForest,SLOWDOWN,True,1.2528500393887334,0.7565752413847274,172,0.0
test,5058,0.5,RippleTwin,SLOWDOWN,True,1.2528500393887334,42.892326734815505,172,0.0
test,5058,0.5,B2_observed_only_twin,SLOWDOWN,True,1.2528500393887334,42.892326734815505,172,0.0
test,5058,0.5,B0_SPC_observed,SLOWDOWN,True,1.2528500393887334,5.237133527699475,172,0.0
test,5058,0.5,B1_IsolationForest,SLOWDOWN,True,1.2528500393887334,0.7565752413847274,172,0.0
test,5058,0.25,RippleTwin,SLOWDOWN,True,1.2528500393887334,27.136223649542885,172,0.011627906976744186
test,5058,0.25,B2_observed_only_twin,SLOWDOWN,True,1.2528500393887334,26.168542400051628,172,0.011627906976744186
test,5058,0.25,B0_SPC_observed,SLOWDOWN,True,1.2528500393887334,4.936240980386517,172,0.0
test,5058,0.25,B1_IsolationForest,SLOWDOWN,True,1.2528500393887334,0.7090738077922258,172,0.023255813953488372
test,5059,1.0,RippleTwin,,False,0.0,45.562612595121664,237,0.008438818565400843
test,5059,1.0,B2_observed_only_twin,,False,0.0,45.562612595121664,237,0.008438818565400843
test,5059,1.0,B0_SPC_observed,,False,0.0,5.237133527699475,237,0.02531645569620253
test,5059,1.0,B1_IsolationForest,,False,0.0,0.7565752413847274,237,0.0
test,5059,0.75,RippleTwin,,False,0.0,32.119525394492335,237,0.004219409282700422
test,5059,0.75,B2_observed_only_twin,,False,0.0,32.119525394492335,237,0.004219409282700422
test,5059,0.75,B0_SPC_observed,,False,0.0,5.237133527699475,237,0.02531645569620253
test,5059,0.75,B1_IsolationForest,,False,0.0,0.7565752413847274,237,0.0
test,5059,0.5,RippleTwin,,False,0.0,42.892326734815505,237,0.004219409282700422
test,5059,0.5,B2_observed_only_twin,,False,0.0,42.892326734815505,237,0.004219409282700422
test,5059,0.5,B0_SPC_observed,,False,0.0,5.237133527699475,237,0.02531645569620253
test,5059,0.5,B1_IsolationForest,,False,0.0,0.7565752413847274,237,0.0
test,5059,0.25,RippleTwin,,False,0.0,27.136223649542885,237,0.008438818565400843
test,5059,0.25,B2_observed_only_twin,,False,0.0,26.168542400051628,237,0.008438818565400843
test,5059,0.25,B0_SPC_observed,,False,0.0,4.936240980386517,237,0.008438818565400843
test,5059,0.25,B1_IsolationForest,,False,0.0,0.7090738077922258,237,0.012658227848101266
test,5060,1.0,RippleTwin,MICROSTOP_BURST,False,4.450428989353843,45.562612595121664,181,0.016574585635359115
test,5060,1.0,B2_observed_only_twin,MICROSTOP_BURST,False,4.450428989353843,45.562612595121664,181,0.016574585635359115
test,5060,1.0,B0_SPC_observed,MICROSTOP_BURST,False,4.450428989353843,5.237133527699475,181,0.011049723756906077
test,5060,1.0,B1_IsolationForest,MICROSTOP_BURST,False,4.450428989353843,0.7565752413847274,181,0.027624309392265192
test,5060,0.75,RippleTwin,MICROSTOP_BURST,True,4.450428989353843,32.119525394492335,181,0.016574585635359115
test,5060,0.75,B2_observed_only_twin,MICROSTOP_BURST,True,4.450428989353843,32.119525394492335,181,0.016574585635359115
test,5060,0.75,B0_SPC_observed,MICROSTOP_BURST,True,4.450428989353843,5.237133527699475,181,0.011049723756906077
test,5060,0.75,B1_IsolationForest,MICROSTOP_BURST,True,4.450428989353843,0.7565752413847274,181,0.027624309392265192
test,5060,0.5,RippleTwin,MICROSTOP_BURST,True,4.450428989353843,42.892326734815505,181,0.016574585635359115
test,5060,0.5,B2_observed_only_twin,MICROSTOP_BURST,True,4.450428989353843,42.892326734815505,181,0.016574585635359115
test,5060,0.5,B0_SPC_observed,MICROSTOP_BURST,True,4.450428989353843,5.237133527699475,181,0.011049723756906077
test,5060,0.5,B1_IsolationForest,MICROSTOP_BURST,True,4.450428989353843,0.7565752413847274,181,0.016574585635359115
test,5060,0.25,RippleTwin,MICROSTOP_BURST,True,4.450428989353843,27.136223649542885,181,0.022099447513812154
test,5060,0.25,B2_observed_only_twin,MICROSTOP_BURST,True,4.450428989353843,26.168542400051628,181,0.022099447513812154
test,5060,0.25,B0_SPC_observed,MICROSTOP_BURST,True,4.450428989353843,4.936240980386517,181,0.0055248618784530384
test,5060,0.25,B1_IsolationForest,MICROSTOP_BURST,True,4.450428989353843,0.7090738077922258,181,0.027624309392265192
test,5061,1.0,RippleTwin,MICROSTOP_BURST,False,10.260598170292266,45.562612595121664,166,0.006024096385542169
test,5061,1.0,B2_observed_only_twin,MICROSTOP_BURST,False,10.260598170292266,45.562612595121664,166,0.006024096385542169
test,5061,1.0,B0_SPC_observed,MICROSTOP_BURST,False,10.260598170292266,5.237133527699475,166,0.012048192771084338
test,5061,1.0,B1_IsolationForest,MICROSTOP_BURST,False,10.260598170292266,0.7565752413847274,166,0.0
test,5061,0.75,RippleTwin,MICROSTOP_BURST,False,10.260598170292266,32.119525394492335,166,0.018072289156626505
test,5061,0.75,B2_observed_only_twin,MICROSTOP_BURST,False,10.260598170292266,32.119525394492335,166,0.006024096385542169
test,5061,0.75,B0_SPC_observed,MICROSTOP_BURST,False,10.260598170292266,5.237133527699475,166,0.012048192771084338
test,5061,0.75,B1_IsolationForest,MICROSTOP_BURST,False,10.260598170292266,0.7565752413847274,166,0.0
test,5061,0.5,RippleTwin,MICROSTOP_BURST,False,10.260598170292266,42.892326734815505,166,0.012048192771084338
test,5061,0.5,B2_observed_only_twin,MICROSTOP_BURST,False,10.260598170292266,42.892326734815505,166,0.006024096385542169
test,5061,0.5,B0_SPC_observed,MICROSTOP_BURST,False,10.260598170292266,5.237133527699475,166,0.012048192771084338
test,5061,0.5,B1_IsolationForest,MICROSTOP_BURST,False,10.260598170292266,0.7565752413847274,166,0.0
test,5061,0.25,RippleTwin,MICROSTOP_BURST,True,10.260598170292266,27.136223649542885,166,0.006024096385542169
test,5061,0.25,B2_observed_only_twin,MICROSTOP_BURST,True,10.260598170292266,26.168542400051628,166,0.0
test,5061,0.25,B0_SPC_observed,MICROSTOP_BURST,True,10.260598170292266,4.936240980386517,166,0.0
test,5061,0.25,B1_IsolationForest,MICROSTOP_BURST,True,10.260598170292266,0.7090738077922258,166,0.0
test,5062,1.0,RippleTwin,MICROSTOP_BURST,False,5.3242748710682,45.562612595121664,159,0.012578616352201259
test,5062,1.0,B2_observed_only_twin,MICROSTOP_BURST,False,5.3242748710682,45.562612595121664,159,0.012578616352201259
test,5062,1.0,B0_SPC_observed,MICROSTOP_BURST,False,5.3242748710682,5.237133527699475,159,0.012578616352201259
test,5062,1.0,B1_IsolationForest,MICROSTOP_BURST,False,5.3242748710682,0.7565752413847274,159,0.006289308176100629
test,5062,0.75,RippleTwin,MICROSTOP_BURST,False,5.3242748710682,32.119525394492335,159,0.031446540880503145
test,5062,0.75,B2_observed_only_twin,MICROSTOP_BURST,False,5.3242748710682,32.119525394492335,159,0.03773584905660377
test,5062,0.75,B0_SPC_observed,MICROSTOP_BURST,False,5.3242748710682,5.237133527699475,159,0.012578616352201259
test,5062,0.75,B1_IsolationForest,MICROSTOP_BURST,False,5.3242748710682,0.7565752413847274,159,0.006289308176100629
test,5062,0.5,RippleTwin,MICROSTOP_BURST,False,5.3242748710682,42.892326734815505,159,0.025157232704402517
test,5062,0.5,B2_observed_only_twin,MICROSTOP_BURST,False,5.3242748710682,42.892326734815505,159,0.025157232704402517
test,5062,0.5,B0_SPC_observed,MICROSTOP_BURST,False,5.3242748710682,5.237133527699475,159,0.012578616352201259
test,5062,0.5,B1_IsolationForest,MICROSTOP_BURST,False,5.3242748710682,0.7565752413847274,159,0.006289308176100629
test,5062,0.25,RippleTwin,MICROSTOP_BURST,True,5.3242748710682,27.136223649542885,159,0.012578616352201259
test,5062,0.25,B2_observed_only_twin,MICROSTOP_BURST,True,5.3242748710682,26.168542400051628,159,0.012578616352201259
test,5062,0.25,B0_SPC_observed,MICROSTOP_BURST,True,5.3242748710682,4.936240980386517,159,0.006289308176100629
test,5062,0.25,B1_IsolationForest,MICROSTOP_BURST,True,5.3242748710682,0.7090738077922258,159,0.025157232704402517
test,5063,1.0,RippleTwin,,False,0.0,45.562612595121664,237,0.012658227848101266
test,5063,1.0,B2_observed_only_twin,,False,0.0,45.562612595121664,237,0.012658227848101266
test,5063,1.0,B0_SPC_observed,,False,0.0,5.237133527699475,237,0.008438818565400843
test,5063,1.0,B1_IsolationForest,,False,0.0,0.7565752413847274,237,0.004219409282700422
test,5063,0.75,RippleTwin,,False,0.0,32.119525394492335,237,0.008438818565400843
test,5063,0.75,B2_observed_only_twin,,False,0.0,32.119525394492335,237,0.012658227848101266
test,5063,0.75,B0_SPC_observed,,False,0.0,5.237133527699475,237,0.008438818565400843
test,5063,0.75,B1_IsolationForest,,False,0.0,0.7565752413847274,237,0.004219409282700422
test,5063,0.5,RippleTwin,,False,0.0,42.892326734815505,237,0.012658227848101266
test,5063,0.5,B2_observed_only_twin,,False,0.0,42.892326734815505,237,0.012658227848101266
test,5063,0.5,B0_SPC_observed,,False,0.0,5.237133527699475,237,0.008438818565400843
test,5063,0.5,B1_IsolationForest,,False,0.0,0.7565752413847274,237,0.004219409282700422
test,5063,0.25,RippleTwin,,False,0.0,27.136223649542885,237,0.016877637130801686
test,5063,0.25,B2_observed_only_twin,,False,0.0,26.168542400051628,237,0.016877637130801686
test,5063,0.25,B0_SPC_observed,,False,0.0,4.936240980386517,237,0.008438818565400843
test,5063,0.25,B1_IsolationForest,,False,0.0,0.7090738077922258,237,0.016877637130801686
test,5064,1.0,RippleTwin,,False,0.0,45.562612595121664,237,0.0
test,5064,1.0,B2_observed_only_twin,,False,0.0,45.562612595121664,237,0.0
test,5064,1.0,B0_SPC_observed,,False,0.0,5.237133527699475,237,0.004219409282700422
test,5064,1.0,B1_IsolationForest,,False,0.0,0.7565752413847274,237,0.012658227848101266
test,5064,0.75,RippleTwin,,False,0.0,32.119525394492335,237,0.0
test,5064,0.75,B2_observed_only_twin,,False,0.0,32.119525394492335,237,0.0
test,5064,0.75,B0_SPC_observed,,False,0.0,5.237133527699475,237,0.004219409282700422
test,5064,0.75,B1_IsolationForest,,False,0.0,0.7565752413847274,237,0.012658227848101266
test,5064,0.5,RippleTwin,,False,0.0,42.892326734815505,237,0.0
test,5064,0.5,B2_observed_only_twin,,False,0.0,42.892326734815505,237,0.0
test,5064,0.5,B0_SPC_observed,,False,0.0,5.237133527699475,237,0.004219409282700422
test,5064,0.5,B1_IsolationForest,,False,0.0,0.7565752413847274,237,0.012658227848101266
test,5064,0.25,RippleTwin,,False,0.0,27.136223649542885,237,0.0
test,5064,0.25,B2_observed_only_twin,,False,0.0,26.168542400051628,237,0.0
test,5064,0.25,B0_SPC_observed,,False,0.0,4.936240980386517,237,0.008438818565400843
test,5064,0.25,B1_IsolationForest,,False,0.0,0.7090738077922258,237,0.0
test,5065,1.0,RippleTwin,,False,0.0,45.562612595121664,237,0.0
test,5065,1.0,B2_observed_only_twin,,False,0.0,45.562612595121664,237,0.0
test,5065,1.0,B0_SPC_observed,,False,0.0,5.237133527699475,237,0.004219409282700422
test,5065,1.0,B1_IsolationForest,,False,0.0,0.7565752413847274,237,0.004219409282700422
test,5065,0.75,RippleTwin,,False,0.0,32.119525394492335,237,0.008438818565400843
test,5065,0.75,B2_observed_only_twin,,False,0.0,32.119525394492335,237,0.008438818565400843
test,5065,0.75,B0_SPC_observed,,False,0.0,5.237133527699475,237,0.004219409282700422
test,5065,0.75,B1_IsolationForest,,False,0.0,0.7565752413847274,237,0.004219409282700422
test,5065,0.5,RippleTwin,,False,0.0,42.892326734815505,237,0.004219409282700422
test,5065,0.5,B2_observed_only_twin,,False,0.0,42.892326734815505,237,0.004219409282700422
test,5065,0.5,B0_SPC_observed,,False,0.0,5.237133527699475,237,0.004219409282700422
test,5065,0.5,B1_IsolationForest,,False,0.0,0.7565752413847274,237,0.0
test,5065,0.25,RippleTwin,,False,0.0,27.136223649542885,237,0.004219409282700422
test,5065,0.25,B2_observed_only_twin,,False,0.0,26.168542400051628,237,0.008438818565400843
test,5065,0.25,B0_SPC_observed,,False,0.0,4.936240980386517,237,0.0
test,5065,0.25,B1_IsolationForest,,False,0.0,0.7090738077922258,237,0.008438818565400843
test,5066,1.0,RippleTwin,SLOWDOWN,False,1.3295242898176327,45.562612595121664,162,0.043209876543209874
test,5066,1.0,B2_observed_only_twin,SLOWDOWN,False,1.3295242898176327,45.562612595121664,162,0.043209876543209874
test,5066,1.0,B0_SPC_observed,SLOWDOWN,False,1.3295242898176327,5.237133527699475,162,0.06172839506172839
test,5066,1.0,B1_IsolationForest,SLOWDOWN,False,1.3295242898176327,0.7565752413847274,162,0.0
test,5066,0.75,RippleTwin,SLOWDOWN,False,1.3295242898176327,32.119525394492335,162,0.04938271604938271
test,5066,0.75,B2_observed_only_twin,SLOWDOWN,False,1.3295242898176327,32.119525394492335,162,0.04938271604938271
test,5066,0.75,B0_SPC_observed,SLOWDOWN,False,1.3295242898176327,5.237133527699475,162,0.06172839506172839
test,5066,0.75,B1_IsolationForest,SLOWDOWN,False,1.3295242898176327,0.7565752413847274,162,0.0
test,5066,0.5,RippleTwin,SLOWDOWN,False,1.3295242898176327,42.892326734815505,162,0.043209876543209874
test,5066,0.5,B2_observed_only_twin,SLOWDOWN,False,1.3295242898176327,42.892326734815505,162,0.043209876543209874
test,5066,0.5,B0_SPC_observed,SLOWDOWN,False,1.3295242898176327,5.237133527699475,162,0.06172839506172839
test,5066,0.5,B1_IsolationForest,SLOWDOWN,False,1.3295242898176327,0.7565752413847274,162,0.0
test,5066,0.25,RippleTwin,SLOWDOWN,True,1.3295242898176327,27.136223649542885,162,0.0
test,5066,0.25,B2_observed_only_twin,SLOWDOWN,True,1.3295242898176327,26.168542400051628,162,0.0
test,5066,0.25,B0_SPC_observed,SLOWDOWN,True,1.3295242898176327,4.936240980386517,162,0.0
test,5066,0.25,B1_IsolationForest,SLOWDOWN,True,1.3295242898176327,0.7090738077922258,162,0.0
test,5067,1.0,RippleTwin,,False,0.0,45.562612595121664,237,0.0
test,5067,1.0,B2_observed_only_twin,,False,0.0,45.562612595121664,237,0.0
test,5067,1.0,B0_SPC_observed,,False,0.0,5.237133527699475,237,0.012658227848101266
test,5067,1.0,B1_IsolationForest,,False,0.0,0.7565752413847274,237,0.0
test,5067,0.75,RippleTwin,,False,0.0,32.119525394492335,237,0.0
test,5067,0.75,B2_observed_only_twin,,False,0.0,32.119525394492335,237,0.0
test,5067,0.75,B0_SPC_observed,,False,0.0,5.237133527699475,237,0.012658227848101266
test,5067,0.75,B1_IsolationForest,,False,0.0,0.7565752413847274,237,0.0
test,5067,0.5,RippleTwin,,False,0.0,42.892326734815505,237,0.0
test,5067,0.5,B2_observed_only_twin,,False,0.0,42.892326734815505,237,0.0
test,5067,0.5,B0_SPC_observed,,False,0.0,5.237133527699475,237,0.008438818565400843
test,5067,0.5,B1_IsolationForest,,False,0.0,0.7565752413847274,237,0.0
test,5067,0.25,RippleTwin,,False,0.0,27.136223649542885,237,0.0
test,5067,0.25,B2_observed_only_twin,,False,0.0,26.168542400051628,237,0.0
test,5067,0.25,B0_SPC_observed,,False,0.0,4.936240980386517,237,0.0
test,5067,0.25,B1_IsolationForest,,False,0.0,0.7090738077922258,237,0.02531645569620253
test,5068,1.0,RippleTwin,QUALITY_DRIFT,False,6.432180751886637,45.562612595121664,186,0.0
test,5068,1.0,B2_observed_only_twin,QUALITY_DRIFT,False,6.432180751886637,45.562612595121664,186,0.0
test,5068,1.0,B0_SPC_observed,QUALITY_DRIFT,False,6.432180751886637,5.237133527699475,186,0.0
test,5068,1.0,B1_IsolationForest,QUALITY_DRIFT,False,6.432180751886637,0.7565752413847274,186,0.0
test,5068,0.75,RippleTwin,QUALITY_DRIFT,True,6.432180751886637,32.119525394492335,186,0.0
test,5068,0.75,B2_observed_only_twin,QUALITY_DRIFT,True,6.432180751886637,32.119525394492335,186,0.0
test,5068,0.75,B0_SPC_observed,QUALITY_DRIFT,True,6.432180751886637,5.237133527699475,186,0.0
test,5068,0.75,B1_IsolationForest,QUALITY_DRIFT,True,6.432180751886637,0.7565752413847274,186,0.0
test,5068,0.5,RippleTwin,QUALITY_DRIFT,True,6.432180751886637,42.892326734815505,186,0.0
test,5068,0.5,B2_observed_only_twin,QUALITY_DRIFT,True,6.432180751886637,42.892326734815505,186,0.0
test,5068,0.5,B0_SPC_observed,QUALITY_DRIFT,True,6.432180751886637,5.237133527699475,186,0.0
test,5068,0.5,B1_IsolationForest,QUALITY_DRIFT,True,6.432180751886637,0.7565752413847274,186,0.0
test,5068,0.25,RippleTwin,QUALITY_DRIFT,True,6.432180751886637,27.136223649542885,186,0.005376344086021506
test,5068,0.25,B2_observed_only_twin,QUALITY_DRIFT,True,6.432180751886637,26.168542400051628,186,0.005376344086021506
test,5068,0.25,B0_SPC_observed,QUALITY_DRIFT,True,6.432180751886637,4.936240980386517,186,0.0
test,5068,0.25,B1_IsolationForest,QUALITY_DRIFT,True,6.432180751886637,0.7090738077922258,186,0.0
test,5069,1.0,RippleTwin,QUALITY_DRIFT,False,9.641697318039055,45.562612595121664,169,0.0
test,5069,1.0,B2_observed_only_twin,QUALITY_DRIFT,False,9.641697318039055,45.562612595121664,169,0.0
test,5069,1.0,B0_SPC_observed,QUALITY_DRIFT,False,9.641697318039055,5.237133527699475,169,0.0
test,5069,1.0,B1_IsolationForest,QUALITY_DRIFT,False,9.641697318039055,0.7565752413847274,169,0.023668639053254437
test,5069,0.75,RippleTwin,QUALITY_DRIFT,True,9.641697318039055,32.119525394492335,169,0.0
test,5069,0.75,B2_observed_only_twin,QUALITY_DRIFT,True,9.641697318039055,32.119525394492335,169,0.0
test,5069,0.75,B0_SPC_observed,QUALITY_DRIFT,True,9.641697318039055,5.237133527699475,169,0.0
test,5069,0.75,B1_IsolationForest,QUALITY_DRIFT,True,9.641697318039055,0.7565752413847274,169,0.023668639053254437
test,5069,0.5,RippleTwin,QUALITY_DRIFT,True,9.641697318039055,42.892326734815505,169,0.0
test,5069,0.5,B2_observed_only_twin,QUALITY_DRIFT,True,9.641697318039055,42.892326734815505,169,0.0
test,5069,0.5,B0_SPC_observed,QUALITY_DRIFT,True,9.641697318039055,5.237133527699475,169,0.0
test,5069,0.5,B1_IsolationForest,QUALITY_DRIFT,True,9.641697318039055,0.7565752413847274,169,0.005917159763313609
test,5069,0.25,RippleTwin,QUALITY_DRIFT,True,9.641697318039055,27.136223649542885,169,0.0
test,5069,0.25,B2_observed_only_twin,QUALITY_DRIFT,True,9.641697318039055,26.168542400051628,169,0.0
test,5069,0.25,B0_SPC_observed,QUALITY_DRIFT,True,9.641697318039055,4.936240980386517,169,0.0
test,5069,0.25,B1_IsolationForest,QUALITY_DRIFT,True,9.641697318039055,0.7090738077922258,169,0.03550295857988166
test,5070,1.0,RippleTwin,MICROSTOP_BURST,False,11.529317770552177,45.562612595121664,180,0.03333333333333333
test,5070,1.0,B2_observed_only_twin,MICROSTOP_BURST,False,11.529317770552177,45.562612595121664,180,0.03333333333333333
test,5070,1.0,B0_SPC_observed,MICROSTOP_BURST,False,11.529317770552177,5.237133527699475,180,0.005555555555555556
test,5070,1.0,B1_IsolationForest,MICROSTOP_BURST,False,11.529317770552177,0.7565752413847274,180,0.0
test,5070,0.75,RippleTwin,MICROSTOP_BURST,True,11.529317770552177,32.119525394492335,180,0.03333333333333333
test,5070,0.75,B2_observed_only_twin,MICROSTOP_BURST,True,11.529317770552177,32.119525394492335,180,0.027777777777777776
test,5070,0.75,B0_SPC_observed,MICROSTOP_BURST,True,11.529317770552177,5.237133527699475,180,0.005555555555555556
test,5070,0.75,B1_IsolationForest,MICROSTOP_BURST,True,11.529317770552177,0.7565752413847274,180,0.0
test,5070,0.5,RippleTwin,MICROSTOP_BURST,True,11.529317770552177,42.892326734815505,180,0.027777777777777776
test,5070,0.5,B2_observed_only_twin,MICROSTOP_BURST,True,11.529317770552177,42.892326734815505,180,0.027777777777777776
test,5070,0.5,B0_SPC_observed,MICROSTOP_BURST,True,11.529317770552177,5.237133527699475,180,0.0
test,5070,0.5,B1_IsolationForest,MICROSTOP_BURST,True,11.529317770552177,0.7565752413847274,180,0.0
test,5070,0.25,RippleTwin,MICROSTOP_BURST,True,11.529317770552177,27.136223649542885,180,0.022222222222222223
test,5070,0.25,B2_observed_only_twin,MICROSTOP_BURST,True,11.529317770552177,26.168542400051628,180,0.022222222222222223
test,5070,0.25,B0_SPC_observed,MICROSTOP_BURST,True,11.529317770552177,4.936240980386517,180,0.005555555555555556
test,5070,0.25,B1_IsolationForest,MICROSTOP_BURST,True,11.529317770552177,0.7090738077922258,180,0.005555555555555556
test,5071,1.0,RippleTwin,COMBINED,False,1.2195802883337588,45.562612595121664,172,0.0
test,5071,1.0,B2_observed_only_twin,COMBINED,False,1.2195802883337588,45.562612595121664,172,0.0
test,5071,1.0,B0_SPC_observed,COMBINED,False,1.2195802883337588,5.237133527699475,172,0.06976744186046512
test,5071,1.0,B1_IsolationForest,COMBINED,False,1.2195802883337588,0.7565752413847274,172,0.0
test,5071,0.75,RippleTwin,COMBINED,True,1.2195802883337588,32.119525394492335,172,0.0
test,5071,0.75,B2_observed_only_twin,COMBINED,True,1.2195802883337588,32.119525394492335,172,0.0
test,5071,0.75,B0_SPC_observed,COMBINED,True,1.2195802883337588,5.237133527699475,172,0.0
test,5071,0.75,B1_IsolationForest,COMBINED,True,1.2195802883337588,0.7565752413847274,172,0.0
test,5071,0.5,RippleTwin,COMBINED,True,1.2195802883337588,42.892326734815505,172,0.0
test,5071,0.5,B2_observed_only_twin,COMBINED,True,1.2195802883337588,42.892326734815505,172,0.0
test,5071,0.5,B0_SPC_observed,COMBINED,True,1.2195802883337588,5.237133527699475,172,0.0
test,5071,0.5,B1_IsolationForest,COMBINED,True,1.2195802883337588,0.7565752413847274,172,0.0
test,5071,0.25,RippleTwin,COMBINED,True,1.2195802883337588,27.136223649542885,172,0.0
test,5071,0.25,B2_observed_only_twin,COMBINED,True,1.2195802883337588,26.168542400051628,172,0.0
test,5071,0.25,B0_SPC_observed,COMBINED,True,1.2195802883337588,4.936240980386517,172,0.0
test,5071,0.25,B1_IsolationForest,COMBINED,True,1.2195802883337588,0.7090738077922258,172,0.0
test,5072,1.0,RippleTwin,,False,0.0,45.562612595121664,237,0.0
test,5072,1.0,B2_observed_only_twin,,False,0.0,45.562612595121664,237,0.0
test,5072,1.0,B0_SPC_observed,,False,0.0,5.237133527699475,237,0.0
test,5072,1.0,B1_IsolationForest,,False,0.0,0.7565752413847274,237,0.012658227848101266
test,5072,0.75,RippleTwin,,False,0.0,32.119525394492335,237,0.0
test,5072,0.75,B2_observed_only_twin,,False,0.0,32.119525394492335,237,0.0
test,5072,0.75,B0_SPC_observed,,False,0.0,5.237133527699475,237,0.0
test,5072,0.75,B1_IsolationForest,,False,0.0,0.7565752413847274,237,0.012658227848101266
test,5072,0.5,RippleTwin,,False,0.0,42.892326734815505,237,0.0
test,5072,0.5,B2_observed_only_twin,,False,0.0,42.892326734815505,237,0.0
test,5072,0.5,B0_SPC_observed,,False,0.0,5.237133527699475,237,0.0
test,5072,0.5,B1_IsolationForest,,False,0.0,0.7565752413847274,237,0.012658227848101266
test,5072,0.25,RippleTwin,,False,0.0,27.136223649542885,237,0.0
test,5072,0.25,B2_observed_only_twin,,False,0.0,26.168542400051628,237,0.0
test,5072,0.25,B0_SPC_observed,,False,0.0,4.936240980386517,237,0.0
test,5072,0.25,B1_IsolationForest,,False,0.0,0.7090738077922258,237,0.004219409282700422
test,5073,1.0,RippleTwin,SLOWDOWN,False,1.3031455640101535,45.562612595121664,169,0.0
test,5073,1.0,B2_observed_only_twin,SLOWDOWN,False,1.3031455640101535,45.562612595121664,169,0.0
test,5073,1.0,B0_SPC_observed,SLOWDOWN,False,1.3031455640101535,5.237133527699475,169,0.04142011834319527
test,5073,1.0,B1_IsolationForest,SLOWDOWN,False,1.3031455640101535,0.7565752413847274,169,0.005917159763313609
test,5073,0.75,RippleTwin,SLOWDOWN,True,1.3031455640101535,32.119525394492335,169,0.011834319526627219
test,5073,0.75,B2_observed_only_twin,SLOWDOWN,True,1.3031455640101535,32.119525394492335,169,0.005917159763313609
test,5073,0.75,B0_SPC_observed,SLOWDOWN,True,1.3031455640101535,5.237133527699475,169,0.005917159763313609
test,5073,0.75,B1_IsolationForest,SLOWDOWN,True,1.3031455640101535,0.7565752413847274,169,0.005917159763313609
test,5073,0.5,RippleTwin,SLOWDOWN,True,1.3031455640101535,42.892326734815505,169,0.0
test,5073,0.5,B2_observed_only_twin,SLOWDOWN,True,1.3031455640101535,42.892326734815505,169,0.0
test,5073,0.5,B0_SPC_observed,SLOWDOWN,True,1.3031455640101535,5.237133527699475,169,0.0
test,5073,0.5,B1_IsolationForest,SLOWDOWN,True,1.3031455640101535,0.7565752413847274,169,0.0
test,5073,0.25,RippleTwin,SLOWDOWN,True,1.3031455640101535,27.136223649542885,169,0.0
test,5073,0.25,B2_observed_only_twin,SLOWDOWN,True,1.3031455640101535,26.168542400051628,169,0.0
test,5073,0.25,B0_SPC_observed,SLOWDOWN,True,1.3031455640101535,4.936240980386517,169,0.0
test,5073,0.25,B1_IsolationForest,SLOWDOWN,True,1.3031455640101535,0.7090738077922258,169,0.03550295857988166
test,5074,1.0,RippleTwin,,False,0.0,45.562612595121664,237,0.0
test,5074,1.0,B2_observed_only_twin,,False,0.0,45.562612595121664,237,0.0
test,5074,1.0,B0_SPC_observed,,False,0.0,5.237133527699475,237,0.004219409282700422
test,5074,1.0,B1_IsolationForest,,False,0.0,0.7565752413847274,237,0.004219409282700422
test,5074,0.75,RippleTwin,,False,0.0,32.119525394492335,237,0.004219409282700422
test,5074,0.75,B2_observed_only_twin,,False,0.0,32.119525394492335,237,0.004219409282700422
test,5074,0.75,B0_SPC_observed,,False,0.0,5.237133527699475,237,0.004219409282700422
test,5074,0.75,B1_IsolationForest,,False,0.0,0.7565752413847274,237,0.004219409282700422
test,5074,0.5,RippleTwin,,False,0.0,42.892326734815505,237,0.004219409282700422
test,5074,0.5,B2_observed_only_twin,,False,0.0,42.892326734815505,237,0.004219409282700422
test,5074,0.5,B0_SPC_observed,,False,0.0,5.237133527699475,237,0.004219409282700422
test,5074,0.5,B1_IsolationForest,,False,0.0,0.7565752413847274,237,0.004219409282700422
test,5074,0.25,RippleTwin,,False,0.0,27.136223649542885,237,0.004219409282700422
test,5074,0.25,B2_observed_only_twin,,False,0.0,26.168542400051628,237,0.004219409282700422
test,5074,0.25,B0_SPC_observed,,False,0.0,4.936240980386517,237,0.004219409282700422
test,5074,0.25,B1_IsolationForest,,False,0.0,0.7090738077922258,237,0.008438818565400843
test,5075,1.0,RippleTwin,MICROSTOP_BURST,False,10.015606039448699,45.562612595121664,189,0.0
test,5075,1.0,B2_observed_only_twin,MICROSTOP_BURST,False,10.015606039448699,45.562612595121664,189,0.0
test,5075,1.0,B0_SPC_observed,MICROSTOP_BURST,False,10.015606039448699,5.237133527699475,189,0.0
test,5075,1.0,B1_IsolationForest,MICROSTOP_BURST,False,10.015606039448699,0.7565752413847274,189,0.005291005291005291
test,5075,0.75,RippleTwin,MICROSTOP_BURST,False,10.015606039448699,32.119525394492335,189,0.005291005291005291
test,5075,0.75,B2_observed_only_twin,MICROSTOP_BURST,False,10.015606039448699,32.119525394492335,189,0.005291005291005291
test,5075,0.75,B0_SPC_observed,MICROSTOP_BURST,False,10.015606039448699,5.237133527699475,189,0.0
test,5075,0.75,B1_IsolationForest,MICROSTOP_BURST,False,10.015606039448699,0.7565752413847274,189,0.005291005291005291
test,5075,0.5,RippleTwin,MICROSTOP_BURST,True,10.015606039448699,42.892326734815505,189,0.005291005291005291
test,5075,0.5,B2_observed_only_twin,MICROSTOP_BURST,True,10.015606039448699,42.892326734815505,189,0.005291005291005291
test,5075,0.5,B0_SPC_observed,MICROSTOP_BURST,True,10.015606039448699,5.237133527699475,189,0.0
test,5075,0.5,B1_IsolationForest,MICROSTOP_BURST,True,10.015606039448699,0.7565752413847274,189,0.0
test,5075,0.25,RippleTwin,MICROSTOP_BURST,True,10.015606039448699,27.136223649542885,189,0.010582010582010581
test,5075,0.25,B2_observed_only_twin,MICROSTOP_BURST,True,10.015606039448699,26.168542400051628,189,0.010582010582010581
test,5075,0.25,B0_SPC_observed,MICROSTOP_BURST,True,10.015606039448699,4.936240980386517,189,0.010582010582010581
test,5075,0.25,B1_IsolationForest,MICROSTOP_BURST,True,10.015606039448699,0.7090738077922258,189,0.026455026455026454
test,5076,1.0,RippleTwin,,False,0.0,45.562612595121664,237,0.0
test,5076,1.0,B2_observed_only_twin,,False,0.0,45.562612595121664,237,0.0
test,5076,1.0,B0_SPC_observed,,False,0.0,5.237133527699475,237,0.012658227848101266
test,5076,1.0,B1_IsolationForest,,False,0.0,0.7565752413847274,237,0.008438818565400843
test,5076,0.75,RippleTwin,,False,0.0,32.119525394492335,237,0.0
test,5076,0.75,B2_observed_only_twin,,False,0.0,32.119525394492335,237,0.0
test,5076,0.75,B0_SPC_observed,,False,0.0,5.237133527699475,237,0.012658227848101266
test,5076,0.75,B1_IsolationForest,,False,0.0,0.7565752413847274,237,0.008438818565400843
test,5076,0.5,RippleTwin,,False,0.0,42.892326734815505,237,0.0
test,5076,0.5,B2_observed_only_twin,,False,0.0,42.892326734815505,237,0.0
test,5076,0.5,B0_SPC_observed,,False,0.0,5.237133527699475,237,0.012658227848101266
test,5076,0.5,B1_IsolationForest,,False,0.0,0.7565752413847274,237,0.0
test,5076,0.25,RippleTwin,,False,0.0,27.136223649542885,237,0.0
test,5076,0.25,B2_observed_only_twin,,False,0.0,26.168542400051628,237,0.0
test,5076,0.25,B0_SPC_observed,,False,0.0,4.936240980386517,237,0.004219409282700422
test,5076,0.25,B1_IsolationForest,,False,0.0,0.7090738077922258,237,0.0
test,5077,1.0,RippleTwin,,False,0.0,45.562612595121664,237,0.0
test,5077,1.0,B2_observed_only_twin,,False,0.0,45.562612595121664,237,0.0
test,5077,1.0,B0_SPC_observed,,False,0.0,5.237133527699475,237,0.008438818565400843
test,5077,1.0,B1_IsolationForest,,False,0.0,0.7565752413847274,237,0.0
test,5077,0.75,RippleTwin,,False,0.0,32.119525394492335,237,0.0
test,5077,0.75,B2_observed_only_twin,,False,0.0,32.119525394492335,237,0.0
test,5077,0.75,B0_SPC_observed,,False,0.0,5.237133527699475,237,0.008438818565400843
test,5077,0.75,B1_IsolationForest,,False,0.0,0.7565752413847274,237,0.0
test,5077,0.5,RippleTwin,,False,0.0,42.892326734815505,237,0.0
test,5077,0.5,B2_observed_only_twin,,False,0.0,42.892326734815505,237,0.0
test,5077,0.5,B0_SPC_observed,,False,0.0,5.237133527699475,237,0.008438818565400843
test,5077,0.5,B1_IsolationForest,,False,0.0,0.7565752413847274,237,0.0
test,5077,0.25,RippleTwin,,False,0.0,27.136223649542885,237,0.0
test,5077,0.25,B2_observed_only_twin,,False,0.0,26.168542400051628,237,0.0
test,5077,0.25,B0_SPC_observed,,False,0.0,4.936240980386517,237,0.008438818565400843
test,5077,0.25,B1_IsolationForest,,False,0.0,0.7090738077922258,237,0.02109704641350211
test,5078,1.0,RippleTwin,SLOWDOWN,False,1.1564989171704545,45.562612595121664,175,0.04
test,5078,1.0,B2_observed_only_twin,SLOWDOWN,False,1.1564989171704545,45.562612595121664,175,0.04
test,5078,1.0,B0_SPC_observed,SLOWDOWN,False,1.1564989171704545,5.237133527699475,175,0.02857142857142857
test,5078,1.0,B1_IsolationForest,SLOWDOWN,False,1.1564989171704545,0.7565752413847274,175,0.017142857142857144
test,5078,0.75,RippleTwin,SLOWDOWN,False,1.1564989171704545,32.119525394492335,175,0.04
test,5078,0.75,B2_observed_only_twin,SLOWDOWN,False,1.1564989171704545,32.119525394492335,175,0.04
test,5078,0.75,B0_SPC_observed,SLOWDOWN,False,1.1564989171704545,5.237133527699475,175,0.02857142857142857
test,5078,0.75,B1_IsolationForest,SLOWDOWN,False,1.1564989171704545,0.7565752413847274,175,0.017142857142857144
test,5078,0.5,RippleTwin,SLOWDOWN,False,1.1564989171704545,42.892326734815505,175,0.04
test,5078,0.5,B2_observed_only_twin,SLOWDOWN,False,1.1564989171704545,42.892326734815505,175,0.04
test,5078,0.5,B0_SPC_observed,SLOWDOWN,False,1.1564989171704545,5.237133527699475,175,0.02857142857142857
test,5078,0.5,B1_IsolationForest,SLOWDOWN,False,1.1564989171704545,0.7565752413847274,175,0.017142857142857144
test,5078,0.25,RippleTwin,SLOWDOWN,True,1.1564989171704545,27.136223649542885,175,0.005714285714285714
test,5078,0.25,B2_observed_only_twin,SLOWDOWN,True,1.1564989171704545,26.168542400051628,175,0.005714285714285714
test,5078,0.25,B0_SPC_observed,SLOWDOWN,True,1.1564989171704545,4.936240980386517,175,0.0
test,5078,0.25,B1_IsolationForest,SLOWDOWN,True,1.1564989171704545,0.7090738077922258,175,0.017142857142857144
test,5079,1.0,RippleTwin,SLOWDOWN,False,1.2255855851041377,45.562612595121664,193,0.031088082901554404
test,5079,1.0,B2_observed_only_twin,SLOWDOWN,False,1.2255855851041377,45.562612595121664,193,0.031088082901554404
test,5079,1.0,B0_SPC_observed,SLOWDOWN,False,1.2255855851041377,5.237133527699475,193,0.05181347150259067
test,5079,1.0,B1_IsolationForest,SLOWDOWN,False,1.2255855851041377,0.7565752413847274,193,0.0
test,5079,0.75,RippleTwin,SLOWDOWN,False,1.2255855851041377,32.119525394492335,193,0.06217616580310881
test,5079,0.75,B2_observed_only_twin,SLOWDOWN,False,1.2255855851041377,32.119525394492335,193,0.06217616580310881
test,5079,0.75,B0_SPC_observed,SLOWDOWN,False,1.2255855851041377,5.237133527699475,193,0.05181347150259067
test,5079,0.75,B1_IsolationForest,SLOWDOWN,False,1.2255855851041377,0.7565752413847274,193,0.0
test,5079,0.5,RippleTwin,SLOWDOWN,True,1.2255855851041377,42.892326734815505,193,0.025906735751295335
test,5079,0.5,B2_observed_only_twin,SLOWDOWN,True,1.2255855851041377,42.892326734815505,193,0.025906735751295335
test,5079,0.5,B0_SPC_observed,SLOWDOWN,True,1.2255855851041377,5.237133527699475,193,0.0051813471502590676
test,5079,0.5,B1_IsolationForest,SLOWDOWN,True,1.2255855851041377,0.7565752413847274,193,0.0
test,5079,0.25,RippleTwin,SLOWDOWN,True,1.2255855851041377,27.136223649542885,193,0.0051813471502590676
test,5079,0.25,B2_observed_only_twin,SLOWDOWN,True,1.2255855851041377,26.168542400051628,193,0.0051813471502590676
test,5079,0.25,B0_SPC_observed,SLOWDOWN,True,1.2255855851041377,4.936240980386517,193,0.0
test,5079,0.25,B1_IsolationForest,SLOWDOWN,True,1.2255855851041377,0.7090738077922258,193,0.015544041450777202
test,5080,1.0,RippleTwin,COMBINED,False,1.1556730393508616,45.562612595121664,168,0.005952380952380952
test,5080,1.0,B2_observed_only_twin,COMBINED,False,1.1556730393508616,45.562612595121664,168,0.005952380952380952
test,5080,1.0,B0_SPC_observed,COMBINED,False,1.1556730393508616,5.237133527699475,168,0.011904761904761904
test,5080,1.0,B1_IsolationForest,COMBINED,False,1.1556730393508616,0.7565752413847274,168,0.0
test,5080,0.75,RippleTwin,COMBINED,True,1.1556730393508616,32.119525394492335,168,0.005952380952380952
test,5080,0.75,B2_observed_only_twin,COMBINED,True,1.1556730393508616,32.119525394492335,168,0.005952380952380952
test,5080,0.75,B0_SPC_observed,COMBINED,True,1.1556730393508616,5.237133527699475,168,0.011904761904761904
test,5080,0.75,B1_IsolationForest,COMBINED,True,1.1556730393508616,0.7565752413847274,168,0.0
test,5080,0.5,RippleTwin,COMBINED,True,1.1556730393508616,42.892326734815505,168,0.011904761904761904
test,5080,0.5,B2_observed_only_twin,COMBINED,True,1.1556730393508616,42.892326734815505,168,0.011904761904761904
test,5080,0.5,B0_SPC_observed,COMBINED,True,1.1556730393508616,5.237133527699475,168,0.011904761904761904
test,5080,0.5,B1_IsolationForest,COMBINED,True,1.1556730393508616,0.7565752413847274,168,0.0
test,5080,0.25,RippleTwin,COMBINED,True,1.1556730393508616,27.136223649542885,168,0.005952380952380952
test,5080,0.25,B2_observed_only_twin,COMBINED,True,1.1556730393508616,26.168542400051628,168,0.005952380952380952
test,5080,0.25,B0_SPC_observed,COMBINED,True,1.1556730393508616,4.936240980386517,168,0.0
test,5080,0.25,B1_IsolationForest,COMBINED,True,1.1556730393508616,0.7090738077922258,168,0.0
test,5081,1.0,RippleTwin,,False,0.0,45.562612595121664,237,0.0
test,5081,1.0,B2_observed_only_twin,,False,0.0,45.562612595121664,237,0.0
test,5081,1.0,B0_SPC_observed,,False,0.0,5.237133527699475,237,0.0
test,5081,1.0,B1_IsolationForest,,False,0.0,0.7565752413847274,237,0.0
test,5081,0.75,RippleTwin,,False,0.0,32.119525394492335,237,0.0
test,5081,0.75,B2_observed_only_twin,,False,0.0,32.119525394492335,237,0.0
test,5081,0.75,B0_SPC_observed,,False,0.0,5.237133527699475,237,0.0
test,5081,0.75,B1_IsolationForest,,False,0.0,0.7565752413847274,237,0.0
test,5081,0.5,RippleTwin,,False,0.0,42.892326734815505,237,0.0
test,5081,0.5,B2_observed_only_twin,,False,0.0,42.892326734815505,237,0.0
test,5081,0.5,B0_SPC_observed,,False,0.0,5.237133527699475,237,0.0
test,5081,0.5,B1_IsolationForest,,False,0.0,0.7565752413847274,237,0.0
test,5081,0.25,RippleTwin,,False,0.0,27.136223649542885,237,0.0
test,5081,0.25,B2_observed_only_twin,,False,0.0,26.168542400051628,237,0.0
test,5081,0.25,B0_SPC_observed,,False,0.0,4.936240980386517,237,0.0
test,5081,0.25,B1_IsolationForest,,False,0.0,0.7090738077922258,237,0.004219409282700422
test,5082,1.0,RippleTwin,,False,0.0,45.562612595121664,237,0.0
test,5082,1.0,B2_observed_only_twin,,False,0.0,45.562612595121664,237,0.0
test,5082,1.0,B0_SPC_observed,,False,0.0,5.237133527699475,237,0.004219409282700422
test,5082,1.0,B1_IsolationForest,,False,0.0,0.7565752413847274,237,0.004219409282700422
test,5082,0.75,RippleTwin,,False,0.0,32.119525394492335,237,0.016877637130801686
test,5082,0.75,B2_observed_only_twin,,False,0.0,32.119525394492335,237,0.016877637130801686
test,5082,0.75,B0_SPC_observed,,False,0.0,5.237133527699475,237,0.004219409282700422
test,5082,0.75,B1_IsolationForest,,False,0.0,0.7565752413847274,237,0.004219409282700422
test,5082,0.5,RippleTwin,,False,0.0,42.892326734815505,237,0.0
test,5082,0.5,B2_observed_only_twin,,False,0.0,42.892326734815505,237,0.0
test,5082,0.5,B0_SPC_observed,,False,0.0,5.237133527699475,237,0.0
test,5082,0.5,B1_IsolationForest,,False,0.0,0.7565752413847274,237,0.004219409282700422
test,5082,0.25,RippleTwin,,False,0.0,27.136223649542885,237,0.012658227848101266
test,5082,0.25,B2_observed_only_twin,,False,0.0,26.168542400051628,237,0.012658227848101266
test,5082,0.25,B0_SPC_observed,,False,0.0,4.936240980386517,237,0.0
test,5082,0.25,B1_IsolationForest,,False,0.0,0.7090738077922258,237,0.0379746835443038
test,5083,1.0,RippleTwin,,False,0.0,45.562612595121664,237,0.0
test,5083,1.0,B2_observed_only_twin,,False,0.0,45.562612595121664,237,0.0
test,5083,1.0,B0_SPC_observed,,False,0.0,5.237133527699475,237,0.0
test,5083,1.0,B1_IsolationForest,,False,0.0,0.7565752413847274,237,0.0
test,5083,0.75,RippleTwin,,False,0.0,32.119525394492335,237,0.0
test,5083,0.75,B2_observed_only_twin,,False,0.0,32.119525394492335,237,0.0
test,5083,0.75,B0_SPC_observed,,False,0.0,5.237133527699475,237,0.0
test,5083,0.75,B1_IsolationForest,,False,0.0,0.7565752413847274,237,0.0
test,5083,0.5,RippleTwin,,False,0.0,42.892326734815505,237,0.0
test,5083,0.5,B2_observed_only_twin,,False,0.0,42.892326734815505,237,0.0
test,5083,0.5,B0_SPC_observed,,False,0.0,5.237133527699475,237,0.0
test,5083,0.5,B1_IsolationForest,,False,0.0,0.7565752413847274,237,0.0
test,5083,0.25,RippleTwin,,False,0.0,27.136223649542885,237,0.0
test,5083,0.25,B2_observed_only_twin,,False,0.0,26.168542400051628,237,0.0
test,5083,0.25,B0_SPC_observed,,False,0.0,4.936240980386517,237,0.0
test,5083,0.25,B1_IsolationForest,,False,0.0,0.7090738077922258,237,0.02531645569620253
test,5084,1.0,RippleTwin,QUALITY_DRIFT,False,10.497167484653817,45.562612595121664,171,0.0
test,5084,1.0,B2_observed_only_twin,QUALITY_DRIFT,False,10.497167484653817,45.562612595121664,171,0.0
test,5084,1.0,B0_SPC_observed,QUALITY_DRIFT,False,10.497167484653817,5.237133527699475,171,0.0
test,5084,1.0,B1_IsolationForest,QUALITY_DRIFT,False,10.497167484653817,0.7565752413847274,171,0.0
test,5084,0.75,RippleTwin,QUALITY_DRIFT,False,10.497167484653817,32.119525394492335,171,0.0
test,5084,0.75,B2_observed_only_twin,QUALITY_DRIFT,False,10.497167484653817,32.119525394492335,171,0.0
test,5084,0.75,B0_SPC_observed,QUALITY_DRIFT,False,10.497167484653817,5.237133527699475,171,0.0
test,5084,0.75,B1_IsolationForest,QUALITY_DRIFT,False,10.497167484653817,0.7565752413847274,171,0.0
test,5084,0.5,RippleTwin,QUALITY_DRIFT,False,10.497167484653817,42.892326734815505,171,0.0
test,5084,0.5,B2_observed_only_twin,QUALITY_DRIFT,False,10.497167484653817,42.892326734815505,171,0.0
test,5084,0.5,B0_SPC_observed,QUALITY_DRIFT,False,10.497167484653817,5.237133527699475,171,0.0
test,5084,0.5,B1_IsolationForest,QUALITY_DRIFT,False,10.497167484653817,0.7565752413847274,171,0.0
test,5084,0.25,RippleTwin,QUALITY_DRIFT,True,10.497167484653817,27.136223649542885,171,0.005847953216374269
test,5084,0.25,B2_observed_only_twin,QUALITY_DRIFT,True,10.497167484653817,26.168542400051628,171,0.005847953216374269
test,5084,0.25,B0_SPC_observed,QUALITY_DRIFT,True,10.497167484653817,4.936240980386517,171,0.0
test,5084,0.25,B1_IsolationForest,QUALITY_DRIFT,True,10.497167484653817,0.7090738077922258,171,0.0
test,5085,1.0,RippleTwin,QUALITY_DRIFT,False,6.154830438304186,45.562612595121664,166,0.0
test,5085,1.0,B2_observed_only_twin,QUALITY_DRIFT,False,6.154830438304186,45.562612595121664,166,0.0
test,5085,1.0,B0_SPC_observed,QUALITY_DRIFT,False,6.154830438304186,5.237133527699475,166,0.006024096385542169
test,5085,1.0,B1_IsolationForest,QUALITY_DRIFT,False,6.154830438304186,0.7565752413847274,166,0.012048192771084338
test,5085,0.75,RippleTwin,QUALITY_DRIFT,True,6.154830438304186,32.119525394492335,166,0.0
test,5085,0.75,B2_observed_only_twin,QUALITY_DRIFT,True,6.154830438304186,32.119525394492335,166,0.0
test,5085,0.75,B0_SPC_observed,QUALITY_DRIFT,True,6.154830438304186,5.237133527699475,166,0.006024096385542169
test,5085,0.75,B1_IsolationForest,QUALITY_DRIFT,True,6.154830438304186,0.7565752413847274,166,0.012048192771084338
test,5085,0.5,RippleTwin,QUALITY_DRIFT,True,6.154830438304186,42.892326734815505,166,0.0
test,5085,0.5,B2_observed_only_twin,QUALITY_DRIFT,True,6.154830438304186,42.892326734815505,166,0.0
test,5085,0.5,B0_SPC_observed,QUALITY_DRIFT,True,6.154830438304186,5.237133527699475,166,0.006024096385542169
test,5085,0.5,B1_IsolationForest,QUALITY_DRIFT,True,6.154830438304186,0.7565752413847274,166,0.0
test,5085,0.25,RippleTwin,QUALITY_DRIFT,True,6.154830438304186,27.136223649542885,166,0.0
test,5085,0.25,B2_observed_only_twin,QUALITY_DRIFT,True,6.154830438304186,26.168542400051628,166,0.0
test,5085,0.25,B0_SPC_observed,QUALITY_DRIFT,True,6.154830438304186,4.936240980386517,166,0.006024096385542169
test,5085,0.25,B1_IsolationForest,QUALITY_DRIFT,True,6.154830438304186,0.7090738077922258,166,0.024096385542168676
test,5086,1.0,RippleTwin,MICROSTOP_BURST,False,10.087111550370476,45.562612595121664,173,0.005780346820809248
test,5086,1.0,B2_observed_only_twin,MICROSTOP_BURST,False,10.087111550370476,45.562612595121664,173,0.005780346820809248
test,5086,1.0,B0_SPC_observed,MICROSTOP_BURST,False,10.087111550370476,5.237133527699475,173,0.0
test,5086,1.0,B1_IsolationForest,MICROSTOP_BURST,False,10.087111550370476,0.7565752413847274,173,0.011560693641618497
test,5086,0.75,RippleTwin,MICROSTOP_BURST,True,10.087111550370476,32.119525394492335,173,0.005780346820809248
test,5086,0.75,B2_observed_only_twin,MICROSTOP_BURST,True,10.087111550370476,32.119525394492335,173,0.005780346820809248
test,5086,0.75,B0_SPC_observed,MICROSTOP_BURST,True,10.087111550370476,5.237133527699475,173,0.0
test,5086,0.75,B1_IsolationForest,MICROSTOP_BURST,True,10.087111550370476,0.7565752413847274,173,0.011560693641618497
test,5086,0.5,RippleTwin,MICROSTOP_BURST,True,10.087111550370476,42.892326734815505,173,0.023121387283236993
test,5086,0.5,B2_observed_only_twin,MICROSTOP_BURST,True,10.087111550370476,42.892326734815505,173,0.017341040462427744
test,5086,0.5,B0_SPC_observed,MICROSTOP_BURST,True,10.087111550370476,5.237133527699475,173,0.0
test,5086,0.5,B1_IsolationForest,MICROSTOP_BURST,True,10.087111550370476,0.7565752413847274,173,0.0
test,5086,0.25,RippleTwin,MICROSTOP_BURST,True,10.087111550370476,27.136223649542885,173,0.023121387283236993
test,5086,0.25,B2_observed_only_twin,MICROSTOP_BURST,True,10.087111550370476,26.168542400051628,173,0.023121387283236993
test,5086,0.25,B0_SPC_observed,MICROSTOP_BURST,True,10.087111550370476,4.936240980386517,173,0.0
test,5086,0.25,B1_IsolationForest,MICROSTOP_BURST,True,10.087111550370476,0.7090738077922258,173,0.028901734104046242
test,5087,1.0,RippleTwin,SLOWDOWN,False,1.1826709669087176,45.562612595121664,177,0.0
test,5087,1.0,B2_observed_only_twin,SLOWDOWN,False,1.1826709669087176,45.562612595121664,177,0.0
test,5087,1.0,B0_SPC_observed,SLOWDOWN,False,1.1826709669087176,5.237133527699475,177,0.01694915254237288
test,5087,1.0,B1_IsolationForest,SLOWDOWN,False,1.1826709669087176,0.7565752413847274,177,0.0
test,5087,0.75,RippleTwin,SLOWDOWN,True,1.1826709669087176,32.119525394492335,177,0.0
test,5087,0.75,B2_observed_only_twin,SLOWDOWN,True,1.1826709669087176,32.119525394492335,177,0.0
test,5087,0.75,B0_SPC_observed,SLOWDOWN,True,1.1826709669087176,5.237133527699475,177,0.0
test,5087,0.75,B1_IsolationForest,SLOWDOWN,True,1.1826709669087176,0.7565752413847274,177,0.0
test,5087,0.5,RippleTwin,SLOWDOWN,True,1.1826709669087176,42.892326734815505,177,0.0
test,5087,0.5,B2_observed_only_twin,SLOWDOWN,True,1.1826709669087176,42.892326734815505,177,0.0
test,5087,0.5,B0_SPC_observed,SLOWDOWN,True,1.1826709669087176,5.237133527699475,177,0.0
test,5087,0.5,B1_IsolationForest,SLOWDOWN,True,1.1826709669087176,0.7565752413847274,177,0.0
test,5087,0.25,RippleTwin,SLOWDOWN,True,1.1826709669087176,27.136223649542885,177,0.0
test,5087,0.25,B2_observed_only_twin,SLOWDOWN,True,1.1826709669087176,26.168542400051628,177,0.0
test,5087,0.25,B0_SPC_observed,SLOWDOWN,True,1.1826709669087176,4.936240980386517,177,0.011299435028248588
test,5087,0.25,B1_IsolationForest,SLOWDOWN,True,1.1826709669087176,0.7090738077922258,177,0.011299435028248588
test,5088,1.0,RippleTwin,COMBINED,False,1.42501396886687,45.562612595121664,194,0.005154639175257732
test,5088,1.0,B2_observed_only_twin,COMBINED,False,1.42501396886687,45.562612595121664,194,0.005154639175257732
test,5088,1.0,B0_SPC_observed,COMBINED,False,1.42501396886687,5.237133527699475,194,0.02577319587628866
test,5088,1.0,B1_IsolationForest,COMBINED,False,1.42501396886687,0.7565752413847274,194,0.0
test,5088,0.75,RippleTwin,COMBINED,True,1.42501396886687,32.119525394492335,194,0.0
test,5088,0.75,B2_observed_only_twin,COMBINED,True,1.42501396886687,32.119525394492335,194,0.0
test,5088,0.75,B0_SPC_observed,COMBINED,True,1.42501396886687,5.237133527699475,194,0.020618556701030927
test,5088,0.75,B1_IsolationForest,COMBINED,True,1.42501396886687,0.7565752413847274,194,0.0
test,5088,0.5,RippleTwin,COMBINED,True,1.42501396886687,42.892326734815505,194,0.0
test,5088,0.5,B2_observed_only_twin,COMBINED,True,1.42501396886687,42.892326734815505,194,0.0
test,5088,0.5,B0_SPC_observed,COMBINED,True,1.42501396886687,5.237133527699475,194,0.015463917525773196
test,5088,0.5,B1_IsolationForest,COMBINED,True,1.42501396886687,0.7565752413847274,194,0.0
test,5088,0.25,RippleTwin,COMBINED,True,1.42501396886687,27.136223649542885,194,0.0
test,5088,0.25,B2_observed_only_twin,COMBINED,True,1.42501396886687,26.168542400051628,194,0.0
test,5088,0.25,B0_SPC_observed,COMBINED,True,1.42501396886687,4.936240980386517,194,0.015463917525773196
test,5088,0.25,B1_IsolationForest,COMBINED,True,1.42501396886687,0.7090738077922258,194,0.010309278350515464
test,5089,1.0,RippleTwin,COMBINED,False,1.1621656533914013,45.562612595121664,150,0.0
test,5089,1.0,B2_observed_only_twin,COMBINED,False,1.1621656533914013,45.562612595121664,150,0.0
test,5089,1.0,B0_SPC_observed,COMBINED,False,1.1621656533914013,5.237133527699475,150,0.0
test,5089,1.0,B1_IsolationForest,COMBINED,False,1.1621656533914013,0.7565752413847274,150,0.0
test,5089,0.75,RippleTwin,COMBINED,True,1.1621656533914013,32.119525394492335,150,0.0
test,5089,0.75,B2_observed_only_twin,COMBINED,True,1.1621656533914013,32.119525394492335,150,0.0
test,5089,0.75,B0_SPC_observed,COMBINED,True,1.1621656533914013,5.237133527699475,150,0.0
test,5089,0.75,B1_IsolationForest,COMBINED,True,1.1621656533914013,0.7565752413847274,150,0.0
test,5089,0.5,RippleTwin,COMBINED,True,1.1621656533914013,42.892326734815505,150,0.0
test,5089,0.5,B2_observed_only_twin,COMBINED,True,1.1621656533914013,42.892326734815505,150,0.0
test,5089,0.5,B0_SPC_observed,COMBINED,True,1.1621656533914013,5.237133527699475,150,0.0
test,5089,0.5,B1_IsolationForest,COMBINED,True,1.1621656533914013,0.7565752413847274,150,0.0
test,5089,0.25,RippleTwin,COMBINED,True,1.1621656533914013,27.136223649542885,150,0.0
test,5089,0.25,B2_observed_only_twin,COMBINED,True,1.1621656533914013,26.168542400051628,150,0.0
test,5089,0.25,B0_SPC_observed,COMBINED,True,1.1621656533914013,4.936240980386517,150,0.0
test,5089,0.25,B1_IsolationForest,COMBINED,True,1.1621656533914013,0.7090738077922258,150,0.0
test,5090,1.0,RippleTwin,SLOWDOWN,False,1.2275352675419855,45.562612595121664,186,0.010752688172043012
test,5090,1.0,B2_observed_only_twin,SLOWDOWN,False,1.2275352675419855,45.562612595121664,186,0.010752688172043012
test,5090,1.0,B0_SPC_observed,SLOWDOWN,False,1.2275352675419855,5.237133527699475,186,0.05913978494623656
test,5090,1.0,B1_IsolationForest,SLOWDOWN,False,1.2275352675419855,0.7565752413847274,186,0.005376344086021506
test,5090,0.75,RippleTwin,SLOWDOWN,True,1.2275352675419855,32.119525394492335,186,0.010752688172043012
test,5090,0.75,B2_observed_only_twin,SLOWDOWN,True,1.2275352675419855,32.119525394492335,186,0.010752688172043012
test,5090,0.75,B0_SPC_observed,SLOWDOWN,True,1.2275352675419855,5.237133527699475,186,0.010752688172043012
test,5090,0.75,B1_IsolationForest,SLOWDOWN,True,1.2275352675419855,0.7565752413847274,186,0.005376344086021506
test,5090,0.5,RippleTwin,SLOWDOWN,True,1.2275352675419855,42.892326734815505,186,0.010752688172043012
test,5090,0.5,B2_observed_only_twin,SLOWDOWN,True,1.2275352675419855,42.892326734815505,186,0.010752688172043012
test,5090,0.5,B0_SPC_observed,SLOWDOWN,True,1.2275352675419855,5.237133527699475,186,0.010752688172043012
test,5090,0.5,B1_IsolationForest,SLOWDOWN,True,1.2275352675419855,0.7565752413847274,186,0.005376344086021506
test,5090,0.25,RippleTwin,SLOWDOWN,True,1.2275352675419855,27.136223649542885,186,0.005376344086021506
test,5090,0.25,B2_observed_only_twin,SLOWDOWN,True,1.2275352675419855,26.168542400051628,186,0.0
test,5090,0.25,B0_SPC_observed,SLOWDOWN,True,1.2275352675419855,4.936240980386517,186,0.010752688172043012
test,5090,0.25,B1_IsolationForest,SLOWDOWN,True,1.2275352675419855,0.7090738077922258,186,0.005376344086021506
test,5091,1.0,RippleTwin,QUALITY_DRIFT,False,11.992725207459253,45.562612595121664,170,0.0058823529411764705
test,5091,1.0,B2_observed_only_twin,QUALITY_DRIFT,False,11.992725207459253,45.562612595121664,170,0.0058823529411764705
test,5091,1.0,B0_SPC_observed,QUALITY_DRIFT,False,11.992725207459253,5.237133527699475,170,0.023529411764705882
test,5091,1.0,B1_IsolationForest,QUALITY_DRIFT,False,11.992725207459253,0.7565752413847274,170,0.011764705882352941
test,5091,0.75,RippleTwin,QUALITY_DRIFT,True,11.992725207459253,32.119525394492335,170,0.011764705882352941
test,5091,0.75,B2_observed_only_twin,QUALITY_DRIFT,True,11.992725207459253,32.119525394492335,170,0.0058823529411764705
test,5091,0.75,B0_SPC_observed,QUALITY_DRIFT,True,11.992725207459253,5.237133527699475,170,0.023529411764705882
test,5091,0.75,B1_IsolationForest,QUALITY_DRIFT,True,11.992725207459253,0.7565752413847274,170,0.011764705882352941
test,5091,0.5,RippleTwin,QUALITY_DRIFT,True,11.992725207459253,42.892326734815505,170,0.0058823529411764705
test,5091,0.5,B2_observed_only_twin,QUALITY_DRIFT,True,11.992725207459253,42.892326734815505,170,0.0058823529411764705
test,5091,0.5,B0_SPC_observed,QUALITY_DRIFT,True,11.992725207459253,5.237133527699475,170,0.023529411764705882
test,5091,0.5,B1_IsolationForest,QUALITY_DRIFT,True,11.992725207459253,0.7565752413847274,170,0.011764705882352941
test,5091,0.25,RippleTwin,QUALITY_DRIFT,True,11.992725207459253,27.136223649542885,170,0.0
test,5091,0.25,B2_observed_only_twin,QUALITY_DRIFT,True,11.992725207459253,26.168542400051628,170,0.0058823529411764705
test,5091,0.25,B0_SPC_observed,QUALITY_DRIFT,True,11.992725207459253,4.936240980386517,170,0.011764705882352941
test,5091,0.25,B1_IsolationForest,QUALITY_DRIFT,True,11.992725207459253,0.7090738077922258,170,0.0
test,5092,1.0,RippleTwin,QUALITY_DRIFT,False,6.403454950178883,45.562612595121664,173,0.011560693641618497
test,5092,1.0,B2_observed_only_twin,QUALITY_DRIFT,False,6.403454950178883,45.562612595121664,173,0.011560693641618497
test,5092,1.0,B0_SPC_observed,QUALITY_DRIFT,False,6.403454950178883,5.237133527699475,173,0.028901734104046242
test,5092,1.0,B1_IsolationForest,QUALITY_DRIFT,False,6.403454950178883,0.7565752413847274,173,0.005780346820809248
test,5092,0.75,RippleTwin,QUALITY_DRIFT,True,6.403454950178883,32.119525394492335,173,0.011560693641618497
test,5092,0.75,B2_observed_only_twin,QUALITY_DRIFT,True,6.403454950178883,32.119525394492335,173,0.011560693641618497
test,5092,0.75,B0_SPC_observed,QUALITY_DRIFT,True,6.403454950178883,5.237133527699475,173,0.028901734104046242
test,5092,0.75,B1_IsolationForest,QUALITY_DRIFT,True,6.403454950178883,0.7565752413847274,173,0.005780346820809248
test,5092,0.5,RippleTwin,QUALITY_DRIFT,True,6.403454950178883,42.892326734815505,173,0.005780346820809248
test,5092,0.5,B2_observed_only_twin,QUALITY_DRIFT,True,6.403454950178883,42.892326734815505,173,0.005780346820809248
test,5092,0.5,B0_SPC_observed,QUALITY_DRIFT,True,6.403454950178883,5.237133527699475,173,0.017341040462427744
test,5092,0.5,B1_IsolationForest,QUALITY_DRIFT,True,6.403454950178883,0.7565752413847274,173,0.0
test,5092,0.25,RippleTwin,QUALITY_DRIFT,True,6.403454950178883,27.136223649542885,173,0.011560693641618497
test,5092,0.25,B2_observed_only_twin,QUALITY_DRIFT,True,6.403454950178883,26.168542400051628,173,0.011560693641618497
test,5092,0.25,B0_SPC_observed,QUALITY_DRIFT,True,6.403454950178883,4.936240980386517,173,0.0
test,5092,0.25,B1_IsolationForest,QUALITY_DRIFT,True,6.403454950178883,0.7090738077922258,173,0.005780346820809248
test,5093,1.0,RippleTwin,,False,0.0,45.562612595121664,237,0.0
test,5093,1.0,B2_observed_only_twin,,False,0.0,45.562612595121664,237,0.0
test,5093,1.0,B0_SPC_observed,,False,0.0,5.237133527699475,237,0.0
test,5093,1.0,B1_IsolationForest,,False,0.0,0.7565752413847274,237,0.0
test,5093,0.75,RippleTwin,,False,0.0,32.119525394492335,237,0.004219409282700422
test,5093,0.75,B2_observed_only_twin,,False,0.0,32.119525394492335,237,0.004219409282700422
test,5093,0.75,B0_SPC_observed,,False,0.0,5.237133527699475,237,0.0
test,5093,0.75,B1_IsolationForest,,False,0.0,0.7565752413847274,237,0.0
test,5093,0.5,RippleTwin,,False,0.0,42.892326734815505,237,0.0
test,5093,0.5,B2_observed_only_twin,,False,0.0,42.892326734815505,237,0.0
test,5093,0.5,B0_SPC_observed,,False,0.0,5.237133527699475,237,0.0
test,5093,0.5,B1_IsolationForest,,False,0.0,0.7565752413847274,237,0.0
test,5093,0.25,RippleTwin,,False,0.0,27.136223649542885,237,0.0
test,5093,0.25,B2_observed_only_twin,,False,0.0,26.168542400051628,237,0.0
test,5093,0.25,B0_SPC_observed,,False,0.0,4.936240980386517,237,0.0
test,5093,0.25,B1_IsolationForest,,False,0.0,0.7090738077922258,237,0.029535864978902954
test,5094,1.0,RippleTwin,,False,0.0,45.562612595121664,237,0.0
test,5094,1.0,B2_observed_only_twin,,False,0.0,45.562612595121664,237,0.0
test,5094,1.0,B0_SPC_observed,,False,0.0,5.237133527699475,237,0.004219409282700422
test,5094,1.0,B1_IsolationForest,,False,0.0,0.7565752413847274,237,0.0
test,5094,0.75,RippleTwin,,False,0.0,32.119525394492335,237,0.0
test,5094,0.75,B2_observed_only_twin,,False,0.0,32.119525394492335,237,0.0
test,5094,0.75,B0_SPC_observed,,False,0.0,5.237133527699475,237,0.004219409282700422
test,5094,0.75,B1_IsolationForest,,False,0.0,0.7565752413847274,237,0.0
test,5094,0.5,RippleTwin,,False,0.0,42.892326734815505,237,0.0
test,5094,0.5,B2_observed_only_twin,,False,0.0,42.892326734815505,237,0.0
test,5094,0.5,B0_SPC_observed,,False,0.0,5.237133527699475,237,0.004219409282700422
test,5094,0.5,B1_IsolationForest,,False,0.0,0.7565752413847274,237,0.0
test,5094,0.25,RippleTwin,,False,0.0,27.136223649542885,237,0.004219409282700422
test,5094,0.25,B2_observed_only_twin,,False,0.0,26.168542400051628,237,0.004219409282700422
test,5094,0.25,B0_SPC_observed,,False,0.0,4.936240980386517,237,0.0
test,5094,0.25,B1_IsolationForest,,False,0.0,0.7090738077922258,237,0.02531645569620253
test,5095,1.0,RippleTwin,,False,0.0,45.562612595121664,237,0.016877637130801686
test,5095,1.0,B2_observed_only_twin,,False,0.0,45.562612595121664,237,0.016877637130801686
test,5095,1.0,B0_SPC_observed,,False,0.0,5.237133527699475,237,0.008438818565400843
test,5095,1.0,B1_IsolationForest,,False,0.0,0.7565752413847274,237,0.0
test,5095,0.75,RippleTwin,,False,0.0,32.119525394492335,237,0.016877637130801686
test,5095,0.75,B2_observed_only_twin,,False,0.0,32.119525394492335,237,0.016877637130801686
test,5095,0.75,B0_SPC_observed,,False,0.0,5.237133527699475,237,0.008438818565400843
test,5095,0.75,B1_IsolationForest,,False,0.0,0.7565752413847274,237,0.0
test,5095,0.5,RippleTwin,,False,0.0,42.892326734815505,237,0.02109704641350211
test,5095,0.5,B2_observed_only_twin,,False,0.0,42.892326734815505,237,0.016877637130801686
test,5095,0.5,B0_SPC_observed,,False,0.0,5.237133527699475,237,0.008438818565400843
test,5095,0.5,B1_IsolationForest,,False,0.0,0.7565752413847274,237,0.0
test,5095,0.25,RippleTwin,,False,0.0,27.136223649542885,237,0.02109704641350211
test,5095,0.25,B2_observed_only_twin,,False,0.0,26.168542400051628,237,0.016877637130801686
test,5095,0.25,B0_SPC_observed,,False,0.0,4.936240980386517,237,0.0
test,5095,0.25,B1_IsolationForest,,False,0.0,0.7090738077922258,237,0.004219409282700422
test,5096,1.0,RippleTwin,SLOWDOWN,False,1.3160609460945203,45.562612595121664,184,0.0
test,5096,1.0,B2_observed_only_twin,SLOWDOWN,False,1.3160609460945203,45.562612595121664,184,0.0
test,5096,1.0,B0_SPC_observed,SLOWDOWN,False,1.3160609460945203,5.237133527699475,184,0.010869565217391304
test,5096,1.0,B1_IsolationForest,SLOWDOWN,False,1.3160609460945203,0.7565752413847274,184,0.005434782608695652
test,5096,0.75,RippleTwin,SLOWDOWN,False,1.3160609460945203,32.119525394492335,184,0.0
test,5096,0.75,B2_observed_only_twin,SLOWDOWN,False,1.3160609460945203,32.119525394492335,184,0.0
test,5096,0.75,B0_SPC_observed,SLOWDOWN,False,1.3160609460945203,5.237133527699475,184,0.010869565217391304
test,5096,0.75,B1_IsolationForest,SLOWDOWN,False,1.3160609460945203,0.7565752413847274,184,0.005434782608695652
test,5096,0.5,RippleTwin,SLOWDOWN,False,1.3160609460945203,42.892326734815505,184,0.005434782608695652
test,5096,0.5,B2_observed_only_twin,SLOWDOWN,False,1.3160609460945203,42.892326734815505,184,0.0
test,5096,0.5,B0_SPC_observed,SLOWDOWN,False,1.3160609460945203,5.237133527699475,184,0.010869565217391304
test,5096,0.5,B1_IsolationForest,SLOWDOWN,False,1.3160609460945203,0.7565752413847274,184,0.0
test,5096,0.25,RippleTwin,SLOWDOWN,True,1.3160609460945203,27.136223649542885,184,0.005434782608695652
test,5096,0.25,B2_observed_only_twin,SLOWDOWN,True,1.3160609460945203,26.168542400051628,184,0.005434782608695652
test,5096,0.25,B0_SPC_observed,SLOWDOWN,True,1.3160609460945203,4.936240980386517,184,0.010869565217391304
test,5096,0.25,B1_IsolationForest,SLOWDOWN,True,1.3160609460945203,0.7090738077922258,184,0.021739130434782608
test,5097,1.0,RippleTwin,SLOWDOWN,False,1.4294561572624191,45.562612595121664,181,0.08287292817679558
test,5097,1.0,B2_observed_only_twin,SLOWDOWN,False,1.4294561572624191,45.562612595121664,181,0.08287292817679558
test,5097,1.0,B0_SPC_observed,SLOWDOWN,False,1.4294561572624191,5.237133527699475,181,0.08839779005524862
test,5097,1.0,B1_IsolationForest,SLOWDOWN,False,1.4294561572624191,0.7565752413847274,181,0.0
test,5097,0.75,RippleTwin,SLOWDOWN,False,1.4294561572624191,32.119525394492335,181,0.08287292817679558
test,5097,0.75,B2_observed_only_twin,SLOWDOWN,False,1.4294561572624191,32.119525394492335,181,0.08287292817679558
test,5097,0.75,B0_SPC_observed,SLOWDOWN,False,1.4294561572624191,5.237133527699475,181,0.08839779005524862
test,5097,0.75,B1_IsolationForest,SLOWDOWN,False,1.4294561572624191,0.7565752413847274,181,0.0
test,5097,0.5,RippleTwin,SLOWDOWN,False,1.4294561572624191,42.892326734815505,181,0.08287292817679558
test,5097,0.5,B2_observed_only_twin,SLOWDOWN,False,1.4294561572624191,42.892326734815505,181,0.08287292817679558
test,5097,0.5,B0_SPC_observed,SLOWDOWN,False,1.4294561572624191,5.237133527699475,181,0.08839779005524862
test,5097,0.5,B1_IsolationForest,SLOWDOWN,False,1.4294561572624191,0.7565752413847274,181,0.0
test,5097,0.25,RippleTwin,SLOWDOWN,True,1.4294561572624191,27.136223649542885,181,0.07734806629834254
test,5097,0.25,B2_observed_only_twin,SLOWDOWN,True,1.4294561572624191,26.168542400051628,181,0.07734806629834254
test,5097,0.25,B0_SPC_observed,SLOWDOWN,True,1.4294561572624191,4.936240980386517,181,0.0
test,5097,0.25,B1_IsolationForest,SLOWDOWN,True,1.4294561572624191,0.7090738077922258,181,0.0055248618784530384
test,5098,1.0,RippleTwin,QUALITY_DRIFT,False,9.478058094911674,45.562612595121664,178,0.0
test,5098,1.0,B2_observed_only_twin,QUALITY_DRIFT,False,9.478058094911674,45.562612595121664,178,0.0
test,5098,1.0,B0_SPC_observed,QUALITY_DRIFT,False,9.478058094911674,5.237133527699475,178,0.0
test,5098,1.0,B1_IsolationForest,QUALITY_DRIFT,False,9.478058094911674,0.7565752413847274,178,0.0
test,5098,0.75,RippleTwin,QUALITY_DRIFT,False,9.478058094911674,32.119525394492335,178,0.0
test,5098,0.75,B2_observed_only_twin,QUALITY_DRIFT,False,9.478058094911674,32.119525394492335,178,0.0
test,5098,0.75,B0_SPC_observed,QUALITY_DRIFT,False,9.478058094911674,5.237133527699475,178,0.0
test,5098,0.75,B1_IsolationForest,QUALITY_DRIFT,False,9.478058094911674,0.7565752413847274,178,0.0
test,5098,0.5,RippleTwin,QUALITY_DRIFT,True,9.478058094911674,42.892326734815505,178,0.0
test,5098,0.5,B2_observed_only_twin,QUALITY_DRIFT,True,9.478058094911674,42.892326734815505,178,0.0
test,5098,0.5,B0_SPC_observed,QUALITY_DRIFT,True,9.478058094911674,5.237133527699475,178,0.0
test,5098,0.5,B1_IsolationForest,QUALITY_DRIFT,True,9.478058094911674,0.7565752413847274,178,0.0
test,5098,0.25,RippleTwin,QUALITY_DRIFT,True,9.478058094911674,27.136223649542885,178,0.0
test,5098,0.25,B2_observed_only_twin,QUALITY_DRIFT,True,9.478058094911674,26.168542400051628,178,0.0
test,5098,0.25,B0_SPC_observed,QUALITY_DRIFT,True,9.478058094911674,4.936240980386517,178,0.0
test,5098,0.25,B1_IsolationForest,QUALITY_DRIFT,True,9.478058094911674,0.7090738077922258,178,0.016853932584269662
test,5099,1.0,RippleTwin,SLOWDOWN,False,1.1574358092999795,45.562612595121664,168,0.0
test,5099,1.0,B2_observed_only_twin,SLOWDOWN,False,1.1574358092999795,45.562612595121664,168,0.0
test,5099,1.0,B0_SPC_observed,SLOWDOWN,False,1.1574358092999795,5.237133527699475,168,0.011904761904761904
test,5099,1.0,B1_IsolationForest,SLOWDOWN,False,1.1574358092999795,0.7565752413847274,168,0.0
test,5099,0.75,RippleTwin,SLOWDOWN,False,1.1574358092999795,32.119525394492335,168,0.0
test,5099,0.75,B2_observed_only_twin,SLOWDOWN,False,1.1574358092999795,32.119525394492335,168,0.0
test,5099,0.75,B0_SPC_observed,SLOWDOWN,False,1.1574358092999795,5.237133527699475,168,0.011904761904761904
test,5099,0.75,B1_IsolationForest,SLOWDOWN,False,1.1574358092999795,0.7565752413847274,168,0.0
test,5099,0.5,RippleTwin,SLOWDOWN,False,1.1574358092999795,42.892326734815505,168,0.0
test,5099,0.5,B2_observed_only_twin,SLOWDOWN,False,1.1574358092999795,42.892326734815505,168,0.0
test,5099,0.5,B0_SPC_observed,SLOWDOWN,False,1.1574358092999795,5.237133527699475,168,0.011904761904761904
test,5099,0.5,B1_IsolationForest,SLOWDOWN,False,1.1574358092999795,0.7565752413847274,168,0.0
test,5099,0.25,RippleTwin,SLOWDOWN,True,1.1574358092999795,27.136223649542885,168,0.0
test,5099,0.25,B2_observed_only_twin,SLOWDOWN,True,1.1574358092999795,26.168542400051628,168,0.0
test,5099,0.25,B0_SPC_observed,SLOWDOWN,True,1.1574358092999795,4.936240980386517,168,0.005952380952380952
test,5099,0.25,B1_IsolationForest,SLOWDOWN,True,1.1574358092999795,0.7090738077922258,168,0.0
test,5100,1.0,RippleTwin,,False,0.0,45.562612595121664,237,0.0
test,5100,1.0,B2_observed_only_twin,,False,0.0,45.562612595121664,237,0.0
test,5100,1.0,B0_SPC_observed,,False,0.0,5.237133527699475,237,0.016877637130801686
test,5100,1.0,B1_IsolationForest,,False,0.0,0.7565752413847274,237,0.0
test,5100,0.75,RippleTwin,,False,0.0,32.119525394492335,237,0.0
test,5100,0.75,B2_observed_only_twin,,False,0.0,32.119525394492335,237,0.0
test,5100,0.75,B0_SPC_observed,,False,0.0,5.237133527699475,237,0.016877637130801686
test,5100,0.75,B1_IsolationForest,,False,0.0,0.7565752413847274,237,0.0
test,5100,0.5,RippleTwin,,False,0.0,42.892326734815505,237,0.0
test,5100,0.5,B2_observed_only_twin,,False,0.0,42.892326734815505,237,0.0
test,5100,0.5,B0_SPC_observed,,False,0.0,5.237133527699475,237,0.016877637130801686
test,5100,0.5,B1_IsolationForest,,False,0.0,0.7565752413847274,237,0.0
test,5100,0.25,RippleTwin,,False,0.0,27.136223649542885,237,0.0
test,5100,0.25,B2_observed_only_twin,,False,0.0,26.168542400051628,237,0.0
test,5100,0.25,B0_SPC_observed,,False,0.0,4.936240980386517,237,0.0
test,5100,0.25,B1_IsolationForest,,False,0.0,0.7090738077922258,237,0.008438818565400843
test,5101,1.0,RippleTwin,COMBINED,False,1.2823454101910827,45.562612595121664,155,0.012903225806451613
test,5101,1.0,B2_observed_only_twin,COMBINED,False,1.2823454101910827,45.562612595121664,155,0.012903225806451613
test,5101,1.0,B0_SPC_observed,COMBINED,False,1.2823454101910827,5.237133527699475,155,0.025806451612903226
test,5101,1.0,B1_IsolationForest,COMBINED,False,1.2823454101910827,0.7565752413847274,155,0.0
test,5101,0.75,RippleTwin,COMBINED,False,1.2823454101910827,32.119525394492335,155,0.03225806451612903
test,5101,0.75,B2_observed_only_twin,COMBINED,False,1.2823454101910827,32.119525394492335,155,0.03225806451612903
test,5101,0.75,B0_SPC_observed,COMBINED,False,1.2823454101910827,5.237133527699475,155,0.025806451612903226
test,5101,0.75,B1_IsolationForest,COMBINED,False,1.2823454101910827,0.7565752413847274,155,0.0
test,5101,0.5,RippleTwin,COMBINED,False,1.2823454101910827,42.892326734815505,155,0.03870967741935484
test,5101,0.5,B2_observed_only_twin,COMBINED,False,1.2823454101910827,42.892326734815505,155,0.03870967741935484
test,5101,0.5,B0_SPC_observed,COMBINED,False,1.2823454101910827,5.237133527699475,155,0.025806451612903226
test,5101,0.5,B1_IsolationForest,COMBINED,False,1.2823454101910827,0.7565752413847274,155,0.0
test,5101,0.25,RippleTwin,COMBINED,True,1.2823454101910827,27.136223649542885,155,0.025806451612903226
test,5101,0.25,B2_observed_only_twin,COMBINED,True,1.2823454101910827,26.168542400051628,155,0.03225806451612903
test,5101,0.25,B0_SPC_observed,COMBINED,True,1.2823454101910827,4.936240980386517,155,0.0
test,5101,0.25,B1_IsolationForest,COMBINED,True,1.2823454101910827,0.7090738077922258,155,0.0064516129032258064
test,5102,1.0,RippleTwin,,False,0.0,45.562612595121664,237,0.004219409282700422
test,5102,1.0,B2_observed_only_twin,,False,0.0,45.562612595121664,237,0.004219409282700422
test,5102,1.0,B0_SPC_observed,,False,0.0,5.237133527699475,237,0.004219409282700422
test,5102,1.0,B1_IsolationForest,,False,0.0,0.7565752413847274,237,0.0
test,5102,0.75,RippleTwin,,False,0.0,32.119525394492335,237,0.008438818565400843
test,5102,0.75,B2_observed_only_twin,,False,0.0,32.119525394492335,237,0.008438818565400843
test,5102,0.75,B0_SPC_observed,,False,0.0,5.237133527699475,237,0.004219409282700422
test,5102,0.75,B1_IsolationForest,,False,0.0,0.7565752413847274,237,0.0
test,5102,0.5,RippleTwin,,False,0.0,42.892326734815505,237,0.008438818565400843
test,5102,0.5,B2_observed_only_twin,,False,0.0,42.892326734815505,237,0.008438818565400843
test,5102,0.5,B0_SPC_observed,,False,0.0,5.237133527699475,237,0.004219409282700422
test,5102,0.5,B1_IsolationForest,,False,0.0,0.7565752413847274,237,0.0
test,5102,0.25,RippleTwin,,False,0.0,27.136223649542885,237,0.012658227848101266
test,5102,0.25,B2_observed_only_twin,,False,0.0,26.168542400051628,237,0.012658227848101266
test,5102,0.25,B0_SPC_observed,,False,0.0,4.936240980386517,237,0.0
test,5102,0.25,B1_IsolationForest,,False,0.0,0.7090738077922258,237,0.008438818565400843
test,5103,1.0,RippleTwin,SLOWDOWN,False,1.3671204813149551,45.562612595121664,172,0.0755813953488372
test,5103,1.0,B2_observed_only_twin,SLOWDOWN,False,1.3671204813149551,45.562612595121664,172,0.0755813953488372
test,5103,1.0,B0_SPC_observed,SLOWDOWN,False,1.3671204813149551,5.237133527699475,172,0.09302325581395349
test,5103,1.0,B1_IsolationForest,SLOWDOWN,False,1.3671204813149551,0.7565752413847274,172,0.011627906976744186
test,5103,0.75,RippleTwin,SLOWDOWN,False,1.3671204813149551,32.119525394492335,172,0.08139534883720931
test,5103,0.75,B2_observed_only_twin,SLOWDOWN,False,1.3671204813149551,32.119525394492335,172,0.08139534883720931
test,5103,0.75,B0_SPC_observed,SLOWDOWN,False,1.3671204813149551,5.237133527699475,172,0.09302325581395349
test,5103,0.75,B1_IsolationForest,SLOWDOWN,False,1.3671204813149551,0.7565752413847274,172,0.011627906976744186
test,5103,0.5,RippleTwin,SLOWDOWN,True,1.3671204813149551,42.892326734815505,172,0.05813953488372093
test,5103,0.5,B2_observed_only_twin,SLOWDOWN,True,1.3671204813149551,42.892326734815505,172,0.05813953488372093
test,5103,0.5,B0_SPC_observed,SLOWDOWN,True,1.3671204813149551,5.237133527699475,172,0.005813953488372093
test,5103,0.5,B1_IsolationForest,SLOWDOWN,True,1.3671204813149551,0.7565752413847274,172,0.005813953488372093
test,5103,0.25,RippleTwin,SLOWDOWN,False,1.3671204813149551,27.136223649542885,172,0.09302325581395349
test,5103,0.25,B2_observed_only_twin,SLOWDOWN,False,1.3671204813149551,26.168542400051628,172,0.0872093023255814
test,5103,0.25,B0_SPC_observed,SLOWDOWN,False,1.3671204813149551,4.936240980386517,172,0.0872093023255814
test,5103,0.25,B1_IsolationForest,SLOWDOWN,False,1.3671204813149551,0.7090738077922258,172,0.011627906976744186
test,5104,1.0,RippleTwin,COMBINED,False,1.3433616346689874,45.562612595121664,184,0.16304347826086957
test,5104,1.0,B2_observed_only_twin,COMBINED,False,1.3433616346689874,45.562612595121664,184,0.16304347826086957
test,5104,1.0,B0_SPC_observed,COMBINED,False,1.3433616346689874,5.237133527699475,184,0.14130434782608695
test,5104,1.0,B1_IsolationForest,COMBINED,False,1.3433616346689874,0.7565752413847274,184,0.021739130434782608
test,5104,0.75,RippleTwin,COMBINED,False,1.3433616346689874,32.119525394492335,184,0.1793478260869565
test,5104,0.75,B2_observed_only_twin,COMBINED,False,1.3433616346689874,32.119525394492335,184,0.1793478260869565
test,5104,0.75,B0_SPC_observed,COMBINED,False,1.3433616346689874,5.237133527699475,184,0.14130434782608695
test,5104,0.75,B1_IsolationForest,COMBINED,False,1.3433616346689874,0.7565752413847274,184,0.021739130434782608
test,5104,0.5,RippleTwin,COMBINED,False,1.3433616346689874,42.892326734815505,184,0.1793478260869565
test,5104,0.5,B2_observed_only_twin,COMBINED,False,1.3433616346689874,42.892326734815505,184,0.17391304347826086
test,5104,0.5,B0_SPC_observed,COMBINED,False,1.3433616346689874,5.237133527699475,184,0.14130434782608695
test,5104,0.5,B1_IsolationForest,COMBINED,False,1.3433616346689874,0.7565752413847274,184,0.010869565217391304
test,5104,0.25,RippleTwin,COMBINED,True,1.3433616346689874,27.136223649542885,184,0.043478260869565216
test,5104,0.25,B2_observed_only_twin,COMBINED,True,1.3433616346689874,26.168542400051628,184,0.043478260869565216
test,5104,0.25,B0_SPC_observed,COMBINED,True,1.3433616346689874,4.936240980386517,184,0.005434782608695652
test,5104,0.25,B1_IsolationForest,COMBINED,True,1.3433616346689874,0.7090738077922258,184,0.010869565217391304
test,5105,1.0,RippleTwin,,False,0.0,45.562612595121664,237,0.008438818565400843
test,5105,1.0,B2_observed_only_twin,,False,0.0,45.562612595121664,237,0.008438818565400843
test,5105,1.0,B0_SPC_observed,,False,0.0,5.237133527699475,237,0.008438818565400843
test,5105,1.0,B1_IsolationForest,,False,0.0,0.7565752413847274,237,0.008438818565400843
test,5105,0.75,RippleTwin,,False,0.0,32.119525394492335,237,0.008438818565400843
test,5105,0.75,B2_observed_only_twin,,False,0.0,32.119525394492335,237,0.008438818565400843
test,5105,0.75,B0_SPC_observed,,False,0.0,5.237133527699475,237,0.008438818565400843
test,5105,0.75,B1_IsolationForest,,False,0.0,0.7565752413847274,237,0.008438818565400843
test,5105,0.5,RippleTwin,,False,0.0,42.892326734815505,237,0.008438818565400843
test,5105,0.5,B2_observed_only_twin,,False,0.0,42.892326734815505,237,0.008438818565400843
test,5105,0.5,B0_SPC_observed,,False,0.0,5.237133527699475,237,0.0
test,5105,0.5,B1_IsolationForest,,False,0.0,0.7565752413847274,237,0.0
test,5105,0.25,RippleTwin,,False,0.0,27.136223649542885,237,0.012658227848101266
test,5105,0.25,B2_observed_only_twin,,False,0.0,26.168542400051628,237,0.012658227848101266
test,5105,0.25,B0_SPC_observed,,False,0.0,4.936240980386517,237,0.0
test,5105,0.25,B1_IsolationForest,,False,0.0,0.7090738077922258,237,0.02109704641350211
test,5106,1.0,RippleTwin,,False,0.0,45.562612595121664,237,0.004219409282700422
test,5106,1.0,B2_observed_only_twin,,False,0.0,45.562612595121664,237,0.004219409282700422
test,5106,1.0,B0_SPC_observed,,False,0.0,5.237133527699475,237,0.008438818565400843
test,5106,1.0,B1_IsolationForest,,False,0.0,0.7565752413847274,237,0.0
test,5106,0.75,RippleTwin,,False,0.0,32.119525394492335,237,0.004219409282700422
test,5106,0.75,B2_observed_only_twin,,False,0.0,32.119525394492335,237,0.004219409282700422
test,5106,0.75,B0_SPC_observed,,False,0.0,5.237133527699475,237,0.008438818565400843
test,5106,0.75,B1_IsolationForest,,False,0.0,0.7565752413847274,237,0.0
test,5106,0.5,RippleTwin,,False,0.0,42.892326734815505,237,0.004219409282700422
test,5106,0.5,B2_observed_only_twin,,False,0.0,42.892326734815505,237,0.004219409282700422
test,5106,0.5,B0_SPC_observed,,False,0.0,5.237133527699475,237,0.004219409282700422
test,5106,0.5,B1_IsolationForest,,False,0.0,0.7565752413847274,237,0.0
test,5106,0.25,RippleTwin,,False,0.0,27.136223649542885,237,0.004219409282700422
test,5106,0.25,B2_observed_only_twin,,False,0.0,26.168542400051628,237,0.004219409282700422
test,5106,0.25,B0_SPC_observed,,False,0.0,4.936240980386517,237,0.004219409282700422
test,5106,0.25,B1_IsolationForest,,False,0.0,0.7090738077922258,237,0.004219409282700422
test,5107,1.0,RippleTwin,SLOWDOWN,False,1.4208892241827291,45.562612595121664,181,0.06629834254143646
test,5107,1.0,B2_observed_only_twin,SLOWDOWN,False,1.4208892241827291,45.562612595121664,181,0.06629834254143646
test,5107,1.0,B0_SPC_observed,SLOWDOWN,False,1.4208892241827291,5.237133527699475,181,0.07734806629834254
test,5107,1.0,B1_IsolationForest,SLOWDOWN,False,1.4208892241827291,0.7565752413847274,181,0.027624309392265192
test,5107,0.75,RippleTwin,SLOWDOWN,True,1.4208892241827291,32.119525394492335,181,0.03314917127071823
test,5107,0.75,B2_observed_only_twin,SLOWDOWN,True,1.4208892241827291,32.119525394492335,181,0.03314917127071823
test,5107,0.75,B0_SPC_observed,SLOWDOWN,True,1.4208892241827291,5.237133527699475,181,0.0
test,5107,0.75,B1_IsolationForest,SLOWDOWN,True,1.4208892241827291,0.7565752413847274,181,0.027624309392265192
test,5107,0.5,RippleTwin,SLOWDOWN,True,1.4208892241827291,42.892326734815505,181,0.03314917127071823
test,5107,0.5,B2_observed_only_twin,SLOWDOWN,True,1.4208892241827291,42.892326734815505,181,0.03314917127071823
test,5107,0.5,B0_SPC_observed,SLOWDOWN,True,1.4208892241827291,5.237133527699475,181,0.0
test,5107,0.5,B1_IsolationForest,SLOWDOWN,True,1.4208892241827291,0.7565752413847274,181,0.027624309392265192
test,5107,0.25,RippleTwin,SLOWDOWN,True,1.4208892241827291,27.136223649542885,181,0.04419889502762431
test,5107,0.25,B2_observed_only_twin,SLOWDOWN,True,1.4208892241827291,26.168542400051628,181,0.04419889502762431
test,5107,0.25,B0_SPC_observed,SLOWDOWN,True,1.4208892241827291,4.936240980386517,181,0.0
test,5107,0.25,B1_IsolationForest,SLOWDOWN,True,1.4208892241827291,0.7090738077922258,181,0.049723756906077346
test,5108,1.0,RippleTwin,SLOWDOWN,False,1.4466577530601472,45.562612595121664,194,0.04639175257731959
test,5108,1.0,B2_observed_only_twin,SLOWDOWN,False,1.4466577530601472,45.562612595121664,194,0.04639175257731959
test,5108,1.0,B0_SPC_observed,SLOWDOWN,False,1.4466577530601472,5.237133527699475,194,0.07216494845360824
test,5108,1.0,B1_IsolationForest,SLOWDOWN,False,1.4466577530601472,0.7565752413847274,194,0.0
test,5108,0.75,RippleTwin,SLOWDOWN,False,1.4466577530601472,32.119525394492335,194,0.04639175257731959
test,5108,0.75,B2_observed_only_twin,SLOWDOWN,False,1.4466577530601472,32.119525394492335,194,0.04639175257731959
test,5108,0.75,B0_SPC_observed,SLOWDOWN,False,1.4466577530601472,5.237133527699475,194,0.07216494845360824
test,5108,0.75,B1_IsolationForest,SLOWDOWN,False,1.4466577530601472,0.7565752413847274,194,0.0
test,5108,0.5,RippleTwin,SLOWDOWN,False,1.4466577530601472,42.892326734815505,194,0.04639175257731959
test,5108,0.5,B2_observed_only_twin,SLOWDOWN,False,1.4466577530601472,42.892326734815505,194,0.04639175257731959
test,5108,0.5,B0_SPC_observed,SLOWDOWN,False,1.4466577530601472,5.237133527699475,194,0.06701030927835051
test,5108,0.5,B1_IsolationForest,SLOWDOWN,False,1.4466577530601472,0.7565752413847274,194,0.0
test,5108,0.25,RippleTwin,SLOWDOWN,True,1.4466577530601472,27.136223649542885,194,0.0
test,5108,0.25,B2_observed_only_twin,SLOWDOWN,True,1.4466577530601472,26.168542400051628,194,0.0
test,5108,0.25,B0_SPC_observed,SLOWDOWN,True,1.4466577530601472,4.936240980386517,194,0.005154639175257732
test,5108,0.25,B1_IsolationForest,SLOWDOWN,True,1.4466577530601472,0.7090738077922258,194,0.0
test,5109,1.0,RippleTwin,COMBINED,False,1.2299351787986026,45.562612595121664,181,0.016574585635359115
test,5109,1.0,B2_observed_only_twin,COMBINED,False,1.2299351787986026,45.562612595121664,181,0.016574585635359115
test,5109,1.0,B0_SPC_observed,COMBINED,False,1.2299351787986026,5.237133527699475,181,0.04419889502762431
test,5109,1.0,B1_IsolationForest,COMBINED,False,1.2299351787986026,0.7565752413847274,181,0.011049723756906077
test,5109,0.75,RippleTwin,COMBINED,False,1.2299351787986026,32.119525394492335,181,0.022099447513812154
test,5109,0.75,B2_observed_only_twin,COMBINED,False,1.2299351787986026,32.119525394492335,181,0.022099447513812154
test,5109,0.75,B0_SPC_observed,COMBINED,False,1.2299351787986026,5.237133527699475,181,0.04419889502762431
test,5109,0.75,B1_IsolationForest,COMBINED,False,1.2299351787986026,0.7565752413847274,181,0.011049723756906077
test,5109,0.5,RippleTwin,COMBINED,True,1.2299351787986026,42.892326734815505,181,0.0
test,5109,0.5,B2_observed_only_twin,COMBINED,True,1.2299351787986026,42.892326734815505,181,0.0
test,5109,0.5,B0_SPC_observed,COMBINED,True,1.2299351787986026,5.237133527699475,181,0.011049723756906077
test,5109,0.5,B1_IsolationForest,COMBINED,True,1.2299351787986026,0.7565752413847274,181,0.0
test,5109,0.25,RippleTwin,COMBINED,True,1.2299351787986026,27.136223649542885,181,0.011049723756906077
test,5109,0.25,B2_observed_only_twin,COMBINED,True,1.2299351787986026,26.168542400051628,181,0.011049723756906077
test,5109,0.25,B0_SPC_observed,COMBINED,True,1.2299351787986026,4.936240980386517,181,0.011049723756906077
test,5109,0.25,B1_IsolationForest,COMBINED,True,1.2299351787986026,0.7090738077922258,181,0.022099447513812154
