split,seed,coverage,method,fault_kind,source_hidden,magnitude,threshold,n_windows_during,detection_rate,detected_episode,top1,within1,median_station_error,top1_episode,within1_episode,lead_time_min,first_alert_t_s,first_correct_alert_t_s
tune,1000,1.0,RippleTwin,SLOWDOWN,False,1.3039152979422162,45.562612595121664,50,0.5,1.0,1.0,1.0,0.0,1.0,1.0,,20459.94862806909,
tune,1000,1.0,B2_observed_only_twin,SLOWDOWN,False,1.3039152979422162,45.562612595121664,50,0.5,1.0,1.0,1.0,0.0,1.0,1.0,,20459.94862806909,
tune,1000,1.0,B0_SPC_observed,SLOWDOWN,False,1.3039152979422162,5.237133527699475,50,0.5,1.0,1.0,1.0,0.0,1.0,1.0,,20459.94862806909,
tune,1000,1.0,B1_IsolationForest,SLOWDOWN,False,1.3039152979422162,0.7565752413847274,50,0.16,1.0,0.0,0.0,4.0,0.0,0.0,,22563.531805700713,
tune,1000,0.75,RippleTwin,SLOWDOWN,False,1.3039152979422162,32.119525394492335,50,0.5,1.0,1.0,1.0,0.0,1.0,1.0,,20459.94862806909,
tune,1000,0.75,B2_observed_only_twin,SLOWDOWN,False,1.3039152979422162,32.119525394492335,50,0.5,1.0,1.0,1.0,0.0,1.0,1.0,,20459.94862806909,
tune,1000,0.75,B0_SPC_observed,SLOWDOWN,False,1.3039152979422162,5.237133527699475,50,0.5,1.0,1.0,1.0,0.0,1.0,1.0,,20459.94862806909,
tune,1000,0.75,B1_IsolationForest,SLOWDOWN,False,1.3039152979422162,0.7565752413847274,50,0.16,1.0,0.0,0.0,4.0,0.0,0.0,,22563.531805700713,
tune,1000,0.5,RippleTwin,SLOWDOWN,False,1.3039152979422162,42.892326734815505,50,0.5,1.0,1.0,1.0,0.0,1.0,1.0,,20459.94862806909,
tune,1000,0.5,B2_observed_only_twin,SLOWDOWN,False,1.3039152979422162,42.892326734815505,50,0.5,1.0,1.0,1.0,0.0,1.0,1.0,,20459.94862806909,
tune,1000,0.5,B0_SPC_observed,SLOWDOWN,False,1.3039152979422162,5.237133527699475,50,0.5,1.0,1.0,1.0,0.0,1.0,1.0,,20459.94862806909,
tune,1000,0.5,B1_IsolationForest,SLOWDOWN,False,1.3039152979422162,0.7565752413847274,50,0.16,1.0,0.0,0.0,4.0,0.0,0.0,,22563.531805700713,
tune,1000,0.25,RippleTwin,SLOWDOWN,True,1.3039152979422162,27.136223649542885,50,0.02,1.0,0.0,0.0,5.0,0.0,0.0,,28858.785392656144,
tune,1000,0.25,B2_observed_only_twin,SLOWDOWN,True,1.3039152979422162,26.168542400051628,50,0.02,1.0,0.0,0.0,4.0,0.0,0.0,,28858.785392656144,
tune,1000,0.25,B0_SPC_observed,SLOWDOWN,True,1.3039152979422162,4.936240980386517,50,0.0,0.0,,,,0.0,0.0,,,
tune,1000,0.25,B1_IsolationForest,SLOWDOWN,True,1.3039152979422162,0.7090738077922258,50,0.32,1.0,0.0,0.0,4.0,0.0,0.0,,21957.473280640417,
tune,1001,1.0,RippleTwin,COMBINED,False,1.1636215766230222,45.562612595121664,71,0.0,0.0,,,,0.0,0.0,,,
tune,1001,1.0,B2_observed_only_twin,COMBINED,False,1.1636215766230222,45.562612595121664,71,0.0,0.0,,,,0.0,0.0,,,
tune,1001,1.0,B0_SPC_observed,COMBINED,False,1.1636215766230222,5.237133527699475,71,0.07042253521126761,1.0,0.8,0.8,0.0,1.0,1.0,,29163.36750887734,
tune,1001,1.0,B1_IsolationForest,COMBINED,False,1.1636215766230222,0.7565752413847274,71,0.0,0.0,,,,0.0,0.0,,,
tune,1001,0.75,RippleTwin,COMBINED,True,1.1636215766230222,32.119525394492335,71,0.0,0.0,,,,0.0,0.0,,,
tune,1001,0.75,B2_observed_only_twin,COMBINED,True,1.1636215766230222,32.119525394492335,71,0.0,0.0,,,,0.0,0.0,,,
tune,1001,0.75,B0_SPC_observed,COMBINED,True,1.1636215766230222,5.237133527699475,71,0.014084507042253521,1.0,0.0,0.0,2.0,0.0,0.0,,42656.057794836495,
tune,1001,0.75,B1_IsolationForest,COMBINED,True,1.1636215766230222,0.7565752413847274,71,0.0,0.0,,,,0.0,0.0,,,
tune,1001,0.5,RippleTwin,COMBINED,True,1.1636215766230222,42.892326734815505,71,0.0,0.0,,,,0.0,0.0,,,
tune,1001,0.5,B2_observed_only_twin,COMBINED,True,1.1636215766230222,42.892326734815505,71,0.0,0.0,,,,0.0,0.0,,,
tune,1001,0.5,B0_SPC_observed,COMBINED,True,1.1636215766230222,5.237133527699475,71,0.014084507042253521,1.0,0.0,0.0,2.0,0.0,0.0,,42656.057794836495,
tune,1001,0.5,B1_IsolationForest,COMBINED,True,1.1636215766230222,0.7565752413847274,71,0.0,0.0,,,,0.0,0.0,,,
tune,1001,0.25,RippleTwin,COMBINED,True,1.1636215766230222,27.136223649542885,71,0.0,0.0,,,,0.0,0.0,,,
tune,1001,0.25,B2_observed_only_twin,COMBINED,True,1.1636215766230222,26.168542400051628,71,0.0,0.0,,,,0.0,0.0,,,
tune,1001,0.25,B0_SPC_observed,COMBINED,True,1.1636215766230222,4.936240980386517,71,0.0,0.0,,,,0.0,0.0,,,
tune,1001,0.25,B1_IsolationForest,COMBINED,True,1.1636215766230222,0.7090738077922258,71,0.0,0.0,,,,0.0,0.0,,,
tune,1002,1.0,RippleTwin,QUALITY_DRIFT,False,9.371311867995367,45.562612595121664,52,0.0,0.0,,,,0.0,0.0,,,
tune,1002,1.0,B2_observed_only_twin,QUALITY_DRIFT,False,9.371311867995367,45.562612595121664,52,0.0,0.0,,,,0.0,0.0,,,
tune,1002,1.0,B0_SPC_observed,QUALITY_DRIFT,False,9.371311867995367,5.237133527699475,52,0.0,0.0,,,,0.0,0.0,,,
tune,1002,1.0,B1_IsolationForest,QUALITY_DRIFT,False,9.371311867995367,0.7565752413847274,52,0.0,0.0,,,,0.0,0.0,,,
tune,1002,0.75,RippleTwin,QUALITY_DRIFT,True,9.371311867995367,32.119525394492335,52,0.0,0.0,,,,0.0,0.0,,,
tune,1002,0.75,B2_observed_only_twin,QUALITY_DRIFT,True,9.371311867995367,32.119525394492335,52,0.0,0.0,,,,0.0,0.0,,,
tune,1002,0.75,B0_SPC_observed,QUALITY_DRIFT,True,9.371311867995367,5.237133527699475,52,0.0,0.0,,,,0.0,0.0,,,
tune,1002,0.75,B1_IsolationForest,QUALITY_DRIFT,True,9.371311867995367,0.7565752413847274,52,0.0,0.0,,,,0.0,0.0,,,
tune,1002,0.5,RippleTwin,QUALITY_DRIFT,True,9.371311867995367,42.892326734815505,52,0.0,0.0,,,,0.0,0.0,,,
tune,1002,0.5,B2_observed_only_twin,QUALITY_DRIFT,True,9.371311867995367,42.892326734815505,52,0.0,0.0,,,,0.0,0.0,,,
tune,1002,0.5,B0_SPC_observed,QUALITY_DRIFT,True,9.371311867995367,5.237133527699475,52,0.0,0.0,,,,0.0,0.0,,,
tune,1002,0.5,B1_IsolationForest,QUALITY_DRIFT,True,9.371311867995367,0.7565752413847274,52,0.0,0.0,,,,0.0,0.0,,,
tune,1002,0.25,RippleTwin,QUALITY_DRIFT,True,9.371311867995367,27.136223649542885,52,0.0,0.0,,,,0.0,0.0,,,
tune,1002,0.25,B2_observed_only_twin,QUALITY_DRIFT,True,9.371311867995367,26.168542400051628,52,0.0,0.0,,,,0.0,0.0,,,
tune,1002,0.25,B0_SPC_observed,QUALITY_DRIFT,True,9.371311867995367,4.936240980386517,52,0.0,0.0,,,,0.0,0.0,,,
tune,1002,0.25,B1_IsolationForest,QUALITY_DRIFT,True,9.371311867995367,0.7090738077922258,52,0.0,0.0,,,,0.0,0.0,,,
tune,1003,1.0,RippleTwin,COMBINED,False,1.3731549871195838,45.562612595121664,40,0.9,1.0,1.0,1.0,0.0,1.0,1.0,,33662.26508461185,
tune,1003,1.0,B2_observed_only_twin,COMBINED,False,1.3731549871195838,45.562612595121664,40,0.9,1.0,1.0,1.0,0.0,1.0,1.0,,33662.26508461185,
tune,1003,1.0,B0_SPC_observed,COMBINED,False,1.3731549871195838,5.237133527699475,40,0.875,1.0,1.0,1.0,0.0,1.0,1.0,,33380.024520329476,
tune,1003,1.0,B1_IsolationForest,COMBINED,False,1.3731549871195838,0.7565752413847274,40,0.475,1.0,0.0,0.0,8.0,0.0,0.0,,38999.28754696304,
tune,1003,0.75,RippleTwin,COMBINED,True,1.3731549871195838,32.119525394492335,40,0.9,1.0,0.9444444444444444,1.0,0.0,1.0,1.0,,33662.26508461185,
tune,1003,0.75,B2_observed_only_twin,COMBINED,True,1.3731549871195838,32.119525394492335,40,0.9,1.0,0.0,1.0,1.0,0.0,1.0,,33662.26508461185,
tune,1003,0.75,B0_SPC_observed,COMBINED,True,1.3731549871195838,5.237133527699475,40,0.0,0.0,,,,0.0,0.0,,,
tune,1003,0.75,B1_IsolationForest,COMBINED,True,1.3731549871195838,0.7565752413847274,40,0.475,1.0,0.0,0.0,8.0,0.0,0.0,,38999.28754696304,
tune,1003,0.5,RippleTwin,COMBINED,True,1.3731549871195838,42.892326734815505,40,0.9,1.0,0.8888888888888888,1.0,0.0,1.0,1.0,,33662.26508461185,
tune,1003,0.5,B2_observed_only_twin,COMBINED,True,1.3731549871195838,42.892326734815505,40,0.9,1.0,0.0,1.0,1.0,0.0,1.0,,33662.26508461185,
tune,1003,0.5,B0_SPC_observed,COMBINED,True,1.3731549871195838,5.237133527699475,40,0.0,0.0,,,,0.0,0.0,,,
tune,1003,0.5,B1_IsolationForest,COMBINED,True,1.3731549871195838,0.7565752413847274,40,0.0,0.0,,,,0.0,0.0,,,
tune,1003,0.25,RippleTwin,COMBINED,True,1.3731549871195838,27.136223649542885,40,0.875,1.0,0.7714285714285715,0.9714285714285714,0.0,1.0,1.0,,33662.26508461185,
tune,1003,0.25,B2_observed_only_twin,COMBINED,True,1.3731549871195838,26.168542400051628,40,0.9,1.0,0.0,1.0,1.0,0.0,1.0,,33662.26508461185,
tune,1003,0.25,B0_SPC_observed,COMBINED,True,1.3731549871195838,4.936240980386517,40,0.0,0.0,,,,0.0,0.0,,,
tune,1003,0.25,B1_IsolationForest,COMBINED,True,1.3731549871195838,0.7090738077922258,40,0.85,1.0,0.0,0.0,8.0,0.0,0.0,,33380.024520329476,
tune,1004,1.0,RippleTwin,QUALITY_DRIFT,False,12.206738048579876,45.562612595121664,43,0.0,0.0,,,,0.0,0.0,,,
tune,1004,1.0,B2_observed_only_twin,QUALITY_DRIFT,False,12.206738048579876,45.562612595121664,43,0.0,0.0,,,,0.0,0.0,,,
tune,1004,1.0,B0_SPC_observed,QUALITY_DRIFT,False,12.206738048579876,5.237133527699475,43,0.0,0.0,,,,0.0,0.0,,,
tune,1004,1.0,B1_IsolationForest,QUALITY_DRIFT,False,12.206738048579876,0.7565752413847274,43,0.0,0.0,,,,0.0,0.0,,,
tune,1004,0.75,RippleTwin,QUALITY_DRIFT,True,12.206738048579876,32.119525394492335,43,0.0,0.0,,,,0.0,0.0,,,
tune,1004,0.75,B2_observed_only_twin,QUALITY_DRIFT,True,12.206738048579876,32.119525394492335,43,0.0,0.0,,,,0.0,0.0,,,
tune,1004,0.75,B0_SPC_observed,QUALITY_DRIFT,True,12.206738048579876,5.237133527699475,43,0.0,0.0,,,,0.0,0.0,,,
tune,1004,0.75,B1_IsolationForest,QUALITY_DRIFT,True,12.206738048579876,0.7565752413847274,43,0.0,0.0,,,,0.0,0.0,,,
tune,1004,0.5,RippleTwin,QUALITY_DRIFT,True,12.206738048579876,42.892326734815505,43,0.0,0.0,,,,0.0,0.0,,,
tune,1004,0.5,B2_observed_only_twin,QUALITY_DRIFT,True,12.206738048579876,42.892326734815505,43,0.0,0.0,,,,0.0,0.0,,,
tune,1004,0.5,B0_SPC_observed,QUALITY_DRIFT,True,12.206738048579876,5.237133527699475,43,0.0,0.0,,,,0.0,0.0,,,
tune,1004,0.5,B1_IsolationForest,QUALITY_DRIFT,True,12.206738048579876,0.7565752413847274,43,0.0,0.0,,,,0.0,0.0,,,
tune,1004,0.25,RippleTwin,QUALITY_DRIFT,True,12.206738048579876,27.136223649542885,43,0.0,0.0,,,,0.0,0.0,,,
tune,1004,0.25,B2_observed_only_twin,QUALITY_DRIFT,True,12.206738048579876,26.168542400051628,43,0.0,0.0,,,,0.0,0.0,,,
tune,1004,0.25,B0_SPC_observed,QUALITY_DRIFT,True,12.206738048579876,4.936240980386517,43,0.0,0.0,,,,0.0,0.0,,,
tune,1004,0.25,B1_IsolationForest,QUALITY_DRIFT,True,12.206738048579876,0.7090738077922258,43,0.0,0.0,,,,0.0,0.0,,,
tune,1005,1.0,RippleTwin,QUALITY_DRIFT,False,14.347927245440864,45.562612595121664,40,0.0,0.0,,,,0.0,0.0,,,
tune,1005,1.0,B2_observed_only_twin,QUALITY_DRIFT,False,14.347927245440864,45.562612595121664,40,0.0,0.0,,,,0.0,0.0,,,
tune,1005,1.0,B0_SPC_observed,QUALITY_DRIFT,False,14.347927245440864,5.237133527699475,40,0.0,0.0,,,,0.0,0.0,,,
tune,1005,1.0,B1_IsolationForest,QUALITY_DRIFT,False,14.347927245440864,0.7565752413847274,40,0.0,0.0,,,,0.0,0.0,,,
tune,1005,0.75,RippleTwin,QUALITY_DRIFT,False,14.347927245440864,32.119525394492335,40,0.0,0.0,,,,0.0,0.0,,,
tune,1005,0.75,B2_observed_only_twin,QUALITY_DRIFT,False,14.347927245440864,32.119525394492335,40,0.0,0.0,,,,0.0,0.0,,,
tune,1005,0.75,B0_SPC_observed,QUALITY_DRIFT,False,14.347927245440864,5.237133527699475,40,0.0,0.0,,,,0.0,0.0,,,
tune,1005,0.75,B1_IsolationForest,QUALITY_DRIFT,False,14.347927245440864,0.7565752413847274,40,0.0,0.0,,,,0.0,0.0,,,
tune,1005,0.5,RippleTwin,QUALITY_DRIFT,True,14.347927245440864,42.892326734815505,40,0.0,0.0,,,,0.0,0.0,,,
tune,1005,0.5,B2_observed_only_twin,QUALITY_DRIFT,True,14.347927245440864,42.892326734815505,40,0.0,0.0,,,,0.0,0.0,,,
tune,1005,0.5,B0_SPC_observed,QUALITY_DRIFT,True,14.347927245440864,5.237133527699475,40,0.0,0.0,,,,0.0,0.0,,,
tune,1005,0.5,B1_IsolationForest,QUALITY_DRIFT,True,14.347927245440864,0.7565752413847274,40,0.0,0.0,,,,0.0,0.0,,,
tune,1005,0.25,RippleTwin,QUALITY_DRIFT,True,14.347927245440864,27.136223649542885,40,0.0,0.0,,,,0.0,0.0,,,
tune,1005,0.25,B2_observed_only_twin,QUALITY_DRIFT,True,14.347927245440864,26.168542400051628,40,0.0,0.0,,,,0.0,0.0,,,
tune,1005,0.25,B0_SPC_observed,QUALITY_DRIFT,True,14.347927245440864,4.936240980386517,40,0.0,0.0,,,,0.0,0.0,,,
tune,1005,0.25,B1_IsolationForest,QUALITY_DRIFT,True,14.347927245440864,0.7090738077922258,40,0.0,0.0,,,,0.0,0.0,,,
tune,1006,1.0,RippleTwin,SLOWDOWN,False,1.3879286554113792,45.562612595121664,55,0.5818181818181818,1.0,1.0,1.0,0.0,1.0,1.0,256.67507225788546,24058.515170461364,24058.515170461364
tune,1006,1.0,B2_observed_only_twin,SLOWDOWN,False,1.3879286554113792,45.562612595121664,55,0.5818181818181818,1.0,1.0,1.0,0.0,1.0,1.0,256.67507225788546,24058.515170461364,24058.515170461364
tune,1006,1.0,B0_SPC_observed,SLOWDOWN,False,1.3879286554113792,5.237133527699475,55,0.5454545454545454,1.0,1.0,1.0,0.0,1.0,1.0,256.67507225788546,24058.515170461364,24058.515170461364
tune,1006,1.0,B1_IsolationForest,SLOWDOWN,False,1.3879286554113792,0.7565752413847274,55,0.2,1.0,0.0,0.2727272727272727,5.0,0.0,0.0,231.7930665774648,24962.155368341235,25551.435511286603
tune,1006,0.75,RippleTwin,SLOWDOWN,False,1.3879286554113792,32.119525394492335,55,0.5818181818181818,1.0,1.0,1.0,0.0,1.0,1.0,256.67507225788546,24058.515170461364,24058.515170461364
tune,1006,0.75,B2_observed_only_twin,SLOWDOWN,False,1.3879286554113792,32.119525394492335,55,0.5818181818181818,1.0,1.0,1.0,0.0,1.0,1.0,256.67507225788546,24058.515170461364,24058.515170461364
tune,1006,0.75,B0_SPC_observed,SLOWDOWN,False,1.3879286554113792,5.237133527699475,55,0.5454545454545454,1.0,1.0,1.0,0.0,1.0,1.0,256.67507225788546,24058.515170461364,24058.515170461364
tune,1006,0.75,B1_IsolationForest,SLOWDOWN,False,1.3879286554113792,0.7565752413847274,55,0.09090909090909091,1.0,0.0,0.6,1.0,0.0,1.0,231.7930665774648,25551.435511286603,25551.435511286603
tune,1006,0.5,RippleTwin,SLOWDOWN,False,1.3879286554113792,42.892326734815505,55,0.5818181818181818,1.0,1.0,1.0,0.0,1.0,1.0,256.67507225788546,24058.515170461364,24058.515170461364
tune,1006,0.5,B2_observed_only_twin,SLOWDOWN,False,1.3879286554113792,42.892326734815505,55,0.5818181818181818,1.0,1.0,1.0,0.0,1.0,1.0,256.67507225788546,24058.515170461364,24058.515170461364
tune,1006,0.5,B0_SPC_observed,SLOWDOWN,False,1.3879286554113792,5.237133527699475,55,0.5454545454545454,1.0,1.0,1.0,0.0,1.0,1.0,256.67507225788546,24058.515170461364,24058.515170461364
tune,1006,0.5,B1_IsolationForest,SLOWDOWN,False,1.3879286554113792,0.7565752413847274,55,0.03636363636363636,1.0,0.0,0.0,6.0,0.0,0.0,,27353.940213242946,
tune,1006,0.25,RippleTwin,SLOWDOWN,False,1.3879286554113792,27.136223649542885,55,0.5818181818181818,1.0,1.0,1.0,0.0,1.0,1.0,256.67507225788546,24058.515170461364,24058.515170461364
tune,1006,0.25,B2_observed_only_twin,SLOWDOWN,False,1.3879286554113792,26.168542400051628,55,0.5818181818181818,1.0,1.0,1.0,0.0,1.0,1.0,256.67507225788546,24058.515170461364,24058.515170461364
tune,1006,0.25,B0_SPC_observed,SLOWDOWN,False,1.3879286554113792,4.936240980386517,55,0.5454545454545454,1.0,1.0,1.0,0.0,1.0,1.0,256.67507225788546,24058.515170461364,24058.515170461364
tune,1006,0.25,B1_IsolationForest,SLOWDOWN,False,1.3879286554113792,0.7090738077922258,55,0.45454545454545453,1.0,0.0,0.8,1.0,0.0,1.0,256.67507225788546,24058.515170461364,24058.515170461364
tune,1007,1.0,RippleTwin,SLOWDOWN,False,1.3225338259901676,45.562612595121664,55,0.6727272727272727,1.0,1.0,1.0,0.0,1.0,1.0,,37256.11432629604,
tune,1007,1.0,B2_observed_only_twin,SLOWDOWN,False,1.3225338259901676,45.562612595121664,55,0.6727272727272727,1.0,1.0,1.0,0.0,1.0,1.0,,37256.11432629604,
tune,1007,1.0,B0_SPC_observed,SLOWDOWN,False,1.3225338259901676,5.237133527699475,55,0.6909090909090909,1.0,1.0,1.0,0.0,1.0,1.0,,37256.11432629604,
tune,1007,1.0,B1_IsolationForest,SLOWDOWN,False,1.3225338259901676,0.7565752413847274,55,0.01818181818181818,1.0,0.0,1.0,1.0,0.0,1.0,,49454.907076397874,
tune,1007,0.75,RippleTwin,SLOWDOWN,False,1.3225338259901676,32.119525394492335,55,0.6909090909090909,1.0,1.0,1.0,0.0,1.0,1.0,,37256.11432629604,
tune,1007,0.75,B2_observed_only_twin,SLOWDOWN,False,1.3225338259901676,32.119525394492335,55,0.6909090909090909,1.0,1.0,1.0,0.0,1.0,1.0,,37256.11432629604,
tune,1007,0.75,B0_SPC_observed,SLOWDOWN,False,1.3225338259901676,5.237133527699475,55,0.6909090909090909,1.0,1.0,1.0,0.0,1.0,1.0,,37256.11432629604,
tune,1007,0.75,B1_IsolationForest,SLOWDOWN,False,1.3225338259901676,0.7565752413847274,55,0.01818181818181818,1.0,0.0,1.0,1.0,0.0,1.0,,49454.907076397874,
tune,1007,0.5,RippleTwin,SLOWDOWN,True,1.3225338259901676,42.892326734815505,55,0.0,0.0,,,,0.0,0.0,,,
tune,1007,0.5,B2_observed_only_twin,SLOWDOWN,True,1.3225338259901676,42.892326734815505,55,0.0,0.0,,,,0.0,0.0,,,
tune,1007,0.5,B0_SPC_observed,SLOWDOWN,True,1.3225338259901676,5.237133527699475,55,0.0,0.0,,,,0.0,0.0,,,
tune,1007,0.5,B1_IsolationForest,SLOWDOWN,True,1.3225338259901676,0.7565752413847274,55,0.01818181818181818,1.0,0.0,1.0,1.0,0.0,1.0,,49454.907076397874,
tune,1007,0.25,RippleTwin,SLOWDOWN,True,1.3225338259901676,27.136223649542885,55,0.0,0.0,,,,0.0,0.0,,,
tune,1007,0.25,B2_observed_only_twin,SLOWDOWN,True,1.3225338259901676,26.168542400051628,55,0.0,0.0,,,,0.0,0.0,,,
tune,1007,0.25,B0_SPC_observed,SLOWDOWN,True,1.3225338259901676,4.936240980386517,55,0.0,0.0,,,,0.0,0.0,,,
tune,1007,0.25,B1_IsolationForest,SLOWDOWN,True,1.3225338259901676,0.7090738077922258,55,0.0,0.0,,,,0.0,0.0,,,
test,5000,1.0,RippleTwin,SLOWDOWN,False,1.1949660821520764,45.562612595121664,70,0.02857142857142857,1.0,0.0,0.0,16.0,0.0,0.0,,33999.58961123352,
test,5000,1.0,B2_observed_only_twin,SLOWDOWN,False,1.1949660821520764,45.562612595121664,70,0.02857142857142857,1.0,0.0,0.0,16.0,0.0,0.0,,33999.58961123352,
test,5000,1.0,B0_SPC_observed,SLOWDOWN,False,1.1949660821520764,5.237133527699475,70,0.18571428571428572,1.0,1.0,1.0,0.0,1.0,1.0,,29449.83181600731,
test,5000,1.0,B1_IsolationForest,SLOWDOWN,False,1.1949660821520764,0.7565752413847274,70,0.0,0.0,,,,0.0,0.0,,,
test,5000,0.75,RippleTwin,SLOWDOWN,True,1.1949660821520764,32.119525394492335,70,0.02857142857142857,1.0,0.0,0.0,17.0,0.0,0.0,,33999.58961123352,
test,5000,0.75,B2_observed_only_twin,SLOWDOWN,True,1.1949660821520764,32.119525394492335,70,0.014285714285714285,1.0,0.0,0.0,18.0,0.0,0.0,,33999.58961123352,
test,5000,0.75,B0_SPC_observed,SLOWDOWN,True,1.1949660821520764,5.237133527699475,70,0.0,0.0,,,,0.0,0.0,,,
test,5000,0.75,B1_IsolationForest,SLOWDOWN,True,1.1949660821520764,0.7565752413847274,70,0.0,0.0,,,,0.0,0.0,,,
test,5000,0.5,RippleTwin,SLOWDOWN,True,1.1949660821520764,42.892326734815505,70,0.02857142857142857,1.0,0.0,0.0,17.0,0.0,0.0,,33999.58961123352,
test,5000,0.5,B2_observed_only_twin,SLOWDOWN,True,1.1949660821520764,42.892326734815505,70,0.02857142857142857,1.0,0.0,0.0,16.0,0.0,0.0,,33999.58961123352,
test,5000,0.5,B0_SPC_observed,SLOWDOWN,True,1.1949660821520764,5.237133527699475,70,0.0,0.0,,,,0.0,0.0,,,
test,5000,0.5,B1_IsolationForest,SLOWDOWN,True,1.1949660821520764,0.7565752413847274,70,0.0,0.0,,,,0.0,0.0,,,
test,5000,0.25,RippleTwin,SLOWDOWN,True,1.1949660821520764,27.136223649542885,70,0.02857142857142857,1.0,0.0,0.0,17.0,0.0,0.0,,33999.58961123352,
test,5000,0.25,B2_observed_only_twin,SLOWDOWN,True,1.1949660821520764,26.168542400051628,70,0.02857142857142857,1.0,0.0,0.0,16.0,0.0,0.0,,33999.58961123352,
test,5000,0.25,B0_SPC_observed,SLOWDOWN,True,1.1949660821520764,4.936240980386517,70,0.0,0.0,,,,0.0,0.0,,,
test,5000,0.25,B1_IsolationForest,SLOWDOWN,True,1.1949660821520764,0.7090738077922258,70,0.014285714285714285,1.0,0.0,0.0,7.0,0.0,0.0,,38762.026472445075,
test,5001,1.0,RippleTwin,QUALITY_DRIFT,False,13.6887759257169,45.562612595121664,72,0.0,0.0,,,,0.0,0.0,,,
test,5001,1.0,B2_observed_only_twin,QUALITY_DRIFT,False,13.6887759257169,45.562612595121664,72,0.0,0.0,,,,0.0,0.0,,,
test,5001,1.0,B0_SPC_observed,QUALITY_DRIFT,False,13.6887759257169,5.237133527699475,72,0.0,0.0,,,,0.0,0.0,,,
test,5001,1.0,B1_IsolationForest,QUALITY_DRIFT,False,13.6887759257169,0.7565752413847274,72,0.0,0.0,,,,0.0,0.0,,,
test,5001,0.75,RippleTwin,QUALITY_DRIFT,False,13.6887759257169,32.119525394492335,72,0.0,0.0,,,,0.0,0.0,,,
test,5001,0.75,B2_observed_only_twin,QUALITY_DRIFT,False,13.6887759257169,32.119525394492335,72,0.0,0.0,,,,0.0,0.0,,,
test,5001,0.75,B0_SPC_observed,QUALITY_DRIFT,False,13.6887759257169,5.237133527699475,72,0.0,0.0,,,,0.0,0.0,,,
test,5001,0.75,B1_IsolationForest,QUALITY_DRIFT,False,13.6887759257169,0.7565752413847274,72,0.0,0.0,,,,0.0,0.0,,,
test,5001,0.5,RippleTwin,QUALITY_DRIFT,True,13.6887759257169,42.892326734815505,72,0.0,0.0,,,,0.0,0.0,,,
test,5001,0.5,B2_observed_only_twin,QUALITY_DRIFT,True,13.6887759257169,42.892326734815505,72,0.0,0.0,,,,0.0,0.0,,,
test,5001,0.5,B0_SPC_observed,QUALITY_DRIFT,True,13.6887759257169,5.237133527699475,72,0.0,0.0,,,,0.0,0.0,,,
test,5001,0.5,B1_IsolationForest,QUALITY_DRIFT,True,13.6887759257169,0.7565752413847274,72,0.0,0.0,,,,0.0,0.0,,,
test,5001,0.25,RippleTwin,QUALITY_DRIFT,True,13.6887759257169,27.136223649542885,72,0.0,0.0,,,,0.0,0.0,,,
test,5001,0.25,B2_observed_only_twin,QUALITY_DRIFT,True,13.6887759257169,26.168542400051628,72,0.0,0.0,,,,0.0,0.0,,,
test,5001,0.25,B0_SPC_observed,QUALITY_DRIFT,True,13.6887759257169,4.936240980386517,72,0.0,0.0,,,,0.0,0.0,,,
test,5001,0.25,B1_IsolationForest,QUALITY_DRIFT,True,13.6887759257169,0.7090738077922258,72,0.0,0.0,,,,0.0,0.0,,,
test,5002,1.0,RippleTwin,SLOWDOWN,False,1.2319251079170532,45.562612595121664,54,0.9259259259259259,1.0,1.0,1.0,0.0,1.0,1.0,,23462.586991693963,
test,5002,1.0,B2_observed_only_twin,SLOWDOWN,False,1.2319251079170532,45.562612595121664,54,0.9259259259259259,1.0,1.0,1.0,0.0,1.0,1.0,,23462.586991693963,
test,5002,1.0,B0_SPC_observed,SLOWDOWN,False,1.2319251079170532,5.237133527699475,54,0.9444444444444444,1.0,0.9803921568627451,0.9803921568627451,0.0,1.0,1.0,,23172.20889924025,
test,5002,1.0,B1_IsolationForest,SLOWDOWN,False,1.2319251079170532,0.7565752413847274,54,0.0,0.0,,,,0.0,0.0,,,
test,5002,0.75,RippleTwin,SLOWDOWN,False,1.2319251079170532,32.119525394492335,54,0.9444444444444444,1.0,1.0,1.0,0.0,1.0,1.0,,23172.20889924025,
test,5002,0.75,B2_observed_only_twin,SLOWDOWN,False,1.2319251079170532,32.119525394492335,54,0.9444444444444444,1.0,1.0,1.0,0.0,1.0,1.0,,23172.20889924025,
test,5002,0.75,B0_SPC_observed,SLOWDOWN,False,1.2319251079170532,5.237133527699475,54,0.9444444444444444,1.0,0.9803921568627451,0.9803921568627451,0.0,1.0,1.0,,23172.20889924025,
test,5002,0.75,B1_IsolationForest,SLOWDOWN,False,1.2319251079170532,0.7565752413847274,54,0.0,0.0,,,,0.0,0.0,,,
test,5002,0.5,RippleTwin,SLOWDOWN,True,1.2319251079170532,42.892326734815505,54,0.0,0.0,,,,0.0,0.0,,,
test,5002,0.5,B2_observed_only_twin,SLOWDOWN,True,1.2319251079170532,42.892326734815505,54,0.0,0.0,,,,0.0,0.0,,,
test,5002,0.5,B0_SPC_observed,SLOWDOWN,True,1.2319251079170532,5.237133527699475,54,0.018518518518518517,1.0,0.0,0.0,15.0,0.0,0.0,,41613.25685797969,
test,5002,0.5,B1_IsolationForest,SLOWDOWN,True,1.2319251079170532,0.7565752413847274,54,0.0,0.0,,,,0.0,0.0,,,
test,5002,0.25,RippleTwin,SLOWDOWN,True,1.2319251079170532,27.136223649542885,54,0.2037037037037037,1.0,0.09090909090909091,0.09090909090909091,3.0,0.0,0.0,,24960.98684680233,
test,5002,0.25,B2_observed_only_twin,SLOWDOWN,True,1.2319251079170532,26.168542400051628,54,0.18518518518518517,1.0,0.0,0.0,4.0,0.0,0.0,,25562.475683965706,
test,5002,0.25,B0_SPC_observed,SLOWDOWN,True,1.2319251079170532,4.936240980386517,54,0.0,0.0,,,,0.0,0.0,,,
test,5002,0.25,B1_IsolationForest,SLOWDOWN,True,1.2319251079170532,0.7090738077922258,54,0.09259259259259259,1.0,0.0,0.0,9.0,0.0,0.0,,29767.486068102666,
test,5003,1.0,RippleTwin,SLOWDOWN,False,1.2705041636670094,45.562612595121664,63,0.4126984126984127,1.0,1.0,1.0,0.0,1.0,1.0,,35152.22951493046,
test,5003,1.0,B2_observed_only_twin,SLOWDOWN,False,1.2705041636670094,45.562612595121664,63,0.4126984126984127,1.0,1.0,1.0,0.0,1.0,1.0,,35152.22951493046,
test,5003,1.0,B0_SPC_observed,SLOWDOWN,False,1.2705041636670094,5.237133527699475,63,0.49206349206349204,1.0,1.0,1.0,0.0,1.0,1.0,,31260.12575750207,
test,5003,1.0,B1_IsolationForest,SLOWDOWN,False,1.2705041636670094,0.7565752413847274,63,0.0,0.0,,,,0.0,0.0,,,
test,5003,0.75,RippleTwin,SLOWDOWN,True,1.2705041636670094,32.119525394492335,63,0.0,0.0,,,,0.0,0.0,,,
test,5003,0.75,B2_observed_only_twin,SLOWDOWN,True,1.2705041636670094,32.119525394492335,63,0.0,0.0,,,,0.0,0.0,,,
test,5003,0.75,B0_SPC_observed,SLOWDOWN,True,1.2705041636670094,5.237133527699475,63,0.0,0.0,,,,0.0,0.0,,,
test,5003,0.75,B1_IsolationForest,SLOWDOWN,True,1.2705041636670094,0.7565752413847274,63,0.0,0.0,,,,0.0,0.0,,,
test,5003,0.5,RippleTwin,SLOWDOWN,True,1.2705041636670094,42.892326734815505,63,0.0,0.0,,,,0.0,0.0,,,
test,5003,0.5,B2_observed_only_twin,SLOWDOWN,True,1.2705041636670094,42.892326734815505,63,0.0,0.0,,,,0.0,0.0,,,
test,5003,0.5,B0_SPC_observed,SLOWDOWN,True,1.2705041636670094,5.237133527699475,63,0.0,0.0,,,,0.0,0.0,,,
test,5003,0.5,B1_IsolationForest,SLOWDOWN,True,1.2705041636670094,0.7565752413847274,63,0.0,0.0,,,,0.0,0.0,,,
test,5003,0.25,RippleTwin,SLOWDOWN,True,1.2705041636670094,27.136223649542885,63,0.0,0.0,,,,0.0,0.0,,,
test,5003,0.25,B2_observed_only_twin,SLOWDOWN,True,1.2705041636670094,26.168542400051628,63,0.0,0.0,,,,0.0,0.0,,,
test,5003,0.25,B0_SPC_observed,SLOWDOWN,True,1.2705041636670094,4.936240980386517,63,0.0,0.0,,,,0.0,0.0,,,
test,5003,0.25,B1_IsolationForest,SLOWDOWN,True,1.2705041636670094,0.7090738077922258,63,0.0,0.0,,,,0.0,0.0,,,
test,5004,1.0,RippleTwin,QUALITY_DRIFT,False,6.659029720362757,45.562612595121664,57,0.0,0.0,,,,0.0,0.0,,,
test,5004,1.0,B2_observed_only_twin,QUALITY_DRIFT,False,6.659029720362757,45.562612595121664,57,0.0,0.0,,,,0.0,0.0,,,
test,5004,1.0,B0_SPC_observed,QUALITY_DRIFT,False,6.659029720362757,5.237133527699475,57,0.017543859649122806,1.0,0.0,1.0,1.0,0.0,1.0,,37262.79015842902,
test,5004,1.0,B1_IsolationForest,QUALITY_DRIFT,False,6.659029720362757,0.7565752413847274,57,0.0,0.0,,,,0.0,0.0,,,
test,5004,0.75,RippleTwin,QUALITY_DRIFT,True,6.659029720362757,32.119525394492335,57,0.0,0.0,,,,0.0,0.0,,,
test,5004,0.75,B2_observed_only_twin,QUALITY_DRIFT,True,6.659029720362757,32.119525394492335,57,0.0,0.0,,,,0.0,0.0,,,
test,5004,0.75,B0_SPC_observed,QUALITY_DRIFT,True,6.659029720362757,5.237133527699475,57,0.017543859649122806,1.0,0.0,1.0,1.0,0.0,1.0,,37262.79015842902,
test,5004,0.75,B1_IsolationForest,QUALITY_DRIFT,True,6.659029720362757,0.7565752413847274,57,0.0,0.0,,,,0.0,0.0,,,
test,5004,0.5,RippleTwin,QUALITY_DRIFT,True,6.659029720362757,42.892326734815505,57,0.0,0.0,,,,0.0,0.0,,,
test,5004,0.5,B2_observed_only_twin,QUALITY_DRIFT,True,6.659029720362757,42.892326734815505,57,0.0,0.0,,,,0.0,0.0,,,
test,5004,0.5,B0_SPC_observed,QUALITY_DRIFT,True,6.659029720362757,5.237133527699475,57,0.0,0.0,,,,0.0,0.0,,,
test,5004,0.5,B1_IsolationForest,QUALITY_DRIFT,True,6.659029720362757,0.7565752413847274,57,0.0,0.0,,,,0.0,0.0,,,
test,5004,0.25,RippleTwin,QUALITY_DRIFT,True,6.659029720362757,27.136223649542885,57,0.0,0.0,,,,0.0,0.0,,,
test,5004,0.25,B2_observed_only_twin,QUALITY_DRIFT,True,6.659029720362757,26.168542400051628,57,0.0,0.0,,,,0.0,0.0,,,
test,5004,0.25,B0_SPC_observed,QUALITY_DRIFT,True,6.659029720362757,4.936240980386517,57,0.0,0.0,,,,0.0,0.0,,,
test,5004,0.25,B1_IsolationForest,QUALITY_DRIFT,True,6.659029720362757,0.7090738077922258,57,0.0,0.0,,,,0.0,0.0,,,
test,5005,1.0,RippleTwin,QUALITY_DRIFT,False,15.08737093854699,45.562612595121664,66,0.0,0.0,,,,0.0,0.0,,,
test,5005,1.0,B2_observed_only_twin,QUALITY_DRIFT,False,15.08737093854699,45.562612595121664,66,0.0,0.0,,,,0.0,0.0,,,
test,5005,1.0,B0_SPC_observed,QUALITY_DRIFT,False,15.08737093854699,5.237133527699475,66,0.030303030303030304,1.0,0.0,0.0,15.0,0.0,0.0,,46346.41793173288,
test,5005,1.0,B1_IsolationForest,QUALITY_DRIFT,False,15.08737093854699,0.7565752413847274,66,0.0,0.0,,,,0.0,0.0,,,
test,5005,0.75,RippleTwin,QUALITY_DRIFT,True,15.08737093854699,32.119525394492335,66,0.0,0.0,,,,0.0,0.0,,,
test,5005,0.75,B2_observed_only_twin,QUALITY_DRIFT,True,15.08737093854699,32.119525394492335,66,0.0,0.0,,,,0.0,0.0,,,
test,5005,0.75,B0_SPC_observed,QUALITY_DRIFT,True,15.08737093854699,5.237133527699475,66,0.030303030303030304,1.0,0.0,0.0,15.0,0.0,0.0,,46346.41793173288,
test,5005,0.75,B1_IsolationForest,QUALITY_DRIFT,True,15.08737093854699,0.7565752413847274,66,0.0,0.0,,,,0.0,0.0,,,
test,5005,0.5,RippleTwin,QUALITY_DRIFT,True,15.08737093854699,42.892326734815505,66,0.0,0.0,,,,0.0,0.0,,,
test,5005,0.5,B2_observed_only_twin,QUALITY_DRIFT,True,15.08737093854699,42.892326734815505,66,0.0,0.0,,,,0.0,0.0,,,
test,5005,0.5,B0_SPC_observed,QUALITY_DRIFT,True,15.08737093854699,5.237133527699475,66,0.030303030303030304,1.0,0.0,0.0,15.0,0.0,0.0,,46346.41793173288,
test,5005,0.5,B1_IsolationForest,QUALITY_DRIFT,True,15.08737093854699,0.7565752413847274,66,0.0,0.0,,,,0.0,0.0,,,
test,5005,0.25,RippleTwin,QUALITY_DRIFT,True,15.08737093854699,27.136223649542885,66,0.0,0.0,,,,0.0,0.0,,,
test,5005,0.25,B2_observed_only_twin,QUALITY_DRIFT,True,15.08737093854699,26.168542400051628,66,0.0,0.0,,,,0.0,0.0,,,
test,5005,0.25,B0_SPC_observed,QUALITY_DRIFT,True,15.08737093854699,4.936240980386517,66,0.0,0.0,,,,0.0,0.0,,,
test,5005,0.25,B1_IsolationForest,QUALITY_DRIFT,True,15.08737093854699,0.7090738077922258,66,0.0,0.0,,,,0.0,0.0,,,
test,5008,1.0,RippleTwin,COMBINED,False,1.14039917558224,45.562612595121664,78,0.0,0.0,,,,0.0,0.0,,,
test,5008,1.0,B2_observed_only_twin,COMBINED,False,1.14039917558224,45.562612595121664,78,0.0,0.0,,,,0.0,0.0,,,
test,5008,1.0,B0_SPC_observed,COMBINED,False,1.14039917558224,5.237133527699475,78,0.28205128205128205,1.0,1.0,1.0,0.0,1.0,1.0,,26761.783049574682,
test,5008,1.0,B1_IsolationForest,COMBINED,False,1.14039917558224,0.7565752413847274,78,0.0,0.0,,,,0.0,0.0,,,
test,5008,0.75,RippleTwin,COMBINED,True,1.14039917558224,32.119525394492335,78,0.0,0.0,,,,0.0,0.0,,,
test,5008,0.75,B2_observed_only_twin,COMBINED,True,1.14039917558224,32.119525394492335,78,0.0,0.0,,,,0.0,0.0,,,
test,5008,0.75,B0_SPC_observed,COMBINED,True,1.14039917558224,5.237133527699475,78,0.0,0.0,,,,0.0,0.0,,,
test,5008,0.75,B1_IsolationForest,COMBINED,True,1.14039917558224,0.7565752413847274,78,0.0,0.0,,,,0.0,0.0,,,
test,5008,0.5,RippleTwin,COMBINED,True,1.14039917558224,42.892326734815505,78,0.0,0.0,,,,0.0,0.0,,,
test,5008,0.5,B2_observed_only_twin,COMBINED,True,1.14039917558224,42.892326734815505,78,0.0,0.0,,,,0.0,0.0,,,
test,5008,0.5,B0_SPC_observed,COMBINED,True,1.14039917558224,5.237133527699475,78,0.0,0.0,,,,0.0,0.0,,,
test,5008,0.5,B1_IsolationForest,COMBINED,True,1.14039917558224,0.7565752413847274,78,0.0,0.0,,,,0.0,0.0,,,
test,5008,0.25,RippleTwin,COMBINED,True,1.14039917558224,27.136223649542885,78,0.0,0.0,,,,0.0,0.0,,,
test,5008,0.25,B2_observed_only_twin,COMBINED,True,1.14039917558224,26.168542400051628,78,0.0,0.0,,,,0.0,0.0,,,
test,5008,0.25,B0_SPC_observed,COMBINED,True,1.14039917558224,4.936240980386517,78,0.01282051282051282,1.0,0.0,0.0,32.0,0.0,0.0,,39667.491332688885,
test,5008,0.25,B1_IsolationForest,COMBINED,True,1.14039917558224,0.7090738077922258,78,0.01282051282051282,1.0,0.0,0.0,4.0,0.0,0.0,,27361.94068777828,
test,5009,1.0,RippleTwin,SLOWDOWN,False,1.2601684573104932,45.562612595121664,36,0.6944444444444444,1.0,1.0,1.0,0.0,1.0,1.0,,21355.399587191354,
test,5009,1.0,B2_observed_only_twin,SLOWDOWN,False,1.2601684573104932,45.562612595121664,36,0.6944444444444444,1.0,1.0,1.0,0.0,1.0,1.0,,21355.399587191354,
test,5009,1.0,B0_SPC_observed,SLOWDOWN,False,1.2601684573104932,5.237133527699475,36,0.7777777777777778,1.0,1.0,1.0,0.0,1.0,1.0,,20455.310554186304,
test,5009,1.0,B1_IsolationForest,SLOWDOWN,False,1.2601684573104932,0.7565752413847274,36,0.25,1.0,0.0,0.0,7.0,0.0,0.0,,24660.073761970674,
test,5009,0.75,RippleTwin,SLOWDOWN,False,1.2601684573104932,32.119525394492335,36,0.8055555555555556,1.0,1.0,1.0,0.0,1.0,1.0,,21063.252120029974,
test,5009,0.75,B2_observed_only_twin,SLOWDOWN,False,1.2601684573104932,32.119525394492335,36,0.8055555555555556,1.0,1.0,1.0,0.0,1.0,1.0,,21063.252120029974,
test,5009,0.75,B0_SPC_observed,SLOWDOWN,False,1.2601684573104932,5.237133527699475,36,0.7777777777777778,1.0,1.0,1.0,0.0,1.0,1.0,,20455.310554186304,
test,5009,0.75,B1_IsolationForest,SLOWDOWN,False,1.2601684573104932,0.7565752413847274,36,0.25,1.0,0.0,0.0,7.0,0.0,0.0,,24660.073761970674,
test,5009,0.5,RippleTwin,SLOWDOWN,False,1.2601684573104932,42.892326734815505,36,0.7222222222222222,1.0,1.0,1.0,0.0,1.0,1.0,,21355.399587191354,
test,5009,0.5,B2_observed_only_twin,SLOWDOWN,False,1.2601684573104932,42.892326734815505,36,0.7222222222222222,1.0,1.0,1.0,0.0,1.0,1.0,,21355.399587191354,
test,5009,0.5,B0_SPC_observed,SLOWDOWN,False,1.2601684573104932,5.237133527699475,36,0.7777777777777778,1.0,1.0,1.0,0.0,1.0,1.0,,20455.310554186304,
test,5009,0.5,B1_IsolationForest,SLOWDOWN,False,1.2601684573104932,0.7565752413847274,36,0.0,0.0,,,,0.0,0.0,,,
test,5009,0.25,RippleTwin,SLOWDOWN,True,1.2601684573104932,27.136223649542885,36,0.6666666666666666,1.0,0.0,1.0,1.0,0.0,1.0,,21355.399587191354,
test,5009,0.25,B2_observed_only_twin,SLOWDOWN,True,1.2601684573104932,26.168542400051628,36,0.6666666666666666,1.0,0.0,0.0,2.0,0.0,0.0,,21355.399587191354,
test,5009,0.25,B0_SPC_observed,SLOWDOWN,True,1.2601684573104932,4.936240980386517,36,0.0,0.0,,,,0.0,0.0,,,
test,5009,0.25,B1_IsolationForest,SLOWDOWN,True,1.2601684573104932,0.7090738077922258,36,0.5833333333333334,1.0,0.0,0.0,7.0,0.0,0.0,,21063.252120029974,
test,5010,1.0,RippleTwin,SLOWDOWN,False,1.4180308973979445,45.562612595121664,62,0.4838709677419355,1.0,1.0,1.0,0.0,1.0,1.0,157.66269720552992,28869.256569380457,28869.256569380457
test,5010,1.0,B2_observed_only_twin,SLOWDOWN,False,1.4180308973979445,45.562612595121664,62,0.4838709677419355,1.0,1.0,1.0,0.0,1.0,1.0,157.66269720552992,28869.256569380457,28869.256569380457
test,5010,1.0,B0_SPC_observed,SLOWDOWN,False,1.4180308973979445,5.237133527699475,62,0.4838709677419355,1.0,1.0,1.0,0.0,1.0,1.0,157.66269720552992,28869.256569380457,28869.256569380457
test,5010,1.0,B1_IsolationForest,SLOWDOWN,False,1.4180308973979445,0.7565752413847274,62,0.4838709677419355,1.0,1.0,1.0,0.0,1.0,1.0,157.66269720552992,28869.256569380457,28869.256569380457
test,5010,0.75,RippleTwin,SLOWDOWN,True,1.4180308973979445,32.119525394492335,62,0.0967741935483871,1.0,0.8333333333333334,1.0,0.0,1.0,1.0,122.7833355714544,30962.018267424988,30962.018267424988
test,5010,0.75,B2_observed_only_twin,SLOWDOWN,True,1.4180308973979445,32.119525394492335,62,0.04838709677419355,1.0,0.0,1.0,1.0,0.0,1.0,122.7833355714544,30962.018267424988,30962.018267424988
test,5010,0.75,B0_SPC_observed,SLOWDOWN,True,1.4180308973979445,5.237133527699475,62,0.0,0.0,,,,0.0,0.0,,,
test,5010,0.75,B1_IsolationForest,SLOWDOWN,True,1.4180308973979445,0.7565752413847274,62,0.0,0.0,,,,0.0,0.0,,,
test,5010,0.5,RippleTwin,SLOWDOWN,True,1.4180308973979445,42.892326734815505,62,0.03225806451612903,1.0,1.0,1.0,0.0,1.0,1.0,-2.186766785720344,38460.22440885547,38460.22440885547
test,5010,0.5,B2_observed_only_twin,SLOWDOWN,True,1.4180308973979445,42.892326734815505,62,0.0,0.0,,,,0.0,0.0,,,
test,5010,0.5,B0_SPC_observed,SLOWDOWN,True,1.4180308973979445,5.237133527699475,62,0.0,0.0,,,,0.0,0.0,,,
test,5010,0.5,B1_IsolationForest,SLOWDOWN,True,1.4180308973979445,0.7565752413847274,62,0.0,0.0,,,,0.0,0.0,,,
test,5010,0.25,RippleTwin,SLOWDOWN,True,1.4180308973979445,27.136223649542885,62,0.08064516129032258,1.0,0.0,0.0,2.0,0.0,0.0,,36058.67256613586,
test,5010,0.25,B2_observed_only_twin,SLOWDOWN,True,1.4180308973979445,26.168542400051628,62,0.08064516129032258,1.0,0.0,0.0,3.0,0.0,0.0,,36058.67256613586,
test,5010,0.25,B0_SPC_observed,SLOWDOWN,True,1.4180308973979445,4.936240980386517,62,0.0,0.0,,,,0.0,0.0,,,
test,5010,0.25,B1_IsolationForest,SLOWDOWN,True,1.4180308973979445,0.7090738077922258,62,0.0,0.0,,,,0.0,0.0,,,
test,5011,1.0,RippleTwin,SLOWDOWN,False,1.4485291535733276,45.562612595121664,41,0.7073170731707317,1.0,1.0,1.0,0.0,1.0,1.0,,21358.938332288973,
test,5011,1.0,B2_observed_only_twin,SLOWDOWN,False,1.4485291535733276,45.562612595121664,41,0.7073170731707317,1.0,1.0,1.0,0.0,1.0,1.0,,21358.938332288973,
test,5011,1.0,B0_SPC_observed,SLOWDOWN,False,1.4485291535733276,5.237133527699475,41,0.7317073170731707,1.0,0.9333333333333333,0.9333333333333333,0.0,1.0,1.0,,21358.938332288973,
test,5011,1.0,B1_IsolationForest,SLOWDOWN,False,1.4485291535733276,0.7565752413847274,41,0.17073170731707318,1.0,0.0,0.14285714285714285,4.0,0.0,0.0,,21656.057125071955,
test,5011,0.75,RippleTwin,SLOWDOWN,True,1.4485291535733276,32.119525394492335,41,0.7073170731707317,1.0,0.896551724137931,1.0,0.0,1.0,1.0,,21656.057125071955,
test,5011,0.75,B2_observed_only_twin,SLOWDOWN,True,1.4485291535733276,32.119525394492335,41,0.6829268292682927,1.0,0.0,1.0,1.0,0.0,1.0,,21656.057125071955,
test,5011,0.75,B0_SPC_observed,SLOWDOWN,True,1.4485291535733276,5.237133527699475,41,0.04878048780487805,1.0,0.0,0.0,13.0,0.0,0.0,,35486.65835427719,
test,5011,0.75,B1_IsolationForest,SLOWDOWN,True,1.4485291535733276,0.7565752413847274,41,0.17073170731707318,1.0,0.0,0.14285714285714285,4.0,0.0,0.0,,21656.057125071955,
test,5011,0.5,RippleTwin,SLOWDOWN,True,1.4485291535733276,42.892326734815505,41,0.7073170731707317,1.0,0.0,0.0,3.0,0.0,0.0,,22553.081020225247,
test,5011,0.5,B2_observed_only_twin,SLOWDOWN,True,1.4485291535733276,42.892326734815505,41,0.7073170731707317,1.0,0.0,0.0,4.0,0.0,0.0,,22553.081020225247,
test,5011,0.5,B0_SPC_observed,SLOWDOWN,True,1.4485291535733276,5.237133527699475,41,0.04878048780487805,1.0,0.0,0.0,13.0,0.0,0.0,,35486.65835427719,
test,5011,0.5,B1_IsolationForest,SLOWDOWN,True,1.4485291535733276,0.7565752413847274,41,0.12195121951219512,1.0,0.0,0.0,4.0,0.0,0.0,,21656.057125071955,
test,5011,0.25,RippleTwin,SLOWDOWN,True,1.4485291535733276,27.136223649542885,41,0.4634146341463415,1.0,0.0,0.42105263157894735,2.0,0.0,1.0,,25859.334337126136,
test,5011,0.25,B2_observed_only_twin,SLOWDOWN,True,1.4485291535733276,26.168542400051628,41,0.4634146341463415,1.0,0.0,0.0,2.0,0.0,0.0,,25859.334337126136,
test,5011,0.25,B0_SPC_observed,SLOWDOWN,True,1.4485291535733276,4.936240980386517,41,0.0,0.0,,,,0.0,0.0,,,
test,5011,0.25,B1_IsolationForest,SLOWDOWN,True,1.4485291535733276,0.7090738077922258,41,0.36585365853658536,1.0,0.0,0.0,6.0,0.0,0.0,,25258.285465839806,
test,5014,1.0,RippleTwin,QUALITY_DRIFT,False,13.019213797604646,45.562612595121664,63,0.0,0.0,,,,0.0,0.0,,,
test,5014,1.0,B2_observed_only_twin,QUALITY_DRIFT,False,13.019213797604646,45.562612595121664,63,0.0,0.0,,,,0.0,0.0,,,
test,5014,1.0,B0_SPC_observed,QUALITY_DRIFT,False,13.019213797604646,5.237133527699475,63,0.031746031746031744,1.0,0.0,0.0,33.0,0.0,0.0,,51704.629573649094,
test,5014,1.0,B1_IsolationForest,QUALITY_DRIFT,False,13.019213797604646,0.7565752413847274,63,0.0,0.0,,,,0.0,0.0,,,
test,5014,0.75,RippleTwin,QUALITY_DRIFT,False,13.019213797604646,32.119525394492335,63,0.0,0.0,,,,0.0,0.0,,,
test,5014,0.75,B2_observed_only_twin,QUALITY_DRIFT,False,13.019213797604646,32.119525394492335,63,0.0,0.0,,,,0.0,0.0,,,
test,5014,0.75,B0_SPC_observed,QUALITY_DRIFT,False,13.019213797604646,5.237133527699475,63,0.031746031746031744,1.0,0.0,0.0,33.0,0.0,0.0,,51704.629573649094,
test,5014,0.75,B1_IsolationForest,QUALITY_DRIFT,False,13.019213797604646,0.7565752413847274,63,0.0,0.0,,,,0.0,0.0,,,
test,5014,0.5,RippleTwin,QUALITY_DRIFT,False,13.019213797604646,42.892326734815505,63,0.0,0.0,,,,0.0,0.0,,,
test,5014,0.5,B2_observed_only_twin,QUALITY_DRIFT,False,13.019213797604646,42.892326734815505,63,0.0,0.0,,,,0.0,0.0,,,
test,5014,0.5,B0_SPC_observed,QUALITY_DRIFT,False,13.019213797604646,5.237133527699475,63,0.031746031746031744,1.0,0.0,0.0,33.0,0.0,0.0,,51704.629573649094,
test,5014,0.5,B1_IsolationForest,QUALITY_DRIFT,False,13.019213797604646,0.7565752413847274,63,0.0,0.0,,,,0.0,0.0,,,
test,5014,0.25,RippleTwin,QUALITY_DRIFT,True,13.019213797604646,27.136223649542885,63,0.0,0.0,,,,0.0,0.0,,,
test,5014,0.25,B2_observed_only_twin,QUALITY_DRIFT,True,13.019213797604646,26.168542400051628,63,0.0,0.0,,,,0.0,0.0,,,
test,5014,0.25,B0_SPC_observed,QUALITY_DRIFT,True,13.019213797604646,4.936240980386517,63,0.0,0.0,,,,0.0,0.0,,,
test,5014,0.25,B1_IsolationForest,QUALITY_DRIFT,True,13.019213797604646,0.7090738077922258,63,0.0,0.0,,,,0.0,0.0,,,
test,5015,1.0,RippleTwin,QUALITY_DRIFT,False,9.84571496591007,45.562612595121664,73,0.0,0.0,,,,0.0,0.0,,,
test,5015,1.0,B2_observed_only_twin,QUALITY_DRIFT,False,9.84571496591007,45.562612595121664,73,0.0,0.0,,,,0.0,0.0,,,
test,5015,1.0,B0_SPC_observed,QUALITY_DRIFT,False,9.84571496591007,5.237133527699475,73,0.0,0.0,,,,0.0,0.0,,,
test,5015,1.0,B1_IsolationForest,QUALITY_DRIFT,False,9.84571496591007,0.7565752413847274,73,0.0,0.0,,,,0.0,0.0,,,
test,5015,0.75,RippleTwin,QUALITY_DRIFT,True,9.84571496591007,32.119525394492335,73,0.0,0.0,,,,0.0,0.0,,,
test,5015,0.75,B2_observed_only_twin,QUALITY_DRIFT,True,9.84571496591007,32.119525394492335,73,0.0,0.0,,,,0.0,0.0,,,
test,5015,0.75,B0_SPC_observed,QUALITY_DRIFT,True,9.84571496591007,5.237133527699475,73,0.0,0.0,,,,0.0,0.0,,,
test,5015,0.75,B1_IsolationForest,QUALITY_DRIFT,True,9.84571496591007,0.7565752413847274,73,0.0,0.0,,,,0.0,0.0,,,
test,5015,0.5,RippleTwin,QUALITY_DRIFT,True,9.84571496591007,42.892326734815505,73,0.0,0.0,,,,0.0,0.0,,,
test,5015,0.5,B2_observed_only_twin,QUALITY_DRIFT,True,9.84571496591007,42.892326734815505,73,0.0,0.0,,,,0.0,0.0,,,
test,5015,0.5,B0_SPC_observed,QUALITY_DRIFT,True,9.84571496591007,5.237133527699475,73,0.0,0.0,,,,0.0,0.0,,,
test,5015,0.5,B1_IsolationForest,QUALITY_DRIFT,True,9.84571496591007,0.7565752413847274,73,0.0,0.0,,,,0.0,0.0,,,
test,5015,0.25,RippleTwin,QUALITY_DRIFT,True,9.84571496591007,27.136223649542885,73,0.0,0.0,,,,0.0,0.0,,,
test,5015,0.25,B2_observed_only_twin,QUALITY_DRIFT,True,9.84571496591007,26.168542400051628,73,0.0,0.0,,,,0.0,0.0,,,
test,5015,0.25,B0_SPC_observed,QUALITY_DRIFT,True,9.84571496591007,4.936240980386517,73,0.0,0.0,,,,0.0,0.0,,,
test,5015,0.25,B1_IsolationForest,QUALITY_DRIFT,True,9.84571496591007,0.7090738077922258,73,0.0,0.0,,,,0.0,0.0,,,
test,5017,1.0,RippleTwin,QUALITY_DRIFT,False,11.271547897221904,45.562612595121664,65,0.0,0.0,,,,0.0,0.0,,,
test,5017,1.0,B2_observed_only_twin,QUALITY_DRIFT,False,11.271547897221904,45.562612595121664,65,0.0,0.0,,,,0.0,0.0,,,
test,5017,1.0,B0_SPC_observed,QUALITY_DRIFT,False,11.271547897221904,5.237133527699475,65,0.0,0.0,,,,0.0,0.0,,,
test,5017,1.0,B1_IsolationForest,QUALITY_DRIFT,False,11.271547897221904,0.7565752413847274,65,0.0,0.0,,,,0.0,0.0,,,
test,5017,0.75,RippleTwin,QUALITY_DRIFT,False,11.271547897221904,32.119525394492335,65,0.0,0.0,,,,0.0,0.0,,,
test,5017,0.75,B2_observed_only_twin,QUALITY_DRIFT,False,11.271547897221904,32.119525394492335,65,0.0,0.0,,,,0.0,0.0,,,
test,5017,0.75,B0_SPC_observed,QUALITY_DRIFT,False,11.271547897221904,5.237133527699475,65,0.0,0.0,,,,0.0,0.0,,,
test,5017,0.75,B1_IsolationForest,QUALITY_DRIFT,False,11.271547897221904,0.7565752413847274,65,0.0,0.0,,,,0.0,0.0,,,
test,5017,0.5,RippleTwin,QUALITY_DRIFT,False,11.271547897221904,42.892326734815505,65,0.0,0.0,,,,0.0,0.0,,,
test,5017,0.5,B2_observed_only_twin,QUALITY_DRIFT,False,11.271547897221904,42.892326734815505,65,0.0,0.0,,,,0.0,0.0,,,
test,5017,0.5,B0_SPC_observed,QUALITY_DRIFT,False,11.271547897221904,5.237133527699475,65,0.0,0.0,,,,0.0,0.0,,,
test,5017,0.5,B1_IsolationForest,QUALITY_DRIFT,False,11.271547897221904,0.7565752413847274,65,0.0,0.0,,,,0.0,0.0,,,
test,5017,0.25,RippleTwin,QUALITY_DRIFT,True,11.271547897221904,27.136223649542885,65,0.0,0.0,,,,0.0,0.0,,,
test,5017,0.25,B2_observed_only_twin,QUALITY_DRIFT,True,11.271547897221904,26.168542400051628,65,0.0,0.0,,,,0.0,0.0,,,
test,5017,0.25,B0_SPC_observed,QUALITY_DRIFT,True,11.271547897221904,4.936240980386517,65,0.0,0.0,,,,0.0,0.0,,,
test,5017,0.25,B1_IsolationForest,QUALITY_DRIFT,True,11.271547897221904,0.7090738077922258,65,0.0,0.0,,,,0.0,0.0,,,
test,5018,1.0,RippleTwin,SLOWDOWN,False,1.2030161082769026,45.562612595121664,49,0.08163265306122448,1.0,1.0,1.0,0.0,1.0,1.0,,33060.660992464494,
test,5018,1.0,B2_observed_only_twin,SLOWDOWN,False,1.2030161082769026,45.562612595121664,49,0.08163265306122448,1.0,1.0,1.0,0.0,1.0,1.0,,33060.660992464494,
test,5018,1.0,B0_SPC_observed,SLOWDOWN,False,1.2030161082769026,5.237133527699475,49,0.40816326530612246,1.0,1.0,1.0,0.0,1.0,1.0,,22262.26320643244,
test,5018,1.0,B1_IsolationForest,SLOWDOWN,False,1.2030161082769026,0.7565752413847274,49,0.04081632653061224,1.0,0.0,0.0,4.0,0.0,0.0,,32764.77943680377,
test,5018,0.75,RippleTwin,SLOWDOWN,True,1.2030161082769026,32.119525394492335,49,0.061224489795918366,1.0,1.0,1.0,0.0,1.0,1.0,,33060.660992464494,
test,5018,0.75,B2_observed_only_twin,SLOWDOWN,True,1.2030161082769026,32.119525394492335,49,0.04081632653061224,1.0,0.0,1.0,1.0,0.0,1.0,,33350.92495946301,
test,5018,0.75,B0_SPC_observed,SLOWDOWN,True,1.2030161082769026,5.237133527699475,49,0.0,0.0,,,,0.0,0.0,,,
test,5018,0.75,B1_IsolationForest,SLOWDOWN,True,1.2030161082769026,0.7565752413847274,49,0.04081632653061224,1.0,0.0,0.0,4.0,0.0,0.0,,32764.77943680377,
test,5018,0.5,RippleTwin,SLOWDOWN,True,1.2030161082769026,42.892326734815505,49,0.0,0.0,,,,0.0,0.0,,,
test,5018,0.5,B2_observed_only_twin,SLOWDOWN,True,1.2030161082769026,42.892326734815505,49,0.0,0.0,,,,0.0,0.0,,,
test,5018,0.5,B0_SPC_observed,SLOWDOWN,True,1.2030161082769026,5.237133527699475,49,0.0,0.0,,,,0.0,0.0,,,
test,5018,0.5,B1_IsolationForest,SLOWDOWN,True,1.2030161082769026,0.7565752413847274,49,0.04081632653061224,1.0,0.0,0.0,4.0,0.0,0.0,,32764.77943680377,
test,5018,0.25,RippleTwin,SLOWDOWN,True,1.2030161082769026,27.136223649542885,49,0.0,0.0,,,,0.0,0.0,,,
test,5018,0.25,B2_observed_only_twin,SLOWDOWN,True,1.2030161082769026,26.168542400051628,49,0.0,0.0,,,,0.0,0.0,,,
test,5018,0.25,B0_SPC_observed,SLOWDOWN,True,1.2030161082769026,4.936240980386517,49,0.0,0.0,,,,0.0,0.0,,,
test,5018,0.25,B1_IsolationForest,SLOWDOWN,True,1.2030161082769026,0.7090738077922258,49,0.0,0.0,,,,0.0,0.0,,,
test,5020,1.0,RippleTwin,QUALITY_DRIFT,False,10.688048124695761,45.562612595121664,59,0.13559322033898305,1.0,0.0,0.0,37.0,0.0,0.0,,43262.11433531734,
test,5020,1.0,B2_observed_only_twin,QUALITY_DRIFT,False,10.688048124695761,45.562612595121664,59,0.13559322033898305,1.0,0.0,0.0,37.0,0.0,0.0,,43262.11433531734,
test,5020,1.0,B0_SPC_observed,QUALITY_DRIFT,False,10.688048124695761,5.237133527699475,59,0.03389830508474576,1.0,0.0,0.0,32.0,0.0,0.0,,55073.5628231764,
test,5020,1.0,B1_IsolationForest,QUALITY_DRIFT,False,10.688048124695761,0.7565752413847274,59,0.0,0.0,,,,0.0,0.0,,,
test,5020,0.75,RippleTwin,QUALITY_DRIFT,True,10.688048124695761,32.119525394492335,59,0.13559322033898305,1.0,0.0,0.0,36.0,0.0,0.0,,43262.11433531734,
test,5020,0.75,B2_observed_only_twin,QUALITY_DRIFT,True,10.688048124695761,32.119525394492335,59,0.13559322033898305,1.0,0.0,0.0,37.0,0.0,0.0,,43262.11433531734,
test,5020,0.75,B0_SPC_observed,QUALITY_DRIFT,True,10.688048124695761,5.237133527699475,59,0.03389830508474576,1.0,0.0,0.0,32.0,0.0,0.0,,55073.5628231764,
test,5020,0.75,B1_IsolationForest,QUALITY_DRIFT,True,10.688048124695761,0.7565752413847274,59,0.0,0.0,,,,0.0,0.0,,,
test,5020,0.5,RippleTwin,QUALITY_DRIFT,True,10.688048124695761,42.892326734815505,59,0.13559322033898305,1.0,0.0,0.0,36.0,0.0,0.0,,43262.11433531734,
test,5020,0.5,B2_observed_only_twin,QUALITY_DRIFT,True,10.688048124695761,42.892326734815505,59,0.13559322033898305,1.0,0.0,0.0,37.0,0.0,0.0,,43262.11433531734,
test,5020,0.5,B0_SPC_observed,QUALITY_DRIFT,True,10.688048124695761,5.237133527699475,59,0.0,0.0,,,,0.0,0.0,,,
test,5020,0.5,B1_IsolationForest,QUALITY_DRIFT,True,10.688048124695761,0.7565752413847274,59,0.0,0.0,,,,0.0,0.0,,,
test,5020,0.25,RippleTwin,QUALITY_DRIFT,True,10.688048124695761,27.136223649542885,59,0.11864406779661017,1.0,0.0,0.0,36.0,0.0,0.0,,43262.11433531734,
test,5020,0.25,B2_observed_only_twin,QUALITY_DRIFT,True,10.688048124695761,26.168542400051628,59,0.11864406779661017,1.0,0.0,0.0,37.0,0.0,0.0,,43262.11433531734,
test,5020,0.25,B0_SPC_observed,QUALITY_DRIFT,True,10.688048124695761,4.936240980386517,59,0.0,0.0,,,,0.0,0.0,,,
test,5020,0.25,B1_IsolationForest,QUALITY_DRIFT,True,10.688048124695761,0.7090738077922258,59,0.03389830508474576,1.0,0.0,0.0,24.0,0.0,0.0,,43262.11433531734,
test,5021,1.0,RippleTwin,COMBINED,False,1.2630645324144383,45.562612595121664,72,0.5277777777777778,1.0,1.0,1.0,0.0,1.0,1.0,397.66242073996307,19855.613851383776,19855.613851383776
test,5021,1.0,B2_observed_only_twin,COMBINED,False,1.2630645324144383,45.562612595121664,72,0.5277777777777778,1.0,1.0,1.0,0.0,1.0,1.0,397.66242073996307,19855.613851383776,19855.613851383776
test,5021,1.0,B0_SPC_observed,COMBINED,False,1.2630645324144383,5.237133527699475,72,0.5972222222222222,1.0,1.0,1.0,0.0,1.0,1.0,407.7167924150204,19252.35155088034,19252.35155088034
test,5021,1.0,B1_IsolationForest,COMBINED,False,1.2630645324144383,0.7565752413847274,72,0.1111111111111111,1.0,0.0,0.0,2.0,0.0,0.0,,26454.26784576096,
test,5021,0.75,RippleTwin,COMBINED,True,1.2630645324144383,32.119525394492335,72,0.013888888888888888,1.0,1.0,1.0,0.0,1.0,1.0,212.4066123482682,30970.96235488547,30970.96235488547
test,5021,0.75,B2_observed_only_twin,COMBINED,True,1.2630645324144383,32.119525394492335,72,0.013888888888888888,1.0,0.0,1.0,1.0,0.0,1.0,212.4066123482682,30970.96235488547,30970.96235488547
test,5021,0.75,B0_SPC_observed,COMBINED,True,1.2630645324144383,5.237133527699475,72,0.0,0.0,,,,0.0,0.0,,,
test,5021,0.75,B1_IsolationForest,COMBINED,True,1.2630645324144383,0.7565752413847274,72,0.1111111111111111,1.0,0.0,0.0,2.0,0.0,0.0,,26454.26784576096,
test,5021,0.5,RippleTwin,COMBINED,True,1.2630645324144383,42.892326734815505,72,0.013888888888888888,1.0,1.0,1.0,0.0,1.0,1.0,212.4066123482682,30970.96235488547,30970.96235488547
test,5021,0.5,B2_observed_only_twin,COMBINED,True,1.2630645324144383,42.892326734815505,72,0.013888888888888888,1.0,0.0,1.0,1.0,0.0,1.0,212.4066123482682,30970.96235488547,30970.96235488547
test,5021,0.5,B0_SPC_observed,COMBINED,True,1.2630645324144383,5.237133527699475,72,0.0,0.0,,,,0.0,0.0,,,
test,5021,0.5,B1_IsolationForest,COMBINED,True,1.2630645324144383,0.7565752413847274,72,0.1111111111111111,1.0,0.0,0.0,2.0,0.0,0.0,,26454.26784576096,
test,5021,0.25,RippleTwin,COMBINED,True,1.2630645324144383,27.136223649542885,72,0.06944444444444445,1.0,0.0,0.0,2.0,0.0,0.0,,28857.446800767273,
test,5021,0.25,B2_observed_only_twin,COMBINED,True,1.2630645324144383,26.168542400051628,72,0.06944444444444445,1.0,0.0,0.0,3.0,0.0,0.0,,28857.446800767273,
test,5021,0.25,B0_SPC_observed,COMBINED,True,1.2630645324144383,4.936240980386517,72,0.041666666666666664,1.0,0.0,0.0,10.0,0.0,0.0,,38164.79578403313,
test,5021,0.25,B1_IsolationForest,COMBINED,True,1.2630645324144383,0.7090738077922258,72,0.2777777777777778,1.0,0.0,0.0,2.0,0.0,0.0,,26154.574161520413,
test,5022,1.0,RippleTwin,SLOWDOWN,False,1.3539098816349975,45.562612595121664,49,0.7142857142857143,1.0,1.0,1.0,0.0,1.0,1.0,,33351.78173857268,
test,5022,1.0,B2_observed_only_twin,SLOWDOWN,False,1.3539098816349975,45.562612595121664,49,0.7142857142857143,1.0,1.0,1.0,0.0,1.0,1.0,,33351.78173857268,
test,5022,1.0,B0_SPC_observed,SLOWDOWN,False,1.3539098816349975,5.237133527699475,49,0.6938775510204082,1.0,1.0,1.0,0.0,1.0,1.0,,33351.78173857268,
test,5022,1.0,B1_IsolationForest,SLOWDOWN,False,1.3539098816349975,0.7565752413847274,49,0.10204081632653061,1.0,0.0,0.0,4.0,0.0,0.0,,38456.52184127292,
test,5022,0.75,RippleTwin,SLOWDOWN,True,1.3539098816349975,32.119525394492335,49,0.6938775510204082,1.0,0.8823529411764706,1.0,0.0,1.0,1.0,,34859.54666731828,
test,5022,0.75,B2_observed_only_twin,SLOWDOWN,True,1.3539098816349975,32.119525394492335,49,0.673469387755102,1.0,0.0,1.0,1.0,0.0,1.0,,35153.61890703757,
test,5022,0.75,B0_SPC_observed,SLOWDOWN,True,1.3539098816349975,5.237133527699475,49,0.0,0.0,,,,0.0,0.0,,,
test,5022,0.75,B1_IsolationForest,SLOWDOWN,True,1.3539098816349975,0.7565752413847274,49,0.10204081632653061,1.0,0.0,0.0,4.0,0.0,0.0,,38456.52184127292,
test,5022,0.5,RippleTwin,SLOWDOWN,True,1.3539098816349975,42.892326734815505,49,0.40816326530612246,1.0,0.0,0.0,3.0,0.0,0.0,,39063.34443742151,
test,5022,0.5,B2_observed_only_twin,SLOWDOWN,True,1.3539098816349975,42.892326734815505,49,0.40816326530612246,1.0,0.0,0.0,4.0,0.0,0.0,,39063.34443742151,
test,5022,0.5,B0_SPC_observed,SLOWDOWN,True,1.3539098816349975,5.237133527699475,49,0.0,0.0,,,,0.0,0.0,,,
test,5022,0.5,B1_IsolationForest,SLOWDOWN,True,1.3539098816349975,0.7565752413847274,49,0.10204081632653061,1.0,0.0,0.0,4.0,0.0,0.0,,38456.52184127292,
test,5022,0.25,RippleTwin,SLOWDOWN,True,1.3539098816349975,27.136223649542885,49,0.10204081632653061,1.0,0.0,1.0,1.0,0.0,1.0,,41754.387548868304,
test,5022,0.25,B2_observed_only_twin,SLOWDOWN,True,1.3539098816349975,26.168542400051628,49,0.10204081632653061,1.0,0.0,0.0,2.0,0.0,0.0,,41754.387548868304,
test,5022,0.25,B0_SPC_observed,SLOWDOWN,True,1.3539098816349975,4.936240980386517,49,0.0,0.0,,,,0.0,0.0,,,
test,5022,0.25,B1_IsolationForest,SLOWDOWN,True,1.3539098816349975,0.7090738077922258,49,0.16326530612244897,1.0,0.0,0.0,6.0,0.0,0.0,,41152.90730858841,
test,5026,1.0,RippleTwin,QUALITY_DRIFT,False,6.931270144147872,45.562612595121664,62,0.0,0.0,,,,0.0,0.0,,,
test,5026,1.0,B2_observed_only_twin,QUALITY_DRIFT,False,6.931270144147872,45.562612595121664,62,0.0,0.0,,,,0.0,0.0,,,
test,5026,1.0,B0_SPC_observed,QUALITY_DRIFT,False,6.931270144147872,5.237133527699475,62,0.016129032258064516,1.0,0.0,0.0,2.0,0.0,0.0,,47758.41373575783,
test,5026,1.0,B1_IsolationForest,QUALITY_DRIFT,False,6.931270144147872,0.7565752413847274,62,0.0,0.0,,,,0.0,0.0,,,
test,5026,0.75,RippleTwin,QUALITY_DRIFT,True,6.931270144147872,32.119525394492335,62,0.0,0.0,,,,0.0,0.0,,,
test,5026,0.75,B2_observed_only_twin,QUALITY_DRIFT,True,6.931270144147872,32.119525394492335,62,0.0,0.0,,,,0.0,0.0,,,
test,5026,0.75,B0_SPC_observed,QUALITY_DRIFT,True,6.931270144147872,5.237133527699475,62,0.016129032258064516,1.0,0.0,0.0,2.0,0.0,0.0,,47758.41373575783,
test,5026,0.75,B1_IsolationForest,QUALITY_DRIFT,True,6.931270144147872,0.7565752413847274,62,0.0,0.0,,,,0.0,0.0,,,
test,5026,0.5,RippleTwin,QUALITY_DRIFT,True,6.931270144147872,42.892326734815505,62,0.0,0.0,,,,0.0,0.0,,,
test,5026,0.5,B2_observed_only_twin,QUALITY_DRIFT,True,6.931270144147872,42.892326734815505,62,0.0,0.0,,,,0.0,0.0,,,
test,5026,0.5,B0_SPC_observed,QUALITY_DRIFT,True,6.931270144147872,5.237133527699475,62,0.016129032258064516,1.0,0.0,0.0,2.0,0.0,0.0,,47758.41373575783,
test,5026,0.5,B1_IsolationForest,QUALITY_DRIFT,True,6.931270144147872,0.7565752413847274,62,0.0,0.0,,,,0.0,0.0,,,
test,5026,0.25,RippleTwin,QUALITY_DRIFT,True,6.931270144147872,27.136223649542885,62,0.0,0.0,,,,0.0,0.0,,,
test,5026,0.25,B2_observed_only_twin,QUALITY_DRIFT,True,6.931270144147872,26.168542400051628,62,0.0,0.0,,,,0.0,0.0,,,
test,5026,0.25,B0_SPC_observed,QUALITY_DRIFT,True,6.931270144147872,4.936240980386517,62,0.0,0.0,,,,0.0,0.0,,,
test,5026,0.25,B1_IsolationForest,QUALITY_DRIFT,True,6.931270144147872,0.7090738077922258,62,0.0,0.0,,,,0.0,0.0,,,
test,5027,1.0,RippleTwin,SLOWDOWN,False,1.2682430732073742,45.562612595121664,36,0.9722222222222222,1.0,1.0,1.0,0.0,1.0,1.0,,40003.576817733105,
test,5027,1.0,B2_observed_only_twin,SLOWDOWN,False,1.2682430732073742,45.562612595121664,36,0.9722222222222222,1.0,1.0,1.0,0.0,1.0,1.0,,40003.576817733105,
test,5027,1.0,B0_SPC_observed,SLOWDOWN,False,1.2682430732073742,5.237133527699475,36,0.9444444444444444,1.0,1.0,1.0,0.0,1.0,1.0,,39057.8921533909,
test,5027,1.0,B1_IsolationForest,SLOWDOWN,False,1.2682430732073742,0.7565752413847274,36,0.0,0.0,,,,0.0,0.0,,,
test,5027,0.75,RippleTwin,SLOWDOWN,True,1.2682430732073742,32.119525394492335,36,1.0,1.0,0.9444444444444444,1.0,0.0,1.0,1.0,,40003.576817733105,
test,5027,0.75,B2_observed_only_twin,SLOWDOWN,True,1.2682430732073742,32.119525394492335,36,1.0,1.0,0.0,1.0,1.0,0.0,1.0,,40003.576817733105,
test,5027,0.75,B0_SPC_observed,SLOWDOWN,True,1.2682430732073742,5.237133527699475,36,0.0,0.0,,,,0.0,0.0,,,
test,5027,0.75,B1_IsolationForest,SLOWDOWN,True,1.2682430732073742,0.7565752413847274,36,0.0,0.0,,,,0.0,0.0,,,
test,5027,0.5,RippleTwin,SLOWDOWN,True,1.2682430732073742,42.892326734815505,36,0.9722222222222222,1.0,0.9428571428571428,1.0,0.0,1.0,1.0,,40361.53836575432,
test,5027,0.5,B2_observed_only_twin,SLOWDOWN,True,1.2682430732073742,42.892326734815505,36,0.9722222222222222,1.0,0.0,1.0,1.0,0.0,1.0,,40361.53836575432,
test,5027,0.5,B0_SPC_observed,SLOWDOWN,True,1.2682430732073742,5.237133527699475,36,0.0,0.0,,,,0.0,0.0,,,
test,5027,0.5,B1_IsolationForest,SLOWDOWN,True,1.2682430732073742,0.7565752413847274,36,0.0,0.0,,,,0.0,0.0,,,
test,5027,0.25,RippleTwin,SLOWDOWN,True,1.2682430732073742,27.136223649542885,36,0.9166666666666666,1.0,0.8787878787878788,0.9393939393939394,0.0,1.0,1.0,,40709.02523681117,
test,5027,0.25,B2_observed_only_twin,SLOWDOWN,True,1.2682430732073742,26.168542400051628,36,0.9444444444444444,1.0,0.0,1.0,1.0,0.0,1.0,,40709.02523681117,
test,5027,0.25,B0_SPC_observed,SLOWDOWN,True,1.2682430732073742,4.936240980386517,36,0.0,0.0,,,,0.0,0.0,,,
test,5027,0.25,B1_IsolationForest,SLOWDOWN,True,1.2682430732073742,0.7090738077922258,36,0.1111111111111111,1.0,0.0,0.0,9.0,0.0,0.0,,41819.41672687152,
test,5029,1.0,RippleTwin,QUALITY_DRIFT,False,11.674801625920002,45.562612595121664,49,0.02040816326530612,1.0,0.0,0.0,16.0,0.0,0.0,,41166.551717298986,
test,5029,1.0,B2_observed_only_twin,QUALITY_DRIFT,False,11.674801625920002,45.562612595121664,49,0.02040816326530612,1.0,0.0,0.0,16.0,0.0,0.0,,41166.551717298986,
test,5029,1.0,B0_SPC_observed,QUALITY_DRIFT,False,11.674801625920002,5.237133527699475,49,0.0,0.0,,,,0.0,0.0,,,
test,5029,1.0,B1_IsolationForest,QUALITY_DRIFT,False,11.674801625920002,0.7565752413847274,49,0.0,0.0,,,,0.0,0.0,,,
test,5029,0.75,RippleTwin,QUALITY_DRIFT,True,11.674801625920002,32.119525394492335,49,0.02040816326530612,1.0,0.0,0.0,17.0,0.0,0.0,,41166.551717298986,
test,5029,0.75,B2_observed_only_twin,QUALITY_DRIFT,True,11.674801625920002,32.119525394492335,49,0.02040816326530612,1.0,0.0,0.0,16.0,0.0,0.0,,41166.551717298986,
test,5029,0.75,B0_SPC_observed,QUALITY_DRIFT,True,11.674801625920002,5.237133527699475,49,0.0,0.0,,,,0.0,0.0,,,
test,5029,0.75,B1_IsolationForest,QUALITY_DRIFT,True,11.674801625920002,0.7565752413847274,49,0.0,0.0,,,,0.0,0.0,,,
test,5029,0.5,RippleTwin,QUALITY_DRIFT,True,11.674801625920002,42.892326734815505,49,0.02040816326530612,1.0,0.0,0.0,17.0,0.0,0.0,,41166.551717298986,
test,5029,0.5,B2_observed_only_twin,QUALITY_DRIFT,True,11.674801625920002,42.892326734815505,49,0.02040816326530612,1.0,0.0,0.0,16.0,0.0,0.0,,41166.551717298986,
test,5029,0.5,B0_SPC_observed,QUALITY_DRIFT,True,11.674801625920002,5.237133527699475,49,0.0,0.0,,,,0.0,0.0,,,
test,5029,0.5,B1_IsolationForest,QUALITY_DRIFT,True,11.674801625920002,0.7565752413847274,49,0.0,0.0,,,,0.0,0.0,,,
test,5029,0.25,RippleTwin,QUALITY_DRIFT,True,11.674801625920002,27.136223649542885,49,0.0,0.0,,,,0.0,0.0,,,
test,5029,0.25,B2_observed_only_twin,QUALITY_DRIFT,True,11.674801625920002,26.168542400051628,49,0.0,0.0,,,,0.0,0.0,,,
test,5029,0.25,B0_SPC_observed,QUALITY_DRIFT,True,11.674801625920002,4.936240980386517,49,0.0,0.0,,,,0.0,0.0,,,
test,5029,0.25,B1_IsolationForest,QUALITY_DRIFT,True,11.674801625920002,0.7090738077922258,49,0.0,0.0,,,,0.0,0.0,,,
test,5030,1.0,RippleTwin,COMBINED,False,1.2713160039732971,45.562612595121664,51,0.11764705882352941,1.0,1.0,1.0,0.0,1.0,1.0,,36952.339304568406,
test,5030,1.0,B2_observed_only_twin,COMBINED,False,1.2713160039732971,45.562612595121664,51,0.11764705882352941,1.0,1.0,1.0,0.0,1.0,1.0,,36952.339304568406,
test,5030,1.0,B0_SPC_observed,COMBINED,False,1.2713160039732971,5.237133527699475,51,0.7058823529411765,1.0,1.0,1.0,0.0,1.0,1.0,,31257.25000187461,
test,5030,1.0,B1_IsolationForest,COMBINED,False,1.2713160039732971,0.7565752413847274,51,0.058823529411764705,1.0,0.0,0.6666666666666666,1.0,0.0,1.0,,33954.14541363622,
test,5030,0.75,RippleTwin,COMBINED,True,1.2713160039732971,32.119525394492335,51,0.0,0.0,,,,0.0,0.0,,,
test,5030,0.75,B2_observed_only_twin,COMBINED,True,1.2713160039732971,32.119525394492335,51,0.0,0.0,,,,0.0,0.0,,,
test,5030,0.75,B0_SPC_observed,COMBINED,True,1.2713160039732971,5.237133527699475,51,0.0,0.0,,,,0.0,0.0,,,
test,5030,0.75,B1_IsolationForest,COMBINED,True,1.2713160039732971,0.7565752413847274,51,0.058823529411764705,1.0,0.0,0.6666666666666666,1.0,0.0,1.0,,33954.14541363622,
test,5030,0.5,RippleTwin,COMBINED,True,1.2713160039732971,42.892326734815505,51,0.0,0.0,,,,0.0,0.0,,,
test,5030,0.5,B2_observed_only_twin,COMBINED,True,1.2713160039732971,42.892326734815505,51,0.0,0.0,,,,0.0,0.0,,,
test,5030,0.5,B0_SPC_observed,COMBINED,True,1.2713160039732971,5.237133527699475,51,0.0,0.0,,,,0.0,0.0,,,
test,5030,0.5,B1_IsolationForest,COMBINED,True,1.2713160039732971,0.7565752413847274,51,0.0196078431372549,1.0,0.0,0.0,23.0,0.0,0.0,,41760.420886959815,
test,5030,0.25,RippleTwin,COMBINED,True,1.2713160039732971,27.136223649542885,51,0.0,0.0,,,,0.0,0.0,,,
test,5030,0.25,B2_observed_only_twin,COMBINED,True,1.2713160039732971,26.168542400051628,51,0.0,0.0,,,,0.0,0.0,,,
test,5030,0.25,B0_SPC_observed,COMBINED,True,1.2713160039732971,4.936240980386517,51,0.0,0.0,,,,0.0,0.0,,,
test,5030,0.25,B1_IsolationForest,COMBINED,True,1.2713160039732971,0.7090738077922258,51,0.058823529411764705,1.0,0.0,0.0,24.0,0.0,0.0,,35457.16637433385,
test,5031,1.0,RippleTwin,SLOWDOWN,False,1.427351941411458,45.562612595121664,65,0.7230769230769231,1.0,0.9148936170212766,0.9148936170212766,0.0,1.0,1.0,429.9523968401636,18956.9882135978,18956.9882135978
test,5031,1.0,B2_observed_only_twin,SLOWDOWN,False,1.427351941411458,45.562612595121664,65,0.7230769230769231,1.0,0.9148936170212766,0.9148936170212766,0.0,1.0,1.0,429.9523968401636,18956.9882135978,18956.9882135978
test,5031,1.0,B0_SPC_observed,SLOWDOWN,False,1.427351941411458,5.237133527699475,65,0.7230769230769231,1.0,1.0,1.0,0.0,1.0,1.0,429.9523968401636,18956.9882135978,18956.9882135978
test,5031,1.0,B1_IsolationForest,SLOWDOWN,False,1.427351941411458,0.7565752413847274,65,0.24615384615384617,1.0,0.0,0.0625,7.0,0.0,0.0,379.9046449946394,21959.85332432925,21959.85332432925
test,5031,0.75,RippleTwin,SLOWDOWN,False,1.427351941411458,32.119525394492335,65,0.7538461538461538,1.0,0.9183673469387755,0.9183673469387755,0.0,1.0,1.0,429.9523968401636,18956.9882135978,18956.9882135978
test,5031,0.75,B2_observed_only_twin,SLOWDOWN,False,1.427351941411458,32.119525394492335,65,0.7538461538461538,1.0,0.9183673469387755,0.9183673469387755,0.0,1.0,1.0,429.9523968401636,18956.9882135978,18956.9882135978
test,5031,0.75,B0_SPC_observed,SLOWDOWN,False,1.427351941411458,5.237133527699475,65,0.7230769230769231,1.0,1.0,1.0,0.0,1.0,1.0,429.9523968401636,18956.9882135978,18956.9882135978
test,5031,0.75,B1_IsolationForest,SLOWDOWN,False,1.427351941411458,0.7565752413847274,65,0.24615384615384617,1.0,0.0,0.0625,7.0,0.0,0.0,379.9046449946394,21959.85332432925,21959.85332432925
test,5031,0.5,RippleTwin,SLOWDOWN,False,1.427351941411458,42.892326734815505,65,0.7230769230769231,1.0,0.8936170212765957,0.8936170212765957,0.0,1.0,1.0,429.9523968401636,18956.9882135978,18956.9882135978
test,5031,0.5,B2_observed_only_twin,SLOWDOWN,False,1.427351941411458,42.892326734815505,65,0.7230769230769231,1.0,0.8936170212765957,0.8936170212765957,0.0,1.0,1.0,429.9523968401636,18956.9882135978,18956.9882135978
test,5031,0.5,B0_SPC_observed,SLOWDOWN,False,1.427351941411458,5.237133527699475,65,0.7230769230769231,1.0,1.0,1.0,0.0,1.0,1.0,429.9523968401636,18956.9882135978,18956.9882135978
test,5031,0.5,B1_IsolationForest,SLOWDOWN,False,1.427351941411458,0.7565752413847274,65,0.13846153846153847,1.0,0.0,0.2222222222222222,12.0,0.0,0.0,379.9046449946394,21959.85332432925,21959.85332432925
test,5031,0.25,RippleTwin,SLOWDOWN,True,1.427351941411458,27.136223649542885,65,0.6615384615384615,1.0,0.0,0.0,3.0,0.0,0.0,,20151.653681462423,
test,5031,0.25,B2_observed_only_twin,SLOWDOWN,True,1.427351941411458,26.168542400051628,65,0.676923076923077,1.0,0.0,0.0,2.0,0.0,0.0,,20151.653681462423,
test,5031,0.25,B0_SPC_observed,SLOWDOWN,True,1.427351941411458,4.936240980386517,65,0.0,0.0,,,,0.0,0.0,,,
test,5031,0.25,B1_IsolationForest,SLOWDOWN,True,1.427351941411458,0.7090738077922258,65,0.5846153846153846,1.0,0.0,0.0,7.0,0.0,0.0,,19556.21158762987,
test,5032,1.0,RippleTwin,COMBINED,False,1.2548267707663434,45.562612595121664,52,0.6538461538461539,1.0,1.0,1.0,0.0,1.0,1.0,,30058.50295427078,
test,5032,1.0,B2_observed_only_twin,COMBINED,False,1.2548267707663434,45.562612595121664,52,0.6538461538461539,1.0,1.0,1.0,0.0,1.0,1.0,,30058.50295427078,
test,5032,1.0,B0_SPC_observed,COMBINED,False,1.2548267707663434,5.237133527699475,52,0.7115384615384616,1.0,1.0,1.0,0.0,1.0,1.0,,26459.691191440685,
test,5032,1.0,B1_IsolationForest,COMBINED,False,1.2548267707663434,0.7565752413847274,52,0.038461538461538464,1.0,0.0,1.0,1.0,0.0,1.0,,34555.82018430282,
test,5032,0.75,RippleTwin,COMBINED,True,1.2548267707663434,32.119525394492335,52,0.28846153846153844,1.0,1.0,1.0,0.0,1.0,1.0,,31258.81858175832,
test,5032,0.75,B2_observed_only_twin,COMBINED,True,1.2548267707663434,32.119525394492335,52,0.28846153846153844,1.0,0.0,1.0,1.0,0.0,1.0,,31258.81858175832,
test,5032,0.75,B0_SPC_observed,COMBINED,True,1.2548267707663434,5.237133527699475,52,0.0,0.0,,,,0.0,0.0,,,
test,5032,0.75,B1_IsolationForest,COMBINED,True,1.2548267707663434,0.7565752413847274,52,0.038461538461538464,1.0,0.0,1.0,1.0,0.0,1.0,,34555.82018430282,
test,5032,0.5,RippleTwin,COMBINED,True,1.2548267707663434,42.892326734815505,52,0.0,0.0,,,,0.0,0.0,,,
test,5032,0.5,B2_observed_only_twin,COMBINED,True,1.2548267707663434,42.892326734815505,52,0.0,0.0,,,,0.0,0.0,,,
test,5032,0.5,B0_SPC_observed,COMBINED,True,1.2548267707663434,5.237133527699475,52,0.0,0.0,,,,0.0,0.0,,,
test,5032,0.5,B1_IsolationForest,COMBINED,True,1.2548267707663434,0.7565752413847274,52,0.0,0.0,,,,0.0,0.0,,,
test,5032,0.25,RippleTwin,COMBINED,True,1.2548267707663434,27.136223649542885,52,0.0,0.0,,,,0.0,0.0,,,
test,5032,0.25,B2_observed_only_twin,COMBINED,True,1.2548267707663434,26.168542400051628,52,0.0,0.0,,,,0.0,0.0,,,
test,5032,0.25,B0_SPC_observed,COMBINED,True,1.2548267707663434,4.936240980386517,52,0.0,0.0,,,,0.0,0.0,,,
test,5032,0.25,B1_IsolationForest,COMBINED,True,1.2548267707663434,0.7090738077922258,52,0.0,0.0,,,,0.0,0.0,,,
test,5033,1.0,RippleTwin,SLOWDOWN,False,1.278085418596527,45.562612595121664,68,0.8676470588235294,1.0,1.0,1.0,0.0,1.0,1.0,,27955.240649790292,
test,5033,1.0,B2_observed_only_twin,SLOWDOWN,False,1.278085418596527,45.562612595121664,68,0.8676470588235294,1.0,1.0,1.0,0.0,1.0,1.0,,27955.240649790292,
test,5033,1.0,B0_SPC_observed,SLOWDOWN,False,1.278085418596527,5.237133527699475,68,0.8529411764705882,1.0,1.0,1.0,0.0,1.0,1.0,,26756.03617364645,
test,5033,1.0,B1_IsolationForest,SLOWDOWN,False,1.278085418596527,0.7565752413847274,68,0.6029411764705882,1.0,0.0,0.8536585365853658,1.0,0.0,1.0,,26756.03617364645,
test,5033,0.75,RippleTwin,SLOWDOWN,False,1.278085418596527,32.119525394492335,68,0.8676470588235294,1.0,1.0,1.0,0.0,1.0,1.0,,27361.36820464993,
test,5033,0.75,B2_observed_only_twin,SLOWDOWN,False,1.278085418596527,32.119525394492335,68,0.8676470588235294,1.0,1.0,1.0,0.0,1.0,1.0,,27361.36820464993,
test,5033,0.75,B0_SPC_observed,SLOWDOWN,False,1.278085418596527,5.237133527699475,68,0.8529411764705882,1.0,1.0,1.0,0.0,1.0,1.0,,26756.03617364645,
test,5033,0.75,B1_IsolationForest,SLOWDOWN,False,1.278085418596527,0.7565752413847274,68,0.6029411764705882,1.0,0.0,0.8536585365853658,1.0,0.0,1.0,,26756.03617364645,
test,5033,0.5,RippleTwin,SLOWDOWN,True,1.278085418596527,42.892326734815505,68,0.5441176470588235,1.0,0.8648648648648649,1.0,0.0,1.0,1.0,,35752.29495767372,
test,5033,0.5,B2_observed_only_twin,SLOWDOWN,True,1.278085418596527,42.892326734815505,68,0.5735294117647058,1.0,0.0,1.0,1.0,0.0,1.0,,35160.13040821874,
test,5033,0.5,B0_SPC_observed,SLOWDOWN,True,1.278085418596527,5.237133527699475,68,0.0,0.0,,,,0.0,0.0,,,
test,5033,0.5,B1_IsolationForest,SLOWDOWN,True,1.278085418596527,0.7565752413847274,68,0.11764705882352941,1.0,0.0,0.0,7.0,0.0,0.0,,34859.56211757465,
test,5033,0.25,RippleTwin,SLOWDOWN,True,1.278085418596527,27.136223649542885,68,0.8382352941176471,1.0,0.8421052631578947,1.0,0.0,1.0,1.0,,27656.0197673125,
test,5033,0.25,B2_observed_only_twin,SLOWDOWN,True,1.278085418596527,26.168542400051628,68,0.7794117647058824,1.0,0.0,1.0,1.0,0.0,1.0,,27656.0197673125,
test,5033,0.25,B0_SPC_observed,SLOWDOWN,True,1.278085418596527,4.936240980386517,68,0.0,0.0,,,,0.0,0.0,,,
test,5033,0.25,B1_IsolationForest,SLOWDOWN,True,1.278085418596527,0.7090738077922258,68,0.8529411764705882,1.0,0.0,1.0,1.0,0.0,1.0,,26756.03617364645,
test,5034,1.0,RippleTwin,QUALITY_DRIFT,False,12.557112155997704,45.562612595121664,47,0.0,0.0,,,,0.0,0.0,,,
test,5034,1.0,B2_observed_only_twin,QUALITY_DRIFT,False,12.557112155997704,45.562612595121664,47,0.0,0.0,,,,0.0,0.0,,,
test,5034,1.0,B0_SPC_observed,QUALITY_DRIFT,False,12.557112155997704,5.237133527699475,47,0.0,0.0,,,,0.0,0.0,,,
test,5034,1.0,B1_IsolationForest,QUALITY_DRIFT,False,12.557112155997704,0.7565752413847274,47,0.0,0.0,,,,0.0,0.0,,,
test,5034,0.75,RippleTwin,QUALITY_DRIFT,True,12.557112155997704,32.119525394492335,47,0.0,0.0,,,,0.0,0.0,,,
test,5034,0.75,B2_observed_only_twin,QUALITY_DRIFT,True,12.557112155997704,32.119525394492335,47,0.0,0.0,,,,0.0,0.0,,,
test,5034,0.75,B0_SPC_observed,QUALITY_DRIFT,True,12.557112155997704,5.237133527699475,47,0.0,0.0,,,,0.0,0.0,,,
test,5034,0.75,B1_IsolationForest,QUALITY_DRIFT,True,12.557112155997704,0.7565752413847274,47,0.0,0.0,,,,0.0,0.0,,,
test,5034,0.5,RippleTwin,QUALITY_DRIFT,True,12.557112155997704,42.892326734815505,47,0.0,0.0,,,,0.0,0.0,,,
test,5034,0.5,B2_observed_only_twin,QUALITY_DRIFT,True,12.557112155997704,42.892326734815505,47,0.0,0.0,,,,0.0,0.0,,,
test,5034,0.5,B0_SPC_observed,QUALITY_DRIFT,True,12.557112155997704,5.237133527699475,47,0.0,0.0,,,,0.0,0.0,,,
test,5034,0.5,B1_IsolationForest,QUALITY_DRIFT,True,12.557112155997704,0.7565752413847274,47,0.0,0.0,,,,0.0,0.0,,,
test,5034,0.25,RippleTwin,QUALITY_DRIFT,True,12.557112155997704,27.136223649542885,47,0.0,0.0,,,,0.0,0.0,,,
test,5034,0.25,B2_observed_only_twin,QUALITY_DRIFT,True,12.557112155997704,26.168542400051628,47,0.0,0.0,,,,0.0,0.0,,,
test,5034,0.25,B0_SPC_observed,QUALITY_DRIFT,True,12.557112155997704,4.936240980386517,47,0.0,0.0,,,,0.0,0.0,,,
test,5034,0.25,B1_IsolationForest,QUALITY_DRIFT,True,12.557112155997704,0.7090738077922258,47,0.0,0.0,,,,0.0,0.0,,,
test,5035,1.0,RippleTwin,SLOWDOWN,False,1.2256720948200042,45.562612595121664,65,0.27692307692307694,1.0,1.0,1.0,0.0,1.0,1.0,,28258.907930980517,
test,5035,1.0,B2_observed_only_twin,SLOWDOWN,False,1.2256720948200042,45.562612595121664,65,0.27692307692307694,1.0,1.0,1.0,0.0,1.0,1.0,,28258.907930980517,
test,5035,1.0,B0_SPC_observed,SLOWDOWN,False,1.2256720948200042,5.237133527699475,65,0.6,1.0,1.0,1.0,0.0,1.0,1.0,,20161.000700460052,
test,5035,1.0,B1_IsolationForest,SLOWDOWN,False,1.2256720948200042,0.7565752413847274,65,0.0,0.0,,,,0.0,0.0,,,
test,5035,0.75,RippleTwin,SLOWDOWN,True,1.2256720948200042,32.119525394492335,65,0.16923076923076924,1.0,1.0,1.0,0.0,1.0,1.0,,28853.2497042408,
test,5035,0.75,B2_observed_only_twin,SLOWDOWN,True,1.2256720948200042,32.119525394492335,65,0.13846153846153847,1.0,0.0,1.0,1.0,0.0,1.0,,28853.2497042408,
test,5035,0.75,B0_SPC_observed,SLOWDOWN,True,1.2256720948200042,5.237133527699475,65,0.0,0.0,,,,0.0,0.0,,,
test,5035,0.75,B1_IsolationForest,SLOWDOWN,True,1.2256720948200042,0.7565752413847274,65,0.0,0.0,,,,0.0,0.0,,,
test,5035,0.5,RippleTwin,SLOWDOWN,True,1.2256720948200042,42.892326734815505,65,0.24615384615384617,1.0,1.0,1.0,0.0,1.0,1.0,,28555.051246932515,
test,5035,0.5,B2_observed_only_twin,SLOWDOWN,True,1.2256720948200042,42.892326734815505,65,0.24615384615384617,1.0,0.0,1.0,1.0,0.0,1.0,,28555.051246932515,
test,5035,0.5,B0_SPC_observed,SLOWDOWN,True,1.2256720948200042,5.237133527699475,65,0.0,0.0,,,,0.0,0.0,,,
test,5035,0.5,B1_IsolationForest,SLOWDOWN,True,1.2256720948200042,0.7565752413847274,65,0.0,0.0,,,,0.0,0.0,,,
test,5035,0.25,RippleTwin,SLOWDOWN,True,1.2256720948200042,27.136223649542885,65,0.5846153846153846,1.0,0.02631578947368421,0.13157894736842105,2.0,0.0,0.0,,21358.21538371214,
test,5035,0.25,B2_observed_only_twin,SLOWDOWN,True,1.2256720948200042,26.168542400051628,65,0.6153846153846154,1.0,0.0,0.0,3.0,0.0,0.0,,21358.21538371214,
test,5035,0.25,B0_SPC_observed,SLOWDOWN,True,1.2256720948200042,4.936240980386517,65,0.0,0.0,,,,0.0,0.0,,,
test,5035,0.25,B1_IsolationForest,SLOWDOWN,True,1.2256720948200042,0.7090738077922258,65,0.2923076923076923,1.0,0.0,0.05263157894736842,2.0,0.0,0.0,,21655.022343287492,
test,5036,1.0,RippleTwin,COMBINED,False,1.2814103309747698,45.562612595121664,57,0.5789473684210527,1.0,1.0,1.0,0.0,1.0,1.0,,36971.79041935321,
test,5036,1.0,B2_observed_only_twin,COMBINED,False,1.2814103309747698,45.562612595121664,57,0.5789473684210527,1.0,1.0,1.0,0.0,1.0,1.0,,36971.79041935321,
test,5036,1.0,B0_SPC_observed,COMBINED,False,1.2814103309747698,5.237133527699475,57,0.5789473684210527,1.0,1.0,1.0,0.0,1.0,1.0,,36971.79041935321,
test,5036,1.0,B1_IsolationForest,COMBINED,False,1.2814103309747698,0.7565752413847274,57,0.0,0.0,,,,0.0,0.0,,,
test,5036,0.75,RippleTwin,COMBINED,False,1.2814103309747698,32.119525394492335,57,0.5964912280701754,1.0,1.0,1.0,0.0,1.0,1.0,,36971.79041935321,
test,5036,0.75,B2_observed_only_twin,COMBINED,False,1.2814103309747698,32.119525394492335,57,0.5964912280701754,1.0,1.0,1.0,0.0,1.0,1.0,,36971.79041935321,
test,5036,0.75,B0_SPC_observed,COMBINED,False,1.2814103309747698,5.237133527699475,57,0.5789473684210527,1.0,1.0,1.0,0.0,1.0,1.0,,36971.79041935321,
test,5036,0.75,B1_IsolationForest,COMBINED,False,1.2814103309747698,0.7565752413847274,57,0.0,0.0,,,,0.0,0.0,,,
test,5036,0.5,RippleTwin,COMBINED,False,1.2814103309747698,42.892326734815505,57,0.5964912280701754,1.0,1.0,1.0,0.0,1.0,1.0,,36971.79041935321,
test,5036,0.5,B2_observed_only_twin,COMBINED,False,1.2814103309747698,42.892326734815505,57,0.5964912280701754,1.0,1.0,1.0,0.0,1.0,1.0,,36971.79041935321,
test,5036,0.5,B0_SPC_observed,COMBINED,False,1.2814103309747698,5.237133527699475,57,0.5789473684210527,1.0,1.0,1.0,0.0,1.0,1.0,,36971.79041935321,
test,5036,0.5,B1_IsolationForest,COMBINED,False,1.2814103309747698,0.7565752413847274,57,0.0,0.0,,,,0.0,0.0,,,
test,5036,0.25,RippleTwin,COMBINED,True,1.2814103309747698,27.136223649542885,57,0.5087719298245614,1.0,0.034482758620689655,0.7241379310344828,1.0,0.0,1.0,,39658.660319972885,
test,5036,0.25,B2_observed_only_twin,COMBINED,True,1.2814103309747698,26.168542400051628,57,0.5087719298245614,1.0,0.0,0.0,2.0,0.0,0.0,,39658.660319972885,
test,5036,0.25,B0_SPC_observed,COMBINED,True,1.2814103309747698,4.936240980386517,57,0.0,0.0,,,,0.0,0.0,,,
test,5036,0.25,B1_IsolationForest,COMBINED,True,1.2814103309747698,0.7090738077922258,57,0.2631578947368421,1.0,0.0,0.0,3.0,0.0,0.0,,40259.20859869867,
test,5039,1.0,RippleTwin,SLOWDOWN,False,1.3911928852386626,45.562612595121664,62,0.7096774193548387,1.0,1.0,1.0,0.0,1.0,1.0,183.32314000191576,18652.518204503303,18652.518204503303
test,5039,1.0,B2_observed_only_twin,SLOWDOWN,False,1.3911928852386626,45.562612595121664,62,0.7096774193548387,1.0,1.0,1.0,0.0,1.0,1.0,183.32314000191576,18652.518204503303,18652.518204503303
test,5039,1.0,B0_SPC_observed,SLOWDOWN,False,1.3911928852386626,5.237133527699475,62,0.6774193548387096,1.0,1.0,1.0,0.0,1.0,1.0,183.32314000191576,18652.518204503303,18652.518204503303
test,5039,1.0,B1_IsolationForest,SLOWDOWN,False,1.3911928852386626,0.7565752413847274,62,0.41935483870967744,1.0,0.0,0.0,8.0,0.0,0.0,,18652.518204503303,
test,5039,0.75,RippleTwin,SLOWDOWN,False,1.3911928852386626,32.119525394492335,62,0.7096774193548387,1.0,1.0,1.0,0.0,1.0,1.0,183.32314000191576,18652.518204503303,18652.518204503303
test,5039,0.75,B2_observed_only_twin,SLOWDOWN,False,1.3911928852386626,32.119525394492335,62,0.7096774193548387,1.0,1.0,1.0,0.0,1.0,1.0,183.32314000191576,18652.518204503303,18652.518204503303
test,5039,0.75,B0_SPC_observed,SLOWDOWN,False,1.3911928852386626,5.237133527699475,62,0.6774193548387096,1.0,1.0,1.0,0.0,1.0,1.0,183.32314000191576,18652.518204503303,18652.518204503303
test,5039,0.75,B1_IsolationForest,SLOWDOWN,False,1.3911928852386626,0.7565752413847274,62,0.45161290322580644,1.0,0.0,0.0,6.0,0.0,0.0,,18652.518204503303,
test,5039,0.5,RippleTwin,SLOWDOWN,True,1.3911928852386626,42.892326734815505,62,0.7096774193548387,1.0,0.8863636363636364,1.0,0.0,1.0,1.0,183.32314000191576,18652.518204503303,18652.518204503303
test,5039,0.5,B2_observed_only_twin,SLOWDOWN,True,1.3911928852386626,42.892326734815505,62,0.7096774193548387,1.0,0.0,1.0,1.0,0.0,1.0,183.32314000191576,18652.518204503303,18652.518204503303
test,5039,0.5,B0_SPC_observed,SLOWDOWN,True,1.3911928852386626,5.237133527699475,62,0.016129032258064516,1.0,0.0,0.0,3.0,0.0,0.0,,28555.119826233535,
test,5039,0.5,B1_IsolationForest,SLOWDOWN,True,1.3911928852386626,0.7565752413847274,62,0.24193548387096775,1.0,0.0,0.0,9.0,0.0,0.0,,18652.518204503303,
test,5039,0.25,RippleTwin,SLOWDOWN,True,1.3911928852386626,27.136223649542885,62,0.6774193548387096,1.0,0.5476190476190477,0.9047619047619048,0.0,1.0,1.0,183.32314000191576,18652.518204503303,18652.518204503303
test,5039,0.25,B2_observed_only_twin,SLOWDOWN,True,1.3911928852386626,26.168542400051628,62,0.7096774193548387,1.0,0.0,1.0,1.0,0.0,1.0,183.32314000191576,18652.518204503303,18652.518204503303
test,5039,0.25,B0_SPC_observed,SLOWDOWN,True,1.3911928852386626,4.936240980386517,62,0.03225806451612903,1.0,0.0,0.0,3.0,0.0,0.0,,28555.119826233535,
test,5039,0.25,B1_IsolationForest,SLOWDOWN,True,1.3911928852386626,0.7090738077922258,62,0.6774193548387096,1.0,0.0,0.0,4.0,0.0,0.0,,18652.518204503303,
test,5040,1.0,RippleTwin,QUALITY_DRIFT,False,13.765236214004174,45.562612595121664,72,0.027777777777777776,1.0,0.0,0.0,9.0,0.0,0.0,,26756.41747147531,
test,5040,1.0,B2_observed_only_twin,QUALITY_DRIFT,False,13.765236214004174,45.562612595121664,72,0.027777777777777776,1.0,0.0,0.0,9.0,0.0,0.0,,26756.41747147531,
test,5040,1.0,B0_SPC_observed,QUALITY_DRIFT,False,13.765236214004174,5.237133527699475,72,0.0,0.0,,,,0.0,0.0,,,
test,5040,1.0,B1_IsolationForest,QUALITY_DRIFT,False,13.765236214004174,0.7565752413847274,72,0.0,0.0,,,,0.0,0.0,,,
test,5040,0.75,RippleTwin,QUALITY_DRIFT,False,13.765236214004174,32.119525394492335,72,0.027777777777777776,1.0,0.0,0.0,10.0,0.0,0.0,,26756.41747147531,
test,5040,0.75,B2_observed_only_twin,QUALITY_DRIFT,False,13.765236214004174,32.119525394492335,72,0.027777777777777776,1.0,0.0,0.0,9.0,0.0,0.0,,26756.41747147531,
test,5040,0.75,B0_SPC_observed,QUALITY_DRIFT,False,13.765236214004174,5.237133527699475,72,0.0,0.0,,,,0.0,0.0,,,
test,5040,0.75,B1_IsolationForest,QUALITY_DRIFT,False,13.765236214004174,0.7565752413847274,72,0.0,0.0,,,,0.0,0.0,,,
test,5040,0.5,RippleTwin,QUALITY_DRIFT,True,13.765236214004174,42.892326734815505,72,0.027777777777777776,1.0,0.0,0.0,10.0,0.0,0.0,,26756.41747147531,
test,5040,0.5,B2_observed_only_twin,QUALITY_DRIFT,True,13.765236214004174,42.892326734815505,72,0.027777777777777776,1.0,0.0,0.0,9.0,0.0,0.0,,26756.41747147531,
test,5040,0.5,B0_SPC_observed,QUALITY_DRIFT,True,13.765236214004174,5.237133527699475,72,0.0,0.0,,,,0.0,0.0,,,
test,5040,0.5,B1_IsolationForest,QUALITY_DRIFT,True,13.765236214004174,0.7565752413847274,72,0.0,0.0,,,,0.0,0.0,,,
test,5040,0.25,RippleTwin,QUALITY_DRIFT,True,13.765236214004174,27.136223649542885,72,0.013888888888888888,1.0,0.0,0.0,10.0,0.0,0.0,,27055.143247076216,
test,5040,0.25,B2_observed_only_twin,QUALITY_DRIFT,True,13.765236214004174,26.168542400051628,72,0.013888888888888888,1.0,0.0,0.0,9.0,0.0,0.0,,27055.143247076216,
test,5040,0.25,B0_SPC_observed,QUALITY_DRIFT,True,13.765236214004174,4.936240980386517,72,0.013888888888888888,1.0,0.0,0.0,11.0,0.0,0.0,,39360.031989082374,
test,5040,0.25,B1_IsolationForest,QUALITY_DRIFT,True,13.765236214004174,0.7090738077922258,72,0.0,0.0,,,,0.0,0.0,,,
test,5041,1.0,RippleTwin,SLOWDOWN,False,1.4106346101364826,45.562612595121664,45,0.8666666666666667,1.0,1.0,1.0,0.0,1.0,1.0,,31864.371417255894,
test,5041,1.0,B2_observed_only_twin,SLOWDOWN,False,1.4106346101364826,45.562612595121664,45,0.8666666666666667,1.0,1.0,1.0,0.0,1.0,1.0,,31864.371417255894,
test,5041,1.0,B0_SPC_observed,SLOWDOWN,False,1.4106346101364826,5.237133527699475,45,0.8444444444444444,1.0,1.0,1.0,0.0,1.0,1.0,,30664.61877223496,
test,5041,1.0,B1_IsolationForest,SLOWDOWN,False,1.4106346101364826,0.7565752413847274,45,0.3333333333333333,1.0,0.0,0.0,6.0,0.0,0.0,,38945.30688645771,
test,5041,0.75,RippleTwin,SLOWDOWN,True,1.4106346101364826,32.119525394492335,45,0.8666666666666667,1.0,1.0,1.0,0.0,1.0,1.0,,32154.705530271694,
test,5041,0.75,B2_observed_only_twin,SLOWDOWN,True,1.4106346101364826,32.119525394492335,45,0.8666666666666667,1.0,0.0,1.0,1.0,0.0,1.0,,32154.705530271694,
test,5041,0.75,B0_SPC_observed,SLOWDOWN,True,1.4106346101364826,5.237133527699475,45,0.0,0.0,,,,0.0,0.0,,,
test,5041,0.75,B1_IsolationForest,SLOWDOWN,True,1.4106346101364826,0.7565752413847274,45,0.3333333333333333,1.0,0.0,0.0,6.0,0.0,0.0,,38945.30688645771,
test,5041,0.5,RippleTwin,SLOWDOWN,True,1.4106346101364826,42.892326734815505,45,0.8444444444444444,1.0,1.0,1.0,0.0,1.0,1.0,,32154.705530271694,
test,5041,0.5,B2_observed_only_twin,SLOWDOWN,True,1.4106346101364826,42.892326734815505,45,0.8444444444444444,1.0,0.0,1.0,1.0,0.0,1.0,,32154.705530271694,
test,5041,0.5,B0_SPC_observed,SLOWDOWN,True,1.4106346101364826,5.237133527699475,45,0.0,0.0,,,,0.0,0.0,,,
test,5041,0.5,B1_IsolationForest,SLOWDOWN,True,1.4106346101364826,0.7565752413847274,45,0.0,0.0,,,,0.0,0.0,,,
test,5041,0.25,RippleTwin,SLOWDOWN,True,1.4106346101364826,27.136223649542885,45,0.7777777777777778,1.0,0.05714285714285714,0.08571428571428572,2.0,0.0,0.0,,31864.371417255894,
test,5041,0.25,B2_observed_only_twin,SLOWDOWN,True,1.4106346101364826,26.168542400051628,45,0.8888888888888888,1.0,0.0,0.0,3.0,0.0,0.0,,31864.371417255894,
test,5041,0.25,B0_SPC_observed,SLOWDOWN,True,1.4106346101364826,4.936240980386517,45,0.0,0.0,,,,0.0,0.0,,,
test,5041,0.25,B1_IsolationForest,SLOWDOWN,True,1.4106346101364826,0.7090738077922258,45,0.8,1.0,0.0,0.0,6.0,0.0,0.0,,31265.426601270232,
test,5042,1.0,RippleTwin,COMBINED,False,1.2612598316952393,45.562612595121664,59,0.711864406779661,1.0,1.0,1.0,0.0,1.0,1.0,,27350.739586683678,
test,5042,1.0,B2_observed_only_twin,COMBINED,False,1.2612598316952393,45.562612595121664,59,0.711864406779661,1.0,1.0,1.0,0.0,1.0,1.0,,27350.739586683678,
test,5042,1.0,B0_SPC_observed,COMBINED,False,1.2612598316952393,5.237133527699475,59,0.711864406779661,1.0,1.0,1.0,0.0,1.0,1.0,,26751.215118486514,
test,5042,1.0,B1_IsolationForest,COMBINED,False,1.2612598316952393,0.7565752413847274,59,0.2542372881355932,1.0,0.0,0.5333333333333333,1.0,0.0,1.0,,31257.527394776756,
test,5042,0.75,RippleTwin,COMBINED,False,1.2612598316952393,32.119525394492335,59,0.711864406779661,1.0,1.0,1.0,0.0,1.0,1.0,,26751.215118486514,
test,5042,0.75,B2_observed_only_twin,COMBINED,False,1.2612598316952393,32.119525394492335,59,0.711864406779661,1.0,1.0,1.0,0.0,1.0,1.0,,26751.215118486514,
test,5042,0.75,B0_SPC_observed,COMBINED,False,1.2612598316952393,5.237133527699475,59,0.711864406779661,1.0,1.0,1.0,0.0,1.0,1.0,,26751.215118486514,
test,5042,0.75,B1_IsolationForest,COMBINED,False,1.2612598316952393,0.7565752413847274,59,0.2542372881355932,1.0,0.0,0.5333333333333333,1.0,0.0,1.0,,31257.527394776756,
test,5042,0.5,RippleTwin,COMBINED,True,1.2612598316952393,42.892326734815505,59,0.01694915254237288,1.0,1.0,1.0,0.0,1.0,1.0,,38757.649807169284,
test,5042,0.5,B2_observed_only_twin,COMBINED,True,1.2612598316952393,42.892326734815505,59,0.01694915254237288,1.0,0.0,1.0,1.0,0.0,1.0,,38757.649807169284,
test,5042,0.5,B0_SPC_observed,COMBINED,True,1.2612598316952393,5.237133527699475,59,0.0,0.0,,,,0.0,0.0,,,
test,5042,0.5,B1_IsolationForest,COMBINED,True,1.2612598316952393,0.7565752413847274,59,0.2542372881355932,1.0,0.0,0.5333333333333333,1.0,0.0,1.0,,31257.527394776756,
test,5042,0.25,RippleTwin,COMBINED,True,1.2612598316952393,27.136223649542885,59,0.0,0.0,,,,0.0,0.0,,,
test,5042,0.25,B2_observed_only_twin,COMBINED,True,1.2612598316952393,26.168542400051628,59,0.0,0.0,,,,0.0,0.0,,,
test,5042,0.25,B0_SPC_observed,COMBINED,True,1.2612598316952393,4.936240980386517,59,0.0,0.0,,,,0.0,0.0,,,
test,5042,0.25,B1_IsolationForest,COMBINED,True,1.2612598316952393,0.7090738077922258,59,0.2711864406779661,1.0,0.0,0.0,3.0,0.0,0.0,,33656.90471976242,
test,5043,1.0,RippleTwin,COMBINED,False,1.3308489462414401,45.562612595121664,39,0.8461538461538461,1.0,1.0,1.0,0.0,1.0,1.0,,22863.836902603784,
test,5043,1.0,B2_observed_only_twin,COMBINED,False,1.3308489462414401,45.562612595121664,39,0.8461538461538461,1.0,1.0,1.0,0.0,1.0,1.0,,22863.836902603784,
test,5043,1.0,B0_SPC_observed,COMBINED,False,1.3308489462414401,5.237133527699475,39,0.8205128205128205,1.0,1.0,1.0,0.0,1.0,1.0,,22258.83953987946,
test,5043,1.0,B1_IsolationForest,COMBINED,False,1.3308489462414401,0.7565752413847274,39,0.6410256410256411,1.0,0.0,0.0,5.0,0.0,0.0,,24364.818701335553,
test,5043,0.75,RippleTwin,COMBINED,False,1.3308489462414401,32.119525394492335,39,0.8461538461538461,1.0,1.0,1.0,0.0,1.0,1.0,,22258.83953987946,
test,5043,0.75,B2_observed_only_twin,COMBINED,False,1.3308489462414401,32.119525394492335,39,0.8461538461538461,1.0,1.0,1.0,0.0,1.0,1.0,,22258.83953987946,
test,5043,0.75,B0_SPC_observed,COMBINED,False,1.3308489462414401,5.237133527699475,39,0.8205128205128205,1.0,1.0,1.0,0.0,1.0,1.0,,22258.83953987946,
test,5043,0.75,B1_IsolationForest,COMBINED,False,1.3308489462414401,0.7565752413847274,39,0.6410256410256411,1.0,0.0,0.0,5.0,0.0,0.0,,24364.818701335553,
test,5043,0.5,RippleTwin,COMBINED,False,1.3308489462414401,42.892326734815505,39,0.8461538461538461,1.0,1.0,1.0,0.0,1.0,1.0,,22863.836902603784,
test,5043,0.5,B2_observed_only_twin,COMBINED,False,1.3308489462414401,42.892326734815505,39,0.8461538461538461,1.0,1.0,1.0,0.0,1.0,1.0,,22863.836902603784,
test,5043,0.5,B0_SPC_observed,COMBINED,False,1.3308489462414401,5.237133527699475,39,0.8205128205128205,1.0,1.0,1.0,0.0,1.0,1.0,,22258.83953987946,
test,5043,0.5,B1_IsolationForest,COMBINED,False,1.3308489462414401,0.7565752413847274,39,0.23076923076923078,1.0,0.0,0.0,11.0,0.0,0.0,,31950.69109711692,
test,5043,0.25,RippleTwin,COMBINED,False,1.3308489462414401,27.136223649542885,39,0.8461538461538461,1.0,1.0,1.0,0.0,1.0,1.0,,22258.83953987946,
test,5043,0.25,B2_observed_only_twin,COMBINED,False,1.3308489462414401,26.168542400051628,39,0.8717948717948718,1.0,1.0,1.0,0.0,1.0,1.0,,22258.83953987946,
test,5043,0.25,B0_SPC_observed,COMBINED,False,1.3308489462414401,4.936240980386517,39,0.8461538461538461,1.0,0.9696969696969697,0.9696969696969697,0.0,1.0,1.0,,22258.83953987946,
test,5043,0.25,B1_IsolationForest,COMBINED,False,1.3308489462414401,0.7090738077922258,39,0.8205128205128205,1.0,0.0,0.0,5.0,0.0,0.0,,22863.836902603784,
test,5044,1.0,RippleTwin,QUALITY_DRIFT,False,14.331232336449194,45.562612595121664,55,0.0,0.0,,,,0.0,0.0,,,
test,5044,1.0,B2_observed_only_twin,QUALITY_DRIFT,False,14.331232336449194,45.562612595121664,55,0.0,0.0,,,,0.0,0.0,,,
test,5044,1.0,B0_SPC_observed,QUALITY_DRIFT,False,14.331232336449194,5.237133527699475,55,0.0,0.0,,,,0.0,0.0,,,
test,5044,1.0,B1_IsolationForest,QUALITY_DRIFT,False,14.331232336449194,0.7565752413847274,55,0.0,0.0,,,,0.0,0.0,,,
test,5044,0.75,RippleTwin,QUALITY_DRIFT,False,14.331232336449194,32.119525394492335,55,0.0,0.0,,,,0.0,0.0,,,
test,5044,0.75,B2_observed_only_twin,QUALITY_DRIFT,False,14.331232336449194,32.119525394492335,55,0.0,0.0,,,,0.0,0.0,,,
test,5044,0.75,B0_SPC_observed,QUALITY_DRIFT,False,14.331232336449194,5.237133527699475,55,0.0,0.0,,,,0.0,0.0,,,
test,5044,0.75,B1_IsolationForest,QUALITY_DRIFT,False,14.331232336449194,0.7565752413847274,55,0.0,0.0,,,,0.0,0.0,,,
test,5044,0.5,RippleTwin,QUALITY_DRIFT,True,14.331232336449194,42.892326734815505,55,0.0,0.0,,,,0.0,0.0,,,
test,5044,0.5,B2_observed_only_twin,QUALITY_DRIFT,True,14.331232336449194,42.892326734815505,55,0.0,0.0,,,,0.0,0.0,,,
test,5044,0.5,B0_SPC_observed,QUALITY_DRIFT,True,14.331232336449194,5.237133527699475,55,0.0,0.0,,,,0.0,0.0,,,
test,5044,0.5,B1_IsolationForest,QUALITY_DRIFT,True,14.331232336449194,0.7565752413847274,55,0.0,0.0,,,,0.0,0.0,,,
test,5044,0.25,RippleTwin,QUALITY_DRIFT,True,14.331232336449194,27.136223649542885,55,0.0,0.0,,,,0.0,0.0,,,
test,5044,0.25,B2_observed_only_twin,QUALITY_DRIFT,True,14.331232336449194,26.168542400051628,55,0.0,0.0,,,,0.0,0.0,,,
test,5044,0.25,B0_SPC_observed,QUALITY_DRIFT,True,14.331232336449194,4.936240980386517,55,0.0,0.0,,,,0.0,0.0,,,
test,5044,0.25,B1_IsolationForest,QUALITY_DRIFT,True,14.331232336449194,0.7090738077922258,55,0.0,0.0,,,,0.0,0.0,,,
test,5045,1.0,RippleTwin,QUALITY_DRIFT,False,13.730986754209898,45.562612595121664,56,0.0,0.0,,,,0.0,0.0,,,
test,5045,1.0,B2_observed_only_twin,QUALITY_DRIFT,False,13.730986754209898,45.562612595121664,56,0.0,0.0,,,,0.0,0.0,,,
test,5045,1.0,B0_SPC_observed,QUALITY_DRIFT,False,13.730986754209898,5.237133527699475,56,0.0,0.0,,,,0.0,0.0,,,
test,5045,1.0,B1_IsolationForest,QUALITY_DRIFT,False,13.730986754209898,0.7565752413847274,56,0.0,0.0,,,,0.0,0.0,,,
test,5045,0.75,RippleTwin,QUALITY_DRIFT,True,13.730986754209898,32.119525394492335,56,0.0,0.0,,,,0.0,0.0,,,
test,5045,0.75,B2_observed_only_twin,QUALITY_DRIFT,True,13.730986754209898,32.119525394492335,56,0.0,0.0,,,,0.0,0.0,,,
test,5045,0.75,B0_SPC_observed,QUALITY_DRIFT,True,13.730986754209898,5.237133527699475,56,0.0,0.0,,,,0.0,0.0,,,
test,5045,0.75,B1_IsolationForest,QUALITY_DRIFT,True,13.730986754209898,0.7565752413847274,56,0.0,0.0,,,,0.0,0.0,,,
test,5045,0.5,RippleTwin,QUALITY_DRIFT,True,13.730986754209898,42.892326734815505,56,0.0,0.0,,,,0.0,0.0,,,
test,5045,0.5,B2_observed_only_twin,QUALITY_DRIFT,True,13.730986754209898,42.892326734815505,56,0.0,0.0,,,,0.0,0.0,,,
test,5045,0.5,B0_SPC_observed,QUALITY_DRIFT,True,13.730986754209898,5.237133527699475,56,0.0,0.0,,,,0.0,0.0,,,
test,5045,0.5,B1_IsolationForest,QUALITY_DRIFT,True,13.730986754209898,0.7565752413847274,56,0.0,0.0,,,,0.0,0.0,,,
test,5045,0.25,RippleTwin,QUALITY_DRIFT,True,13.730986754209898,27.136223649542885,56,0.0,0.0,,,,0.0,0.0,,,
test,5045,0.25,B2_observed_only_twin,QUALITY_DRIFT,True,13.730986754209898,26.168542400051628,56,0.0,0.0,,,,0.0,0.0,,,
test,5045,0.25,B0_SPC_observed,QUALITY_DRIFT,True,13.730986754209898,4.936240980386517,56,0.0,0.0,,,,0.0,0.0,,,
test,5045,0.25,B1_IsolationForest,QUALITY_DRIFT,True,13.730986754209898,0.7090738077922258,56,0.0,0.0,,,,0.0,0.0,,,
test,5046,1.0,RippleTwin,SLOWDOWN,False,1.3067344976587847,45.562612595121664,78,0.6410256410256411,1.0,1.0,1.0,0.0,1.0,1.0,452.69776041642274,18060.382519504175,18060.382519504175
test,5046,1.0,B2_observed_only_twin,SLOWDOWN,False,1.3067344976587847,45.562612595121664,78,0.6410256410256411,1.0,1.0,1.0,0.0,1.0,1.0,452.69776041642274,18060.382519504175,18060.382519504175
test,5046,1.0,B0_SPC_observed,SLOWDOWN,False,1.3067344976587847,5.237133527699475,78,0.6410256410256411,1.0,1.0,1.0,0.0,1.0,1.0,452.69776041642274,18060.382519504175,18060.382519504175
test,5046,1.0,B1_IsolationForest,SLOWDOWN,False,1.3067344976587847,0.7565752413847274,78,0.07692307692307693,1.0,0.0,0.6666666666666666,1.0,0.0,1.0,397.7283012364717,21358.550070301237,21358.550070301237
test,5046,0.75,RippleTwin,SLOWDOWN,True,1.3067344976587847,32.119525394492335,78,0.11538461538461539,1.0,0.0,0.0,3.0,0.0,0.0,,21653.583489720564,
test,5046,0.75,B2_observed_only_twin,SLOWDOWN,True,1.3067344976587847,32.119525394492335,78,0.11538461538461539,1.0,0.0,0.0,2.0,0.0,0.0,,21653.583489720564,
test,5046,0.75,B0_SPC_observed,SLOWDOWN,True,1.3067344976587847,5.237133527699475,78,0.02564102564102564,1.0,0.0,0.0,2.0,0.0,0.0,,19255.218779697403,
test,5046,0.75,B1_IsolationForest,SLOWDOWN,True,1.3067344976587847,0.7565752413847274,78,0.02564102564102564,1.0,0.0,0.0,2.0,0.0,0.0,,26748.613463554546,
test,5046,0.5,RippleTwin,SLOWDOWN,True,1.3067344976587847,42.892326734815505,78,0.11538461538461539,1.0,0.0,0.0,3.0,0.0,0.0,,21653.583489720564,
test,5046,0.5,B2_observed_only_twin,SLOWDOWN,True,1.3067344976587847,42.892326734815505,78,0.11538461538461539,1.0,0.0,0.0,2.0,0.0,0.0,,21653.583489720564,
test,5046,0.5,B0_SPC_observed,SLOWDOWN,True,1.3067344976587847,5.237133527699475,78,0.02564102564102564,1.0,0.0,0.0,2.0,0.0,0.0,,19255.218779697403,
test,5046,0.5,B1_IsolationForest,SLOWDOWN,True,1.3067344976587847,0.7565752413847274,78,0.02564102564102564,1.0,0.0,0.0,2.0,0.0,0.0,,26748.613463554546,
test,5046,0.25,RippleTwin,SLOWDOWN,True,1.3067344976587847,27.136223649542885,78,0.07692307692307693,1.0,0.0,0.0,3.0,0.0,0.0,,18659.6756762813,
test,5046,0.25,B2_observed_only_twin,SLOWDOWN,True,1.3067344976587847,26.168542400051628,78,0.0641025641025641,1.0,0.0,0.0,2.0,0.0,0.0,,18659.6756762813,
test,5046,0.25,B0_SPC_observed,SLOWDOWN,True,1.3067344976587847,4.936240980386517,78,0.0,0.0,,,,0.0,0.0,,,
test,5046,0.25,B1_IsolationForest,SLOWDOWN,True,1.3067344976587847,0.7090738077922258,78,0.16666666666666666,1.0,0.0,0.0,2.0,0.0,0.0,,18060.382519504175,
test,5047,1.0,RippleTwin,QUALITY_DRIFT,False,6.1184600243400515,45.562612595121664,57,0.0,0.0,,,,0.0,0.0,,,
test,5047,1.0,B2_observed_only_twin,QUALITY_DRIFT,False,6.1184600243400515,45.562612595121664,57,0.0,0.0,,,,0.0,0.0,,,
test,5047,1.0,B0_SPC_observed,QUALITY_DRIFT,False,6.1184600243400515,5.237133527699475,57,0.0,0.0,,,,0.0,0.0,,,
test,5047,1.0,B1_IsolationForest,QUALITY_DRIFT,False,6.1184600243400515,0.7565752413847274,57,0.0,0.0,,,,0.0,0.0,,,
test,5047,0.75,RippleTwin,QUALITY_DRIFT,False,6.1184600243400515,32.119525394492335,57,0.0,0.0,,,,0.0,0.0,,,
test,5047,0.75,B2_observed_only_twin,QUALITY_DRIFT,False,6.1184600243400515,32.119525394492335,57,0.0,0.0,,,,0.0,0.0,,,
test,5047,0.75,B0_SPC_observed,QUALITY_DRIFT,False,6.1184600243400515,5.237133527699475,57,0.0,0.0,,,,0.0,0.0,,,
test,5047,0.75,B1_IsolationForest,QUALITY_DRIFT,False,6.1184600243400515,0.7565752413847274,57,0.0,0.0,,,,0.0,0.0,,,
test,5047,0.5,RippleTwin,QUALITY_DRIFT,True,6.1184600243400515,42.892326734815505,57,0.0,0.0,,,,0.0,0.0,,,
test,5047,0.5,B2_observed_only_twin,QUALITY_DRIFT,True,6.1184600243400515,42.892326734815505,57,0.0,0.0,,,,0.0,0.0,,,
test,5047,0.5,B0_SPC_observed,QUALITY_DRIFT,True,6.1184600243400515,5.237133527699475,57,0.0,0.0,,,,0.0,0.0,,,
test,5047,0.5,B1_IsolationForest,QUALITY_DRIFT,True,6.1184600243400515,0.7565752413847274,57,0.0,0.0,,,,0.0,0.0,,,
test,5047,0.25,RippleTwin,QUALITY_DRIFT,True,6.1184600243400515,27.136223649542885,57,0.0,0.0,,,,0.0,0.0,,,
test,5047,0.25,B2_observed_only_twin,QUALITY_DRIFT,True,6.1184600243400515,26.168542400051628,57,0.0,0.0,,,,0.0,0.0,,,
test,5047,0.25,B0_SPC_observed,QUALITY_DRIFT,True,6.1184600243400515,4.936240980386517,57,0.017543859649122806,1.0,0.0,0.0,27.0,0.0,0.0,,39051.995816455645,
test,5047,0.25,B1_IsolationForest,QUALITY_DRIFT,True,6.1184600243400515,0.7090738077922258,57,0.0,0.0,,,,0.0,0.0,,,
test,5048,1.0,RippleTwin,COMBINED,False,1.167618339699741,45.562612595121664,68,0.0,0.0,,,,0.0,0.0,,,
test,5048,1.0,B2_observed_only_twin,COMBINED,False,1.167618339699741,45.562612595121664,68,0.0,0.0,,,,0.0,0.0,,,
test,5048,1.0,B0_SPC_observed,COMBINED,False,1.167618339699741,5.237133527699475,68,0.6470588235294118,1.0,1.0,1.0,0.0,1.0,1.0,,24356.12296592617,
test,5048,1.0,B1_IsolationForest,COMBINED,False,1.167618339699741,0.7565752413847274,68,0.0,0.0,,,,0.0,0.0,,,
test,5048,0.75,RippleTwin,COMBINED,False,1.167618339699741,32.119525394492335,68,0.058823529411764705,1.0,1.0,1.0,0.0,1.0,1.0,,30962.293313608836,
test,5048,0.75,B2_observed_only_twin,COMBINED,False,1.167618339699741,32.119525394492335,68,0.058823529411764705,1.0,1.0,1.0,0.0,1.0,1.0,,30962.293313608836,
test,5048,0.75,B0_SPC_observed,COMBINED,False,1.167618339699741,5.237133527699475,68,0.6470588235294118,1.0,1.0,1.0,0.0,1.0,1.0,,24356.12296592617,
test,5048,0.75,B1_IsolationForest,COMBINED,False,1.167618339699741,0.7565752413847274,68,0.0,0.0,,,,0.0,0.0,,,
test,5048,0.5,RippleTwin,COMBINED,False,1.167618339699741,42.892326734815505,68,0.0,0.0,,,,0.0,0.0,,,
test,5048,0.5,B2_observed_only_twin,COMBINED,False,1.167618339699741,42.892326734815505,68,0.0,0.0,,,,0.0,0.0,,,
test,5048,0.5,B0_SPC_observed,COMBINED,False,1.167618339699741,5.237133527699475,68,0.6470588235294118,1.0,1.0,1.0,0.0,1.0,1.0,,24356.12296592617,
test,5048,0.5,B1_IsolationForest,COMBINED,False,1.167618339699741,0.7565752413847274,68,0.0,0.0,,,,0.0,0.0,,,
test,5048,0.25,RippleTwin,COMBINED,True,1.167618339699741,27.136223649542885,68,0.0,0.0,,,,0.0,0.0,,,
test,5048,0.25,B2_observed_only_twin,COMBINED,True,1.167618339699741,26.168542400051628,68,0.0,0.0,,,,0.0,0.0,,,
test,5048,0.25,B0_SPC_observed,COMBINED,True,1.167618339699741,4.936240980386517,68,0.0,0.0,,,,0.0,0.0,,,
test,5048,0.25,B1_IsolationForest,COMBINED,True,1.167618339699741,0.7090738077922258,68,0.0,0.0,,,,0.0,0.0,,,
test,5049,1.0,RippleTwin,MICROSTOP_BURST,False,11.192055204709195,45.562612595121664,74,0.0,0.0,,,,0.0,0.0,,,
test,5049,1.0,B2_observed_only_twin,MICROSTOP_BURST,False,11.192055204709195,45.562612595121664,74,0.0,0.0,,,,0.0,0.0,,,
test,5049,1.0,B0_SPC_observed,MICROSTOP_BURST,False,11.192055204709195,5.237133527699475,74,0.0,0.0,,,,0.0,0.0,,,
test,5049,1.0,B1_IsolationForest,MICROSTOP_BURST,False,11.192055204709195,0.7565752413847274,74,0.0,0.0,,,,0.0,0.0,,,
test,5049,0.75,RippleTwin,MICROSTOP_BURST,True,11.192055204709195,32.119525394492335,74,0.0,0.0,,,,0.0,0.0,,,
test,5049,0.75,B2_observed_only_twin,MICROSTOP_BURST,True,11.192055204709195,32.119525394492335,74,0.0,0.0,,,,0.0,0.0,,,
test,5049,0.75,B0_SPC_observed,MICROSTOP_BURST,True,11.192055204709195,5.237133527699475,74,0.0,0.0,,,,0.0,0.0,,,
test,5049,0.75,B1_IsolationForest,MICROSTOP_BURST,True,11.192055204709195,0.7565752413847274,74,0.0,0.0,,,,0.0,0.0,,,
test,5049,0.5,RippleTwin,MICROSTOP_BURST,True,11.192055204709195,42.892326734815505,74,0.0,0.0,,,,0.0,0.0,,,
test,5049,0.5,B2_observed_only_twin,MICROSTOP_BURST,True,11.192055204709195,42.892326734815505,74,0.0,0.0,,,,0.0,0.0,,,
test,5049,0.5,B0_SPC_observed,MICROSTOP_BURST,True,11.192055204709195,5.237133527699475,74,0.0,0.0,,,,0.0,0.0,,,
test,5049,0.5,B1_IsolationForest,MICROSTOP_BURST,True,11.192055204709195,0.7565752413847274,74,0.0,0.0,,,,0.0,0.0,,,
test,5049,0.25,RippleTwin,MICROSTOP_BURST,True,11.192055204709195,27.136223649542885,74,0.0,0.0,,,,0.0,0.0,,,
test,5049,0.25,B2_observed_only_twin,MICROSTOP_BURST,True,11.192055204709195,26.168542400051628,74,0.0,0.0,,,,0.0,0.0,,,
test,5049,0.25,B0_SPC_observed,MICROSTOP_BURST,True,11.192055204709195,4.936240980386517,74,0.0,0.0,,,,0.0,0.0,,,
test,5049,0.25,B1_IsolationForest,MICROSTOP_BURST,True,11.192055204709195,0.7090738077922258,74,0.05405405405405406,1.0,0.0,0.0,6.0,0.0,0.0,,32161.982423816313,
test,5050,1.0,RippleTwin,MICROSTOP_BURST,False,5.147778469217321,45.562612595121664,59,0.0,0.0,,,,0.0,0.0,,,
test,5050,1.0,B2_observed_only_twin,MICROSTOP_BURST,False,5.147778469217321,45.562612595121664,59,0.0,0.0,,,,0.0,0.0,,,
test,5050,1.0,B0_SPC_observed,MICROSTOP_BURST,False,5.147778469217321,5.237133527699475,59,0.0,0.0,,,,0.0,0.0,,,
test,5050,1.0,B1_IsolationForest,MICROSTOP_BURST,False,5.147778469217321,0.7565752413847274,59,0.0,0.0,,,,0.0,0.0,,,
test,5050,0.75,RippleTwin,MICROSTOP_BURST,True,5.147778469217321,32.119525394492335,59,0.0,0.0,,,,0.0,0.0,,,
test,5050,0.75,B2_observed_only_twin,MICROSTOP_BURST,True,5.147778469217321,32.119525394492335,59,0.0,0.0,,,,0.0,0.0,,,
test,5050,0.75,B0_SPC_observed,MICROSTOP_BURST,True,5.147778469217321,5.237133527699475,59,0.0,0.0,,,,0.0,0.0,,,
test,5050,0.75,B1_IsolationForest,MICROSTOP_BURST,True,5.147778469217321,0.7565752413847274,59,0.0,0.0,,,,0.0,0.0,,,
test,5050,0.5,RippleTwin,MICROSTOP_BURST,True,5.147778469217321,42.892326734815505,59,0.0,0.0,,,,0.0,0.0,,,
test,5050,0.5,B2_observed_only_twin,MICROSTOP_BURST,True,5.147778469217321,42.892326734815505,59,0.0,0.0,,,,0.0,0.0,,,
test,5050,0.5,B0_SPC_observed,MICROSTOP_BURST,True,5.147778469217321,5.237133527699475,59,0.0,0.0,,,,0.0,0.0,,,
test,5050,0.5,B1_IsolationForest,MICROSTOP_BURST,True,5.147778469217321,0.7565752413847274,59,0.0,0.0,,,,0.0,0.0,,,
test,5050,0.25,RippleTwin,MICROSTOP_BURST,True,5.147778469217321,27.136223649542885,59,0.0,0.0,,,,0.0,0.0,,,
test,5050,0.25,B2_observed_only_twin,MICROSTOP_BURST,True,5.147778469217321,26.168542400051628,59,0.0,0.0,,,,0.0,0.0,,,
test,5050,0.25,B0_SPC_observed,MICROSTOP_BURST,True,5.147778469217321,4.936240980386517,59,0.0,0.0,,,,0.0,0.0,,,
test,5050,0.25,B1_IsolationForest,MICROSTOP_BURST,True,5.147778469217321,0.7090738077922258,59,0.0,0.0,,,,0.0,0.0,,,
test,5051,1.0,RippleTwin,SLOWDOWN,False,1.3070556122301205,45.562612595121664,34,0.9705882352941176,1.0,1.0,1.0,0.0,1.0,1.0,,20752.898747281193,
test,5051,1.0,B2_observed_only_twin,SLOWDOWN,False,1.3070556122301205,45.562612595121664,34,0.9705882352941176,1.0,1.0,1.0,0.0,1.0,1.0,,20752.898747281193,
test,5051,1.0,B0_SPC_observed,SLOWDOWN,False,1.3070556122301205,5.237133527699475,34,0.9411764705882353,1.0,1.0,1.0,0.0,1.0,1.0,,20163.330051721085,
test,5051,1.0,B1_IsolationForest,SLOWDOWN,False,1.3070556122301205,0.7565752413847274,34,0.5882352941176471,1.0,0.0,0.0,14.0,0.0,0.0,,22914.259717870635,
test,5051,0.75,RippleTwin,SLOWDOWN,True,1.3070556122301205,32.119525394492335,34,0.9705882352941176,1.0,0.9696969696969697,1.0,0.0,1.0,1.0,,20455.292679476683,
test,5051,0.75,B2_observed_only_twin,SLOWDOWN,True,1.3070556122301205,32.119525394492335,34,0.9705882352941176,1.0,0.0,0.9696969696969697,1.0,0.0,1.0,,20455.292679476683,
test,5051,0.75,B0_SPC_observed,SLOWDOWN,True,1.3070556122301205,5.237133527699475,34,0.0,0.0,,,,0.0,0.0,,,
test,5051,0.75,B1_IsolationForest,SLOWDOWN,True,1.3070556122301205,0.7565752413847274,34,0.5882352941176471,1.0,0.0,0.0,14.0,0.0,0.0,,22914.259717870635,
test,5051,0.5,RippleTwin,SLOWDOWN,True,1.3070556122301205,42.892326734815505,34,0.9411764705882353,1.0,0.96875,1.0,0.0,1.0,1.0,,20752.898747281193,
test,5051,0.5,B2_observed_only_twin,SLOWDOWN,True,1.3070556122301205,42.892326734815505,34,0.9411764705882353,1.0,0.0,1.0,1.0,0.0,1.0,,20752.898747281193,
test,5051,0.5,B0_SPC_observed,SLOWDOWN,True,1.3070556122301205,5.237133527699475,34,0.0,0.0,,,,0.0,0.0,,,
test,5051,0.5,B1_IsolationForest,SLOWDOWN,True,1.3070556122301205,0.7565752413847274,34,0.11764705882352941,1.0,0.0,0.0,20.0,0.0,0.0,,29886.540381195464,
test,5051,0.25,RippleTwin,SLOWDOWN,True,1.3070556122301205,27.136223649542885,34,1.0,1.0,0.7647058823529411,1.0,0.0,1.0,1.0,,20752.898747281193,
test,5051,0.25,B2_observed_only_twin,SLOWDOWN,True,1.3070556122301205,26.168542400051628,34,1.0,1.0,0.0,1.0,1.0,0.0,1.0,,20752.898747281193,
test,5051,0.25,B0_SPC_observed,SLOWDOWN,True,1.3070556122301205,4.936240980386517,34,0.0,0.0,,,,0.0,0.0,,,
test,5051,0.25,B1_IsolationForest,SLOWDOWN,True,1.3070556122301205,0.7090738077922258,34,0.7647058823529411,1.0,0.0,0.0,14.0,0.0,0.0,,22169.780494154988,
test,5053,1.0,RippleTwin,COMBINED,False,1.300812052213753,45.562612595121664,40,0.825,1.0,1.0,1.0,0.0,1.0,1.0,,31262.875663252187,
test,5053,1.0,B2_observed_only_twin,COMBINED,False,1.300812052213753,45.562612595121664,40,0.825,1.0,1.0,1.0,0.0,1.0,1.0,,31262.875663252187,
test,5053,1.0,B0_SPC_observed,COMBINED,False,1.300812052213753,5.237133527699475,40,0.825,1.0,1.0,1.0,0.0,1.0,1.0,,30062.30680134094,
test,5053,1.0,B1_IsolationForest,COMBINED,False,1.300812052213753,0.7565752413847274,40,0.425,1.0,0.0,0.0,6.0,0.0,0.0,,33955.5339034578,
test,5053,0.75,RippleTwin,COMBINED,True,1.300812052213753,32.119525394492335,40,0.725,1.0,1.0,1.0,0.0,1.0,1.0,,31555.80752780149,
test,5053,0.75,B2_observed_only_twin,COMBINED,True,1.300812052213753,32.119525394492335,40,0.7,1.0,0.0,1.0,1.0,0.0,1.0,,31555.80752780149,
test,5053,0.75,B0_SPC_observed,COMBINED,True,1.300812052213753,5.237133527699475,40,0.0,0.0,,,,0.0,0.0,,,
test,5053,0.75,B1_IsolationForest,COMBINED,True,1.300812052213753,0.7565752413847274,40,0.425,1.0,0.0,0.0,6.0,0.0,0.0,,33955.5339034578,
test,5053,0.5,RippleTwin,COMBINED,True,1.300812052213753,42.892326734815505,40,0.525,1.0,1.0,1.0,0.0,1.0,1.0,,31859.741003893272,
test,5053,0.5,B2_observed_only_twin,COMBINED,True,1.300812052213753,42.892326734815505,40,0.475,1.0,0.0,1.0,1.0,0.0,1.0,,31859.741003893272,
test,5053,0.5,B0_SPC_observed,COMBINED,True,1.300812052213753,5.237133527699475,40,0.0,0.0,,,,0.0,0.0,,,
test,5053,0.5,B1_IsolationForest,COMBINED,True,1.300812052213753,0.7565752413847274,40,0.0,0.0,,,,0.0,0.0,,,
test,5053,0.25,RippleTwin,COMBINED,True,1.300812052213753,27.136223649542885,40,0.675,1.0,0.0,0.07407407407407407,2.0,0.0,0.0,,31262.875663252187,
test,5053,0.25,B2_observed_only_twin,COMBINED,True,1.300812052213753,26.168542400051628,40,0.7,1.0,0.0,0.0,3.0,0.0,0.0,,31262.875663252187,
test,5053,0.25,B0_SPC_observed,COMBINED,True,1.300812052213753,4.936240980386517,40,0.0,0.0,,,,0.0,0.0,,,
test,5053,0.25,B1_IsolationForest,COMBINED,True,1.300812052213753,0.7090738077922258,40,0.575,1.0,0.0,0.0,6.0,0.0,0.0,,30953.56290517907,
test,5054,1.0,RippleTwin,SLOWDOWN,False,1.2351127769475707,45.562612595121664,59,0.05084745762711865,1.0,1.0,1.0,0.0,1.0,1.0,,24369.316715209778,
test,5054,1.0,B2_observed_only_twin,SLOWDOWN,False,1.2351127769475707,45.562612595121664,59,0.05084745762711865,1.0,1.0,1.0,0.0,1.0,1.0,,24369.316715209778,
test,5054,1.0,B0_SPC_observed,SLOWDOWN,False,1.2351127769475707,5.237133527699475,59,0.4067796610169492,1.0,1.0,1.0,0.0,1.0,1.0,,21660.795425082142,
test,5054,1.0,B1_IsolationForest,SLOWDOWN,False,1.2351127769475707,0.7565752413847274,59,0.0,0.0,,,,0.0,0.0,,,
test,5054,0.75,RippleTwin,SLOWDOWN,True,1.2351127769475707,32.119525394492335,59,0.0,0.0,,,,0.0,0.0,,,
test,5054,0.75,B2_observed_only_twin,SLOWDOWN,True,1.2351127769475707,32.119525394492335,59,0.0,0.0,,,,0.0,0.0,,,
test,5054,0.75,B0_SPC_observed,SLOWDOWN,True,1.2351127769475707,5.237133527699475,59,0.0,0.0,,,,0.0,0.0,,,
test,5054,0.75,B1_IsolationForest,SLOWDOWN,True,1.2351127769475707,0.7565752413847274,59,0.0,0.0,,,,0.0,0.0,,,
test,5054,0.5,RippleTwin,SLOWDOWN,True,1.2351127769475707,42.892326734815505,59,0.0,0.0,,,,0.0,0.0,,,
test,5054,0.5,B2_observed_only_twin,SLOWDOWN,True,1.2351127769475707,42.892326734815505,59,0.0,0.0,,,,0.0,0.0,,,
test,5054,0.5,B0_SPC_observed,SLOWDOWN,True,1.2351127769475707,5.237133527699475,59,0.0,0.0,,,,0.0,0.0,,,
test,5054,0.5,B1_IsolationForest,SLOWDOWN,True,1.2351127769475707,0.7565752413847274,59,0.0,0.0,,,,0.0,0.0,,,
test,5054,0.25,RippleTwin,SLOWDOWN,True,1.2351127769475707,27.136223649542885,59,0.0,0.0,,,,0.0,0.0,,,
test,5054,0.25,B2_observed_only_twin,SLOWDOWN,True,1.2351127769475707,26.168542400051628,59,0.0,0.0,,,,0.0,0.0,,,
test,5054,0.25,B0_SPC_observed,SLOWDOWN,True,1.2351127769475707,4.936240980386517,59,0.0,0.0,,,,0.0,0.0,,,
test,5054,0.25,B1_IsolationForest,SLOWDOWN,True,1.2351127769475707,0.7090738077922258,59,0.03389830508474576,1.0,0.0,1.0,1.0,0.0,1.0,,23464.15874371785,
test,5055,1.0,RippleTwin,SLOWDOWN,False,1.1700154409010246,45.562612595121664,60,0.0,0.0,,,,0.0,0.0,,,
test,5055,1.0,B2_observed_only_twin,SLOWDOWN,False,1.1700154409010246,45.562612595121664,60,0.0,0.0,,,,0.0,0.0,,,
test,5055,1.0,B0_SPC_observed,SLOWDOWN,False,1.1700154409010246,5.237133527699475,60,0.8333333333333334,1.0,0.96,0.96,0.0,1.0,1.0,,16861.858738179515,
test,5055,1.0,B1_IsolationForest,SLOWDOWN,False,1.1700154409010246,0.7565752413847274,60,0.0,0.0,,,,0.0,0.0,,,
test,5055,0.75,RippleTwin,SLOWDOWN,False,1.1700154409010246,32.119525394492335,60,0.0,0.0,,,,0.0,0.0,,,
test,5055,0.75,B2_observed_only_twin,SLOWDOWN,False,1.1700154409010246,32.119525394492335,60,0.0,0.0,,,,0.0,0.0,,,
test,5055,0.75,B0_SPC_observed,SLOWDOWN,False,1.1700154409010246,5.237133527699475,60,0.8333333333333334,1.0,0.96,0.96,0.0,1.0,1.0,,16861.858738179515,
test,5055,0.75,B1_IsolationForest,SLOWDOWN,False,1.1700154409010246,0.7565752413847274,60,0.0,0.0,,,,0.0,0.0,,,
test,5055,0.5,RippleTwin,SLOWDOWN,True,1.1700154409010246,42.892326734815505,60,0.0,0.0,,,,0.0,0.0,,,
test,5055,0.5,B2_observed_only_twin,SLOWDOWN,True,1.1700154409010246,42.892326734815505,60,0.0,0.0,,,,0.0,0.0,,,
test,5055,0.5,B0_SPC_observed,SLOWDOWN,True,1.1700154409010246,5.237133527699475,60,0.03333333333333333,1.0,0.0,0.0,18.0,0.0,0.0,,37266.64702402551,
test,5055,0.5,B1_IsolationForest,SLOWDOWN,True,1.1700154409010246,0.7565752413847274,60,0.0,0.0,,,,0.0,0.0,,,
test,5055,0.25,RippleTwin,SLOWDOWN,True,1.1700154409010246,27.136223649542885,60,0.0,0.0,,,,0.0,0.0,,,
test,5055,0.25,B2_observed_only_twin,SLOWDOWN,True,1.1700154409010246,26.168542400051628,60,0.0,0.0,,,,0.0,0.0,,,
test,5055,0.25,B0_SPC_observed,SLOWDOWN,True,1.1700154409010246,4.936240980386517,60,0.0,0.0,,,,0.0,0.0,,,
test,5055,0.25,B1_IsolationForest,SLOWDOWN,True,1.1700154409010246,0.7090738077922258,60,0.0,0.0,,,,0.0,0.0,,,
test,5056,1.0,RippleTwin,SLOWDOWN,False,1.4145830916116453,45.562612595121664,65,0.8,1.0,1.0,1.0,0.0,1.0,1.0,118.69432778775554,29761.705491858207,29761.705491858207
test,5056,1.0,B2_observed_only_twin,SLOWDOWN,False,1.4145830916116453,45.562612595121664,65,0.8,1.0,1.0,1.0,0.0,1.0,1.0,118.69432778775554,29761.705491858207,29761.705491858207
test,5056,1.0,B0_SPC_observed,SLOWDOWN,False,1.4145830916116453,5.237133527699475,65,0.7692307692307693,1.0,1.0,1.0,0.0,1.0,1.0,118.69432778775554,29761.705491858207,29761.705491858207
test,5056,1.0,B1_IsolationForest,SLOWDOWN,False,1.4145830916116453,0.7565752413847274,65,0.24615384615384617,1.0,0.0,0.4375,2.0,0.0,1.0,-61.081256927520855,32455.49688462161,40548.24057477479
test,5056,0.75,RippleTwin,SLOWDOWN,True,1.4145830916116453,32.119525394492335,65,0.8,1.0,0.7884615384615384,1.0,0.0,1.0,1.0,83.54042635329127,31870.939577926063,31870.939577926063
test,5056,0.75,B2_observed_only_twin,SLOWDOWN,True,1.4145830916116453,32.119525394492335,65,0.7384615384615385,1.0,0.0,1.0,1.0,0.0,1.0,78.78447188402454,32156.296846082067,32156.296846082067
test,5056,0.75,B0_SPC_observed,SLOWDOWN,True,1.4145830916116453,5.237133527699475,65,0.0,0.0,,,,0.0,0.0,,,
test,5056,0.75,B1_IsolationForest,SLOWDOWN,True,1.4145830916116453,0.7565752413847274,65,0.24615384615384617,1.0,0.0,0.4375,2.0,0.0,1.0,-61.081256927520855,32455.49688462161,40548.24057477479
test,5056,0.5,RippleTwin,SLOWDOWN,True,1.4145830916116453,42.892326734815505,65,0.676923076923077,1.0,0.0,0.0,3.0,0.0,0.0,,34258.08316961523,
test,5056,0.5,B2_observed_only_twin,SLOWDOWN,True,1.4145830916116453,42.892326734815505,65,0.6923076923076923,1.0,0.0,0.0,4.0,0.0,0.0,,33957.18570795812,
test,5056,0.5,B0_SPC_observed,SLOWDOWN,True,1.4145830916116453,5.237133527699475,65,0.0,0.0,,,,0.0,0.0,,,
test,5056,0.5,B1_IsolationForest,SLOWDOWN,True,1.4145830916116453,0.7565752413847274,65,0.16923076923076924,1.0,0.0,0.0,4.0,0.0,0.0,,32455.49688462161,
test,5056,0.25,RippleTwin,SLOWDOWN,True,1.4145830916116453,27.136223649542885,65,0.4461538461538462,1.0,0.0,0.20689655172413793,2.0,0.0,0.0,-40.3815931203461,39306.260746344306,39306.260746344306
test,5056,0.25,B2_observed_only_twin,SLOWDOWN,True,1.4145830916116453,26.168542400051628,65,0.4461538461538462,1.0,0.0,0.0,2.0,0.0,0.0,,39306.260746344306,
test,5056,0.25,B0_SPC_observed,SLOWDOWN,True,1.4145830916116453,4.936240980386517,65,0.0,0.0,,,,0.0,0.0,,,
test,5056,0.25,B1_IsolationForest,SLOWDOWN,True,1.4145830916116453,0.7090738077922258,65,0.5230769230769231,1.0,0.0,0.0,6.0,0.0,0.0,,38013.78420746989,
test,5057,1.0,RippleTwin,QUALITY_DRIFT,False,9.035219451778552,45.562612595121664,66,0.0,0.0,,,,0.0,0.0,,,
test,5057,1.0,B2_observed_only_twin,QUALITY_DRIFT,False,9.035219451778552,45.562612595121664,66,0.0,0.0,,,,0.0,0.0,,,
test,5057,1.0,B0_SPC_observed,QUALITY_DRIFT,False,9.035219451778552,5.237133527699475,66,0.0,0.0,,,,0.0,0.0,,,
test,5057,1.0,B1_IsolationForest,QUALITY_DRIFT,False,9.035219451778552,0.7565752413847274,66,0.0,0.0,,,,0.0,0.0,,,
test,5057,0.75,RippleTwin,QUALITY_DRIFT,True,9.035219451778552,32.119525394492335,66,0.0,0.0,,,,0.0,0.0,,,
test,5057,0.75,B2_observed_only_twin,QUALITY_DRIFT,True,9.035219451778552,32.119525394492335,66,0.0,0.0,,,,0.0,0.0,,,
test,5057,0.75,B0_SPC_observed,QUALITY_DRIFT,True,9.035219451778552,5.237133527699475,66,0.0,0.0,,,,0.0,0.0,,,
test,5057,0.75,B1_IsolationForest,QUALITY_DRIFT,True,9.035219451778552,0.7565752413847274,66,0.0,0.0,,,,0.0,0.0,,,
test,5057,0.5,RippleTwin,QUALITY_DRIFT,True,9.035219451778552,42.892326734815505,66,0.0,0.0,,,,0.0,0.0,,,
test,5057,0.5,B2_observed_only_twin,QUALITY_DRIFT,True,9.035219451778552,42.892326734815505,66,0.0,0.0,,,,0.0,0.0,,,
test,5057,0.5,B0_SPC_observed,QUALITY_DRIFT,True,9.035219451778552,5.237133527699475,66,0.0,0.0,,,,0.0,0.0,,,
test,5057,0.5,B1_IsolationForest,QUALITY_DRIFT,True,9.035219451778552,0.7565752413847274,66,0.0,0.0,,,,0.0,0.0,,,
test,5057,0.25,RippleTwin,QUALITY_DRIFT,True,9.035219451778552,27.136223649542885,66,0.0,0.0,,,,0.0,0.0,,,
test,5057,0.25,B2_observed_only_twin,QUALITY_DRIFT,True,9.035219451778552,26.168542400051628,66,0.0,0.0,,,,0.0,0.0,,,
test,5057,0.25,B0_SPC_observed,QUALITY_DRIFT,True,9.035219451778552,4.936240980386517,66,0.0,0.0,,,,0.0,0.0,,,
test,5057,0.25,B1_IsolationForest,QUALITY_DRIFT,True,9.035219451778552,0.7090738077922258,66,0.0,0.0,,,,0.0,0.0,,,
test,5058,1.0,RippleTwin,SLOWDOWN,False,1.2528500393887334,45.562612595121664,57,0.3684210526315789,1.0,1.0,1.0,0.0,1.0,1.0,,35152.84895990089,
test,5058,1.0,B2_observed_only_twin,SLOWDOWN,False,1.2528500393887334,45.562612595121664,57,0.3684210526315789,1.0,1.0,1.0,0.0,1.0,1.0,,35152.84895990089,
test,5058,1.0,B0_SPC_observed,SLOWDOWN,False,1.2528500393887334,5.237133527699475,57,0.7368421052631579,1.0,1.0,1.0,0.0,1.0,1.0,,29463.38281327491,
test,5058,1.0,B1_IsolationForest,SLOWDOWN,False,1.2528500393887334,0.7565752413847274,57,0.05263157894736842,1.0,0.0,1.0,1.0,0.0,1.0,,39056.708210989695,
test,5058,0.75,RippleTwin,SLOWDOWN,True,1.2528500393887334,32.119525394492335,57,0.0,0.0,,,,0.0,0.0,,,
test,5058,0.75,B2_observed_only_twin,SLOWDOWN,True,1.2528500393887334,32.119525394492335,57,0.0,0.0,,,,0.0,0.0,,,
test,5058,0.75,B0_SPC_observed,SLOWDOWN,True,1.2528500393887334,5.237133527699475,57,0.0,0.0,,,,0.0,0.0,,,
test,5058,0.75,B1_IsolationForest,SLOWDOWN,True,1.2528500393887334,0.7565752413847274,57,0.05263157894736842,1.0,0.0,1.0,1.0,0.0,1.0,,39056.708210989695,
test,5058,0.5,RippleTwin,SLOWDOWN,True,1.2528500393887334,42.892326734815505,57,0.0,0.0,,,,0.0,0.0,,,
test,5058,0.5,B2_observed_only_twin,SLOWDOWN,True,1.2528500393887334,42.892326734815505,57,0.0,0.0,,,,0.0,0.0,,,
test,5058,0.5,B0_SPC_observed,SLOWDOWN,True,1.2528500393887334,5.237133527699475,57,0.0,0.0,,,,0.0,0.0,,,
test,5058,0.5,B1_IsolationForest,SLOWDOWN,True,1.2528500393887334,0.7565752413847274,57,0.0,0.0,,,,0.0,0.0,,,
test,5058,0.25,RippleTwin,SLOWDOWN,True,1.2528500393887334,27.136223649542885,57,0.0,0.0,,,,0.0,0.0,,,
test,5058,0.25,B2_observed_only_twin,SLOWDOWN,True,1.2528500393887334,26.168542400051628,57,0.0,0.0,,,,0.0,0.0,,,
test,5058,0.25,B0_SPC_observed,SLOWDOWN,True,1.2528500393887334,4.936240980386517,57,0.0,0.0,,,,0.0,0.0,,,
test,5058,0.25,B1_IsolationForest,SLOWDOWN,True,1.2528500393887334,0.7090738077922258,57,0.0,0.0,,,,0.0,0.0,,,
test,5060,1.0,RippleTwin,MICROSTOP_BURST,False,4.450428989353843,45.562612595121664,45,0.0,0.0,,,,0.0,0.0,,,
test,5060,1.0,B2_observed_only_twin,MICROSTOP_BURST,False,4.450428989353843,45.562612595121664,45,0.0,0.0,,,,0.0,0.0,,,
test,5060,1.0,B0_SPC_observed,MICROSTOP_BURST,False,4.450428989353843,5.237133527699475,45,0.0,0.0,,,,0.0,0.0,,,
test,5060,1.0,B1_IsolationForest,MICROSTOP_BURST,False,4.450428989353843,0.7565752413847274,45,0.0,0.0,,,,0.0,0.0,,,
test,5060,0.75,RippleTwin,MICROSTOP_BURST,True,4.450428989353843,32.119525394492335,45,0.0,0.0,,,,0.0,0.0,,,
test,5060,0.75,B2_observed_only_twin,MICROSTOP_BURST,True,4.450428989353843,32.119525394492335,45,0.0,0.0,,,,0.0,0.0,,,
test,5060,0.75,B0_SPC_observed,MICROSTOP_BURST,True,4.450428989353843,5.237133527699475,45,0.0,0.0,,,,0.0,0.0,,,
test,5060,0.75,B1_IsolationForest,MICROSTOP_BURST,True,4.450428989353843,0.7565752413847274,45,0.0,0.0,,,,0.0,0.0,,,
test,5060,0.5,RippleTwin,MICROSTOP_BURST,True,4.450428989353843,42.892326734815505,45,0.0,0.0,,,,0.0,0.0,,,
test,5060,0.5,B2_observed_only_twin,MICROSTOP_BURST,True,4.450428989353843,42.892326734815505,45,0.0,0.0,,,,0.0,0.0,,,
test,5060,0.5,B0_SPC_observed,MICROSTOP_BURST,True,4.450428989353843,5.237133527699475,45,0.0,0.0,,,,0.0,0.0,,,
test,5060,0.5,B1_IsolationForest,MICROSTOP_BURST,True,4.450428989353843,0.7565752413847274,45,0.0,0.0,,,,0.0,0.0,,,
test,5060,0.25,RippleTwin,MICROSTOP_BURST,True,4.450428989353843,27.136223649542885,45,0.0,0.0,,,,0.0,0.0,,,
test,5060,0.25,B2_observed_only_twin,MICROSTOP_BURST,True,4.450428989353843,26.168542400051628,45,0.0,0.0,,,,0.0,0.0,,,
test,5060,0.25,B0_SPC_observed,MICROSTOP_BURST,True,4.450428989353843,4.936240980386517,45,0.0,0.0,,,,0.0,0.0,,,
test,5060,0.25,B1_IsolationForest,MICROSTOP_BURST,True,4.450428989353843,0.7090738077922258,45,0.0,0.0,,,,0.0,0.0,,,
test,5061,1.0,RippleTwin,MICROSTOP_BURST,False,10.260598170292266,45.562612595121664,59,0.03389830508474576,1.0,0.0,0.0,7.0,0.0,0.0,,33663.10560007322,
test,5061,1.0,B2_observed_only_twin,MICROSTOP_BURST,False,10.260598170292266,45.562612595121664,59,0.03389830508474576,1.0,0.0,0.0,7.0,0.0,0.0,,33663.10560007322,
test,5061,1.0,B0_SPC_observed,MICROSTOP_BURST,False,10.260598170292266,5.237133527699475,59,0.0,0.0,,,,0.0,0.0,,,
test,5061,1.0,B1_IsolationForest,MICROSTOP_BURST,False,10.260598170292266,0.7565752413847274,59,0.0,0.0,,,,0.0,0.0,,,
test,5061,0.75,RippleTwin,MICROSTOP_BURST,False,10.260598170292266,32.119525394492335,59,0.03389830508474576,1.0,0.0,0.0,6.0,0.0,0.0,,33663.10560007322,
test,5061,0.75,B2_observed_only_twin,MICROSTOP_BURST,False,10.260598170292266,32.119525394492335,59,0.03389830508474576,1.0,0.0,0.0,7.0,0.0,0.0,,33663.10560007322,
test,5061,0.75,B0_SPC_observed,MICROSTOP_BURST,False,10.260598170292266,5.237133527699475,59,0.0,0.0,,,,0.0,0.0,,,
test,5061,0.75,B1_IsolationForest,MICROSTOP_BURST,False,10.260598170292266,0.7565752413847274,59,0.0,0.0,,,,0.0,0.0,,,
test,5061,0.5,RippleTwin,MICROSTOP_BURST,False,10.260598170292266,42.892326734815505,59,0.03389830508474576,1.0,0.0,0.0,6.0,0.0,0.0,,33663.10560007322,
test,5061,0.5,B2_observed_only_twin,MICROSTOP_BURST,False,10.260598170292266,42.892326734815505,59,0.03389830508474576,1.0,0.0,0.0,7.0,0.0,0.0,,33663.10560007322,
test,5061,0.5,B0_SPC_observed,MICROSTOP_BURST,False,10.260598170292266,5.237133527699475,59,0.0,0.0,,,,0.0,0.0,,,
test,5061,0.5,B1_IsolationForest,MICROSTOP_BURST,False,10.260598170292266,0.7565752413847274,59,0.0,0.0,,,,0.0,0.0,,,
test,5061,0.25,RippleTwin,MICROSTOP_BURST,True,10.260598170292266,27.136223649542885,59,0.01694915254237288,1.0,0.0,0.0,6.0,0.0,0.0,,33964.79327093769,
test,5061,0.25,B2_observed_only_twin,MICROSTOP_BURST,True,10.260598170292266,26.168542400051628,59,0.01694915254237288,1.0,0.0,0.0,7.0,0.0,0.0,,33964.79327093769,
test,5061,0.25,B0_SPC_observed,MICROSTOP_BURST,True,10.260598170292266,4.936240980386517,59,0.0,0.0,,,,0.0,0.0,,,
test,5061,0.25,B1_IsolationForest,MICROSTOP_BURST,True,10.260598170292266,0.7090738077922258,59,0.0,0.0,,,,0.0,0.0,,,
test,5062,1.0,RippleTwin,MICROSTOP_BURST,False,5.3242748710682,45.562612595121664,71,0.0,0.0,,,,0.0,0.0,,,
test,5062,1.0,B2_observed_only_twin,MICROSTOP_BURST,False,5.3242748710682,45.562612595121664,71,0.0,0.0,,,,0.0,0.0,,,
test,5062,1.0,B0_SPC_observed,MICROSTOP_BURST,False,5.3242748710682,5.237133527699475,71,0.04225352112676056,1.0,0.0,0.0,28.0,0.0,0.0,,44159.32781435132,
test,5062,1.0,B1_IsolationForest,MICROSTOP_BURST,False,5.3242748710682,0.7565752413847274,71,0.0,0.0,,,,0.0,0.0,,,
test,5062,0.75,RippleTwin,MICROSTOP_BURST,False,5.3242748710682,32.119525394492335,71,0.0,0.0,,,,0.0,0.0,,,
test,5062,0.75,B2_observed_only_twin,MICROSTOP_BURST,False,5.3242748710682,32.119525394492335,71,0.0,0.0,,,,0.0,0.0,,,
test,5062,0.75,B0_SPC_observed,MICROSTOP_BURST,False,5.3242748710682,5.237133527699475,71,0.04225352112676056,1.0,0.0,0.0,28.0,0.0,0.0,,44159.32781435132,
test,5062,0.75,B1_IsolationForest,MICROSTOP_BURST,False,5.3242748710682,0.7565752413847274,71,0.0,0.0,,,,0.0,0.0,,,
test,5062,0.5,RippleTwin,MICROSTOP_BURST,False,5.3242748710682,42.892326734815505,71,0.0,0.0,,,,0.0,0.0,,,
test,5062,0.5,B2_observed_only_twin,MICROSTOP_BURST,False,5.3242748710682,42.892326734815505,71,0.0,0.0,,,,0.0,0.0,,,
test,5062,0.5,B0_SPC_observed,MICROSTOP_BURST,False,5.3242748710682,5.237133527699475,71,0.04225352112676056,1.0,0.0,0.0,28.0,0.0,0.0,,44159.32781435132,
test,5062,0.5,B1_IsolationForest,MICROSTOP_BURST,False,5.3242748710682,0.7565752413847274,71,0.0,0.0,,,,0.0,0.0,,,
test,5062,0.25,RippleTwin,MICROSTOP_BURST,True,5.3242748710682,27.136223649542885,71,0.0,0.0,,,,0.0,0.0,,,
test,5062,0.25,B2_observed_only_twin,MICROSTOP_BURST,True,5.3242748710682,26.168542400051628,71,0.0,0.0,,,,0.0,0.0,,,
test,5062,0.25,B0_SPC_observed,MICROSTOP_BURST,True,5.3242748710682,4.936240980386517,71,0.014084507042253521,1.0,0.0,0.0,17.0,0.0,0.0,,44159.32781435132,
test,5062,0.25,B1_IsolationForest,MICROSTOP_BURST,True,5.3242748710682,0.7090738077922258,71,0.0,0.0,,,,0.0,0.0,,,
test,5066,1.0,RippleTwin,SLOWDOWN,False,1.3295242898176327,45.562612595121664,71,0.7746478873239436,1.0,1.0,1.0,0.0,1.0,1.0,,35747.0846254411,
test,5066,1.0,B2_observed_only_twin,SLOWDOWN,False,1.3295242898176327,45.562612595121664,71,0.7746478873239436,1.0,1.0,1.0,0.0,1.0,1.0,,35747.0846254411,
test,5066,1.0,B0_SPC_observed,SLOWDOWN,False,1.3295242898176327,5.237133527699475,71,0.7746478873239436,1.0,1.0,1.0,0.0,1.0,1.0,,35747.0846254411,
test,5066,1.0,B1_IsolationForest,SLOWDOWN,False,1.3295242898176327,0.7565752413847274,71,0.18309859154929578,1.0,0.0,0.46153846153846156,2.0,0.0,1.0,,37254.14606381584,
test,5066,0.75,RippleTwin,SLOWDOWN,False,1.3295242898176327,32.119525394492335,71,0.7746478873239436,1.0,1.0,1.0,0.0,1.0,1.0,,35747.0846254411,
test,5066,0.75,B2_observed_only_twin,SLOWDOWN,False,1.3295242898176327,32.119525394492335,71,0.7746478873239436,1.0,1.0,1.0,0.0,1.0,1.0,,35747.0846254411,
test,5066,0.75,B0_SPC_observed,SLOWDOWN,False,1.3295242898176327,5.237133527699475,71,0.7746478873239436,1.0,1.0,1.0,0.0,1.0,1.0,,35747.0846254411,
test,5066,0.75,B1_IsolationForest,SLOWDOWN,False,1.3295242898176327,0.7565752413847274,71,0.18309859154929578,1.0,0.0,0.46153846153846156,2.0,0.0,1.0,,37254.14606381584,
test,5066,0.5,RippleTwin,SLOWDOWN,False,1.3295242898176327,42.892326734815505,71,0.7746478873239436,1.0,1.0,1.0,0.0,1.0,1.0,,35747.0846254411,
test,5066,0.5,B2_observed_only_twin,SLOWDOWN,False,1.3295242898176327,42.892326734815505,71,0.7746478873239436,1.0,1.0,1.0,0.0,1.0,1.0,,35747.0846254411,
test,5066,0.5,B0_SPC_observed,SLOWDOWN,False,1.3295242898176327,5.237133527699475,71,0.7746478873239436,1.0,1.0,1.0,0.0,1.0,1.0,,35747.0846254411,
test,5066,0.5,B1_IsolationForest,SLOWDOWN,False,1.3295242898176327,0.7565752413847274,71,0.11267605633802817,1.0,0.0,0.0,2.0,0.0,0.0,,37254.14606381584,
test,5066,0.25,RippleTwin,SLOWDOWN,True,1.3295242898176327,27.136223649542885,71,0.04225352112676056,1.0,0.0,0.0,4.0,0.0,0.0,,51825.17780045653,
test,5066,0.25,B2_observed_only_twin,SLOWDOWN,True,1.3295242898176327,26.168542400051628,71,0.04225352112676056,1.0,0.0,0.0,4.0,0.0,0.0,,51825.17780045653,
test,5066,0.25,B0_SPC_observed,SLOWDOWN,True,1.3295242898176327,4.936240980386517,71,0.014084507042253521,1.0,0.0,0.0,22.0,0.0,0.0,,54824.28588050439,
test,5066,0.25,B1_IsolationForest,SLOWDOWN,True,1.3295242898176327,0.7090738077922258,71,0.39436619718309857,1.0,0.0,0.0,4.0,0.0,0.0,,42659.576849220844,
test,5068,1.0,RippleTwin,QUALITY_DRIFT,False,6.432180751886637,45.562612595121664,43,0.0,0.0,,,,0.0,0.0,,,
test,5068,1.0,B2_observed_only_twin,QUALITY_DRIFT,False,6.432180751886637,45.562612595121664,43,0.0,0.0,,,,0.0,0.0,,,
test,5068,1.0,B0_SPC_observed,QUALITY_DRIFT,False,6.432180751886637,5.237133527699475,43,0.0,0.0,,,,0.0,0.0,,,
test,5068,1.0,B1_IsolationForest,QUALITY_DRIFT,False,6.432180751886637,0.7565752413847274,43,0.0,0.0,,,,0.0,0.0,,,
test,5068,0.75,RippleTwin,QUALITY_DRIFT,True,6.432180751886637,32.119525394492335,43,0.0,0.0,,,,0.0,0.0,,,
test,5068,0.75,B2_observed_only_twin,QUALITY_DRIFT,True,6.432180751886637,32.119525394492335,43,0.0,0.0,,,,0.0,0.0,,,
test,5068,0.75,B0_SPC_observed,QUALITY_DRIFT,True,6.432180751886637,5.237133527699475,43,0.0,0.0,,,,0.0,0.0,,,
test,5068,0.75,B1_IsolationForest,QUALITY_DRIFT,True,6.432180751886637,0.7565752413847274,43,0.0,0.0,,,,0.0,0.0,,,
test,5068,0.5,RippleTwin,QUALITY_DRIFT,True,6.432180751886637,42.892326734815505,43,0.0,0.0,,,,0.0,0.0,,,
test,5068,0.5,B2_observed_only_twin,QUALITY_DRIFT,True,6.432180751886637,42.892326734815505,43,0.0,0.0,,,,0.0,0.0,,,
test,5068,0.5,B0_SPC_observed,QUALITY_DRIFT,True,6.432180751886637,5.237133527699475,43,0.0,0.0,,,,0.0,0.0,,,
test,5068,0.5,B1_IsolationForest,QUALITY_DRIFT,True,6.432180751886637,0.7565752413847274,43,0.0,0.0,,,,0.0,0.0,,,
test,5068,0.25,RippleTwin,QUALITY_DRIFT,True,6.432180751886637,27.136223649542885,43,0.0,0.0,,,,0.0,0.0,,,
test,5068,0.25,B2_observed_only_twin,QUALITY_DRIFT,True,6.432180751886637,26.168542400051628,43,0.0,0.0,,,,0.0,0.0,,,
test,5068,0.25,B0_SPC_observed,QUALITY_DRIFT,True,6.432180751886637,4.936240980386517,43,0.0,0.0,,,,0.0,0.0,,,
test,5068,0.25,B1_IsolationForest,QUALITY_DRIFT,True,6.432180751886637,0.7090738077922258,43,0.0,0.0,,,,0.0,0.0,,,
test,5069,1.0,RippleTwin,QUALITY_DRIFT,False,9.641697318039055,45.562612595121664,64,0.0,0.0,,,,0.0,0.0,,,
test,5069,1.0,B2_observed_only_twin,QUALITY_DRIFT,False,9.641697318039055,45.562612595121664,64,0.0,0.0,,,,0.0,0.0,,,
test,5069,1.0,B0_SPC_observed,QUALITY_DRIFT,False,9.641697318039055,5.237133527699475,64,0.0,0.0,,,,0.0,0.0,,,
test,5069,1.0,B1_IsolationForest,QUALITY_DRIFT,False,9.641697318039055,0.7565752413847274,64,0.0,0.0,,,,0.0,0.0,,,
test,5069,0.75,RippleTwin,QUALITY_DRIFT,True,9.641697318039055,32.119525394492335,64,0.0,0.0,,,,0.0,0.0,,,
test,5069,0.75,B2_observed_only_twin,QUALITY_DRIFT,True,9.641697318039055,32.119525394492335,64,0.0,0.0,,,,0.0,0.0,,,
test,5069,0.75,B0_SPC_observed,QUALITY_DRIFT,True,9.641697318039055,5.237133527699475,64,0.0,0.0,,,,0.0,0.0,,,
test,5069,0.75,B1_IsolationForest,QUALITY_DRIFT,True,9.641697318039055,0.7565752413847274,64,0.0,0.0,,,,0.0,0.0,,,
test,5069,0.5,RippleTwin,QUALITY_DRIFT,True,9.641697318039055,42.892326734815505,64,0.0,0.0,,,,0.0,0.0,,,
test,5069,0.5,B2_observed_only_twin,QUALITY_DRIFT,True,9.641697318039055,42.892326734815505,64,0.0,0.0,,,,0.0,0.0,,,
test,5069,0.5,B0_SPC_observed,QUALITY_DRIFT,True,9.641697318039055,5.237133527699475,64,0.0,0.0,,,,0.0,0.0,,,
test,5069,0.5,B1_IsolationForest,QUALITY_DRIFT,True,9.641697318039055,0.7565752413847274,64,0.0,0.0,,,,0.0,0.0,,,
test,5069,0.25,RippleTwin,QUALITY_DRIFT,True,9.641697318039055,27.136223649542885,64,0.0,0.0,,,,0.0,0.0,,,
test,5069,0.25,B2_observed_only_twin,QUALITY_DRIFT,True,9.641697318039055,26.168542400051628,64,0.0,0.0,,,,0.0,0.0,,,
test,5069,0.25,B0_SPC_observed,QUALITY_DRIFT,True,9.641697318039055,4.936240980386517,64,0.0,0.0,,,,0.0,0.0,,,
test,5069,0.25,B1_IsolationForest,QUALITY_DRIFT,True,9.641697318039055,0.7090738077922258,64,0.0,0.0,,,,0.0,0.0,,,
test,5070,1.0,RippleTwin,MICROSTOP_BURST,False,11.529317770552177,45.562612595121664,51,0.0,0.0,,,,0.0,0.0,,,
test,5070,1.0,B2_observed_only_twin,MICROSTOP_BURST,False,11.529317770552177,45.562612595121664,51,0.0,0.0,,,,0.0,0.0,,,
test,5070,1.0,B0_SPC_observed,MICROSTOP_BURST,False,11.529317770552177,5.237133527699475,51,0.0,0.0,,,,0.0,0.0,,,
test,5070,1.0,B1_IsolationForest,MICROSTOP_BURST,False,11.529317770552177,0.7565752413847274,51,0.0,0.0,,,,0.0,0.0,,,
test,5070,0.75,RippleTwin,MICROSTOP_BURST,True,11.529317770552177,32.119525394492335,51,0.0,0.0,,,,0.0,0.0,,,
test,5070,0.75,B2_observed_only_twin,MICROSTOP_BURST,True,11.529317770552177,32.119525394492335,51,0.0,0.0,,,,0.0,0.0,,,
test,5070,0.75,B0_SPC_observed,MICROSTOP_BURST,True,11.529317770552177,5.237133527699475,51,0.0,0.0,,,,0.0,0.0,,,
test,5070,0.75,B1_IsolationForest,MICROSTOP_BURST,True,11.529317770552177,0.7565752413847274,51,0.0,0.0,,,,0.0,0.0,,,
test,5070,0.5,RippleTwin,MICROSTOP_BURST,True,11.529317770552177,42.892326734815505,51,0.0,0.0,,,,0.0,0.0,,,
test,5070,0.5,B2_observed_only_twin,MICROSTOP_BURST,True,11.529317770552177,42.892326734815505,51,0.0,0.0,,,,0.0,0.0,,,
test,5070,0.5,B0_SPC_observed,MICROSTOP_BURST,True,11.529317770552177,5.237133527699475,51,0.0,0.0,,,,0.0,0.0,,,
test,5070,0.5,B1_IsolationForest,MICROSTOP_BURST,True,11.529317770552177,0.7565752413847274,51,0.0,0.0,,,,0.0,0.0,,,
test,5070,0.25,RippleTwin,MICROSTOP_BURST,True,11.529317770552177,27.136223649542885,51,0.0196078431372549,1.0,0.0,1.0,1.0,0.0,1.0,,33226.1098685676,
test,5070,0.25,B2_observed_only_twin,MICROSTOP_BURST,True,11.529317770552177,26.168542400051628,51,0.0392156862745098,1.0,0.0,1.0,1.0,0.0,1.0,,26187.384950957083,
test,5070,0.25,B0_SPC_observed,MICROSTOP_BURST,True,11.529317770552177,4.936240980386517,51,0.0,0.0,,,,0.0,0.0,,,
test,5070,0.25,B1_IsolationForest,MICROSTOP_BURST,True,11.529317770552177,0.7090738077922258,51,0.0196078431372549,1.0,0.0,0.0,12.0,0.0,0.0,,26187.384950957083,
test,5071,1.0,RippleTwin,COMBINED,False,1.2195802883337588,45.562612595121664,61,0.26229508196721313,1.0,1.0,1.0,0.0,1.0,1.0,,27056.23196105127,
test,5071,1.0,B2_observed_only_twin,COMBINED,False,1.2195802883337588,45.562612595121664,61,0.26229508196721313,1.0,1.0,1.0,0.0,1.0,1.0,,27056.23196105127,
test,5071,1.0,B0_SPC_observed,COMBINED,False,1.2195802883337588,5.237133527699475,61,0.5245901639344263,1.0,1.0,1.0,0.0,1.0,1.0,,23758.83705363092,
test,5071,1.0,B1_IsolationForest,COMBINED,False,1.2195802883337588,0.7565752413847274,61,0.06557377049180328,1.0,0.0,0.0,2.0,0.0,0.0,,26750.63426962739,
test,5071,0.75,RippleTwin,COMBINED,True,1.2195802883337588,32.119525394492335,61,0.01639344262295082,1.0,0.0,0.0,4.0,0.0,0.0,,33959.13468706121,
test,5071,0.75,B2_observed_only_twin,COMBINED,True,1.2195802883337588,32.119525394492335,61,0.01639344262295082,1.0,0.0,0.0,4.0,0.0,0.0,,33959.13468706121,
test,5071,0.75,B0_SPC_observed,COMBINED,True,1.2195802883337588,5.237133527699475,61,0.01639344262295082,1.0,0.0,0.0,10.0,0.0,0.0,,29757.373978817977,
test,5071,0.75,B1_IsolationForest,COMBINED,True,1.2195802883337588,0.7565752413847274,61,0.06557377049180328,1.0,0.0,0.0,2.0,0.0,0.0,,26750.63426962739,
test,5071,0.5,RippleTwin,COMBINED,True,1.2195802883337588,42.892326734815505,61,0.0,0.0,,,,0.0,0.0,,,
test,5071,0.5,B2_observed_only_twin,COMBINED,True,1.2195802883337588,42.892326734815505,61,0.0,0.0,,,,0.0,0.0,,,
test,5071,0.5,B0_SPC_observed,COMBINED,True,1.2195802883337588,5.237133527699475,61,0.01639344262295082,1.0,0.0,0.0,10.0,0.0,0.0,,29757.373978817977,
test,5071,0.5,B1_IsolationForest,COMBINED,True,1.2195802883337588,0.7565752413847274,61,0.06557377049180328,1.0,0.0,0.0,2.0,0.0,0.0,,26750.63426962739,
test,5071,0.25,RippleTwin,COMBINED,True,1.2195802883337588,27.136223649542885,61,0.0,0.0,,,,0.0,0.0,,,
test,5071,0.25,B2_observed_only_twin,COMBINED,True,1.2195802883337588,26.168542400051628,61,0.0,0.0,,,,0.0,0.0,,,
test,5071,0.25,B0_SPC_observed,COMBINED,True,1.2195802883337588,4.936240980386517,61,0.0,0.0,,,,0.0,0.0,,,
test,5071,0.25,B1_IsolationForest,COMBINED,True,1.2195802883337588,0.7090738077922258,61,0.2786885245901639,1.0,0.0,0.0,2.0,0.0,0.0,,25263.44383323038,
test,5073,1.0,RippleTwin,SLOWDOWN,False,1.3031455640101535,45.562612595121664,65,0.7692307692307693,1.0,1.0,1.0,0.0,1.0,1.0,,35764.45978974189,
test,5073,1.0,B2_observed_only_twin,SLOWDOWN,False,1.3031455640101535,45.562612595121664,65,0.7692307692307693,1.0,1.0,1.0,0.0,1.0,1.0,,35764.45978974189,
test,5073,1.0,B0_SPC_observed,SLOWDOWN,False,1.3031455640101535,5.237133527699475,65,0.7692307692307693,1.0,1.0,1.0,0.0,1.0,1.0,,35764.45978974189,
test,5073,1.0,B1_IsolationForest,SLOWDOWN,False,1.3031455640101535,0.7565752413847274,65,0.2153846153846154,1.0,0.0,0.21428571428571427,4.0,0.0,0.0,,42055.60591093128,
test,5073,0.75,RippleTwin,SLOWDOWN,True,1.3031455640101535,32.119525394492335,65,0.6153846153846154,1.0,0.8,1.0,0.0,1.0,1.0,,39957.80663052523,
test,5073,0.75,B2_observed_only_twin,SLOWDOWN,True,1.3031455640101535,32.119525394492335,65,0.5538461538461539,1.0,0.0,1.0,1.0,0.0,1.0,,40557.37576201123,
test,5073,0.75,B0_SPC_observed,SLOWDOWN,True,1.3031455640101535,5.237133527699475,65,0.0,0.0,,,,0.0,0.0,,,
test,5073,0.75,B1_IsolationForest,SLOWDOWN,True,1.3031455640101535,0.7565752413847274,65,0.2153846153846154,1.0,0.0,0.21428571428571427,4.0,0.0,0.0,,42055.60591093128,
test,5073,0.5,RippleTwin,SLOWDOWN,True,1.3031455640101535,42.892326734815505,65,0.35384615384615387,1.0,0.0,0.0,3.0,0.0,0.0,,44442.903116594694,
test,5073,0.5,B2_observed_only_twin,SLOWDOWN,True,1.3031455640101535,42.892326734815505,65,0.38461538461538464,1.0,0.0,0.0,4.0,0.0,0.0,,44442.903116594694,
test,5073,0.5,B0_SPC_observed,SLOWDOWN,True,1.3031455640101535,5.237133527699475,65,0.0,0.0,,,,0.0,0.0,,,
test,5073,0.5,B1_IsolationForest,SLOWDOWN,True,1.3031455640101535,0.7565752413847274,65,0.2,1.0,0.0,0.0,4.0,0.0,0.0,,43731.75729839703,
test,5073,0.25,RippleTwin,SLOWDOWN,True,1.3031455640101535,27.136223649542885,65,0.13846153846153847,1.0,0.0,1.0,1.0,0.0,1.0,,50193.65512556819,
test,5073,0.25,B2_observed_only_twin,SLOWDOWN,True,1.3031455640101535,26.168542400051628,65,0.12307692307692308,1.0,0.0,0.0,2.0,0.0,0.0,,50193.65512556819,
test,5073,0.25,B0_SPC_observed,SLOWDOWN,True,1.3031455640101535,4.936240980386517,65,0.0,0.0,,,,0.0,0.0,,,
test,5073,0.25,B1_IsolationForest,SLOWDOWN,True,1.3031455640101535,0.7090738077922258,65,0.2,1.0,0.0,0.0,6.0,0.0,0.0,,49029.48907971231,
test,5075,1.0,RippleTwin,MICROSTOP_BURST,False,10.015606039448699,45.562612595121664,43,0.023255813953488372,1.0,0.0,0.0,19.0,0.0,0.0,,40856.39239186949,
test,5075,1.0,B2_observed_only_twin,MICROSTOP_BURST,False,10.015606039448699,45.562612595121664,43,0.023255813953488372,1.0,0.0,0.0,19.0,0.0,0.0,,40856.39239186949,
test,5075,1.0,B0_SPC_observed,MICROSTOP_BURST,False,10.015606039448699,5.237133527699475,43,0.09302325581395349,1.0,1.0,1.0,0.0,1.0,1.0,,44158.64931293125,
test,5075,1.0,B1_IsolationForest,MICROSTOP_BURST,False,10.015606039448699,0.7565752413847274,43,0.023255813953488372,1.0,0.0,0.0,26.0,0.0,0.0,,38459.625272857855,
test,5075,0.75,RippleTwin,MICROSTOP_BURST,False,10.015606039448699,32.119525394492335,43,0.023255813953488372,1.0,0.0,0.0,20.0,0.0,0.0,,40856.39239186949,
test,5075,0.75,B2_observed_only_twin,MICROSTOP_BURST,False,10.015606039448699,32.119525394492335,43,0.0,0.0,,,,0.0,0.0,,,
test,5075,0.75,B0_SPC_observed,MICROSTOP_BURST,False,10.015606039448699,5.237133527699475,43,0.09302325581395349,1.0,1.0,1.0,0.0,1.0,1.0,,44158.64931293125,
test,5075,0.75,B1_IsolationForest,MICROSTOP_BURST,False,10.015606039448699,0.7565752413847274,43,0.023255813953488372,1.0,0.0,0.0,26.0,0.0,0.0,,38459.625272857855,
test,5075,0.5,RippleTwin,MICROSTOP_BURST,True,10.015606039448699,42.892326734815505,43,0.0,0.0,,,,0.0,0.0,,,
test,5075,0.5,B2_observed_only_twin,MICROSTOP_BURST,True,10.015606039448699,42.892326734815505,43,0.0,0.0,,,,0.0,0.0,,,
test,5075,0.5,B0_SPC_observed,MICROSTOP_BURST,True,10.015606039448699,5.237133527699475,43,0.0,0.0,,,,0.0,0.0,,,
test,5075,0.5,B1_IsolationForest,MICROSTOP_BURST,True,10.015606039448699,0.7565752413847274,43,0.023255813953488372,1.0,0.0,0.0,26.0,0.0,0.0,,38459.625272857855,
test,5075,0.25,RippleTwin,MICROSTOP_BURST,True,10.015606039448699,27.136223649542885,43,0.0,0.0,,,,0.0,0.0,,,
test,5075,0.25,B2_observed_only_twin,MICROSTOP_BURST,True,10.015606039448699,26.168542400051628,43,0.0,0.0,,,,0.0,0.0,,,
test,5075,0.25,B0_SPC_observed,MICROSTOP_BURST,True,10.015606039448699,4.936240980386517,43,0.0,0.0,,,,0.0,0.0,,,
test,5075,0.25,B1_IsolationForest,MICROSTOP_BURST,True,10.015606039448699,0.7090738077922258,43,0.0,0.0,,,,0.0,0.0,,,
test,5078,1.0,RippleTwin,SLOWDOWN,False,1.1564989171704545,45.562612595121664,51,0.0,0.0,,,,0.0,0.0,,,
test,5078,1.0,B2_observed_only_twin,SLOWDOWN,False,1.1564989171704545,45.562612595121664,51,0.0,0.0,,,,0.0,0.0,,,
test,5078,1.0,B0_SPC_observed,SLOWDOWN,False,1.1564989171704545,5.237133527699475,51,0.45098039215686275,1.0,1.0,1.0,0.0,1.0,1.0,68.56592205881758,30357.727778624376,30357.727778624376
test,5078,1.0,B1_IsolationForest,SLOWDOWN,False,1.1564989171704545,0.7565752413847274,51,0.0,0.0,,,,0.0,0.0,,,
test,5078,0.75,RippleTwin,SLOWDOWN,False,1.1564989171704545,32.119525394492335,51,0.0,0.0,,,,0.0,0.0,,,
test,5078,0.75,B2_observed_only_twin,SLOWDOWN,False,1.1564989171704545,32.119525394492335,51,0.0,0.0,,,,0.0,0.0,,,
test,5078,0.75,B0_SPC_observed,SLOWDOWN,False,1.1564989171704545,5.237133527699475,51,0.45098039215686275,1.0,1.0,1.0,0.0,1.0,1.0,68.56592205881758,30357.727778624376,30357.727778624376
test,5078,0.75,B1_IsolationForest,SLOWDOWN,False,1.1564989171704545,0.7565752413847274,51,0.0,0.0,,,,0.0,0.0,,,
test,5078,0.5,RippleTwin,SLOWDOWN,False,1.1564989171704545,42.892326734815505,51,0.0,0.0,,,,0.0,0.0,,,
test,5078,0.5,B2_observed_only_twin,SLOWDOWN,False,1.1564989171704545,42.892326734815505,51,0.0,0.0,,,,0.0,0.0,,,
test,5078,0.5,B0_SPC_observed,SLOWDOWN,False,1.1564989171704545,5.237133527699475,51,0.49019607843137253,1.0,1.0,1.0,0.0,1.0,1.0,68.56592205881758,30357.727778624376,30357.727778624376
test,5078,0.5,B1_IsolationForest,SLOWDOWN,False,1.1564989171704545,0.7565752413847274,51,0.0,0.0,,,,0.0,0.0,,,
test,5078,0.25,RippleTwin,SLOWDOWN,True,1.1564989171704545,27.136223649542885,51,0.0,0.0,,,,0.0,0.0,,,
test,5078,0.25,B2_observed_only_twin,SLOWDOWN,True,1.1564989171704545,26.168542400051628,51,0.0,0.0,,,,0.0,0.0,,,
test,5078,0.25,B0_SPC_observed,SLOWDOWN,True,1.1564989171704545,4.936240980386517,51,0.0,0.0,,,,0.0,0.0,,,
test,5078,0.25,B1_IsolationForest,SLOWDOWN,True,1.1564989171704545,0.7090738077922258,51,0.0,0.0,,,,0.0,0.0,,,
test,5079,1.0,RippleTwin,SLOWDOWN,False,1.2255855851041377,45.562612595121664,40,0.15,1.0,1.0,1.0,0.0,1.0,1.0,,43830.490281051905,
test,5079,1.0,B2_observed_only_twin,SLOWDOWN,False,1.2255855851041377,45.562612595121664,40,0.15,1.0,1.0,1.0,0.0,1.0,1.0,,43830.490281051905,
test,5079,1.0,B0_SPC_observed,SLOWDOWN,False,1.2255855851041377,5.237133527699475,40,0.65,1.0,1.0,1.0,0.0,1.0,1.0,,38461.15661233608,
test,5079,1.0,B1_IsolationForest,SLOWDOWN,False,1.2255855851041377,0.7565752413847274,40,0.0,0.0,,,,0.0,0.0,,,
test,5079,0.75,RippleTwin,SLOWDOWN,False,1.2255855851041377,32.119525394492335,40,0.525,1.0,1.0,1.0,0.0,1.0,1.0,,38461.15661233608,
test,5079,0.75,B2_observed_only_twin,SLOWDOWN,False,1.2255855851041377,32.119525394492335,40,0.525,1.0,1.0,1.0,0.0,1.0,1.0,,38461.15661233608,
test,5079,0.75,B0_SPC_observed,SLOWDOWN,False,1.2255855851041377,5.237133527699475,40,0.65,1.0,1.0,1.0,0.0,1.0,1.0,,38461.15661233608,
test,5079,0.75,B1_IsolationForest,SLOWDOWN,False,1.2255855851041377,0.7565752413847274,40,0.0,0.0,,,,0.0,0.0,,,
test,5079,0.5,RippleTwin,SLOWDOWN,True,1.2255855851041377,42.892326734815505,40,0.0,0.0,,,,0.0,0.0,,,
test,5079,0.5,B2_observed_only_twin,SLOWDOWN,True,1.2255855851041377,42.892326734815505,40,0.0,0.0,,,,0.0,0.0,,,
test,5079,0.5,B0_SPC_observed,SLOWDOWN,True,1.2255855851041377,5.237133527699475,40,0.0,0.0,,,,0.0,0.0,,,
test,5079,0.5,B1_IsolationForest,SLOWDOWN,True,1.2255855851041377,0.7565752413847274,40,0.0,0.0,,,,0.0,0.0,,,
test,5079,0.25,RippleTwin,SLOWDOWN,True,1.2255855851041377,27.136223649542885,40,0.0,0.0,,,,0.0,0.0,,,
test,5079,0.25,B2_observed_only_twin,SLOWDOWN,True,1.2255855851041377,26.168542400051628,40,0.0,0.0,,,,0.0,0.0,,,
test,5079,0.25,B0_SPC_observed,SLOWDOWN,True,1.2255855851041377,4.936240980386517,40,0.0,0.0,,,,0.0,0.0,,,
test,5079,0.25,B1_IsolationForest,SLOWDOWN,True,1.2255855851041377,0.7090738077922258,40,0.0,0.0,,,,0.0,0.0,,,
test,5080,1.0,RippleTwin,COMBINED,False,1.1556730393508616,45.562612595121664,60,0.0,0.0,,,,0.0,0.0,,,
test,5080,1.0,B2_observed_only_twin,COMBINED,False,1.1556730393508616,45.562612595121664,60,0.0,0.0,,,,0.0,0.0,,,
test,5080,1.0,B0_SPC_observed,COMBINED,False,1.1556730393508616,5.237133527699475,60,0.3333333333333333,1.0,0.95,0.95,0.0,1.0,1.0,,40428.50547405449,
test,5080,1.0,B1_IsolationForest,COMBINED,False,1.1556730393508616,0.7565752413847274,60,0.0,0.0,,,,0.0,0.0,,,
test,5080,0.75,RippleTwin,COMBINED,True,1.1556730393508616,32.119525394492335,60,0.0,0.0,,,,0.0,0.0,,,
test,5080,0.75,B2_observed_only_twin,COMBINED,True,1.1556730393508616,32.119525394492335,60,0.0,0.0,,,,0.0,0.0,,,
test,5080,0.75,B0_SPC_observed,COMBINED,True,1.1556730393508616,5.237133527699475,60,0.016666666666666666,1.0,0.0,0.0,4.0,0.0,0.0,,55780.98047725336,
test,5080,0.75,B1_IsolationForest,COMBINED,True,1.1556730393508616,0.7565752413847274,60,0.0,0.0,,,,0.0,0.0,,,
test,5080,0.5,RippleTwin,COMBINED,True,1.1556730393508616,42.892326734815505,60,0.0,0.0,,,,0.0,0.0,,,
test,5080,0.5,B2_observed_only_twin,COMBINED,True,1.1556730393508616,42.892326734815505,60,0.0,0.0,,,,0.0,0.0,,,
test,5080,0.5,B0_SPC_observed,COMBINED,True,1.1556730393508616,5.237133527699475,60,0.0,0.0,,,,0.0,0.0,,,
test,5080,0.5,B1_IsolationForest,COMBINED,True,1.1556730393508616,0.7565752413847274,60,0.0,0.0,,,,0.0,0.0,,,
test,5080,0.25,RippleTwin,COMBINED,True,1.1556730393508616,27.136223649542885,60,0.0,0.0,,,,0.0,0.0,,,
test,5080,0.25,B2_observed_only_twin,COMBINED,True,1.1556730393508616,26.168542400051628,60,0.0,0.0,,,,0.0,0.0,,,
test,5080,0.25,B0_SPC_observed,COMBINED,True,1.1556730393508616,4.936240980386517,60,0.0,0.0,,,,0.0,0.0,,,
test,5080,0.25,B1_IsolationForest,COMBINED,True,1.1556730393508616,0.7090738077922258,60,0.0,0.0,,,,0.0,0.0,,,
test,5084,1.0,RippleTwin,QUALITY_DRIFT,False,10.497167484653817,45.562612595121664,56,0.0,0.0,,,,0.0,0.0,,,
test,5084,1.0,B2_observed_only_twin,QUALITY_DRIFT,False,10.497167484653817,45.562612595121664,56,0.0,0.0,,,,0.0,0.0,,,
test,5084,1.0,B0_SPC_observed,QUALITY_DRIFT,False,10.497167484653817,5.237133527699475,56,0.03571428571428571,1.0,0.0,0.0,7.0,0.0,0.0,,42957.410542990656,
test,5084,1.0,B1_IsolationForest,QUALITY_DRIFT,False,10.497167484653817,0.7565752413847274,56,0.0,0.0,,,,0.0,0.0,,,
test,5084,0.75,RippleTwin,QUALITY_DRIFT,False,10.497167484653817,32.119525394492335,56,0.0,0.0,,,,0.0,0.0,,,
test,5084,0.75,B2_observed_only_twin,QUALITY_DRIFT,False,10.497167484653817,32.119525394492335,56,0.0,0.0,,,,0.0,0.0,,,
test,5084,0.75,B0_SPC_observed,QUALITY_DRIFT,False,10.497167484653817,5.237133527699475,56,0.03571428571428571,1.0,0.0,0.0,7.0,0.0,0.0,,42957.410542990656,
test,5084,0.75,B1_IsolationForest,QUALITY_DRIFT,False,10.497167484653817,0.7565752413847274,56,0.0,0.0,,,,0.0,0.0,,,
test,5084,0.5,RippleTwin,QUALITY_DRIFT,False,10.497167484653817,42.892326734815505,56,0.0,0.0,,,,0.0,0.0,,,
test,5084,0.5,B2_observed_only_twin,QUALITY_DRIFT,False,10.497167484653817,42.892326734815505,56,0.0,0.0,,,,0.0,0.0,,,
test,5084,0.5,B0_SPC_observed,QUALITY_DRIFT,False,10.497167484653817,5.237133527699475,56,0.03571428571428571,1.0,0.0,0.0,7.0,0.0,0.0,,42957.410542990656,
test,5084,0.5,B1_IsolationForest,QUALITY_DRIFT,False,10.497167484653817,0.7565752413847274,56,0.0,0.0,,,,0.0,0.0,,,
test,5084,0.25,RippleTwin,QUALITY_DRIFT,True,10.497167484653817,27.136223649542885,56,0.0,0.0,,,,0.0,0.0,,,
test,5084,0.25,B2_observed_only_twin,QUALITY_DRIFT,True,10.497167484653817,26.168542400051628,56,0.0,0.0,,,,0.0,0.0,,,
test,5084,0.25,B0_SPC_observed,QUALITY_DRIFT,True,10.497167484653817,4.936240980386517,56,0.0,0.0,,,,0.0,0.0,,,
test,5084,0.25,B1_IsolationForest,QUALITY_DRIFT,True,10.497167484653817,0.7090738077922258,56,0.0,0.0,,,,0.0,0.0,,,
test,5085,1.0,RippleTwin,QUALITY_DRIFT,False,6.154830438304186,45.562612595121664,59,0.05084745762711865,1.0,0.0,0.0,26.0,0.0,0.0,,32760.646987879474,
test,5085,1.0,B2_observed_only_twin,QUALITY_DRIFT,False,6.154830438304186,45.562612595121664,59,0.05084745762711865,1.0,0.0,0.0,26.0,0.0,0.0,,32760.646987879474,
test,5085,1.0,B0_SPC_observed,QUALITY_DRIFT,False,6.154830438304186,5.237133527699475,59,0.0,0.0,,,,0.0,0.0,,,
test,5085,1.0,B1_IsolationForest,QUALITY_DRIFT,False,6.154830438304186,0.7565752413847274,59,0.0,0.0,,,,0.0,0.0,,,
test,5085,0.75,RippleTwin,QUALITY_DRIFT,True,6.154830438304186,32.119525394492335,59,0.05084745762711865,1.0,0.0,0.0,27.0,0.0,0.0,,32760.646987879474,
test,5085,0.75,B2_observed_only_twin,QUALITY_DRIFT,True,6.154830438304186,32.119525394492335,59,0.03389830508474576,1.0,0.0,0.0,26.0,0.0,0.0,,33051.872750832685,
test,5085,0.75,B0_SPC_observed,QUALITY_DRIFT,True,6.154830438304186,5.237133527699475,59,0.0,0.0,,,,0.0,0.0,,,
test,5085,0.75,B1_IsolationForest,QUALITY_DRIFT,True,6.154830438304186,0.7565752413847274,59,0.0,0.0,,,,0.0,0.0,,,
test,5085,0.5,RippleTwin,QUALITY_DRIFT,True,6.154830438304186,42.892326734815505,59,0.05084745762711865,1.0,0.0,0.0,27.0,0.0,0.0,,32760.646987879474,
test,5085,0.5,B2_observed_only_twin,QUALITY_DRIFT,True,6.154830438304186,42.892326734815505,59,0.05084745762711865,1.0,0.0,0.0,26.0,0.0,0.0,,32760.646987879474,
test,5085,0.5,B0_SPC_observed,QUALITY_DRIFT,True,6.154830438304186,5.237133527699475,59,0.0,0.0,,,,0.0,0.0,,,
test,5085,0.5,B1_IsolationForest,QUALITY_DRIFT,True,6.154830438304186,0.7565752413847274,59,0.0,0.0,,,,0.0,0.0,,,
test,5085,0.25,RippleTwin,QUALITY_DRIFT,True,6.154830438304186,27.136223649542885,59,0.03389830508474576,1.0,0.0,0.0,27.0,0.0,0.0,,32760.646987879474,
test,5085,0.25,B2_observed_only_twin,QUALITY_DRIFT,True,6.154830438304186,26.168542400051628,59,0.03389830508474576,1.0,0.0,0.0,26.0,0.0,0.0,,32760.646987879474,
test,5085,0.25,B0_SPC_observed,QUALITY_DRIFT,True,6.154830438304186,4.936240980386517,59,0.0,0.0,,,,0.0,0.0,,,
test,5085,0.25,B1_IsolationForest,QUALITY_DRIFT,True,6.154830438304186,0.7090738077922258,59,0.0,0.0,,,,0.0,0.0,,,
test,5086,1.0,RippleTwin,MICROSTOP_BURST,False,10.087111550370476,45.562612595121664,58,0.0,0.0,,,,0.0,0.0,,,
test,5086,1.0,B2_observed_only_twin,MICROSTOP_BURST,False,10.087111550370476,45.562612595121664,58,0.0,0.0,,,,0.0,0.0,,,
test,5086,1.0,B0_SPC_observed,MICROSTOP_BURST,False,10.087111550370476,5.237133527699475,58,0.034482758620689655,1.0,1.0,1.0,0.0,1.0,1.0,,36650.35500082724,
test,5086,1.0,B1_IsolationForest,MICROSTOP_BURST,False,10.087111550370476,0.7565752413847274,58,0.0,0.0,,,,0.0,0.0,,,
test,5086,0.75,RippleTwin,MICROSTOP_BURST,True,10.087111550370476,32.119525394492335,58,0.0,0.0,,,,0.0,0.0,,,
test,5086,0.75,B2_observed_only_twin,MICROSTOP_BURST,True,10.087111550370476,32.119525394492335,58,0.0,0.0,,,,0.0,0.0,,,
test,5086,0.75,B0_SPC_observed,MICROSTOP_BURST,True,10.087111550370476,5.237133527699475,58,0.0,0.0,,,,0.0,0.0,,,
test,5086,0.75,B1_IsolationForest,MICROSTOP_BURST,True,10.087111550370476,0.7565752413847274,58,0.0,0.0,,,,0.0,0.0,,,
test,5086,0.5,RippleTwin,MICROSTOP_BURST,True,10.087111550370476,42.892326734815505,58,0.0,0.0,,,,0.0,0.0,,,
test,5086,0.5,B2_observed_only_twin,MICROSTOP_BURST,True,10.087111550370476,42.892326734815505,58,0.0,0.0,,,,0.0,0.0,,,
test,5086,0.5,B0_SPC_observed,MICROSTOP_BURST,True,10.087111550370476,5.237133527699475,58,0.0,0.0,,,,0.0,0.0,,,
test,5086,0.5,B1_IsolationForest,MICROSTOP_BURST,True,10.087111550370476,0.7565752413847274,58,0.0,0.0,,,,0.0,0.0,,,
test,5086,0.25,RippleTwin,MICROSTOP_BURST,True,10.087111550370476,27.136223649542885,58,0.0,0.0,,,,0.0,0.0,,,
test,5086,0.25,B2_observed_only_twin,MICROSTOP_BURST,True,10.087111550370476,26.168542400051628,58,0.0,0.0,,,,0.0,0.0,,,
test,5086,0.25,B0_SPC_observed,MICROSTOP_BURST,True,10.087111550370476,4.936240980386517,58,0.0,0.0,,,,0.0,0.0,,,
test,5086,0.25,B1_IsolationForest,MICROSTOP_BURST,True,10.087111550370476,0.7090738077922258,58,0.0,0.0,,,,0.0,0.0,,,
test,5087,1.0,RippleTwin,SLOWDOWN,False,1.1826709669087176,45.562612595121664,54,0.0,0.0,,,,0.0,0.0,,,
test,5087,1.0,B2_observed_only_twin,SLOWDOWN,False,1.1826709669087176,45.562612595121664,54,0.0,0.0,,,,0.0,0.0,,,
test,5087,1.0,B0_SPC_observed,SLOWDOWN,False,1.1826709669087176,5.237133527699475,54,0.46296296296296297,1.0,1.0,1.0,0.0,1.0,1.0,,33063.23144630603,
test,5087,1.0,B1_IsolationForest,SLOWDOWN,False,1.1826709669087176,0.7565752413847274,54,0.0,0.0,,,,0.0,0.0,,,
test,5087,0.75,RippleTwin,SLOWDOWN,True,1.1826709669087176,32.119525394492335,54,0.0,0.0,,,,0.0,0.0,,,
test,5087,0.75,B2_observed_only_twin,SLOWDOWN,True,1.1826709669087176,32.119525394492335,54,0.0,0.0,,,,0.0,0.0,,,
test,5087,0.75,B0_SPC_observed,SLOWDOWN,True,1.1826709669087176,5.237133527699475,54,0.0,0.0,,,,0.0,0.0,,,
test,5087,0.75,B1_IsolationForest,SLOWDOWN,True,1.1826709669087176,0.7565752413847274,54,0.0,0.0,,,,0.0,0.0,,,
test,5087,0.5,RippleTwin,SLOWDOWN,True,1.1826709669087176,42.892326734815505,54,0.0,0.0,,,,0.0,0.0,,,
test,5087,0.5,B2_observed_only_twin,SLOWDOWN,True,1.1826709669087176,42.892326734815505,54,0.0,0.0,,,,0.0,0.0,,,
test,5087,0.5,B0_SPC_observed,SLOWDOWN,True,1.1826709669087176,5.237133527699475,54,0.0,0.0,,,,0.0,0.0,,,
test,5087,0.5,B1_IsolationForest,SLOWDOWN,True,1.1826709669087176,0.7565752413847274,54,0.0,0.0,,,,0.0,0.0,,,
test,5087,0.25,RippleTwin,SLOWDOWN,True,1.1826709669087176,27.136223649542885,54,0.0,0.0,,,,0.0,0.0,,,
test,5087,0.25,B2_observed_only_twin,SLOWDOWN,True,1.1826709669087176,26.168542400051628,54,0.0,0.0,,,,0.0,0.0,,,
test,5087,0.25,B0_SPC_observed,SLOWDOWN,True,1.1826709669087176,4.936240980386517,54,0.0,0.0,,,,0.0,0.0,,,
test,5087,0.25,B1_IsolationForest,SLOWDOWN,True,1.1826709669087176,0.7090738077922258,54,0.0,0.0,,,,0.0,0.0,,,
test,5088,1.0,RippleTwin,COMBINED,False,1.42501396886687,45.562612595121664,39,0.9230769230769231,1.0,1.0,1.0,0.0,1.0,1.0,,30660.271262212533,
test,5088,1.0,B2_observed_only_twin,COMBINED,False,1.42501396886687,45.562612595121664,39,0.9230769230769231,1.0,1.0,1.0,0.0,1.0,1.0,,30660.271262212533,
test,5088,1.0,B0_SPC_observed,COMBINED,False,1.42501396886687,5.237133527699475,39,0.8717948717948718,1.0,1.0,1.0,0.0,1.0,1.0,,30660.271262212533,
test,5088,1.0,B1_IsolationForest,COMBINED,False,1.42501396886687,0.7565752413847274,39,0.7435897435897436,1.0,0.0,0.0,8.0,0.0,0.0,,32153.997756520563,
test,5088,0.75,RippleTwin,COMBINED,True,1.42501396886687,32.119525394492335,39,0.9230769230769231,1.0,1.0,1.0,0.0,1.0,1.0,,30660.271262212533,
test,5088,0.75,B2_observed_only_twin,COMBINED,True,1.42501396886687,32.119525394492335,39,0.9230769230769231,1.0,0.0,1.0,1.0,0.0,1.0,,30660.271262212533,
test,5088,0.75,B0_SPC_observed,COMBINED,True,1.42501396886687,5.237133527699475,39,0.0,0.0,,,,0.0,0.0,,,
test,5088,0.75,B1_IsolationForest,COMBINED,True,1.42501396886687,0.7565752413847274,39,0.7435897435897436,1.0,0.0,0.0,8.0,0.0,0.0,,32153.997756520563,
test,5088,0.5,RippleTwin,COMBINED,True,1.42501396886687,42.892326734815505,39,0.8974358974358975,1.0,1.0,1.0,0.0,1.0,1.0,,30660.271262212533,
test,5088,0.5,B2_observed_only_twin,COMBINED,True,1.42501396886687,42.892326734815505,39,0.8974358974358975,1.0,0.0,1.0,1.0,0.0,1.0,,30660.271262212533,
test,5088,0.5,B0_SPC_observed,COMBINED,True,1.42501396886687,5.237133527699475,39,0.0,0.0,,,,0.0,0.0,,,
test,5088,0.5,B1_IsolationForest,COMBINED,True,1.42501396886687,0.7565752413847274,39,0.05128205128205128,1.0,0.0,0.0,14.0,0.0,0.0,,40568.743222352336,
test,5088,0.25,RippleTwin,COMBINED,True,1.42501396886687,27.136223649542885,39,0.7692307692307693,1.0,0.9666666666666667,0.9666666666666667,0.0,1.0,1.0,,30660.271262212533,
test,5088,0.25,B2_observed_only_twin,COMBINED,True,1.42501396886687,26.168542400051628,39,0.9230769230769231,1.0,0.0,1.0,1.0,0.0,1.0,,30660.271262212533,
test,5088,0.25,B0_SPC_observed,COMBINED,True,1.42501396886687,4.936240980386517,39,0.0,0.0,,,,0.0,0.0,,,
test,5088,0.25,B1_IsolationForest,COMBINED,True,1.42501396886687,0.7090738077922258,39,0.8974358974358975,1.0,0.0,0.0,8.0,0.0,0.0,,30955.4779033922,
test,5089,1.0,RippleTwin,COMBINED,False,1.1621656533914013,45.562612595121664,82,0.06097560975609756,1.0,0.0,0.0,16.0,0.0,0.0,,38457.76917387353,
test,5089,1.0,B2_observed_only_twin,COMBINED,False,1.1621656533914013,45.562612595121664,82,0.06097560975609756,1.0,0.0,0.0,16.0,0.0,0.0,,38457.76917387353,
test,5089,1.0,B0_SPC_observed,COMBINED,False,1.1621656533914013,5.237133527699475,82,0.23170731707317074,1.0,1.0,1.0,0.0,1.0,1.0,372.3249052240573,29152.381893130692,29152.381893130692
test,5089,1.0,B1_IsolationForest,COMBINED,False,1.1621656533914013,0.7565752413847274,82,0.0,0.0,,,,0.0,0.0,,,
test,5089,0.75,RippleTwin,COMBINED,True,1.1621656533914013,32.119525394492335,82,0.06097560975609756,1.0,0.0,0.0,17.0,0.0,0.0,,38457.76917387353,
test,5089,0.75,B2_observed_only_twin,COMBINED,True,1.1621656533914013,32.119525394492335,82,0.06097560975609756,1.0,0.0,0.0,16.0,0.0,0.0,,38457.76917387353,
test,5089,0.75,B0_SPC_observed,COMBINED,True,1.1621656533914013,5.237133527699475,82,0.0,0.0,,,,0.0,0.0,,,
test,5089,0.75,B1_IsolationForest,COMBINED,True,1.1621656533914013,0.7565752413847274,82,0.0,0.0,,,,0.0,0.0,,,
test,5089,0.5,RippleTwin,COMBINED,True,1.1621656533914013,42.892326734815505,82,0.06097560975609756,1.0,0.0,0.0,17.0,0.0,0.0,,38457.76917387353,
test,5089,0.5,B2_observed_only_twin,COMBINED,True,1.1621656533914013,42.892326734815505,82,0.06097560975609756,1.0,0.0,0.0,16.0,0.0,0.0,,38457.76917387353,
test,5089,0.5,B0_SPC_observed,COMBINED,True,1.1621656533914013,5.237133527699475,82,0.0,0.0,,,,0.0,0.0,,,
test,5089,0.5,B1_IsolationForest,COMBINED,True,1.1621656533914013,0.7565752413847274,82,0.0,0.0,,,,0.0,0.0,,,
test,5089,0.25,RippleTwin,COMBINED,True,1.1621656533914013,27.136223649542885,82,0.04878048780487805,1.0,0.0,0.0,17.0,0.0,0.0,,38767.75901302912,
test,5089,0.25,B2_observed_only_twin,COMBINED,True,1.1621656533914013,26.168542400051628,82,0.04878048780487805,1.0,0.0,0.0,16.0,0.0,0.0,,38767.75901302912,
test,5089,0.25,B0_SPC_observed,COMBINED,True,1.1621656533914013,4.936240980386517,82,0.0,0.0,,,,0.0,0.0,,,
test,5089,0.25,B1_IsolationForest,COMBINED,True,1.1621656533914013,0.7090738077922258,82,0.012195121951219513,1.0,0.0,0.0,16.0,0.0,0.0,,38457.76917387353,
test,5090,1.0,RippleTwin,SLOWDOWN,False,1.2275352675419855,45.562612595121664,42,0.0,0.0,,,,0.0,0.0,,,
test,5090,1.0,B2_observed_only_twin,SLOWDOWN,False,1.2275352675419855,45.562612595121664,42,0.0,0.0,,,,0.0,0.0,,,
test,5090,1.0,B0_SPC_observed,SLOWDOWN,False,1.2275352675419855,5.237133527699475,42,0.38095238095238093,1.0,1.0,1.0,0.0,1.0,1.0,,18060.434935423422,
test,5090,1.0,B1_IsolationForest,SLOWDOWN,False,1.2275352675419855,0.7565752413847274,42,0.07142857142857142,1.0,0.0,1.0,1.0,0.0,1.0,,21050.946109365756,
test,5090,0.75,RippleTwin,SLOWDOWN,True,1.2275352675419855,32.119525394492335,42,0.0,0.0,,,,0.0,0.0,,,
test,5090,0.75,B2_observed_only_twin,SLOWDOWN,True,1.2275352675419855,32.119525394492335,42,0.0,0.0,,,,0.0,0.0,,,
test,5090,0.75,B0_SPC_observed,SLOWDOWN,True,1.2275352675419855,5.237133527699475,42,0.0,0.0,,,,0.0,0.0,,,
test,5090,0.75,B1_IsolationForest,SLOWDOWN,True,1.2275352675419855,0.7565752413847274,42,0.07142857142857142,1.0,0.0,1.0,1.0,0.0,1.0,,21050.946109365756,
test,5090,0.5,RippleTwin,SLOWDOWN,True,1.2275352675419855,42.892326734815505,42,0.0,0.0,,,,0.0,0.0,,,
test,5090,0.5,B2_observed_only_twin,SLOWDOWN,True,1.2275352675419855,42.892326734815505,42,0.0,0.0,,,,0.0,0.0,,,
test,5090,0.5,B0_SPC_observed,SLOWDOWN,True,1.2275352675419855,5.237133527699475,42,0.0,0.0,,,,0.0,0.0,,,
test,5090,0.5,B1_IsolationForest,SLOWDOWN,True,1.2275352675419855,0.7565752413847274,42,0.07142857142857142,1.0,0.0,1.0,1.0,0.0,1.0,,21050.946109365756,
test,5090,0.25,RippleTwin,SLOWDOWN,True,1.2275352675419855,27.136223649542885,42,0.0,0.0,,,,0.0,0.0,,,
test,5090,0.25,B2_observed_only_twin,SLOWDOWN,True,1.2275352675419855,26.168542400051628,42,0.0,0.0,,,,0.0,0.0,,,
test,5090,0.25,B0_SPC_observed,SLOWDOWN,True,1.2275352675419855,4.936240980386517,42,0.0,0.0,,,,0.0,0.0,,,
test,5090,0.25,B1_IsolationForest,SLOWDOWN,True,1.2275352675419855,0.7090738077922258,42,0.16666666666666666,1.0,0.0,1.0,1.0,0.0,1.0,,18060.434935423422,
test,5091,1.0,RippleTwin,QUALITY_DRIFT,False,11.992725207459253,45.562612595121664,58,0.0,0.0,,,,0.0,0.0,,,
test,5091,1.0,B2_observed_only_twin,QUALITY_DRIFT,False,11.992725207459253,45.562612595121664,58,0.0,0.0,,,,0.0,0.0,,,
test,5091,1.0,B0_SPC_observed,QUALITY_DRIFT,False,11.992725207459253,5.237133527699475,58,0.017241379310344827,1.0,0.0,0.0,22.0,0.0,0.0,,39974.71670893008,
test,5091,1.0,B1_IsolationForest,QUALITY_DRIFT,False,11.992725207459253,0.7565752413847274,58,0.0,0.0,,,,0.0,0.0,,,
test,5091,0.75,RippleTwin,QUALITY_DRIFT,True,11.992725207459253,32.119525394492335,58,0.0,0.0,,,,0.0,0.0,,,
test,5091,0.75,B2_observed_only_twin,QUALITY_DRIFT,True,11.992725207459253,32.119525394492335,58,0.0,0.0,,,,0.0,0.0,,,
test,5091,0.75,B0_SPC_observed,QUALITY_DRIFT,True,11.992725207459253,5.237133527699475,58,0.017241379310344827,1.0,0.0,0.0,22.0,0.0,0.0,,39974.71670893008,
test,5091,0.75,B1_IsolationForest,QUALITY_DRIFT,True,11.992725207459253,0.7565752413847274,58,0.0,0.0,,,,0.0,0.0,,,
test,5091,0.5,RippleTwin,QUALITY_DRIFT,True,11.992725207459253,42.892326734815505,58,0.0,0.0,,,,0.0,0.0,,,
test,5091,0.5,B2_observed_only_twin,QUALITY_DRIFT,True,11.992725207459253,42.892326734815505,58,0.0,0.0,,,,0.0,0.0,,,
test,5091,0.5,B0_SPC_observed,QUALITY_DRIFT,True,11.992725207459253,5.237133527699475,58,0.017241379310344827,1.0,0.0,0.0,22.0,0.0,0.0,,39974.71670893008,
test,5091,0.5,B1_IsolationForest,QUALITY_DRIFT,True,11.992725207459253,0.7565752413847274,58,0.0,0.0,,,,0.0,0.0,,,
test,5091,0.25,RippleTwin,QUALITY_DRIFT,True,11.992725207459253,27.136223649542885,58,0.0,0.0,,,,0.0,0.0,,,
test,5091,0.25,B2_observed_only_twin,QUALITY_DRIFT,True,11.992725207459253,26.168542400051628,58,0.0,0.0,,,,0.0,0.0,,,
test,5091,0.25,B0_SPC_observed,QUALITY_DRIFT,True,11.992725207459253,4.936240980386517,58,0.0,0.0,,,,0.0,0.0,,,
test,5091,0.25,B1_IsolationForest,QUALITY_DRIFT,True,11.992725207459253,0.7090738077922258,58,0.0,0.0,,,,0.0,0.0,,,
test,5092,1.0,RippleTwin,QUALITY_DRIFT,False,6.403454950178883,45.562612595121664,57,0.0,0.0,,,,0.0,0.0,,,
test,5092,1.0,B2_observed_only_twin,QUALITY_DRIFT,False,6.403454950178883,45.562612595121664,57,0.0,0.0,,,,0.0,0.0,,,
test,5092,1.0,B0_SPC_observed,QUALITY_DRIFT,False,6.403454950178883,5.237133527699475,57,0.07017543859649122,1.0,0.0,0.0,35.0,0.0,0.0,,55063.78100827353,
test,5092,1.0,B1_IsolationForest,QUALITY_DRIFT,False,6.403454950178883,0.7565752413847274,57,0.0,0.0,,,,0.0,0.0,,,
test,5092,0.75,RippleTwin,QUALITY_DRIFT,True,6.403454950178883,32.119525394492335,57,0.0,0.0,,,,0.0,0.0,,,
test,5092,0.75,B2_observed_only_twin,QUALITY_DRIFT,True,6.403454950178883,32.119525394492335,57,0.0,0.0,,,,0.0,0.0,,,
test,5092,0.75,B0_SPC_observed,QUALITY_DRIFT,True,6.403454950178883,5.237133527699475,57,0.07017543859649122,1.0,0.0,0.0,35.0,0.0,0.0,,55063.78100827353,
test,5092,0.75,B1_IsolationForest,QUALITY_DRIFT,True,6.403454950178883,0.7565752413847274,57,0.0,0.0,,,,0.0,0.0,,,
test,5092,0.5,RippleTwin,QUALITY_DRIFT,True,6.403454950178883,42.892326734815505,57,0.0,0.0,,,,0.0,0.0,,,
test,5092,0.5,B2_observed_only_twin,QUALITY_DRIFT,True,6.403454950178883,42.892326734815505,57,0.0,0.0,,,,0.0,0.0,,,
test,5092,0.5,B0_SPC_observed,QUALITY_DRIFT,True,6.403454950178883,5.237133527699475,57,0.07017543859649122,1.0,0.0,0.0,35.0,0.0,0.0,,55063.78100827353,
test,5092,0.5,B1_IsolationForest,QUALITY_DRIFT,True,6.403454950178883,0.7565752413847274,57,0.0,0.0,,,,0.0,0.0,,,
test,5092,0.25,RippleTwin,QUALITY_DRIFT,True,6.403454950178883,27.136223649542885,57,0.0,0.0,,,,0.0,0.0,,,
test,5092,0.25,B2_observed_only_twin,QUALITY_DRIFT,True,6.403454950178883,26.168542400051628,57,0.0,0.0,,,,0.0,0.0,,,
test,5092,0.25,B0_SPC_observed,QUALITY_DRIFT,True,6.403454950178883,4.936240980386517,57,0.0,0.0,,,,0.0,0.0,,,
test,5092,0.25,B1_IsolationForest,QUALITY_DRIFT,True,6.403454950178883,0.7090738077922258,57,0.0,0.0,,,,0.0,0.0,,,
test,5096,1.0,RippleTwin,SLOWDOWN,False,1.3160609460945203,45.562612595121664,44,0.9772727272727273,1.0,1.0,1.0,0.0,1.0,1.0,,19553.76043056861,
test,5096,1.0,B2_observed_only_twin,SLOWDOWN,False,1.3160609460945203,45.562612595121664,44,0.9772727272727273,1.0,1.0,1.0,0.0,1.0,1.0,,19553.76043056861,
test,5096,1.0,B0_SPC_observed,SLOWDOWN,False,1.3160609460945203,5.237133527699475,44,0.9545454545454546,1.0,1.0,1.0,0.0,1.0,1.0,,19553.76043056861,
test,5096,1.0,B1_IsolationForest,SLOWDOWN,False,1.3160609460945203,0.7565752413847274,44,0.8181818181818182,1.0,0.0,0.0,12.0,0.0,0.0,,21712.067512921672,
test,5096,0.75,RippleTwin,SLOWDOWN,False,1.3160609460945203,32.119525394492335,44,1.0,1.0,1.0,1.0,0.0,1.0,1.0,,19553.76043056861,
test,5096,0.75,B2_observed_only_twin,SLOWDOWN,False,1.3160609460945203,32.119525394492335,44,1.0,1.0,1.0,1.0,0.0,1.0,1.0,,19553.76043056861,
test,5096,0.75,B0_SPC_observed,SLOWDOWN,False,1.3160609460945203,5.237133527699475,44,0.9545454545454546,1.0,1.0,1.0,0.0,1.0,1.0,,19553.76043056861,
test,5096,0.75,B1_IsolationForest,SLOWDOWN,False,1.3160609460945203,0.7565752413847274,44,0.8181818181818182,1.0,0.0,0.0,12.0,0.0,0.0,,21712.067512921672,
test,5096,0.5,RippleTwin,SLOWDOWN,False,1.3160609460945203,42.892326734815505,44,1.0,1.0,1.0,1.0,0.0,1.0,1.0,,19553.76043056861,
test,5096,0.5,B2_observed_only_twin,SLOWDOWN,False,1.3160609460945203,42.892326734815505,44,1.0,1.0,1.0,1.0,0.0,1.0,1.0,,19553.76043056861,
test,5096,0.5,B0_SPC_observed,SLOWDOWN,False,1.3160609460945203,5.237133527699475,44,0.9545454545454546,1.0,1.0,1.0,0.0,1.0,1.0,,19553.76043056861,
test,5096,0.5,B1_IsolationForest,SLOWDOWN,False,1.3160609460945203,0.7565752413847274,44,0.0,0.0,,,,0.0,0.0,,,
test,5096,0.25,RippleTwin,SLOWDOWN,True,1.3160609460945203,27.136223649542885,44,0.8863636363636364,1.0,0.0,0.20512820512820512,2.0,0.0,0.0,,20169.040691139504,
test,5096,0.25,B2_observed_only_twin,SLOWDOWN,True,1.3160609460945203,26.168542400051628,44,1.0,1.0,0.0,0.0,3.0,0.0,0.0,,19553.76043056861,
test,5096,0.25,B0_SPC_observed,SLOWDOWN,True,1.3160609460945203,4.936240980386517,44,0.022727272727272728,1.0,0.0,0.0,20.0,0.0,0.0,,38091.73604259847,
test,5096,0.25,B1_IsolationForest,SLOWDOWN,True,1.3160609460945203,0.7090738077922258,44,0.9545454545454546,1.0,0.0,0.0,12.0,0.0,0.0,,19858.879552702154,
test,5097,1.0,RippleTwin,SLOWDOWN,False,1.4294561572624191,45.562612595121664,52,0.36538461538461536,1.0,1.0,1.0,0.0,1.0,1.0,86.97392078854749,18350.43617090007,18350.43617090007
test,5097,1.0,B2_observed_only_twin,SLOWDOWN,False,1.4294561572624191,45.562612595121664,52,0.36538461538461536,1.0,1.0,1.0,0.0,1.0,1.0,86.97392078854749,18350.43617090007,18350.43617090007
test,5097,1.0,B0_SPC_observed,SLOWDOWN,False,1.4294561572624191,5.237133527699475,52,0.34615384615384615,1.0,1.0,1.0,0.0,1.0,1.0,86.97392078854749,18350.43617090007,18350.43617090007
test,5097,1.0,B1_IsolationForest,SLOWDOWN,False,1.4294561572624191,0.7565752413847274,52,0.0,0.0,,,,0.0,0.0,,,
test,5097,0.75,RippleTwin,SLOWDOWN,False,1.4294561572624191,32.119525394492335,52,0.36538461538461536,1.0,1.0,1.0,0.0,1.0,1.0,86.97392078854749,18350.43617090007,18350.43617090007
test,5097,0.75,B2_observed_only_twin,SLOWDOWN,False,1.4294561572624191,32.119525394492335,52,0.36538461538461536,1.0,1.0,1.0,0.0,1.0,1.0,86.97392078854749,18350.43617090007,18350.43617090007
test,5097,0.75,B0_SPC_observed,SLOWDOWN,False,1.4294561572624191,5.237133527699475,52,0.34615384615384615,1.0,1.0,1.0,0.0,1.0,1.0,86.97392078854749,18350.43617090007,18350.43617090007
test,5097,0.75,B1_IsolationForest,SLOWDOWN,False,1.4294561572624191,0.7565752413847274,52,0.0,0.0,,,,0.0,0.0,,,
test,5097,0.5,RippleTwin,SLOWDOWN,False,1.4294561572624191,42.892326734815505,52,0.36538461538461536,1.0,1.0,1.0,0.0,1.0,1.0,86.97392078854749,18350.43617090007,18350.43617090007
test,5097,0.5,B2_observed_only_twin,SLOWDOWN,False,1.4294561572624191,42.892326734815505,52,0.36538461538461536,1.0,1.0,1.0,0.0,1.0,1.0,86.97392078854749,18350.43617090007,18350.43617090007
test,5097,0.5,B0_SPC_observed,SLOWDOWN,False,1.4294561572624191,5.237133527699475,52,0.34615384615384615,1.0,1.0,1.0,0.0,1.0,1.0,86.97392078854749,18350.43617090007,18350.43617090007
test,5097,0.5,B1_IsolationForest,SLOWDOWN,False,1.4294561572624191,0.7565752413847274,52,0.0,0.0,,,,0.0,0.0,,,
test,5097,0.25,RippleTwin,SLOWDOWN,True,1.4294561572624191,27.136223649542885,52,0.34615384615384615,1.0,0.0,0.0,4.0,0.0,0.0,,18350.43617090007,
test,5097,0.25,B2_observed_only_twin,SLOWDOWN,True,1.4294561572624191,26.168542400051628,52,0.34615384615384615,1.0,0.0,0.0,5.0,0.0,0.0,,18350.43617090007,
test,5097,0.25,B0_SPC_observed,SLOWDOWN,True,1.4294561572624191,4.936240980386517,52,0.038461538461538464,1.0,0.0,0.0,32.0,0.0,0.0,,28565.950302609348,
test,5097,0.25,B1_IsolationForest,SLOWDOWN,True,1.4294561572624191,0.7090738077922258,52,0.038461538461538464,1.0,0.0,0.0,5.0,0.0,0.0,,23457.913944944714,
test,5098,1.0,RippleTwin,QUALITY_DRIFT,False,9.478058094911674,45.562612595121664,48,0.0,0.0,,,,0.0,0.0,,,
test,5098,1.0,B2_observed_only_twin,QUALITY_DRIFT,False,9.478058094911674,45.562612595121664,48,0.0,0.0,,,,0.0,0.0,,,
test,5098,1.0,B0_SPC_observed,QUALITY_DRIFT,False,9.478058094911674,5.237133527699475,48,0.0,0.0,,,,0.0,0.0,,,
test,5098,1.0,B1_IsolationForest,QUALITY_DRIFT,False,9.478058094911674,0.7565752413847274,48,0.0,0.0,,,,0.0,0.0,,,
test,5098,0.75,RippleTwin,QUALITY_DRIFT,False,9.478058094911674,32.119525394492335,48,0.0,0.0,,,,0.0,0.0,,,
test,5098,0.75,B2_observed_only_twin,QUALITY_DRIFT,False,9.478058094911674,32.119525394492335,48,0.0,0.0,,,,0.0,0.0,,,
test,5098,0.75,B0_SPC_observed,QUALITY_DRIFT,False,9.478058094911674,5.237133527699475,48,0.0,0.0,,,,0.0,0.0,,,
test,5098,0.75,B1_IsolationForest,QUALITY_DRIFT,False,9.478058094911674,0.7565752413847274,48,0.0,0.0,,,,0.0,0.0,,,
test,5098,0.5,RippleTwin,QUALITY_DRIFT,True,9.478058094911674,42.892326734815505,48,0.0,0.0,,,,0.0,0.0,,,
test,5098,0.5,B2_observed_only_twin,QUALITY_DRIFT,True,9.478058094911674,42.892326734815505,48,0.0,0.0,,,,0.0,0.0,,,
test,5098,0.5,B0_SPC_observed,QUALITY_DRIFT,True,9.478058094911674,5.237133527699475,48,0.0,0.0,,,,0.0,0.0,,,
test,5098,0.5,B1_IsolationForest,QUALITY_DRIFT,True,9.478058094911674,0.7565752413847274,48,0.0,0.0,,,,0.0,0.0,,,
test,5098,0.25,RippleTwin,QUALITY_DRIFT,True,9.478058094911674,27.136223649542885,48,0.0,0.0,,,,0.0,0.0,,,
test,5098,0.25,B2_observed_only_twin,QUALITY_DRIFT,True,9.478058094911674,26.168542400051628,48,0.0,0.0,,,,0.0,0.0,,,
test,5098,0.25,B0_SPC_observed,QUALITY_DRIFT,True,9.478058094911674,4.936240980386517,48,0.0,0.0,,,,0.0,0.0,,,
test,5098,0.25,B1_IsolationForest,QUALITY_DRIFT,True,9.478058094911674,0.7090738077922258,48,0.0,0.0,,,,0.0,0.0,,,
test,5099,1.0,RippleTwin,SLOWDOWN,False,1.1574358092999795,45.562612595121664,59,0.03389830508474576,1.0,0.0,0.0,7.0,0.0,0.0,,29756.214055038028,
test,5099,1.0,B2_observed_only_twin,SLOWDOWN,False,1.1574358092999795,45.562612595121664,59,0.03389830508474576,1.0,0.0,0.0,7.0,0.0,0.0,,29756.214055038028,
test,5099,1.0,B0_SPC_observed,SLOWDOWN,False,1.1574358092999795,5.237133527699475,59,0.4745762711864407,1.0,1.0,1.0,0.0,1.0,1.0,,25855.383794526588,
test,5099,1.0,B1_IsolationForest,SLOWDOWN,False,1.1574358092999795,0.7565752413847274,59,0.0,0.0,,,,0.0,0.0,,,
test,5099,0.75,RippleTwin,SLOWDOWN,False,1.1574358092999795,32.119525394492335,59,0.01694915254237288,1.0,0.0,0.0,6.0,0.0,0.0,,30062.478753827134,
test,5099,0.75,B2_observed_only_twin,SLOWDOWN,False,1.1574358092999795,32.119525394492335,59,0.0,0.0,,,,0.0,0.0,,,
test,5099,0.75,B0_SPC_observed,SLOWDOWN,False,1.1574358092999795,5.237133527699475,59,0.4745762711864407,1.0,1.0,1.0,0.0,1.0,1.0,,25855.383794526588,
test,5099,0.75,B1_IsolationForest,SLOWDOWN,False,1.1574358092999795,0.7565752413847274,59,0.0,0.0,,,,0.0,0.0,,,
test,5099,0.5,RippleTwin,SLOWDOWN,False,1.1574358092999795,42.892326734815505,59,0.01694915254237288,1.0,0.0,0.0,6.0,0.0,0.0,,30062.478753827134,
test,5099,0.5,B2_observed_only_twin,SLOWDOWN,False,1.1574358092999795,42.892326734815505,59,0.01694915254237288,1.0,0.0,0.0,7.0,0.0,0.0,,30062.478753827134,
test,5099,0.5,B0_SPC_observed,SLOWDOWN,False,1.1574358092999795,5.237133527699475,59,0.4745762711864407,1.0,1.0,1.0,0.0,1.0,1.0,,25855.383794526588,
test,5099,0.5,B1_IsolationForest,SLOWDOWN,False,1.1574358092999795,0.7565752413847274,59,0.0,0.0,,,,0.0,0.0,,,
test,5099,0.25,RippleTwin,SLOWDOWN,True,1.1574358092999795,27.136223649542885,59,0.0,0.0,,,,0.0,0.0,,,
test,5099,0.25,B2_observed_only_twin,SLOWDOWN,True,1.1574358092999795,26.168542400051628,59,0.0,0.0,,,,0.0,0.0,,,
test,5099,0.25,B0_SPC_observed,SLOWDOWN,True,1.1574358092999795,4.936240980386517,59,0.0,0.0,,,,0.0,0.0,,,
test,5099,0.25,B1_IsolationForest,SLOWDOWN,True,1.1574358092999795,0.7090738077922258,59,0.0,0.0,,,,0.0,0.0,,,
test,5101,1.0,RippleTwin,COMBINED,False,1.2823454101910827,45.562612595121664,75,0.7733333333333333,1.0,1.0,1.0,0.0,1.0,1.0,,29462.330483974853,
test,5101,1.0,B2_observed_only_twin,COMBINED,False,1.2823454101910827,45.562612595121664,75,0.7733333333333333,1.0,1.0,1.0,0.0,1.0,1.0,,29462.330483974853,
test,5101,1.0,B0_SPC_observed,COMBINED,False,1.2823454101910827,5.237133527699475,75,0.7866666666666666,1.0,1.0,1.0,0.0,1.0,1.0,,29462.330483974853,
test,5101,1.0,B1_IsolationForest,COMBINED,False,1.2823454101910827,0.7565752413847274,75,0.05333333333333334,1.0,0.0,0.25,2.0,0.0,0.0,,34861.36767809975,
test,5101,0.75,RippleTwin,COMBINED,False,1.2823454101910827,32.119525394492335,75,0.7866666666666666,1.0,1.0,1.0,0.0,1.0,1.0,,29462.330483974853,
test,5101,0.75,B2_observed_only_twin,COMBINED,False,1.2823454101910827,32.119525394492335,75,0.7866666666666666,1.0,1.0,1.0,0.0,1.0,1.0,,29462.330483974853,
test,5101,0.75,B0_SPC_observed,COMBINED,False,1.2823454101910827,5.237133527699475,75,0.7866666666666666,1.0,1.0,1.0,0.0,1.0,1.0,,29462.330483974853,
test,5101,0.75,B1_IsolationForest,COMBINED,False,1.2823454101910827,0.7565752413847274,75,0.05333333333333334,1.0,0.0,0.25,2.0,0.0,0.0,,34861.36767809975,
test,5101,0.5,RippleTwin,COMBINED,False,1.2823454101910827,42.892326734815505,75,0.7866666666666666,1.0,1.0,1.0,0.0,1.0,1.0,,29462.330483974853,
test,5101,0.5,B2_observed_only_twin,COMBINED,False,1.2823454101910827,42.892326734815505,75,0.7866666666666666,1.0,1.0,1.0,0.0,1.0,1.0,,29462.330483974853,
test,5101,0.5,B0_SPC_observed,COMBINED,False,1.2823454101910827,5.237133527699475,75,0.7866666666666666,1.0,1.0,1.0,0.0,1.0,1.0,,29462.330483974853,
test,5101,0.5,B1_IsolationForest,COMBINED,False,1.2823454101910827,0.7565752413847274,75,0.04,1.0,0.0,0.0,2.0,0.0,0.0,,34861.36767809975,
test,5101,0.25,RippleTwin,COMBINED,True,1.2823454101910827,27.136223649542885,75,0.0,0.0,,,,0.0,0.0,,,
test,5101,0.25,B2_observed_only_twin,COMBINED,True,1.2823454101910827,26.168542400051628,75,0.0,0.0,,,,0.0,0.0,,,
test,5101,0.25,B0_SPC_observed,COMBINED,True,1.2823454101910827,4.936240980386517,75,0.0,0.0,,,,0.0,0.0,,,
test,5101,0.25,B1_IsolationForest,COMBINED,True,1.2823454101910827,0.7090738077922258,75,0.13333333333333333,1.0,0.0,0.0,4.0,0.0,0.0,,46898.38453053254,
test,5103,1.0,RippleTwin,SLOWDOWN,False,1.3671204813149551,45.562612595121664,56,0.5714285714285714,1.0,1.0,1.0,0.0,1.0,1.0,208.60422583548328,33061.949648558744,33061.949648558744
test,5103,1.0,B2_observed_only_twin,SLOWDOWN,False,1.3671204813149551,45.562612595121664,56,0.5714285714285714,1.0,1.0,1.0,0.0,1.0,1.0,208.60422583548328,33061.949648558744,33061.949648558744
test,5103,1.0,B0_SPC_observed,SLOWDOWN,False,1.3671204813149551,5.237133527699475,56,0.5535714285714286,1.0,1.0,1.0,0.0,1.0,1.0,208.60422583548328,33061.949648558744,33061.949648558744
test,5103,1.0,B1_IsolationForest,SLOWDOWN,False,1.3671204813149551,0.7565752413847274,56,0.10714285714285714,1.0,0.0,0.0,6.0,0.0,0.0,,34266.35049174003,
test,5103,0.75,RippleTwin,SLOWDOWN,False,1.3671204813149551,32.119525394492335,56,0.5714285714285714,1.0,1.0,1.0,0.0,1.0,1.0,208.60422583548328,33061.949648558744,33061.949648558744
test,5103,0.75,B2_observed_only_twin,SLOWDOWN,False,1.3671204813149551,32.119525394492335,56,0.5714285714285714,1.0,1.0,1.0,0.0,1.0,1.0,208.60422583548328,33061.949648558744,33061.949648558744
test,5103,0.75,B0_SPC_observed,SLOWDOWN,False,1.3671204813149551,5.237133527699475,56,0.5535714285714286,1.0,1.0,1.0,0.0,1.0,1.0,208.60422583548328,33061.949648558744,33061.949648558744
test,5103,0.75,B1_IsolationForest,SLOWDOWN,False,1.3671204813149551,0.7565752413847274,56,0.07142857142857142,1.0,0.0,0.0,6.0,0.0,0.0,,34266.35049174003,
test,5103,0.5,RippleTwin,SLOWDOWN,True,1.3671204813149551,42.892326734815505,56,0.5714285714285714,1.0,1.0,1.0,0.0,1.0,1.0,208.60422583548328,33061.949648558744,33061.949648558744
test,5103,0.5,B2_observed_only_twin,SLOWDOWN,True,1.3671204813149551,42.892326734815505,56,0.5714285714285714,1.0,0.0,1.0,1.0,0.0,1.0,208.60422583548328,33061.949648558744,33061.949648558744
test,5103,0.5,B0_SPC_observed,SLOWDOWN,True,1.3671204813149551,5.237133527699475,56,0.0,0.0,,,,0.0,0.0,,,
test,5103,0.5,B1_IsolationForest,SLOWDOWN,True,1.3671204813149551,0.7565752413847274,56,0.07142857142857142,1.0,0.0,0.0,6.0,0.0,0.0,,34266.35049174003,
test,5103,0.25,RippleTwin,SLOWDOWN,False,1.3671204813149551,27.136223649542885,56,0.5714285714285714,1.0,1.0,1.0,0.0,1.0,1.0,208.60422583548328,33061.949648558744,33061.949648558744
test,5103,0.25,B2_observed_only_twin,SLOWDOWN,False,1.3671204813149551,26.168542400051628,56,0.5714285714285714,1.0,1.0,1.0,0.0,1.0,1.0,208.60422583548328,33061.949648558744,33061.949648558744
test,5103,0.25,B0_SPC_observed,SLOWDOWN,False,1.3671204813149551,4.936240980386517,56,0.5535714285714286,1.0,1.0,1.0,0.0,1.0,1.0,208.60422583548328,33061.949648558744,33061.949648558744
test,5103,0.25,B1_IsolationForest,SLOWDOWN,False,1.3671204813149551,0.7090738077922258,56,0.44642857142857145,1.0,0.0,0.0,5.0,0.0,0.0,,33061.949648558744,
test,5104,1.0,RippleTwin,COMBINED,False,1.3433616346689874,45.562612595121664,49,0.3673469387755102,1.0,1.0,1.0,0.0,1.0,1.0,107.27668803789942,37262.49642983773,37262.49642983773
test,5104,1.0,B2_observed_only_twin,COMBINED,False,1.3433616346689874,45.562612595121664,49,0.3673469387755102,1.0,1.0,1.0,0.0,1.0,1.0,107.27668803789942,37262.49642983773,37262.49642983773
test,5104,1.0,B0_SPC_observed,COMBINED,False,1.3433616346689874,5.237133527699475,49,0.3673469387755102,1.0,1.0,1.0,0.0,1.0,1.0,107.27668803789942,37262.49642983773,37262.49642983773
test,5104,1.0,B1_IsolationForest,COMBINED,False,1.3433616346689874,0.7565752413847274,49,0.0,0.0,,,,0.0,0.0,,,
test,5104,0.75,RippleTwin,COMBINED,False,1.3433616346689874,32.119525394492335,49,0.3673469387755102,1.0,1.0,1.0,0.0,1.0,1.0,107.27668803789942,37262.49642983773,37262.49642983773
test,5104,0.75,B2_observed_only_twin,COMBINED,False,1.3433616346689874,32.119525394492335,49,0.3673469387755102,1.0,1.0,1.0,0.0,1.0,1.0,107.27668803789942,37262.49642983773,37262.49642983773
test,5104,0.75,B0_SPC_observed,COMBINED,False,1.3433616346689874,5.237133527699475,49,0.3673469387755102,1.0,1.0,1.0,0.0,1.0,1.0,107.27668803789942,37262.49642983773,37262.49642983773
test,5104,0.75,B1_IsolationForest,COMBINED,False,1.3433616346689874,0.7565752413847274,49,0.0,0.0,,,,0.0,0.0,,,
test,5104,0.5,RippleTwin,COMBINED,False,1.3433616346689874,42.892326734815505,49,0.3673469387755102,1.0,1.0,1.0,0.0,1.0,1.0,107.27668803789942,37262.49642983773,37262.49642983773
test,5104,0.5,B2_observed_only_twin,COMBINED,False,1.3433616346689874,42.892326734815505,49,0.3673469387755102,1.0,1.0,1.0,0.0,1.0,1.0,107.27668803789942,37262.49642983773,37262.49642983773
test,5104,0.5,B0_SPC_observed,COMBINED,False,1.3433616346689874,5.237133527699475,49,0.3673469387755102,1.0,1.0,1.0,0.0,1.0,1.0,107.27668803789942,37262.49642983773,37262.49642983773
test,5104,0.5,B1_IsolationForest,COMBINED,False,1.3433616346689874,0.7565752413847274,49,0.0,0.0,,,,0.0,0.0,,,
test,5104,0.25,RippleTwin,COMBINED,True,1.3433616346689874,27.136223649542885,49,0.02040816326530612,1.0,0.0,0.0,2.0,0.0,0.0,,41760.52435004429,
test,5104,0.25,B2_observed_only_twin,COMBINED,True,1.3433616346689874,26.168542400051628,49,0.02040816326530612,1.0,0.0,0.0,2.0,0.0,0.0,,41760.52435004429,
test,5104,0.25,B0_SPC_observed,COMBINED,True,1.3433616346689874,4.936240980386517,49,0.0,0.0,,,,0.0,0.0,,,
test,5104,0.25,B1_IsolationForest,COMBINED,True,1.3433616346689874,0.7090738077922258,49,0.02040816326530612,1.0,0.0,0.0,20.0,0.0,0.0,,38750.6444768013,
test,5107,1.0,RippleTwin,SLOWDOWN,False,1.4208892241827291,45.562612595121664,50,0.44,1.0,1.0,1.0,0.0,1.0,1.0,168.03983231523046,30054.353253338555,30054.353253338555
test,5107,1.0,B2_observed_only_twin,SLOWDOWN,False,1.4208892241827291,45.562612595121664,50,0.44,1.0,1.0,1.0,0.0,1.0,1.0,168.03983231523046,30054.353253338555,30054.353253338555
test,5107,1.0,B0_SPC_observed,SLOWDOWN,False,1.4208892241827291,5.237133527699475,50,0.44,1.0,1.0,1.0,0.0,1.0,1.0,168.03983231523046,30054.353253338555,30054.353253338555
test,5107,1.0,B1_IsolationForest,SLOWDOWN,False,1.4208892241827291,0.7565752413847274,50,0.26,1.0,0.0,0.0,2.0,0.0,0.0,,30957.173926099404,
test,5107,0.75,RippleTwin,SLOWDOWN,True,1.4208892241827291,32.119525394492335,50,0.36,1.0,0.4444444444444444,0.6111111111111112,1.0,1.0,1.0,168.03983231523046,30054.353253338555,30054.353253338555
test,5107,0.75,B2_observed_only_twin,SLOWDOWN,True,1.4208892241827291,32.119525394492335,50,0.36,1.0,0.0,0.6111111111111112,1.0,0.0,1.0,168.03983231523046,30054.353253338555,30054.353253338555
test,5107,0.75,B0_SPC_observed,SLOWDOWN,True,1.4208892241827291,5.237133527699475,50,0.0,0.0,,,,0.0,0.0,,,
test,5107,0.75,B1_IsolationForest,SLOWDOWN,True,1.4208892241827291,0.7565752413847274,50,0.26,1.0,0.0,0.0,2.0,0.0,0.0,,30957.173926099404,
test,5107,0.5,RippleTwin,SLOWDOWN,True,1.4208892241827291,42.892326734815505,50,0.32,1.0,0.5,0.6875,0.5,1.0,1.0,168.03983231523046,30054.353253338555,30054.353253338555
test,5107,0.5,B2_observed_only_twin,SLOWDOWN,True,1.4208892241827291,42.892326734815505,50,0.32,1.0,0.0,0.6875,1.0,0.0,1.0,168.03983231523046,30054.353253338555,30054.353253338555
test,5107,0.5,B0_SPC_observed,SLOWDOWN,True,1.4208892241827291,5.237133527699475,50,0.0,0.0,,,,0.0,0.0,,,
test,5107,0.5,B1_IsolationForest,SLOWDOWN,True,1.4208892241827291,0.7565752413847274,50,0.26,1.0,0.0,0.0,2.0,0.0,0.0,,30957.173926099404,
test,5107,0.25,RippleTwin,SLOWDOWN,True,1.4208892241827291,27.136223649542885,50,0.28,1.0,0.0,0.07142857142857142,2.0,0.0,0.0,53.03610350681847,30054.353253338555,36954.576981843275
test,5107,0.25,B2_observed_only_twin,SLOWDOWN,True,1.4208892241827291,26.168542400051628,50,0.32,1.0,0.0,0.0,3.0,0.0,0.0,,30054.353253338555,
test,5107,0.25,B0_SPC_observed,SLOWDOWN,True,1.4208892241827291,4.936240980386517,50,0.0,0.0,,,,0.0,0.0,,,
test,5107,0.25,B1_IsolationForest,SLOWDOWN,True,1.4208892241827291,0.7090738077922258,50,0.46,1.0,0.0,0.0,2.0,0.0,0.0,,30054.353253338555,
test,5108,1.0,RippleTwin,SLOWDOWN,False,1.4466577530601472,45.562612595121664,40,0.575,1.0,1.0,1.0,0.0,1.0,1.0,,32755.46484269341,
test,5108,1.0,B2_observed_only_twin,SLOWDOWN,False,1.4466577530601472,45.562612595121664,40,0.575,1.0,1.0,1.0,0.0,1.0,1.0,,32755.46484269341,
test,5108,1.0,B0_SPC_observed,SLOWDOWN,False,1.4466577530601472,5.237133527699475,40,0.675,1.0,0.8148148148148148,0.8148148148148148,0.0,1.0,1.0,,32755.46484269341,
test,5108,1.0,B1_IsolationForest,SLOWDOWN,False,1.4466577530601472,0.7565752413847274,40,0.15,1.0,0.0,0.16666666666666666,7.0,0.0,0.0,,38163.04149922663,
test,5108,0.75,RippleTwin,SLOWDOWN,False,1.4466577530601472,32.119525394492335,40,0.575,1.0,1.0,1.0,0.0,1.0,1.0,,32755.46484269341,
test,5108,0.75,B2_observed_only_twin,SLOWDOWN,False,1.4466577530601472,32.119525394492335,40,0.575,1.0,1.0,1.0,0.0,1.0,1.0,,32755.46484269341,
test,5108,0.75,B0_SPC_observed,SLOWDOWN,False,1.4466577530601472,5.237133527699475,40,0.675,1.0,0.8148148148148148,0.8148148148148148,0.0,1.0,1.0,,32755.46484269341,
test,5108,0.75,B1_IsolationForest,SLOWDOWN,False,1.4466577530601472,0.7565752413847274,40,0.15,1.0,0.0,0.16666666666666666,7.0,0.0,0.0,,38163.04149922663,
test,5108,0.5,RippleTwin,SLOWDOWN,False,1.4466577530601472,42.892326734815505,40,0.575,1.0,1.0,1.0,0.0,1.0,1.0,,32755.46484269341,
test,5108,0.5,B2_observed_only_twin,SLOWDOWN,False,1.4466577530601472,42.892326734815505,40,0.575,1.0,1.0,1.0,0.0,1.0,1.0,,32755.46484269341,
test,5108,0.5,B0_SPC_observed,SLOWDOWN,False,1.4466577530601472,5.237133527699475,40,0.675,1.0,0.8148148148148148,0.8148148148148148,0.0,1.0,1.0,,32755.46484269341,
test,5108,0.5,B1_IsolationForest,SLOWDOWN,False,1.4466577530601472,0.7565752413847274,40,0.05,1.0,0.0,1.0,1.0,0.0,1.0,,39730.113288987246,
test,5108,0.25,RippleTwin,SLOWDOWN,True,1.4466577530601472,27.136223649542885,40,0.425,1.0,0.0,0.0,5.0,0.0,0.0,,32755.46484269341,
test,5108,0.25,B2_observed_only_twin,SLOWDOWN,True,1.4466577530601472,26.168542400051628,40,0.5,1.0,0.0,0.0,6.0,0.0,0.0,,32755.46484269341,
test,5108,0.25,B0_SPC_observed,SLOWDOWN,True,1.4466577530601472,4.936240980386517,40,0.15,1.0,0.0,0.0,20.0,0.0,0.0,,42776.9411304612,
test,5108,0.25,B1_IsolationForest,SLOWDOWN,True,1.4466577530601472,0.7090738077922258,40,0.425,1.0,0.0,0.0,2.0,0.0,0.0,,33958.8820825569,
test,5109,1.0,RippleTwin,COMBINED,False,1.2299351787986026,45.562612595121664,53,0.37735849056603776,1.0,1.0,1.0,0.0,1.0,1.0,,40266.2347854671,
test,5109,1.0,B2_observed_only_twin,COMBINED,False,1.2299351787986026,45.562612595121664,53,0.37735849056603776,1.0,1.0,1.0,0.0,1.0,1.0,,40266.2347854671,
test,5109,1.0,B0_SPC_observed,COMBINED,False,1.2299351787986026,5.237133527699475,53,0.7924528301886793,1.0,0.9761904761904762,0.9761904761904762,0.0,1.0,1.0,,39355.11967622568,
test,5109,1.0,B1_IsolationForest,COMBINED,False,1.2299351787986026,0.7565752413847274,53,0.0,0.0,,,,0.0,0.0,,,
test,5109,0.75,RippleTwin,COMBINED,False,1.2299351787986026,32.119525394492335,53,0.7547169811320755,1.0,1.0,1.0,0.0,1.0,1.0,,39355.11967622568,
test,5109,0.75,B2_observed_only_twin,COMBINED,False,1.2299351787986026,32.119525394492335,53,0.7547169811320755,1.0,1.0,1.0,0.0,1.0,1.0,,39355.11967622568,
test,5109,0.75,B0_SPC_observed,COMBINED,False,1.2299351787986026,5.237133527699475,53,0.7924528301886793,1.0,0.9761904761904762,0.9761904761904762,0.0,1.0,1.0,,39355.11967622568,
test,5109,0.75,B1_IsolationForest,COMBINED,False,1.2299351787986026,0.7565752413847274,53,0.0,0.0,,,,0.0,0.0,,,
test,5109,0.5,RippleTwin,COMBINED,True,1.2299351787986026,42.892326734815505,53,0.0,0.0,,,,0.0,0.0,,,
test,5109,0.5,B2_observed_only_twin,COMBINED,True,1.2299351787986026,42.892326734815505,53,0.0,0.0,,,,0.0,0.0,,,
test,5109,0.5,B0_SPC_observed,COMBINED,True,1.2299351787986026,5.237133527699475,53,0.03773584905660377,1.0,0.0,0.0,17.5,0.0,0.0,,51431.60038280763,
test,5109,0.5,B1_IsolationForest,COMBINED,True,1.2299351787986026,0.7565752413847274,53,0.0,0.0,,,,0.0,0.0,,,
test,5109,0.25,RippleTwin,COMBINED,True,1.2299351787986026,27.136223649542885,53,0.0,0.0,,,,0.0,0.0,,,
test,5109,0.25,B2_observed_only_twin,COMBINED,True,1.2299351787986026,26.168542400051628,53,0.0,0.0,,,,0.0,0.0,,,
test,5109,0.25,B0_SPC_observed,COMBINED,True,1.2299351787986026,4.936240980386517,53,0.03773584905660377,1.0,0.0,0.0,17.5,0.0,0.0,,51431.60038280763,
test,5109,0.25,B1_IsolationForest,COMBINED,True,1.2299351787986026,0.7090738077922258,53,0.0,0.0,,,,0.0,0.0,,,
