split,seed,coverage,method,fault_kind,source_hidden,magnitude,threshold,target_fpr,n_windows_during,detection_rate,detected_episode,top1,within1,median_station_error,lead_time_min,top1_episode,within1_episode,false_alarm_rate,first_alert_t_s,first_correct_alert_t_s
test,5000,1.0,RippleTwin,SLOWDOWN,False,1.1949660821520764,42.5638498837417,0.005,70,0.0,0.0,,,,,0.0,0.0,0.0,,
test,5000,1.0,RippleTwin,SLOWDOWN,False,1.1949660821520764,42.5638498837417,0.01,70,0.04285714285714286,1.0,0.0,0.0,16.0,,0.0,0.0,0.0,33765.52849543898,
test,5000,1.0,RippleTwin,SLOWDOWN,False,1.1949660821520764,42.5638498837417,0.02,70,0.1,1.0,0.0,0.0,16.0,,0.0,0.0,0.0,32519.777761688987,
test,5000,1.0,RippleTwin,SLOWDOWN,False,1.1949660821520764,42.5638498837417,0.05,70,0.2,1.0,0.35714285714285715,0.35714285714285715,16.0,,0.0,0.0,0.0,32519.777761688987,
test,5000,1.0,RippleTwin,SLOWDOWN,False,1.1949660821520764,42.5638498837417,0.1,70,0.5571428571428572,1.0,0.6666666666666666,0.6666666666666666,0.0,,1.0,1.0,0.031746031746031744,29213.92771848805,
test,5000,1.0,B2_observed_only_twin,SLOWDOWN,False,1.1949660821520764,42.5638498837417,0.005,70,0.0,0.0,,,,,0.0,0.0,0.0,,
test,5000,1.0,B2_observed_only_twin,SLOWDOWN,False,1.1949660821520764,42.5638498837417,0.01,70,0.04285714285714286,1.0,0.0,0.0,16.0,,0.0,0.0,0.0,33765.52849543898,
test,5000,1.0,B2_observed_only_twin,SLOWDOWN,False,1.1949660821520764,42.5638498837417,0.02,70,0.1,1.0,0.0,0.0,16.0,,0.0,0.0,0.0,32519.777761688987,
test,5000,1.0,B2_observed_only_twin,SLOWDOWN,False,1.1949660821520764,42.5638498837417,0.05,70,0.2,1.0,0.35714285714285715,0.35714285714285715,16.0,,0.0,0.0,0.0,32519.777761688987,
test,5000,1.0,B2_observed_only_twin,SLOWDOWN,False,1.1949660821520764,42.5638498837417,0.1,70,0.5571428571428572,1.0,0.6666666666666666,0.6666666666666666,0.0,,1.0,1.0,0.031746031746031744,29213.92771848805,
test,5000,1.0,B0_SPC_observed,SLOWDOWN,False,1.1949660821520764,5.124273832797681,0.005,70,0.08571428571428572,1.0,1.0,1.0,0.0,,1.0,1.0,0.0,37069.42163053836,
test,5000,1.0,B0_SPC_observed,SLOWDOWN,False,1.1949660821520764,5.124273832797681,0.01,70,0.35714285714285715,1.0,0.96,0.96,0.0,,1.0,1.0,0.007936507936507936,29213.92771848805,
test,5000,1.0,B0_SPC_observed,SLOWDOWN,False,1.1949660821520764,5.124273832797681,0.02,70,0.42857142857142855,1.0,0.9666666666666667,0.9666666666666667,0.0,,1.0,1.0,0.015873015873015872,29213.92771848805,
test,5000,1.0,B0_SPC_observed,SLOWDOWN,False,1.1949660821520764,5.124273832797681,0.05,70,0.7,1.0,0.9591836734693877,0.9591836734693877,0.0,,1.0,1.0,0.023809523809523808,28917.330695284207,
test,5000,1.0,B0_SPC_observed,SLOWDOWN,False,1.1949660821520764,5.124273832797681,0.1,70,0.7857142857142857,1.0,0.9454545454545454,0.9454545454545454,0.0,,1.0,1.0,0.023809523809523808,28917.330695284207,
test,5000,1.0,B1_IsolationForest,SLOWDOWN,False,1.1949660821520764,0.7784702529546166,0.005,70,0.0,0.0,,,,,0.0,0.0,0.0,,
test,5000,1.0,B1_IsolationForest,SLOWDOWN,False,1.1949660821520764,0.7784702529546166,0.01,70,0.0,0.0,,,,,0.0,0.0,0.0,,
test,5000,1.0,B1_IsolationForest,SLOWDOWN,False,1.1949660821520764,0.7784702529546166,0.02,70,0.0,0.0,,,,,0.0,0.0,0.0,,
test,5000,1.0,B1_IsolationForest,SLOWDOWN,False,1.1949660821520764,0.7784702529546166,0.05,70,0.0,0.0,,,,,0.0,0.0,0.06349206349206349,,
test,5000,1.0,B1_IsolationForest,SLOWDOWN,False,1.1949660821520764,0.7784702529546166,0.1,70,0.02857142857142857,1.0,0.0,0.0,11.5,,0.0,0.0,0.09523809523809523,33765.52849543898,
test,5000,0.75,RippleTwin,SLOWDOWN,True,1.1949660821520764,31.30364205825687,0.005,70,0.04285714285714286,1.0,0.0,0.0,17.0,,0.0,0.0,0.0,33765.52849543898,
test,5000,0.75,RippleTwin,SLOWDOWN,True,1.1949660821520764,31.30364205825687,0.01,70,0.04285714285714286,1.0,0.0,0.0,17.0,,0.0,0.0,0.0,33765.52849543898,
test,5000,0.75,RippleTwin,SLOWDOWN,True,1.1949660821520764,31.30364205825687,0.02,70,0.07142857142857142,1.0,0.0,0.0,17.0,,0.0,0.0,0.0,32519.777761688987,
test,5000,0.75,RippleTwin,SLOWDOWN,True,1.1949660821520764,31.30364205825687,0.05,70,0.08571428571428572,1.0,0.0,0.0,17.0,,0.0,0.0,0.0,32519.777761688987,
test,5000,0.75,RippleTwin,SLOWDOWN,True,1.1949660821520764,31.30364205825687,0.1,70,0.15714285714285714,1.0,0.0,0.0,17.0,,0.0,0.0,0.03968253968253968,31009.370273417157,
test,5000,0.75,B2_observed_only_twin,SLOWDOWN,True,1.1949660821520764,31.30364205825687,0.005,70,0.04285714285714286,1.0,0.0,0.0,16.0,,0.0,0.0,0.0,33765.52849543898,
test,5000,0.75,B2_observed_only_twin,SLOWDOWN,True,1.1949660821520764,31.30364205825687,0.01,70,0.04285714285714286,1.0,0.0,0.0,16.0,,0.0,0.0,0.0,33765.52849543898,
test,5000,0.75,B2_observed_only_twin,SLOWDOWN,True,1.1949660821520764,31.30364205825687,0.02,70,0.07142857142857142,1.0,0.0,0.0,16.0,,0.0,0.0,0.0,32519.777761688987,
test,5000,0.75,B2_observed_only_twin,SLOWDOWN,True,1.1949660821520764,31.30364205825687,0.05,70,0.08571428571428572,1.0,0.0,0.0,16.0,,0.0,0.0,0.015873015873015872,32519.777761688987,
test,5000,0.75,B2_observed_only_twin,SLOWDOWN,True,1.1949660821520764,31.30364205825687,0.1,70,0.17142857142857143,1.0,0.0,0.0,16.0,,0.0,0.0,0.06349206349206349,30726.843548033088,
test,5000,0.75,B0_SPC_observed,SLOWDOWN,True,1.1949660821520764,5.061702559429017,0.005,70,0.0,0.0,,,,,0.0,0.0,0.007936507936507936,,
test,5000,0.75,B0_SPC_observed,SLOWDOWN,True,1.1949660821520764,5.061702559429017,0.01,70,0.014285714285714285,1.0,0.0,0.0,22.0,,0.0,0.0,0.007936507936507936,36121.10843398135,
test,5000,0.75,B0_SPC_observed,SLOWDOWN,True,1.1949660821520764,5.061702559429017,0.02,70,0.014285714285714285,1.0,0.0,0.0,22.0,,0.0,0.0,0.015873015873015872,36121.10843398135,
test,5000,0.75,B0_SPC_observed,SLOWDOWN,True,1.1949660821520764,5.061702559429017,0.05,70,0.04285714285714286,1.0,0.0,0.0,15.0,,0.0,0.0,0.023809523809523808,30726.843548033088,
test,5000,0.75,B0_SPC_observed,SLOWDOWN,True,1.1949660821520764,5.061702559429017,0.1,70,0.05714285714285714,1.0,0.0,0.0,11.0,,0.0,0.0,0.023809523809523808,30726.843548033088,
test,5000,0.75,B1_IsolationForest,SLOWDOWN,True,1.1949660821520764,0.7423023198141773,0.005,70,0.0,0.0,,,,,0.0,0.0,0.031746031746031744,,
test,5000,0.75,B1_IsolationForest,SLOWDOWN,True,1.1949660821520764,0.7423023198141773,0.01,70,0.0,0.0,,,,,0.0,0.0,0.031746031746031744,,
test,5000,0.75,B1_IsolationForest,SLOWDOWN,True,1.1949660821520764,0.7423023198141773,0.02,70,0.0,0.0,,,,,0.0,0.0,0.031746031746031744,,
test,5000,0.75,B1_IsolationForest,SLOWDOWN,True,1.1949660821520764,0.7423023198141773,0.05,70,0.02857142857142857,1.0,0.0,0.0,11.5,,0.0,0.0,0.07142857142857142,33765.52849543898,
test,5000,0.75,B1_IsolationForest,SLOWDOWN,True,1.1949660821520764,0.7423023198141773,0.1,70,0.08571428571428572,1.0,0.0,0.0,7.0,,0.0,0.0,0.1349206349206349,30726.843548033088,
test,5000,0.5,RippleTwin,SLOWDOWN,True,1.1949660821520764,39.99294167411538,0.005,70,0.04285714285714286,1.0,0.0,0.0,17.0,,0.0,0.0,0.0,33765.52849543898,
test,5000,0.5,RippleTwin,SLOWDOWN,True,1.1949660821520764,39.99294167411538,0.01,70,0.04285714285714286,1.0,0.0,0.0,17.0,,0.0,0.0,0.0,33765.52849543898,
test,5000,0.5,RippleTwin,SLOWDOWN,True,1.1949660821520764,39.99294167411538,0.02,70,0.1,1.0,0.0,0.0,17.0,,0.0,0.0,0.0,32519.777761688987,
test,5000,0.5,RippleTwin,SLOWDOWN,True,1.1949660821520764,39.99294167411538,0.05,70,0.11428571428571428,1.0,0.0,0.0,17.0,,0.0,0.0,0.0,32519.777761688987,
test,5000,0.5,RippleTwin,SLOWDOWN,True,1.1949660821520764,39.99294167411538,0.1,70,0.15714285714285714,1.0,0.0,0.0,17.0,,0.0,0.0,0.015873015873015872,31927.770163055062,
test,5000,0.5,B2_observed_only_twin,SLOWDOWN,True,1.1949660821520764,39.987745614480566,0.005,70,0.04285714285714286,1.0,0.0,0.0,16.0,,0.0,0.0,0.0,33765.52849543898,
test,5000,0.5,B2_observed_only_twin,SLOWDOWN,True,1.1949660821520764,39.987745614480566,0.01,70,0.04285714285714286,1.0,0.0,0.0,16.0,,0.0,0.0,0.0,33765.52849543898,
test,5000,0.5,B2_observed_only_twin,SLOWDOWN,True,1.1949660821520764,39.987745614480566,0.02,70,0.07142857142857142,1.0,0.0,0.0,16.0,,0.0,0.0,0.0,32519.777761688987,
test,5000,0.5,B2_observed_only_twin,SLOWDOWN,True,1.1949660821520764,39.987745614480566,0.05,70,0.08571428571428572,1.0,0.0,0.0,16.0,,0.0,0.0,0.0,32519.777761688987,
test,5000,0.5,B2_observed_only_twin,SLOWDOWN,True,1.1949660821520764,39.987745614480566,0.1,70,0.11428571428571428,1.0,0.0,0.0,16.0,,0.0,0.0,0.031746031746031744,31927.770163055062,
test,5000,0.5,B0_SPC_observed,SLOWDOWN,True,1.1949660821520764,5.012127239822025,0.005,70,0.0,0.0,,,,,0.0,0.0,0.007936507936507936,,
test,5000,0.5,B0_SPC_observed,SLOWDOWN,True,1.1949660821520764,5.012127239822025,0.01,70,0.0,0.0,,,,,0.0,0.0,0.015873015873015872,,
test,5000,0.5,B0_SPC_observed,SLOWDOWN,True,1.1949660821520764,5.012127239822025,0.02,70,0.0,0.0,,,,,0.0,0.0,0.023809523809523808,,
test,5000,0.5,B0_SPC_observed,SLOWDOWN,True,1.1949660821520764,5.012127239822025,0.05,70,0.014285714285714285,1.0,0.0,0.0,15.0,,0.0,0.0,0.023809523809523808,30726.843548033088,
test,5000,0.5,B0_SPC_observed,SLOWDOWN,True,1.1949660821520764,5.012127239822025,0.1,70,0.04285714285714286,1.0,0.0,0.0,15.0,,0.0,0.0,0.07936507936507936,30726.843548033088,
test,5000,0.5,B1_IsolationForest,SLOWDOWN,True,1.1949660821520764,0.7423023198141773,0.005,70,0.0,0.0,,,,,0.0,0.0,0.007936507936507936,,
test,5000,0.5,B1_IsolationForest,SLOWDOWN,True,1.1949660821520764,0.7423023198141773,0.01,70,0.0,0.0,,,,,0.0,0.0,0.007936507936507936,,
test,5000,0.5,B1_IsolationForest,SLOWDOWN,True,1.1949660821520764,0.7423023198141773,0.02,70,0.0,0.0,,,,,0.0,0.0,0.007936507936507936,,
test,5000,0.5,B1_IsolationForest,SLOWDOWN,True,1.1949660821520764,0.7423023198141773,0.05,70,0.02857142857142857,1.0,0.0,0.0,11.5,,0.0,0.0,0.05555555555555555,33765.52849543898,
test,5000,0.5,B1_IsolationForest,SLOWDOWN,True,1.1949660821520764,0.7423023198141773,0.1,70,0.07142857142857142,1.0,0.0,0.0,7.0,,0.0,0.0,0.14285714285714285,30726.843548033088,
test,5000,0.25,RippleTwin,SLOWDOWN,True,1.1949660821520764,23.87887940963418,0.005,70,0.02857142857142857,1.0,0.0,0.0,17.0,,0.0,0.0,0.0,33765.52849543898,
test,5000,0.25,RippleTwin,SLOWDOWN,True,1.1949660821520764,23.87887940963418,0.01,70,0.04285714285714286,1.0,0.0,0.0,17.0,,0.0,0.0,0.0,33765.52849543898,
test,5000,0.25,RippleTwin,SLOWDOWN,True,1.1949660821520764,23.87887940963418,0.02,70,0.1,1.0,0.0,0.0,17.0,,0.0,0.0,0.023809523809523808,32519.777761688987,
test,5000,0.25,RippleTwin,SLOWDOWN,True,1.1949660821520764,23.87887940963418,0.05,70,0.12857142857142856,1.0,0.0,0.0,17.0,,0.0,0.0,0.05555555555555555,32219.106459204384,
test,5000,0.25,RippleTwin,SLOWDOWN,True,1.1949660821520764,23.87887940963418,0.1,70,0.17142857142857143,1.0,0.0,0.0,17.0,,0.0,0.0,0.0873015873015873,31009.370273417157,
test,5000,0.25,B2_observed_only_twin,SLOWDOWN,True,1.1949660821520764,23.87066583332845,0.005,70,0.014285714285714285,1.0,0.0,0.0,16.0,,0.0,0.0,0.0,34055.03058836182,
test,5000,0.25,B2_observed_only_twin,SLOWDOWN,True,1.1949660821520764,23.87066583332845,0.01,70,0.02857142857142857,1.0,0.0,0.0,16.0,,0.0,0.0,0.0,33765.52849543898,
test,5000,0.25,B2_observed_only_twin,SLOWDOWN,True,1.1949660821520764,23.87066583332845,0.02,70,0.1,1.0,0.0,0.0,16.0,,0.0,0.0,0.007936507936507936,32519.777761688987,
test,5000,0.25,B2_observed_only_twin,SLOWDOWN,True,1.1949660821520764,23.87066583332845,0.05,70,0.12857142857142856,1.0,0.0,0.0,16.0,,0.0,0.0,0.047619047619047616,32219.106459204384,
test,5000,0.25,B2_observed_only_twin,SLOWDOWN,True,1.1949660821520764,23.87066583332845,0.1,70,0.17142857142857143,1.0,0.0,0.0,16.0,,0.0,0.0,0.0873015873015873,31009.370273417157,
test,5000,0.25,B0_SPC_observed,SLOWDOWN,True,1.1949660821520764,4.674774997918179,0.005,70,0.0,0.0,,,,,0.0,0.0,0.0,,
test,5000,0.25,B0_SPC_observed,SLOWDOWN,True,1.1949660821520764,4.674774997918179,0.01,70,0.0,0.0,,,,,0.0,0.0,0.0,,
test,5000,0.25,B0_SPC_observed,SLOWDOWN,True,1.1949660821520764,4.674774997918179,0.02,70,0.0,0.0,,,,,0.0,0.0,0.0,,
test,5000,0.25,B0_SPC_observed,SLOWDOWN,True,1.1949660821520764,4.674774997918179,0.05,70,0.0,0.0,,,,,0.0,0.0,0.023809523809523808,,
test,5000,0.25,B0_SPC_observed,SLOWDOWN,True,1.1949660821520764,4.674774997918179,0.1,70,0.014285714285714285,1.0,0.0,0.0,6.0,,0.0,0.0,0.031746031746031744,28013.565619430436,
test,5000,0.25,B1_IsolationForest,SLOWDOWN,True,1.1949660821520764,0.7158774793615637,0.005,70,0.02857142857142857,1.0,0.0,0.0,11.5,,0.0,0.0,0.0,33765.52849543898,
test,5000,0.25,B1_IsolationForest,SLOWDOWN,True,1.1949660821520764,0.7158774793615637,0.01,70,0.02857142857142857,1.0,0.0,0.0,11.5,,0.0,0.0,0.0,33765.52849543898,
test,5000,0.25,B1_IsolationForest,SLOWDOWN,True,1.1949660821520764,0.7158774793615637,0.02,70,0.05714285714285714,1.0,0.0,0.0,7.0,,0.0,0.0,0.0,33765.52849543898,
test,5000,0.25,B1_IsolationForest,SLOWDOWN,True,1.1949660821520764,0.7158774793615637,0.05,70,0.08571428571428572,1.0,0.0,0.0,8.5,,0.0,0.0,0.0,33121.6191919645,
test,5000,0.25,B1_IsolationForest,SLOWDOWN,True,1.1949660821520764,0.7158774793615637,0.1,70,0.08571428571428572,1.0,0.0,0.0,8.5,,0.0,0.0,0.0,33121.6191919645,
test,5001,1.0,RippleTwin,QUALITY_DRIFT,False,13.6887759257169,42.5638498837417,0.005,71,0.0,0.0,,,,,0.0,0.0,0.0,,
test,5001,1.0,RippleTwin,QUALITY_DRIFT,False,13.6887759257169,42.5638498837417,0.01,71,0.0,0.0,,,,,0.0,0.0,0.0,,
test,5001,1.0,RippleTwin,QUALITY_DRIFT,False,13.6887759257169,42.5638498837417,0.02,71,0.0,0.0,,,,,0.0,0.0,0.0,,
test,5001,1.0,RippleTwin,QUALITY_DRIFT,False,13.6887759257169,42.5638498837417,0.05,71,0.04225352112676056,1.0,0.0,0.0,9.0,,0.0,0.0,0.0,37329.14935726001,
test,5001,1.0,RippleTwin,QUALITY_DRIFT,False,13.6887759257169,42.5638498837417,0.1,71,0.11267605633802817,1.0,0.0,0.0,9.0,,0.0,0.0,0.07317073170731707,37029.793365640886,
test,5001,1.0,B2_observed_only_twin,QUALITY_DRIFT,False,13.6887759257169,42.5638498837417,0.005,71,0.0,0.0,,,,,0.0,0.0,0.0,,
test,5001,1.0,B2_observed_only_twin,QUALITY_DRIFT,False,13.6887759257169,42.5638498837417,0.01,71,0.0,0.0,,,,,0.0,0.0,0.0,,
test,5001,1.0,B2_observed_only_twin,QUALITY_DRIFT,False,13.6887759257169,42.5638498837417,0.02,71,0.0,0.0,,,,,0.0,0.0,0.0,,
test,5001,1.0,B2_observed_only_twin,QUALITY_DRIFT,False,13.6887759257169,42.5638498837417,0.05,71,0.04225352112676056,1.0,0.0,0.0,9.0,,0.0,0.0,0.0,37329.14935726001,
test,5001,1.0,B2_observed_only_twin,QUALITY_DRIFT,False,13.6887759257169,42.5638498837417,0.1,71,0.11267605633802817,1.0,0.0,0.0,9.0,,0.0,0.0,0.07317073170731707,37029.793365640886,
test,5001,1.0,B0_SPC_observed,QUALITY_DRIFT,False,13.6887759257169,5.124273832797681,0.005,71,0.0,0.0,,,,,0.0,0.0,0.0,,
test,5001,1.0,B0_SPC_observed,QUALITY_DRIFT,False,13.6887759257169,5.124273832797681,0.01,71,0.0,0.0,,,,,0.0,0.0,0.0,,
test,5001,1.0,B0_SPC_observed,QUALITY_DRIFT,False,13.6887759257169,5.124273832797681,0.02,71,0.0,0.0,,,,,0.0,0.0,0.0,,
test,5001,1.0,B0_SPC_observed,QUALITY_DRIFT,False,13.6887759257169,5.124273832797681,0.05,71,0.014084507042253521,1.0,0.0,0.0,4.0,,0.0,0.0,0.0,44515.121078888595,
test,5001,1.0,B0_SPC_observed,QUALITY_DRIFT,False,13.6887759257169,5.124273832797681,0.1,71,0.028169014084507043,1.0,0.0,0.0,4.0,,0.0,0.0,0.0,44222.797011952156,
test,5001,1.0,B1_IsolationForest,QUALITY_DRIFT,False,13.6887759257169,0.7784702529546166,0.005,71,0.0,0.0,,,,,0.0,0.0,0.0,,
test,5001,1.0,B1_IsolationForest,QUALITY_DRIFT,False,13.6887759257169,0.7784702529546166,0.01,71,0.0,0.0,,,,,0.0,0.0,0.0,,
test,5001,1.0,B1_IsolationForest,QUALITY_DRIFT,False,13.6887759257169,0.7784702529546166,0.02,71,0.0,0.0,,,,,0.0,0.0,0.0,,
test,5001,1.0,B1_IsolationForest,QUALITY_DRIFT,False,13.6887759257169,0.7784702529546166,0.05,71,0.0,0.0,,,,,0.0,0.0,0.024390243902439025,,
test,5001,1.0,B1_IsolationForest,QUALITY_DRIFT,False,13.6887759257169,0.7784702529546166,0.1,71,0.028169014084507043,1.0,0.0,0.0,7.0,,0.0,0.0,0.10569105691056911,31612.121211817874,
test,5001,0.75,RippleTwin,QUALITY_DRIFT,False,13.6887759257169,31.30364205825687,0.005,71,0.0,0.0,,,,,0.0,0.0,0.0,,
test,5001,0.75,RippleTwin,QUALITY_DRIFT,False,13.6887759257169,31.30364205825687,0.01,71,0.0,0.0,,,,,0.0,0.0,0.0,,
test,5001,0.75,RippleTwin,QUALITY_DRIFT,False,13.6887759257169,31.30364205825687,0.02,71,0.0,0.0,,,,,0.0,0.0,0.0,,
test,5001,0.75,RippleTwin,QUALITY_DRIFT,False,13.6887759257169,31.30364205825687,0.05,71,0.028169014084507043,1.0,0.0,0.0,11.5,,0.0,0.0,0.024390243902439025,46014.42664168416,
test,5001,0.75,RippleTwin,QUALITY_DRIFT,False,13.6887759257169,31.30364205825687,0.1,71,0.09859154929577464,1.0,0.0,0.0,10.0,,0.0,0.0,0.08130081300813008,37029.793365640886,
test,5001,0.75,B2_observed_only_twin,QUALITY_DRIFT,False,13.6887759257169,31.30364205825687,0.005,71,0.0,0.0,,,,,0.0,0.0,0.0,,
test,5001,0.75,B2_observed_only_twin,QUALITY_DRIFT,False,13.6887759257169,31.30364205825687,0.01,71,0.0,0.0,,,,,0.0,0.0,0.0,,
test,5001,0.75,B2_observed_only_twin,QUALITY_DRIFT,False,13.6887759257169,31.30364205825687,0.02,71,0.014084507042253521,1.0,0.0,0.0,11.0,,0.0,0.0,0.0,46317.91007441677,
test,5001,0.75,B2_observed_only_twin,QUALITY_DRIFT,False,13.6887759257169,31.30364205825687,0.05,71,0.04225352112676056,1.0,0.0,0.0,11.0,,0.0,0.0,0.04878048780487805,46014.42664168416,
test,5001,0.75,B2_observed_only_twin,QUALITY_DRIFT,False,13.6887759257169,31.30364205825687,0.1,71,0.11267605633802817,1.0,0.0,0.0,10.0,,0.0,0.0,0.11382113821138211,31021.291443859936,
test,5001,0.75,B0_SPC_observed,QUALITY_DRIFT,False,13.6887759257169,5.061702559429017,0.005,71,0.0,0.0,,,,,0.0,0.0,0.0,,
test,5001,0.75,B0_SPC_observed,QUALITY_DRIFT,False,13.6887759257169,5.061702559429017,0.01,71,0.0,0.0,,,,,0.0,0.0,0.0,,
test,5001,0.75,B0_SPC_observed,QUALITY_DRIFT,False,13.6887759257169,5.061702559429017,0.02,71,0.0,0.0,,,,,0.0,0.0,0.0,,
test,5001,0.75,B0_SPC_observed,QUALITY_DRIFT,False,13.6887759257169,5.061702559429017,0.05,71,0.014084507042253521,1.0,0.0,0.0,4.0,,0.0,0.0,0.0,44515.121078888595,
test,5001,0.75,B0_SPC_observed,QUALITY_DRIFT,False,13.6887759257169,5.061702559429017,0.1,71,0.028169014084507043,1.0,0.0,0.0,4.0,,0.0,0.0,0.0,44222.797011952156,
test,5001,0.75,B1_IsolationForest,QUALITY_DRIFT,False,13.6887759257169,0.7423023198141773,0.005,71,0.0,0.0,,,,,0.0,0.0,0.024390243902439025,,
test,5001,0.75,B1_IsolationForest,QUALITY_DRIFT,False,13.6887759257169,0.7423023198141773,0.01,71,0.0,0.0,,,,,0.0,0.0,0.04065040650406504,,
test,5001,0.75,B1_IsolationForest,QUALITY_DRIFT,False,13.6887759257169,0.7423023198141773,0.02,71,0.0,0.0,,,,,0.0,0.0,0.06504065040650407,,
test,5001,0.75,B1_IsolationForest,QUALITY_DRIFT,False,13.6887759257169,0.7423023198141773,0.05,71,0.0,0.0,,,,,0.0,0.0,0.0975609756097561,,
test,5001,0.75,B1_IsolationForest,QUALITY_DRIFT,False,13.6887759257169,0.7423023198141773,0.1,71,0.0,0.0,,,,,0.0,0.0,0.1951219512195122,,
test,5001,0.5,RippleTwin,QUALITY_DRIFT,True,13.6887759257169,39.99294167411538,0.005,71,0.0,0.0,,,,,0.0,0.0,0.0,,
test,5001,0.5,RippleTwin,QUALITY_DRIFT,True,13.6887759257169,39.99294167411538,0.01,71,0.0,0.0,,,,,0.0,0.0,0.0,,
test,5001,0.5,RippleTwin,QUALITY_DRIFT,True,13.6887759257169,39.99294167411538,0.02,71,0.014084507042253521,1.0,0.0,0.0,12.0,,0.0,0.0,0.0,46317.91007441677,
test,5001,0.5,RippleTwin,QUALITY_DRIFT,True,13.6887759257169,39.99294167411538,0.05,71,0.028169014084507043,1.0,0.0,0.0,11.5,,0.0,0.0,0.0,46014.42664168416,
test,5001,0.5,RippleTwin,QUALITY_DRIFT,True,13.6887759257169,39.99294167411538,0.1,71,0.07042253521126761,1.0,0.0,0.0,10.0,,0.0,0.0,0.08943089430894309,37329.14935726001,
test,5001,0.5,B2_observed_only_twin,QUALITY_DRIFT,True,13.6887759257169,39.987745614480566,0.005,71,0.0,0.0,,,,,0.0,0.0,0.0,,
test,5001,0.5,B2_observed_only_twin,QUALITY_DRIFT,True,13.6887759257169,39.987745614480566,0.01,71,0.0,0.0,,,,,0.0,0.0,0.0,,
test,5001,0.5,B2_observed_only_twin,QUALITY_DRIFT,True,13.6887759257169,39.987745614480566,0.02,71,0.014084507042253521,1.0,0.0,0.0,11.0,,0.0,0.0,0.0,46317.91007441677,
test,5001,0.5,B2_observed_only_twin,QUALITY_DRIFT,True,13.6887759257169,39.987745614480566,0.05,71,0.04225352112676056,1.0,0.0,0.0,11.0,,0.0,0.0,0.0,46014.42664168416,
test,5001,0.5,B2_observed_only_twin,QUALITY_DRIFT,True,13.6887759257169,39.987745614480566,0.1,71,0.1267605633802817,1.0,0.0,0.0,9.0,,0.0,0.0,0.11382113821138211,37029.793365640886,
test,5001,0.5,B0_SPC_observed,QUALITY_DRIFT,True,13.6887759257169,5.012127239822025,0.005,71,0.0,0.0,,,,,0.0,0.0,0.0,,
test,5001,0.5,B0_SPC_observed,QUALITY_DRIFT,True,13.6887759257169,5.012127239822025,0.01,71,0.0,0.0,,,,,0.0,0.0,0.0,,
test,5001,0.5,B0_SPC_observed,QUALITY_DRIFT,True,13.6887759257169,5.012127239822025,0.02,71,0.0,0.0,,,,,0.0,0.0,0.0,,
test,5001,0.5,B0_SPC_observed,QUALITY_DRIFT,True,13.6887759257169,5.012127239822025,0.05,71,0.0,0.0,,,,,0.0,0.0,0.0,,
test,5001,0.5,B0_SPC_observed,QUALITY_DRIFT,True,13.6887759257169,5.012127239822025,0.1,71,0.0,0.0,,,,,0.0,0.0,0.008130081300813009,,
test,5001,0.5,B1_IsolationForest,QUALITY_DRIFT,True,13.6887759257169,0.7423023198141773,0.005,71,0.0,0.0,,,,,0.0,0.0,0.024390243902439025,,
test,5001,0.5,B1_IsolationForest,QUALITY_DRIFT,True,13.6887759257169,0.7423023198141773,0.01,71,0.0,0.0,,,,,0.0,0.0,0.04065040650406504,,
test,5001,0.5,B1_IsolationForest,QUALITY_DRIFT,True,13.6887759257169,0.7423023198141773,0.02,71,0.0,0.0,,,,,0.0,0.0,0.06504065040650407,,
test,5001,0.5,B1_IsolationForest,QUALITY_DRIFT,True,13.6887759257169,0.7423023198141773,0.05,71,0.0,0.0,,,,,0.0,0.0,0.12195121951219512,,
test,5001,0.5,B1_IsolationForest,QUALITY_DRIFT,True,13.6887759257169,0.7423023198141773,0.1,71,0.014084507042253521,1.0,0.0,0.0,24.0,,0.0,0.0,0.23577235772357724,47214.99863851006,
test,5001,0.25,RippleTwin,QUALITY_DRIFT,True,13.6887759257169,23.87887940963418,0.005,71,0.0,0.0,,,,,0.0,0.0,0.0,,
test,5001,0.25,RippleTwin,QUALITY_DRIFT,True,13.6887759257169,23.87887940963418,0.01,71,0.0,0.0,,,,,0.0,0.0,0.0,,
test,5001,0.25,RippleTwin,QUALITY_DRIFT,True,13.6887759257169,23.87887940963418,0.02,71,0.056338028169014086,1.0,0.0,0.0,10.0,,0.0,0.0,0.06504065040650407,44515.121078888595,
test,5001,0.25,RippleTwin,QUALITY_DRIFT,True,13.6887759257169,23.87887940963418,0.05,71,0.08450704225352113,1.0,0.0,0.0,10.0,,0.0,0.0,0.14634146341463414,44515.121078888595,
test,5001,0.25,RippleTwin,QUALITY_DRIFT,True,13.6887759257169,23.87887940963418,0.1,71,0.15492957746478872,1.0,0.0,0.0,10.0,,0.0,0.0,0.21951219512195122,32513.02957318981,
test,5001,0.25,B2_observed_only_twin,QUALITY_DRIFT,True,13.6887759257169,23.87066583332845,0.005,71,0.0,0.0,,,,,0.0,0.0,0.0,,
test,5001,0.25,B2_observed_only_twin,QUALITY_DRIFT,True,13.6887759257169,23.87066583332845,0.01,71,0.0,0.0,,,,,0.0,0.0,0.0,,
test,5001,0.25,B2_observed_only_twin,QUALITY_DRIFT,True,13.6887759257169,23.87066583332845,0.02,71,0.04225352112676056,1.0,0.0,0.0,9.0,,0.0,0.0,0.056910569105691054,46014.42664168416,
test,5001,0.25,B2_observed_only_twin,QUALITY_DRIFT,True,13.6887759257169,23.87066583332845,0.05,71,0.08450704225352113,1.0,0.0,0.0,9.0,,0.0,0.0,0.13008130081300814,44515.121078888595,
test,5001,0.25,B2_observed_only_twin,QUALITY_DRIFT,True,13.6887759257169,23.87066583332845,0.1,71,0.11267605633802817,1.0,0.0,0.0,9.0,,0.0,0.0,0.21138211382113822,37617.41514061901,
test,5001,0.25,B0_SPC_observed,QUALITY_DRIFT,True,13.6887759257169,4.674774997918179,0.005,71,0.0,0.0,,,,,0.0,0.0,0.0,,
test,5001,0.25,B0_SPC_observed,QUALITY_DRIFT,True,13.6887759257169,4.674774997918179,0.01,71,0.014084507042253521,1.0,0.0,0.0,4.0,,0.0,0.0,0.0,44515.121078888595,
test,5001,0.25,B0_SPC_observed,QUALITY_DRIFT,True,13.6887759257169,4.674774997918179,0.02,71,0.014084507042253521,1.0,0.0,0.0,4.0,,0.0,0.0,0.0,44515.121078888595,
test,5001,0.25,B0_SPC_observed,QUALITY_DRIFT,True,13.6887759257169,4.674774997918179,0.05,71,0.028169014084507043,1.0,0.0,0.0,4.0,,0.0,0.0,0.0,44222.797011952156,
test,5001,0.25,B0_SPC_observed,QUALITY_DRIFT,True,13.6887759257169,4.674774997918179,0.1,71,0.028169014084507043,1.0,0.0,0.0,4.0,,0.0,0.0,0.016260162601626018,44222.797011952156,
test,5001,0.25,B1_IsolationForest,QUALITY_DRIFT,True,13.6887759257169,0.7158774793615637,0.005,71,0.0,0.0,,,,,0.0,0.0,0.0,,
test,5001,0.25,B1_IsolationForest,QUALITY_DRIFT,True,13.6887759257169,0.7158774793615637,0.01,71,0.0,0.0,,,,,0.0,0.0,0.0,,
test,5001,0.25,B1_IsolationForest,QUALITY_DRIFT,True,13.6887759257169,0.7158774793615637,0.02,71,0.0,0.0,,,,,0.0,0.0,0.0,,
test,5001,0.25,B1_IsolationForest,QUALITY_DRIFT,True,13.6887759257169,0.7158774793615637,0.05,71,0.04225352112676056,1.0,0.0,0.0,11.0,,0.0,0.0,0.008130081300813009,37029.793365640886,
test,5001,0.25,B1_IsolationForest,QUALITY_DRIFT,True,13.6887759257169,0.7158774793615637,0.1,71,0.056338028169014086,1.0,0.0,0.0,11.0,,0.0,0.0,0.016260162601626018,37029.793365640886,
test,5002,1.0,RippleTwin,SLOWDOWN,False,1.2319251079170532,42.5638498837417,0.005,54,0.9444444444444444,1.0,1.0,1.0,0.0,,1.0,1.0,0.0,23814.491697492736,
test,5002,1.0,RippleTwin,SLOWDOWN,False,1.2319251079170532,42.5638498837417,0.01,54,0.9444444444444444,1.0,1.0,1.0,0.0,,1.0,1.0,0.007142857142857143,23514.311001774993,
test,5002,1.0,RippleTwin,SLOWDOWN,False,1.2319251079170532,42.5638498837417,0.02,54,0.9629629629629629,1.0,1.0,1.0,0.0,,1.0,1.0,0.02142857142857143,23233.913820835965,
test,5002,1.0,RippleTwin,SLOWDOWN,False,1.2319251079170532,42.5638498837417,0.05,54,0.9629629629629629,1.0,1.0,1.0,0.0,,1.0,1.0,0.02142857142857143,22921.310299987927,
test,5002,1.0,RippleTwin,SLOWDOWN,False,1.2319251079170532,42.5638498837417,0.1,54,0.9814814814814815,1.0,1.0,1.0,0.0,,1.0,1.0,0.03571428571428571,22921.310299987927,
test,5002,1.0,B2_observed_only_twin,SLOWDOWN,False,1.2319251079170532,42.5638498837417,0.005,54,0.9444444444444444,1.0,1.0,1.0,0.0,,1.0,1.0,0.0,23814.491697492736,
test,5002,1.0,B2_observed_only_twin,SLOWDOWN,False,1.2319251079170532,42.5638498837417,0.01,54,0.9444444444444444,1.0,1.0,1.0,0.0,,1.0,1.0,0.007142857142857143,23514.311001774993,
test,5002,1.0,B2_observed_only_twin,SLOWDOWN,False,1.2319251079170532,42.5638498837417,0.02,54,0.9629629629629629,1.0,1.0,1.0,0.0,,1.0,1.0,0.02142857142857143,23233.913820835965,
test,5002,1.0,B2_observed_only_twin,SLOWDOWN,False,1.2319251079170532,42.5638498837417,0.05,54,0.9629629629629629,1.0,1.0,1.0,0.0,,1.0,1.0,0.02142857142857143,22921.310299987927,
test,5002,1.0,B2_observed_only_twin,SLOWDOWN,False,1.2319251079170532,42.5638498837417,0.1,54,0.9814814814814815,1.0,1.0,1.0,0.0,,1.0,1.0,0.03571428571428571,22921.310299987927,
test,5002,1.0,B0_SPC_observed,SLOWDOWN,False,1.2319251079170532,5.124273832797681,0.005,54,0.9444444444444444,1.0,1.0,1.0,0.0,,1.0,1.0,0.014285714285714285,22921.310299987927,
test,5002,1.0,B0_SPC_observed,SLOWDOWN,False,1.2319251079170532,5.124273832797681,0.01,54,0.9444444444444444,1.0,1.0,1.0,0.0,,1.0,1.0,0.014285714285714285,22921.310299987927,
test,5002,1.0,B0_SPC_observed,SLOWDOWN,False,1.2319251079170532,5.124273832797681,0.02,54,0.9444444444444444,1.0,1.0,1.0,0.0,,1.0,1.0,0.014285714285714285,22921.310299987927,
test,5002,1.0,B0_SPC_observed,SLOWDOWN,False,1.2319251079170532,5.124273832797681,0.05,54,0.9444444444444444,1.0,1.0,1.0,0.0,,1.0,1.0,0.014285714285714285,22921.310299987927,
test,5002,1.0,B0_SPC_observed,SLOWDOWN,False,1.2319251079170532,5.124273832797681,0.1,54,0.9444444444444444,1.0,1.0,1.0,0.0,,1.0,1.0,0.02142857142857143,22921.310299987927,
test,5002,1.0,B1_IsolationForest,SLOWDOWN,False,1.2319251079170532,0.7784702529546166,0.005,54,0.0,0.0,,,,,0.0,0.0,0.0,,
test,5002,1.0,B1_IsolationForest,SLOWDOWN,False,1.2319251079170532,0.7784702529546166,0.01,54,0.0,0.0,,,,,0.0,0.0,0.0,,
test,5002,1.0,B1_IsolationForest,SLOWDOWN,False,1.2319251079170532,0.7784702529546166,0.02,54,0.0,0.0,,,,,0.0,0.0,0.0,,
test,5002,1.0,B1_IsolationForest,SLOWDOWN,False,1.2319251079170532,0.7784702529546166,0.05,54,0.0,0.0,,,,,0.0,0.0,0.04285714285714286,,
test,5002,1.0,B1_IsolationForest,SLOWDOWN,False,1.2319251079170532,0.7784702529546166,0.1,54,0.09259259259259259,1.0,0.0,0.0,10.0,,0.0,0.0,0.07142857142857142,22620.578730531342,
test,5002,0.75,RippleTwin,SLOWDOWN,False,1.2319251079170532,31.30364205825687,0.005,54,0.9629629629629629,1.0,1.0,1.0,0.0,,1.0,1.0,0.0,23233.913820835965,
test,5002,0.75,RippleTwin,SLOWDOWN,False,1.2319251079170532,31.30364205825687,0.01,54,0.9629629629629629,1.0,1.0,1.0,0.0,,1.0,1.0,0.007142857142857143,23233.913820835965,
test,5002,0.75,RippleTwin,SLOWDOWN,False,1.2319251079170532,31.30364205825687,0.02,54,0.9629629629629629,1.0,1.0,1.0,0.0,,1.0,1.0,0.02142857142857143,23233.913820835965,
test,5002,0.75,RippleTwin,SLOWDOWN,False,1.2319251079170532,31.30364205825687,0.05,54,0.9814814814814815,1.0,1.0,1.0,0.0,,1.0,1.0,0.02857142857142857,22921.310299987927,
test,5002,0.75,RippleTwin,SLOWDOWN,False,1.2319251079170532,31.30364205825687,0.1,54,0.9814814814814815,1.0,1.0,1.0,0.0,,1.0,1.0,0.05714285714285714,22921.310299987927,
test,5002,0.75,B2_observed_only_twin,SLOWDOWN,False,1.2319251079170532,31.30364205825687,0.005,54,0.9629629629629629,1.0,1.0,1.0,0.0,,1.0,1.0,0.0,23233.913820835965,
test,5002,0.75,B2_observed_only_twin,SLOWDOWN,False,1.2319251079170532,31.30364205825687,0.01,54,0.9629629629629629,1.0,1.0,1.0,0.0,,1.0,1.0,0.0,23233.913820835965,
test,5002,0.75,B2_observed_only_twin,SLOWDOWN,False,1.2319251079170532,31.30364205825687,0.02,54,0.9629629629629629,1.0,1.0,1.0,0.0,,1.0,1.0,0.014285714285714285,23233.913820835965,
test,5002,0.75,B2_observed_only_twin,SLOWDOWN,False,1.2319251079170532,31.30364205825687,0.05,54,0.9814814814814815,1.0,1.0,1.0,0.0,,1.0,1.0,0.02857142857142857,22921.310299987927,
test,5002,0.75,B2_observed_only_twin,SLOWDOWN,False,1.2319251079170532,31.30364205825687,0.1,54,0.9814814814814815,1.0,1.0,1.0,0.0,,1.0,1.0,0.07857142857142857,22921.310299987927,
test,5002,0.75,B0_SPC_observed,SLOWDOWN,False,1.2319251079170532,5.061702559429017,0.005,54,0.9444444444444444,1.0,1.0,1.0,0.0,,1.0,1.0,0.014285714285714285,22921.310299987927,
test,5002,0.75,B0_SPC_observed,SLOWDOWN,False,1.2319251079170532,5.061702559429017,0.01,54,0.9444444444444444,1.0,1.0,1.0,0.0,,1.0,1.0,0.014285714285714285,22921.310299987927,
test,5002,0.75,B0_SPC_observed,SLOWDOWN,False,1.2319251079170532,5.061702559429017,0.02,54,0.9444444444444444,1.0,1.0,1.0,0.0,,1.0,1.0,0.014285714285714285,22921.310299987927,
test,5002,0.75,B0_SPC_observed,SLOWDOWN,False,1.2319251079170532,5.061702559429017,0.05,54,0.9444444444444444,1.0,1.0,1.0,0.0,,1.0,1.0,0.014285714285714285,22921.310299987927,
test,5002,0.75,B0_SPC_observed,SLOWDOWN,False,1.2319251079170532,5.061702559429017,0.1,54,0.9444444444444444,1.0,1.0,1.0,0.0,,1.0,1.0,0.02142857142857143,22921.310299987927,
test,5002,0.75,B1_IsolationForest,SLOWDOWN,False,1.2319251079170532,0.7423023198141773,0.005,54,0.0,0.0,,,,,0.0,0.0,0.02857142857142857,,
test,5002,0.75,B1_IsolationForest,SLOWDOWN,False,1.2319251079170532,0.7423023198141773,0.01,54,0.0,0.0,,,,,0.0,0.0,0.04285714285714286,,
test,5002,0.75,B1_IsolationForest,SLOWDOWN,False,1.2319251079170532,0.7423023198141773,0.02,54,0.0,0.0,,,,,0.0,0.0,0.04285714285714286,,
test,5002,0.75,B1_IsolationForest,SLOWDOWN,False,1.2319251079170532,0.7423023198141773,0.05,54,0.09259259259259259,1.0,0.0,0.0,10.0,,0.0,0.0,0.07142857142857142,22620.578730531342,
test,5002,0.75,B1_IsolationForest,SLOWDOWN,False,1.2319251079170532,0.7423023198141773,0.1,54,0.37037037037037035,1.0,0.0,0.0,9.0,,0.0,0.0,0.15,22620.578730531342,
test,5002,0.5,RippleTwin,SLOWDOWN,True,1.2319251079170532,39.99294167411538,0.005,54,0.0,0.0,,,,,0.0,0.0,0.0,,
test,5002,0.5,RippleTwin,SLOWDOWN,True,1.2319251079170532,39.99294167411538,0.01,54,0.018518518518518517,1.0,1.0,1.0,0.0,,1.0,1.0,0.007142857142857143,33135.484311945576,
test,5002,0.5,RippleTwin,SLOWDOWN,True,1.2319251079170532,39.99294167411538,0.02,54,0.6111111111111112,1.0,0.9393939393939394,1.0,0.0,,1.0,1.0,0.02142857142857143,24708.916619430114,
test,5002,0.5,RippleTwin,SLOWDOWN,True,1.2319251079170532,39.99294167411538,0.05,54,0.9444444444444444,1.0,0.9411764705882353,1.0,0.0,,1.0,1.0,0.02142857142857143,23814.491697492736,
test,5002,0.5,RippleTwin,SLOWDOWN,True,1.2319251079170532,39.99294167411538,0.1,54,0.9629629629629629,1.0,0.9230769230769231,1.0,0.0,,1.0,1.0,0.02857142857142857,22620.578730531342,
test,5002,0.5,B2_observed_only_twin,SLOWDOWN,True,1.2319251079170532,39.987745614480566,0.005,54,0.0,0.0,,,,,0.0,0.0,0.0,,
test,5002,0.5,B2_observed_only_twin,SLOWDOWN,True,1.2319251079170532,39.987745614480566,0.01,54,0.018518518518518517,1.0,0.0,1.0,1.0,,0.0,1.0,0.0,33135.484311945576,
test,5002,0.5,B2_observed_only_twin,SLOWDOWN,True,1.2319251079170532,39.987745614480566,0.02,54,0.6296296296296297,1.0,0.0,1.0,1.0,,0.0,1.0,0.02142857142857143,24708.916619430114,
test,5002,0.5,B2_observed_only_twin,SLOWDOWN,True,1.2319251079170532,39.987745614480566,0.05,54,0.9444444444444444,1.0,0.0,1.0,1.0,,0.0,1.0,0.02857142857142857,23814.491697492736,
test,5002,0.5,B2_observed_only_twin,SLOWDOWN,True,1.2319251079170532,39.987745614480566,0.1,54,0.9629629629629629,1.0,0.0,1.0,1.0,,0.0,1.0,0.02857142857142857,22620.578730531342,
test,5002,0.5,B0_SPC_observed,SLOWDOWN,True,1.2319251079170532,5.012127239822025,0.005,54,0.0,0.0,,,,,0.0,0.0,0.014285714285714285,,
test,5002,0.5,B0_SPC_observed,SLOWDOWN,True,1.2319251079170532,5.012127239822025,0.01,54,0.0,0.0,,,,,0.0,0.0,0.014285714285714285,,
test,5002,0.5,B0_SPC_observed,SLOWDOWN,True,1.2319251079170532,5.012127239822025,0.02,54,0.0,0.0,,,,,0.0,0.0,0.014285714285714285,,
test,5002,0.5,B0_SPC_observed,SLOWDOWN,True,1.2319251079170532,5.012127239822025,0.05,54,0.0,0.0,,,,,0.0,0.0,0.014285714285714285,,
test,5002,0.5,B0_SPC_observed,SLOWDOWN,True,1.2319251079170532,5.012127239822025,0.1,54,0.0,0.0,,,,,0.0,0.0,0.02857142857142857,,
test,5002,0.5,B1_IsolationForest,SLOWDOWN,True,1.2319251079170532,0.7423023198141773,0.005,54,0.0,0.0,,,,,0.0,0.0,0.02857142857142857,,
test,5002,0.5,B1_IsolationForest,SLOWDOWN,True,1.2319251079170532,0.7423023198141773,0.01,54,0.0,0.0,,,,,0.0,0.0,0.04285714285714286,,
test,5002,0.5,B1_IsolationForest,SLOWDOWN,True,1.2319251079170532,0.7423023198141773,0.02,54,0.0,0.0,,,,,0.0,0.0,0.05,,
test,5002,0.5,B1_IsolationForest,SLOWDOWN,True,1.2319251079170532,0.7423023198141773,0.05,54,0.1111111111111111,1.0,0.0,0.0,9.0,,0.0,0.0,0.07857142857142857,22620.578730531342,
test,5002,0.5,B1_IsolationForest,SLOWDOWN,True,1.2319251079170532,0.7423023198141773,0.1,54,0.48148148148148145,1.0,0.0,0.0,9.0,,0.0,0.0,0.12857142857142856,22620.578730531342,
test,5002,0.25,RippleTwin,SLOWDOWN,True,1.2319251079170532,23.87887940963418,0.005,54,0.48148148148148145,1.0,0.038461538461538464,0.038461538461538464,3.0,,0.0,0.0,0.0,25023.869586463385,
test,5002,0.25,RippleTwin,SLOWDOWN,True,1.2319251079170532,23.87887940963418,0.01,54,0.5925925925925926,1.0,0.03125,0.03125,3.0,,0.0,0.0,0.0,24115.356293499804,
test,5002,0.25,RippleTwin,SLOWDOWN,True,1.2319251079170532,23.87887940963418,0.02,54,0.8518518518518519,1.0,0.021739130434782608,0.021739130434782608,3.0,,0.0,0.0,0.0,23233.913820835965,
test,5002,0.25,RippleTwin,SLOWDOWN,True,1.2319251079170532,23.87887940963418,0.05,54,0.8518518518518519,1.0,0.021739130434782608,0.021739130434782608,3.0,,0.0,0.0,0.007142857142857143,23233.913820835965,
test,5002,0.25,RippleTwin,SLOWDOWN,True,1.2319251079170532,23.87887940963418,0.1,54,0.8703703703703703,1.0,0.02127659574468085,0.02127659574468085,3.0,,0.0,0.0,0.02142857142857143,22921.310299987927,
test,5002,0.25,B2_observed_only_twin,SLOWDOWN,True,1.2319251079170532,23.87066583332845,0.005,54,0.5185185185185185,1.0,0.0,0.0,4.0,,0.0,0.0,0.0,24708.916619430114,
test,5002,0.25,B2_observed_only_twin,SLOWDOWN,True,1.2319251079170532,23.87066583332845,0.01,54,0.6481481481481481,1.0,0.0,0.0,4.0,,0.0,0.0,0.0,24708.916619430114,
test,5002,0.25,B2_observed_only_twin,SLOWDOWN,True,1.2319251079170532,23.87066583332845,0.02,54,0.9629629629629629,1.0,0.0,0.0,4.0,,0.0,0.0,0.0,23233.913820835965,
test,5002,0.25,B2_observed_only_twin,SLOWDOWN,True,1.2319251079170532,23.87066583332845,0.05,54,0.9629629629629629,1.0,0.0,0.0,4.0,,0.0,0.0,0.007142857142857143,23233.913820835965,
test,5002,0.25,B2_observed_only_twin,SLOWDOWN,True,1.2319251079170532,23.87066583332845,0.1,54,0.9629629629629629,1.0,0.0,0.0,4.0,,0.0,0.0,0.02142857142857143,22921.310299987927,
test,5002,0.25,B0_SPC_observed,SLOWDOWN,True,1.2319251079170532,4.674774997918179,0.005,54,0.0,0.0,,,,,0.0,0.0,0.0,,
test,5002,0.25,B0_SPC_observed,SLOWDOWN,True,1.2319251079170532,4.674774997918179,0.01,54,0.0,0.0,,,,,0.0,0.0,0.0,,
test,5002,0.25,B0_SPC_observed,SLOWDOWN,True,1.2319251079170532,4.674774997918179,0.02,54,0.0,0.0,,,,,0.0,0.0,0.0,,
test,5002,0.25,B0_SPC_observed,SLOWDOWN,True,1.2319251079170532,4.674774997918179,0.05,54,0.0,0.0,,,,,0.0,0.0,0.02142857142857143,,
test,5002,0.25,B0_SPC_observed,SLOWDOWN,True,1.2319251079170532,4.674774997918179,0.1,54,0.018518518518518517,1.0,0.0,0.0,9.0,,0.0,0.0,0.05,22620.578730531342,
test,5002,0.25,B1_IsolationForest,SLOWDOWN,True,1.2319251079170532,0.7158774793615637,0.005,54,0.037037037037037035,1.0,0.0,0.0,9.0,,0.0,0.0,0.0,34795.25309802907,
test,5002,0.25,B1_IsolationForest,SLOWDOWN,True,1.2319251079170532,0.7158774793615637,0.01,54,0.1111111111111111,1.0,0.0,0.0,9.0,,0.0,0.0,0.0,29834.5534631187,
test,5002,0.25,B1_IsolationForest,SLOWDOWN,True,1.2319251079170532,0.7158774793615637,0.02,54,0.2777777777777778,1.0,0.0,0.0,9.0,,0.0,0.0,0.0,28612.519097961896,
test,5002,0.25,B1_IsolationForest,SLOWDOWN,True,1.2319251079170532,0.7158774793615637,0.05,54,0.46296296296296297,1.0,0.0,0.0,9.0,,0.0,0.0,0.0,23814.491697492736,
test,5002,0.25,B1_IsolationForest,SLOWDOWN,True,1.2319251079170532,0.7158774793615637,0.1,54,0.5925925925925926,1.0,0.0,0.0,9.0,,0.0,0.0,0.014285714285714285,23814.491697492736,
test,5003,1.0,RippleTwin,SLOWDOWN,False,1.2705041636670094,42.5638498837417,0.005,64,0.28125,1.0,1.0,1.0,0.0,,1.0,1.0,0.0,35218.145808200046,
test,5003,1.0,RippleTwin,SLOWDOWN,False,1.2705041636670094,42.5638498837417,0.01,64,0.4375,1.0,1.0,1.0,0.0,,1.0,1.0,0.0078125,32214.5379201842,
test,5003,1.0,RippleTwin,SLOWDOWN,False,1.2705041636670094,42.5638498837417,0.02,64,0.5,1.0,1.0,1.0,0.0,,1.0,1.0,0.09375,31318.952763575042,
test,5003,1.0,RippleTwin,SLOWDOWN,False,1.2705041636670094,42.5638498837417,0.05,64,0.515625,1.0,1.0,1.0,0.0,,1.0,1.0,0.1015625,31318.952763575042,
test,5003,1.0,RippleTwin,SLOWDOWN,False,1.2705041636670094,42.5638498837417,0.1,64,0.515625,1.0,1.0,1.0,0.0,,1.0,1.0,0.15625,31318.952763575042,
test,5003,1.0,B2_observed_only_twin,SLOWDOWN,False,1.2705041636670094,42.5638498837417,0.005,64,0.28125,1.0,1.0,1.0,0.0,,1.0,1.0,0.0,35218.145808200046,
test,5003,1.0,B2_observed_only_twin,SLOWDOWN,False,1.2705041636670094,42.5638498837417,0.01,64,0.4375,1.0,1.0,1.0,0.0,,1.0,1.0,0.0078125,32214.5379201842,
test,5003,1.0,B2_observed_only_twin,SLOWDOWN,False,1.2705041636670094,42.5638498837417,0.02,64,0.5,1.0,1.0,1.0,0.0,,1.0,1.0,0.09375,31318.952763575042,
test,5003,1.0,B2_observed_only_twin,SLOWDOWN,False,1.2705041636670094,42.5638498837417,0.05,64,0.515625,1.0,1.0,1.0,0.0,,1.0,1.0,0.1015625,31318.952763575042,
test,5003,1.0,B2_observed_only_twin,SLOWDOWN,False,1.2705041636670094,42.5638498837417,0.1,64,0.515625,1.0,1.0,1.0,0.0,,1.0,1.0,0.15625,31318.952763575042,
test,5003,1.0,B0_SPC_observed,SLOWDOWN,False,1.2705041636670094,5.124273832797681,0.005,64,0.5,1.0,1.0,1.0,0.0,,1.0,1.0,0.1171875,31318.952763575042,
test,5003,1.0,B0_SPC_observed,SLOWDOWN,False,1.2705041636670094,5.124273832797681,0.01,64,0.5,1.0,1.0,1.0,0.0,,1.0,1.0,0.15625,31318.952763575042,
test,5003,1.0,B0_SPC_observed,SLOWDOWN,False,1.2705041636670094,5.124273832797681,0.02,64,0.5,1.0,1.0,1.0,0.0,,1.0,1.0,0.15625,31318.952763575042,
test,5003,1.0,B0_SPC_observed,SLOWDOWN,False,1.2705041636670094,5.124273832797681,0.05,64,0.5,1.0,1.0,1.0,0.0,,1.0,1.0,0.2109375,31318.952763575042,
test,5003,1.0,B0_SPC_observed,SLOWDOWN,False,1.2705041636670094,5.124273832797681,0.1,64,0.546875,1.0,0.9428571428571428,0.9428571428571428,0.0,,1.0,1.0,0.234375,31318.952763575042,
test,5003,1.0,B1_IsolationForest,SLOWDOWN,False,1.2705041636670094,0.7784702529546166,0.005,64,0.0,0.0,,,,,0.0,0.0,0.0,,
test,5003,1.0,B1_IsolationForest,SLOWDOWN,False,1.2705041636670094,0.7784702529546166,0.01,64,0.0,0.0,,,,,0.0,0.0,0.0,,
test,5003,1.0,B1_IsolationForest,SLOWDOWN,False,1.2705041636670094,0.7784702529546166,0.02,64,0.0,0.0,,,,,0.0,0.0,0.0,,
test,5003,1.0,B1_IsolationForest,SLOWDOWN,False,1.2705041636670094,0.7784702529546166,0.05,64,0.0,0.0,,,,,0.0,0.0,0.046875,,
test,5003,1.0,B1_IsolationForest,SLOWDOWN,False,1.2705041636670094,0.7784702529546166,0.1,64,0.515625,1.0,1.0,1.0,0.0,,1.0,1.0,0.2109375,31318.952763575042,
test,5003,0.75,RippleTwin,SLOWDOWN,True,1.2705041636670094,31.30364205825687,0.005,64,0.0,0.0,,,,,0.0,0.0,0.0234375,,
test,5003,0.75,RippleTwin,SLOWDOWN,True,1.2705041636670094,31.30364205825687,0.01,64,0.0,0.0,,,,,0.0,0.0,0.0234375,,
test,5003,0.75,RippleTwin,SLOWDOWN,True,1.2705041636670094,31.30364205825687,0.02,64,0.0,0.0,,,,,0.0,0.0,0.0234375,,
test,5003,0.75,RippleTwin,SLOWDOWN,True,1.2705041636670094,31.30364205825687,0.05,64,0.03125,1.0,0.5,0.5,1.0,,1.0,1.0,0.03125,35516.63116019287,
test,5003,0.75,RippleTwin,SLOWDOWN,True,1.2705041636670094,31.30364205825687,0.1,64,0.109375,1.0,0.8571428571428571,0.8571428571428571,0.0,,1.0,1.0,0.1171875,35516.63116019287,
test,5003,0.75,B2_observed_only_twin,SLOWDOWN,True,1.2705041636670094,31.30364205825687,0.005,64,0.0,0.0,,,,,0.0,0.0,0.0234375,,
test,5003,0.75,B2_observed_only_twin,SLOWDOWN,True,1.2705041636670094,31.30364205825687,0.01,64,0.0,0.0,,,,,0.0,0.0,0.0234375,,
test,5003,0.75,B2_observed_only_twin,SLOWDOWN,True,1.2705041636670094,31.30364205825687,0.02,64,0.0,0.0,,,,,0.0,0.0,0.0234375,,
test,5003,0.75,B2_observed_only_twin,SLOWDOWN,True,1.2705041636670094,31.30364205825687,0.05,64,0.03125,1.0,0.0,1.0,1.0,,0.0,1.0,0.0546875,35516.63116019287,
test,5003,0.75,B2_observed_only_twin,SLOWDOWN,True,1.2705041636670094,31.30364205825687,0.1,64,0.09375,1.0,0.0,1.0,1.0,,0.0,1.0,0.171875,35516.63116019287,
test,5003,0.75,B0_SPC_observed,SLOWDOWN,True,1.2705041636670094,5.061702559429017,0.005,64,0.0,0.0,,,,,0.0,0.0,0.0546875,,
test,5003,0.75,B0_SPC_observed,SLOWDOWN,True,1.2705041636670094,5.061702559429017,0.01,64,0.0,0.0,,,,,0.0,0.0,0.0546875,,
test,5003,0.75,B0_SPC_observed,SLOWDOWN,True,1.2705041636670094,5.061702559429017,0.02,64,0.0,0.0,,,,,0.0,0.0,0.0546875,,
test,5003,0.75,B0_SPC_observed,SLOWDOWN,True,1.2705041636670094,5.061702559429017,0.05,64,0.015625,1.0,0.0,0.0,14.0,,0.0,0.0,0.1015625,36723.68714309358,
test,5003,0.75,B0_SPC_observed,SLOWDOWN,True,1.2705041636670094,5.061702559429017,0.1,64,0.046875,1.0,0.0,0.0,22.0,,0.0,0.0,0.125,36723.68714309358,
test,5003,0.75,B1_IsolationForest,SLOWDOWN,True,1.2705041636670094,0.7423023198141773,0.005,64,0.0,0.0,,,,,0.0,0.0,0.046875,,
test,5003,0.75,B1_IsolationForest,SLOWDOWN,True,1.2705041636670094,0.7423023198141773,0.01,64,0.0,0.0,,,,,0.0,0.0,0.046875,,
test,5003,0.75,B1_IsolationForest,SLOWDOWN,True,1.2705041636670094,0.7423023198141773,0.02,64,0.0,0.0,,,,,0.0,0.0,0.046875,,
test,5003,0.75,B1_IsolationForest,SLOWDOWN,True,1.2705041636670094,0.7423023198141773,0.05,64,0.0,0.0,,,,,0.0,0.0,0.0859375,,
test,5003,0.75,B1_IsolationForest,SLOWDOWN,True,1.2705041636670094,0.7423023198141773,0.1,64,0.015625,1.0,0.0,0.0,19.0,,0.0,0.0,0.125,43625.13262537271,
test,5003,0.5,RippleTwin,SLOWDOWN,True,1.2705041636670094,39.99294167411538,0.005,64,0.0,0.0,,,,,0.0,0.0,0.0,,
test,5003,0.5,RippleTwin,SLOWDOWN,True,1.2705041636670094,39.99294167411538,0.01,64,0.0,0.0,,,,,0.0,0.0,0.0078125,,
test,5003,0.5,RippleTwin,SLOWDOWN,True,1.2705041636670094,39.99294167411538,0.02,64,0.0,0.0,,,,,0.0,0.0,0.0234375,,
test,5003,0.5,RippleTwin,SLOWDOWN,True,1.2705041636670094,39.99294167411538,0.05,64,0.03125,1.0,0.5,0.5,1.0,,1.0,1.0,0.046875,35516.63116019287,
test,5003,0.5,RippleTwin,SLOWDOWN,True,1.2705041636670094,39.99294167411538,0.1,64,0.140625,1.0,0.8888888888888888,0.8888888888888888,0.0,,1.0,1.0,0.125,35516.63116019287,
test,5003,0.5,B2_observed_only_twin,SLOWDOWN,True,1.2705041636670094,39.987745614480566,0.005,64,0.0,0.0,,,,,0.0,0.0,0.0,,
test,5003,0.5,B2_observed_only_twin,SLOWDOWN,True,1.2705041636670094,39.987745614480566,0.01,64,0.0,0.0,,,,,0.0,0.0,0.0078125,,
test,5003,0.5,B2_observed_only_twin,SLOWDOWN,True,1.2705041636670094,39.987745614480566,0.02,64,0.0,0.0,,,,,0.0,0.0,0.0234375,,
test,5003,0.5,B2_observed_only_twin,SLOWDOWN,True,1.2705041636670094,39.987745614480566,0.05,64,0.03125,1.0,0.0,1.0,1.0,,0.0,1.0,0.0546875,35516.63116019287,
test,5003,0.5,B2_observed_only_twin,SLOWDOWN,True,1.2705041636670094,39.987745614480566,0.1,64,0.109375,1.0,0.0,1.0,1.0,,0.0,1.0,0.140625,35516.63116019287,
test,5003,0.5,B0_SPC_observed,SLOWDOWN,True,1.2705041636670094,5.012127239822025,0.005,64,0.0,0.0,,,,,0.0,0.0,0.0546875,,
test,5003,0.5,B0_SPC_observed,SLOWDOWN,True,1.2705041636670094,5.012127239822025,0.01,64,0.0,0.0,,,,,0.0,0.0,0.0546875,,
test,5003,0.5,B0_SPC_observed,SLOWDOWN,True,1.2705041636670094,5.012127239822025,0.02,64,0.0,0.0,,,,,0.0,0.0,0.078125,,
test,5003,0.5,B0_SPC_observed,SLOWDOWN,True,1.2705041636670094,5.012127239822025,0.05,64,0.0,0.0,,,,,0.0,0.0,0.1015625,,
test,5003,0.5,B0_SPC_observed,SLOWDOWN,True,1.2705041636670094,5.012127239822025,0.1,64,0.03125,1.0,0.0,0.0,22.0,,0.0,0.0,0.1328125,53069.82358625686,
test,5003,0.5,B1_IsolationForest,SLOWDOWN,True,1.2705041636670094,0.7423023198141773,0.005,64,0.0,0.0,,,,,0.0,0.0,0.0,,
test,5003,0.5,B1_IsolationForest,SLOWDOWN,True,1.2705041636670094,0.7423023198141773,0.01,64,0.0,0.0,,,,,0.0,0.0,0.0,,
test,5003,0.5,B1_IsolationForest,SLOWDOWN,True,1.2705041636670094,0.7423023198141773,0.02,64,0.0,0.0,,,,,0.0,0.0,0.0,,
test,5003,0.5,B1_IsolationForest,SLOWDOWN,True,1.2705041636670094,0.7423023198141773,0.05,64,0.0,0.0,,,,,0.0,0.0,0.046875,,
test,5003,0.5,B1_IsolationForest,SLOWDOWN,True,1.2705041636670094,0.7423023198141773,0.1,64,0.0,0.0,,,,,0.0,0.0,0.0625,,
test,5003,0.25,RippleTwin,SLOWDOWN,True,1.2705041636670094,23.87887940963418,0.005,64,0.0,0.0,,,,,0.0,0.0,0.0,,
test,5003,0.25,RippleTwin,SLOWDOWN,True,1.2705041636670094,23.87887940963418,0.01,64,0.0,0.0,,,,,0.0,0.0,0.0,,
test,5003,0.25,RippleTwin,SLOWDOWN,True,1.2705041636670094,23.87887940963418,0.02,64,0.09375,1.0,1.0,1.0,0.0,,1.0,1.0,0.0859375,35516.63116019287,
test,5003,0.25,RippleTwin,SLOWDOWN,True,1.2705041636670094,23.87887940963418,0.05,64,0.15625,1.0,1.0,1.0,0.0,,1.0,1.0,0.15625,35516.63116019287,
test,5003,0.25,RippleTwin,SLOWDOWN,True,1.2705041636670094,23.87887940963418,0.1,64,0.1875,1.0,1.0,1.0,0.0,,1.0,1.0,0.1953125,35516.63116019287,
test,5003,0.25,B2_observed_only_twin,SLOWDOWN,True,1.2705041636670094,23.87066583332845,0.005,64,0.0,0.0,,,,,0.0,0.0,0.0,,
test,5003,0.25,B2_observed_only_twin,SLOWDOWN,True,1.2705041636670094,23.87066583332845,0.01,64,0.0,0.0,,,,,0.0,0.0,0.0,,
test,5003,0.25,B2_observed_only_twin,SLOWDOWN,True,1.2705041636670094,23.87066583332845,0.02,64,0.078125,1.0,0.0,1.0,1.0,,0.0,1.0,0.0546875,35516.63116019287,
test,5003,0.25,B2_observed_only_twin,SLOWDOWN,True,1.2705041636670094,23.87066583332845,0.05,64,0.109375,1.0,0.0,1.0,1.0,,0.0,1.0,0.15625,35516.63116019287,
test,5003,0.25,B2_observed_only_twin,SLOWDOWN,True,1.2705041636670094,23.87066583332845,0.1,64,0.171875,1.0,0.0,1.0,1.0,,0.0,1.0,0.2421875,35516.63116019287,
test,5003,0.25,B0_SPC_observed,SLOWDOWN,True,1.2705041636670094,4.674774997918179,0.005,64,0.0,0.0,,,,,0.0,0.0,0.0390625,,
test,5003,0.25,B0_SPC_observed,SLOWDOWN,True,1.2705041636670094,4.674774997918179,0.01,64,0.0,0.0,,,,,0.0,0.0,0.0625,,
test,5003,0.25,B0_SPC_observed,SLOWDOWN,True,1.2705041636670094,4.674774997918179,0.02,64,0.0,0.0,,,,,0.0,0.0,0.0703125,,
test,5003,0.25,B0_SPC_observed,SLOWDOWN,True,1.2705041636670094,4.674774997918179,0.05,64,0.015625,1.0,0.0,0.0,28.0,,0.0,0.0,0.1015625,40014.82052185006,
test,5003,0.25,B0_SPC_observed,SLOWDOWN,True,1.2705041636670094,4.674774997918179,0.1,64,0.046875,1.0,0.0,0.0,28.0,,0.0,0.0,0.125,40014.82052185006,
test,5003,0.25,B1_IsolationForest,SLOWDOWN,True,1.2705041636670094,0.7158774793615637,0.005,64,0.0,0.0,,,,,0.0,0.0,0.0,,
test,5003,0.25,B1_IsolationForest,SLOWDOWN,True,1.2705041636670094,0.7158774793615637,0.01,64,0.0,0.0,,,,,0.0,0.0,0.0,,
test,5003,0.25,B1_IsolationForest,SLOWDOWN,True,1.2705041636670094,0.7158774793615637,0.02,64,0.015625,1.0,0.0,0.0,19.0,,0.0,0.0,0.0,43625.13262537271,
test,5003,0.25,B1_IsolationForest,SLOWDOWN,True,1.2705041636670094,0.7158774793615637,0.05,64,0.015625,1.0,0.0,0.0,19.0,,0.0,0.0,0.0078125,43625.13262537271,
test,5003,0.25,B1_IsolationForest,SLOWDOWN,True,1.2705041636670094,0.7158774793615637,0.1,64,0.015625,1.0,0.0,0.0,19.0,,0.0,0.0,0.03125,43625.13262537271,
test,5004,1.0,RippleTwin,QUALITY_DRIFT,False,6.659029720362757,42.5638498837417,0.005,58,0.0,0.0,,,,,0.0,0.0,0.0,,
test,5004,1.0,RippleTwin,QUALITY_DRIFT,False,6.659029720362757,42.5638498837417,0.01,58,0.0,0.0,,,,,0.0,0.0,0.0,,
test,5004,1.0,RippleTwin,QUALITY_DRIFT,False,6.659029720362757,42.5638498837417,0.02,58,0.0,0.0,,,,,0.0,0.0,0.014705882352941176,,
test,5004,1.0,RippleTwin,QUALITY_DRIFT,False,6.659029720362757,42.5638498837417,0.05,58,0.06896551724137931,1.0,0.0,0.0,15.0,,0.0,0.0,0.022058823529411766,27119.025671592542,
test,5004,1.0,RippleTwin,QUALITY_DRIFT,False,6.659029720362757,42.5638498837417,0.1,58,0.10344827586206896,1.0,0.0,0.0,15.0,,0.0,0.0,0.07352941176470588,26518.101314425337,
test,5004,1.0,B2_observed_only_twin,QUALITY_DRIFT,False,6.659029720362757,42.5638498837417,0.005,58,0.0,0.0,,,,,0.0,0.0,0.0,,
test,5004,1.0,B2_observed_only_twin,QUALITY_DRIFT,False,6.659029720362757,42.5638498837417,0.01,58,0.0,0.0,,,,,0.0,0.0,0.0,,
test,5004,1.0,B2_observed_only_twin,QUALITY_DRIFT,False,6.659029720362757,42.5638498837417,0.02,58,0.0,0.0,,,,,0.0,0.0,0.014705882352941176,,
test,5004,1.0,B2_observed_only_twin,QUALITY_DRIFT,False,6.659029720362757,42.5638498837417,0.05,58,0.06896551724137931,1.0,0.0,0.0,15.0,,0.0,0.0,0.022058823529411766,27119.025671592542,
test,5004,1.0,B2_observed_only_twin,QUALITY_DRIFT,False,6.659029720362757,42.5638498837417,0.1,58,0.10344827586206896,1.0,0.0,0.0,15.0,,0.0,0.0,0.07352941176470588,26518.101314425337,
test,5004,1.0,B0_SPC_observed,QUALITY_DRIFT,False,6.659029720362757,5.124273832797681,0.005,58,0.0,0.0,,,,,0.0,0.0,0.007352941176470588,,
test,5004,1.0,B0_SPC_observed,QUALITY_DRIFT,False,6.659029720362757,5.124273832797681,0.01,58,0.0,0.0,,,,,0.0,0.0,0.007352941176470588,,
test,5004,1.0,B0_SPC_observed,QUALITY_DRIFT,False,6.659029720362757,5.124273832797681,0.02,58,0.0,0.0,,,,,0.0,0.0,0.007352941176470588,,
test,5004,1.0,B0_SPC_observed,QUALITY_DRIFT,False,6.659029720362757,5.124273832797681,0.05,58,0.017241379310344827,1.0,0.0,1.0,1.0,,0.0,1.0,0.051470588235294115,37321.25040057385,
test,5004,1.0,B0_SPC_observed,QUALITY_DRIFT,False,6.659029720362757,5.124273832797681,0.1,58,0.06896551724137931,1.0,0.0,0.5,8.0,,0.0,0.0,0.058823529411764705,27119.025671592542,
test,5004,1.0,B1_IsolationForest,QUALITY_DRIFT,False,6.659029720362757,0.7784702529546166,0.005,58,0.0,0.0,,,,,0.0,0.0,0.0,,
test,5004,1.0,B1_IsolationForest,QUALITY_DRIFT,False,6.659029720362757,0.7784702529546166,0.01,58,0.0,0.0,,,,,0.0,0.0,0.0,,
test,5004,1.0,B1_IsolationForest,QUALITY_DRIFT,False,6.659029720362757,0.7784702529546166,0.02,58,0.0,0.0,,,,,0.0,0.0,0.0,,
test,5004,1.0,B1_IsolationForest,QUALITY_DRIFT,False,6.659029720362757,0.7784702529546166,0.05,58,0.0,0.0,,,,,0.0,0.0,0.0,,
test,5004,1.0,B1_IsolationForest,QUALITY_DRIFT,False,6.659029720362757,0.7784702529546166,0.1,58,0.0,0.0,,,,,0.0,0.0,0.04411764705882353,,
test,5004,0.75,RippleTwin,QUALITY_DRIFT,True,6.659029720362757,31.30364205825687,0.005,58,0.0,0.0,,,,,0.0,0.0,0.0,,
test,5004,0.75,RippleTwin,QUALITY_DRIFT,True,6.659029720362757,31.30364205825687,0.01,58,0.0,0.0,,,,,0.0,0.0,0.0,,
test,5004,0.75,RippleTwin,QUALITY_DRIFT,True,6.659029720362757,31.30364205825687,0.02,58,0.05172413793103448,1.0,0.0,0.0,15.0,,0.0,0.0,0.007352941176470588,27119.025671592542,
test,5004,0.75,RippleTwin,QUALITY_DRIFT,True,6.659029720362757,31.30364205825687,0.05,58,0.08620689655172414,1.0,0.0,0.0,15.0,,0.0,0.0,0.029411764705882353,27119.025671592542,
test,5004,0.75,RippleTwin,QUALITY_DRIFT,True,6.659029720362757,31.30364205825687,0.1,58,0.13793103448275862,1.0,0.0,0.0,15.0,,0.0,0.0,0.08088235294117647,26220.00748812311,
test,5004,0.75,B2_observed_only_twin,QUALITY_DRIFT,True,6.659029720362757,31.30364205825687,0.005,58,0.0,0.0,,,,,0.0,0.0,0.0,,
test,5004,0.75,B2_observed_only_twin,QUALITY_DRIFT,True,6.659029720362757,31.30364205825687,0.01,58,0.0,0.0,,,,,0.0,0.0,0.0,,
test,5004,0.75,B2_observed_only_twin,QUALITY_DRIFT,True,6.659029720362757,31.30364205825687,0.02,58,0.05172413793103448,1.0,0.0,0.0,15.0,,0.0,0.0,0.007352941176470588,27119.025671592542,
test,5004,0.75,B2_observed_only_twin,QUALITY_DRIFT,True,6.659029720362757,31.30364205825687,0.05,58,0.08620689655172414,1.0,0.0,0.0,15.0,,0.0,0.0,0.051470588235294115,26810.918815297402,
test,5004,0.75,B2_observed_only_twin,QUALITY_DRIFT,True,6.659029720362757,31.30364205825687,0.1,58,0.1724137931034483,1.0,0.0,0.0,14.5,,0.0,0.0,0.10294117647058823,26220.00748812311,
test,5004,0.75,B0_SPC_observed,QUALITY_DRIFT,True,6.659029720362757,5.061702559429017,0.005,58,0.0,0.0,,,,,0.0,0.0,0.007352941176470588,,
test,5004,0.75,B0_SPC_observed,QUALITY_DRIFT,True,6.659029720362757,5.061702559429017,0.01,58,0.0,0.0,,,,,0.0,0.0,0.007352941176470588,,
test,5004,0.75,B0_SPC_observed,QUALITY_DRIFT,True,6.659029720362757,5.061702559429017,0.02,58,0.0,0.0,,,,,0.0,0.0,0.014705882352941176,,
test,5004,0.75,B0_SPC_observed,QUALITY_DRIFT,True,6.659029720362757,5.061702559429017,0.05,58,0.017241379310344827,1.0,0.0,1.0,1.0,,0.0,1.0,0.051470588235294115,37321.25040057385,
test,5004,0.75,B0_SPC_observed,QUALITY_DRIFT,True,6.659029720362757,5.061702559429017,0.1,58,0.06896551724137931,1.0,0.0,0.5,8.0,,0.0,0.0,0.058823529411764705,27119.025671592542,
test,5004,0.75,B1_IsolationForest,QUALITY_DRIFT,True,6.659029720362757,0.7423023198141773,0.005,58,0.0,0.0,,,,,0.0,0.0,0.0,,
test,5004,0.75,B1_IsolationForest,QUALITY_DRIFT,True,6.659029720362757,0.7423023198141773,0.01,58,0.0,0.0,,,,,0.0,0.0,0.0,,
test,5004,0.75,B1_IsolationForest,QUALITY_DRIFT,True,6.659029720362757,0.7423023198141773,0.02,58,0.0,0.0,,,,,0.0,0.0,0.014705882352941176,,
test,5004,0.75,B1_IsolationForest,QUALITY_DRIFT,True,6.659029720362757,0.7423023198141773,0.05,58,0.0,0.0,,,,,0.0,0.0,0.04411764705882353,,
test,5004,0.75,B1_IsolationForest,QUALITY_DRIFT,True,6.659029720362757,0.7423023198141773,0.1,58,0.034482758620689655,1.0,0.0,0.0,15.5,,0.0,0.0,0.10294117647058823,27119.025671592542,
test,5004,0.5,RippleTwin,QUALITY_DRIFT,True,6.659029720362757,39.99294167411538,0.005,58,0.0,0.0,,,,,0.0,0.0,0.0,,
test,5004,0.5,RippleTwin,QUALITY_DRIFT,True,6.659029720362757,39.99294167411538,0.01,58,0.0,0.0,,,,,0.0,0.0,0.0,,
test,5004,0.5,RippleTwin,QUALITY_DRIFT,True,6.659029720362757,39.99294167411538,0.02,58,0.0,0.0,,,,,0.0,0.0,0.007352941176470588,,
test,5004,0.5,RippleTwin,QUALITY_DRIFT,True,6.659029720362757,39.99294167411538,0.05,58,0.05172413793103448,1.0,0.0,0.0,15.0,,0.0,0.0,0.03676470588235294,27119.025671592542,
test,5004,0.5,RippleTwin,QUALITY_DRIFT,True,6.659029720362757,39.99294167411538,0.1,58,0.08620689655172414,1.0,0.0,0.0,15.0,,0.0,0.0,0.11029411764705882,27119.025671592542,
test,5004,0.5,B2_observed_only_twin,QUALITY_DRIFT,True,6.659029720362757,39.987745614480566,0.005,58,0.0,0.0,,,,,0.0,0.0,0.0,,
test,5004,0.5,B2_observed_only_twin,QUALITY_DRIFT,True,6.659029720362757,39.987745614480566,0.01,58,0.0,0.0,,,,,0.0,0.0,0.0,,
test,5004,0.5,B2_observed_only_twin,QUALITY_DRIFT,True,6.659029720362757,39.987745614480566,0.02,58,0.0,0.0,,,,,0.0,0.0,0.007352941176470588,,
test,5004,0.5,B2_observed_only_twin,QUALITY_DRIFT,True,6.659029720362757,39.987745614480566,0.05,58,0.06896551724137931,1.0,0.0,0.0,15.0,,0.0,0.0,0.03676470588235294,27119.025671592542,
test,5004,0.5,B2_observed_only_twin,QUALITY_DRIFT,True,6.659029720362757,39.987745614480566,0.1,58,0.08620689655172414,1.0,0.0,0.0,15.0,,0.0,0.0,0.11764705882352941,26810.918815297402,
test,5004,0.5,B0_SPC_observed,QUALITY_DRIFT,True,6.659029720362757,5.012127239822025,0.005,58,0.0,0.0,,,,,0.0,0.0,0.007352941176470588,,
test,5004,0.5,B0_SPC_observed,QUALITY_DRIFT,True,6.659029720362757,5.012127239822025,0.01,58,0.0,0.0,,,,,0.0,0.0,0.007352941176470588,,
test,5004,0.5,B0_SPC_observed,QUALITY_DRIFT,True,6.659029720362757,5.012127239822025,0.02,58,0.0,0.0,,,,,0.0,0.0,0.014705882352941176,,
test,5004,0.5,B0_SPC_observed,QUALITY_DRIFT,True,6.659029720362757,5.012127239822025,0.05,58,0.0,0.0,,,,,0.0,0.0,0.058823529411764705,,
test,5004,0.5,B0_SPC_observed,QUALITY_DRIFT,True,6.659029720362757,5.012127239822025,0.1,58,0.05172413793103448,1.0,0.0,0.0,15.0,,0.0,0.0,0.08088235294117647,27119.025671592542,
test,5004,0.5,B1_IsolationForest,QUALITY_DRIFT,True,6.659029720362757,0.7423023198141773,0.005,58,0.0,0.0,,,,,0.0,0.0,0.0,,
test,5004,0.5,B1_IsolationForest,QUALITY_DRIFT,True,6.659029720362757,0.7423023198141773,0.01,58,0.0,0.0,,,,,0.0,0.0,0.0,,
test,5004,0.5,B1_IsolationForest,QUALITY_DRIFT,True,6.659029720362757,0.7423023198141773,0.02,58,0.0,0.0,,,,,0.0,0.0,0.014705882352941176,,
test,5004,0.5,B1_IsolationForest,QUALITY_DRIFT,True,6.659029720362757,0.7423023198141773,0.05,58,0.0,0.0,,,,,0.0,0.0,0.08088235294117647,,
test,5004,0.5,B1_IsolationForest,QUALITY_DRIFT,True,6.659029720362757,0.7423023198141773,0.1,58,0.034482758620689655,1.0,0.0,0.0,15.5,,0.0,0.0,0.11029411764705882,25912.335358172008,
test,5004,0.25,RippleTwin,QUALITY_DRIFT,True,6.659029720362757,23.87887940963418,0.005,58,0.0,0.0,,,,,0.0,0.0,0.0,,
test,5004,0.25,RippleTwin,QUALITY_DRIFT,True,6.659029720362757,23.87887940963418,0.01,58,0.0,0.0,,,,,0.0,0.0,0.0,,
test,5004,0.25,RippleTwin,QUALITY_DRIFT,True,6.659029720362757,23.87887940963418,0.02,58,0.05172413793103448,1.0,0.0,0.0,16.0,,0.0,0.0,0.029411764705882353,27422.424737028752,
test,5004,0.25,RippleTwin,QUALITY_DRIFT,True,6.659029720362757,23.87887940963418,0.05,58,0.05172413793103448,1.0,0.0,0.0,16.0,,0.0,0.0,0.10294117647058823,26810.918815297402,
test,5004,0.25,RippleTwin,QUALITY_DRIFT,True,6.659029720362757,23.87887940963418,0.1,58,0.06896551724137931,1.0,0.0,0.0,16.0,,0.0,0.0,0.22058823529411764,25326.47512131579,
test,5004,0.25,B2_observed_only_twin,QUALITY_DRIFT,True,6.659029720362757,23.87066583332845,0.005,58,0.0,0.0,,,,,0.0,0.0,0.0,,
test,5004,0.25,B2_observed_only_twin,QUALITY_DRIFT,True,6.659029720362757,23.87066583332845,0.01,58,0.0,0.0,,,,,0.0,0.0,0.0,,
test,5004,0.25,B2_observed_only_twin,QUALITY_DRIFT,True,6.659029720362757,23.87066583332845,0.02,58,0.06896551724137931,1.0,0.0,0.0,17.0,,0.0,0.0,0.03676470588235294,27119.025671592542,
test,5004,0.25,B2_observed_only_twin,QUALITY_DRIFT,True,6.659029720362757,23.87066583332845,0.05,58,0.08620689655172414,1.0,0.0,0.0,17.0,,0.0,0.0,0.09558823529411764,26810.918815297402,
test,5004,0.25,B2_observed_only_twin,QUALITY_DRIFT,True,6.659029720362757,23.87066583332845,0.1,58,0.13793103448275862,1.0,0.0,0.0,17.0,,0.0,0.0,0.22058823529411764,25326.47512131579,
test,5004,0.25,B0_SPC_observed,QUALITY_DRIFT,True,6.659029720362757,4.674774997918179,0.005,58,0.0,0.0,,,,,0.0,0.0,0.007352941176470588,,
test,5004,0.25,B0_SPC_observed,QUALITY_DRIFT,True,6.659029720362757,4.674774997918179,0.01,58,0.0,0.0,,,,,0.0,0.0,0.014705882352941176,,
test,5004,0.25,B0_SPC_observed,QUALITY_DRIFT,True,6.659029720362757,4.674774997918179,0.02,58,0.0,0.0,,,,,0.0,0.0,0.051470588235294115,,
test,5004,0.25,B0_SPC_observed,QUALITY_DRIFT,True,6.659029720362757,4.674774997918179,0.05,58,0.0,0.0,,,,,0.0,0.0,0.08088235294117647,,
test,5004,0.25,B0_SPC_observed,QUALITY_DRIFT,True,6.659029720362757,4.674774997918179,0.1,58,0.034482758620689655,1.0,0.0,0.0,14.0,,0.0,0.0,0.16176470588235295,31920.226031940627,
test,5004,0.25,B1_IsolationForest,QUALITY_DRIFT,True,6.659029720362757,0.7158774793615637,0.005,58,0.0,0.0,,,,,0.0,0.0,0.0,,
test,5004,0.25,B1_IsolationForest,QUALITY_DRIFT,True,6.659029720362757,0.7158774793615637,0.01,58,0.0,0.0,,,,,0.0,0.0,0.007352941176470588,,
test,5004,0.25,B1_IsolationForest,QUALITY_DRIFT,True,6.659029720362757,0.7158774793615637,0.02,58,0.017241379310344827,1.0,0.0,0.0,17.0,,0.0,0.0,0.007352941176470588,39424.5447984182,
test,5004,0.25,B1_IsolationForest,QUALITY_DRIFT,True,6.659029720362757,0.7158774793615637,0.05,58,0.034482758620689655,1.0,0.0,0.0,12.0,,0.0,0.0,0.03676470588235294,27422.424737028752,
test,5004,0.25,B1_IsolationForest,QUALITY_DRIFT,True,6.659029720362757,0.7158774793615637,0.1,58,0.05172413793103448,1.0,0.0,0.0,17.0,,0.0,0.0,0.04411764705882353,27422.424737028752,
test,5005,1.0,RippleTwin,QUALITY_DRIFT,False,15.08737093854699,42.5638498837417,0.005,66,0.015151515151515152,1.0,0.0,0.0,16.0,,0.0,0.0,0.0,40914.32290676851,
test,5005,1.0,RippleTwin,QUALITY_DRIFT,False,15.08737093854699,42.5638498837417,0.01,66,0.045454545454545456,1.0,0.0,0.0,16.0,,0.0,0.0,0.015384615384615385,34026.73287837022,
test,5005,1.0,RippleTwin,QUALITY_DRIFT,False,15.08737093854699,42.5638498837417,0.02,66,0.10606060606060606,1.0,0.0,0.0,16.0,,0.0,0.0,0.046153846153846156,33422.31881306572,
test,5005,1.0,RippleTwin,QUALITY_DRIFT,False,15.08737093854699,42.5638498837417,0.05,66,0.12121212121212122,1.0,0.0,0.0,16.0,,0.0,0.0,0.08461538461538462,33422.31881306572,
test,5005,1.0,RippleTwin,QUALITY_DRIFT,False,15.08737093854699,42.5638498837417,0.1,66,0.3333333333333333,1.0,0.0,0.0,16.0,,0.0,0.0,0.2076923076923077,29527.15824398012,
test,5005,1.0,B2_observed_only_twin,QUALITY_DRIFT,False,15.08737093854699,42.5638498837417,0.005,66,0.015151515151515152,1.0,0.0,0.0,16.0,,0.0,0.0,0.0,40914.32290676851,
test,5005,1.0,B2_observed_only_twin,QUALITY_DRIFT,False,15.08737093854699,42.5638498837417,0.01,66,0.045454545454545456,1.0,0.0,0.0,16.0,,0.0,0.0,0.015384615384615385,34026.73287837022,
test,5005,1.0,B2_observed_only_twin,QUALITY_DRIFT,False,15.08737093854699,42.5638498837417,0.02,66,0.10606060606060606,1.0,0.0,0.0,16.0,,0.0,0.0,0.046153846153846156,33422.31881306572,
test,5005,1.0,B2_observed_only_twin,QUALITY_DRIFT,False,15.08737093854699,42.5638498837417,0.05,66,0.12121212121212122,1.0,0.0,0.0,16.0,,0.0,0.0,0.08461538461538462,33422.31881306572,
test,5005,1.0,B2_observed_only_twin,QUALITY_DRIFT,False,15.08737093854699,42.5638498837417,0.1,66,0.3333333333333333,1.0,0.0,0.0,16.0,,0.0,0.0,0.2076923076923077,29527.15824398012,
test,5005,1.0,B0_SPC_observed,QUALITY_DRIFT,False,15.08737093854699,5.124273832797681,0.005,66,0.0,0.0,,,,,0.0,0.0,0.0,,
test,5005,1.0,B0_SPC_observed,QUALITY_DRIFT,False,15.08737093854699,5.124273832797681,0.01,66,0.045454545454545456,1.0,0.0,0.0,15.0,,0.0,0.0,0.007692307692307693,46042.68205441185,
test,5005,1.0,B0_SPC_observed,QUALITY_DRIFT,False,15.08737093854699,5.124273832797681,0.02,66,0.045454545454545456,1.0,0.0,0.0,15.0,,0.0,0.0,0.007692307692307693,46042.68205441185,
test,5005,1.0,B0_SPC_observed,QUALITY_DRIFT,False,15.08737093854699,5.124273832797681,0.05,66,0.045454545454545456,1.0,0.0,0.0,15.0,,0.0,0.0,0.046153846153846156,46042.68205441185,
test,5005,1.0,B0_SPC_observed,QUALITY_DRIFT,False,15.08737093854699,5.124273832797681,0.1,66,0.045454545454545456,1.0,0.0,0.0,15.0,,0.0,0.0,0.09230769230769231,46042.68205441185,
test,5005,1.0,B1_IsolationForest,QUALITY_DRIFT,False,15.08737093854699,0.7784702529546166,0.005,66,0.0,0.0,,,,,0.0,0.0,0.0,,
test,5005,1.0,B1_IsolationForest,QUALITY_DRIFT,False,15.08737093854699,0.7784702529546166,0.01,66,0.0,0.0,,,,,0.0,0.0,0.0,,
test,5005,1.0,B1_IsolationForest,QUALITY_DRIFT,False,15.08737093854699,0.7784702529546166,0.02,66,0.0,0.0,,,,,0.0,0.0,0.0,,
test,5005,1.0,B1_IsolationForest,QUALITY_DRIFT,False,15.08737093854699,0.7784702529546166,0.05,66,0.0,0.0,,,,,0.0,0.0,0.015384615384615385,,
test,5005,1.0,B1_IsolationForest,QUALITY_DRIFT,False,15.08737093854699,0.7784702529546166,0.1,66,0.015151515151515152,1.0,0.0,0.0,7.0,,0.0,0.0,0.05384615384615385,43013.349964124674,
test,5005,0.75,RippleTwin,QUALITY_DRIFT,True,15.08737093854699,31.30364205825687,0.005,66,0.015151515151515152,1.0,0.0,0.0,17.0,,0.0,0.0,0.0,40914.32290676851,
test,5005,0.75,RippleTwin,QUALITY_DRIFT,True,15.08737093854699,31.30364205825687,0.01,66,0.015151515151515152,1.0,0.0,0.0,17.0,,0.0,0.0,0.007692307692307693,40914.32290676851,
test,5005,0.75,RippleTwin,QUALITY_DRIFT,True,15.08737093854699,31.30364205825687,0.02,66,0.10606060606060606,1.0,0.0,0.0,17.0,,0.0,0.0,0.03076923076923077,33422.31881306572,
test,5005,0.75,RippleTwin,QUALITY_DRIFT,True,15.08737093854699,31.30364205825687,0.05,66,0.16666666666666666,1.0,0.0,0.0,17.0,,0.0,0.0,0.06153846153846154,29527.15824398012,
test,5005,0.75,RippleTwin,QUALITY_DRIFT,True,15.08737093854699,31.30364205825687,0.1,66,0.2727272727272727,1.0,0.0,0.0,16.0,,0.0,0.0,0.23076923076923078,29210.088444983652,
test,5005,0.75,B2_observed_only_twin,QUALITY_DRIFT,True,15.08737093854699,31.30364205825687,0.005,66,0.015151515151515152,1.0,0.0,0.0,16.0,,0.0,0.0,0.0,40914.32290676851,
test,5005,0.75,B2_observed_only_twin,QUALITY_DRIFT,True,15.08737093854699,31.30364205825687,0.01,66,0.015151515151515152,1.0,0.0,0.0,16.0,,0.0,0.0,0.0,40914.32290676851,
test,5005,0.75,B2_observed_only_twin,QUALITY_DRIFT,True,15.08737093854699,31.30364205825687,0.02,66,0.10606060606060606,1.0,0.0,0.0,16.0,,0.0,0.0,0.03076923076923077,33422.31881306572,
test,5005,0.75,B2_observed_only_twin,QUALITY_DRIFT,True,15.08737093854699,31.30364205825687,0.05,66,0.18181818181818182,1.0,0.0,0.0,16.0,,0.0,0.0,0.1076923076923077,29527.15824398012,
test,5005,0.75,B2_observed_only_twin,QUALITY_DRIFT,True,15.08737093854699,31.30364205825687,0.1,66,0.30303030303030304,1.0,0.0,0.0,16.0,,0.0,0.0,0.23846153846153847,29210.088444983652,
test,5005,0.75,B0_SPC_observed,QUALITY_DRIFT,True,15.08737093854699,5.061702559429017,0.005,66,0.045454545454545456,1.0,0.0,0.0,15.0,,0.0,0.0,0.007692307692307693,46042.68205441185,
test,5005,0.75,B0_SPC_observed,QUALITY_DRIFT,True,15.08737093854699,5.061702559429017,0.01,66,0.045454545454545456,1.0,0.0,0.0,15.0,,0.0,0.0,0.007692307692307693,46042.68205441185,
test,5005,0.75,B0_SPC_observed,QUALITY_DRIFT,True,15.08737093854699,5.061702559429017,0.02,66,0.045454545454545456,1.0,0.0,0.0,15.0,,0.0,0.0,0.007692307692307693,46042.68205441185,
test,5005,0.75,B0_SPC_observed,QUALITY_DRIFT,True,15.08737093854699,5.061702559429017,0.05,66,0.045454545454545456,1.0,0.0,0.0,15.0,,0.0,0.0,0.046153846153846156,46042.68205441185,
test,5005,0.75,B0_SPC_observed,QUALITY_DRIFT,True,15.08737093854699,5.061702559429017,0.1,66,0.045454545454545456,1.0,0.0,0.0,15.0,,0.0,0.0,0.09230769230769231,46042.68205441185,
test,5005,0.75,B1_IsolationForest,QUALITY_DRIFT,True,15.08737093854699,0.7423023198141773,0.005,66,0.0,0.0,,,,,0.0,0.0,0.007692307692307693,,
test,5005,0.75,B1_IsolationForest,QUALITY_DRIFT,True,15.08737093854699,0.7423023198141773,0.01,66,0.0,0.0,,,,,0.0,0.0,0.007692307692307693,,
test,5005,0.75,B1_IsolationForest,QUALITY_DRIFT,True,15.08737093854699,0.7423023198141773,0.02,66,0.0,0.0,,,,,0.0,0.0,0.007692307692307693,,
test,5005,0.75,B1_IsolationForest,QUALITY_DRIFT,True,15.08737093854699,0.7423023198141773,0.05,66,0.015151515151515152,1.0,0.0,0.0,7.0,,0.0,0.0,0.03076923076923077,43013.349964124674,
test,5005,0.75,B1_IsolationForest,QUALITY_DRIFT,True,15.08737093854699,0.7423023198141773,0.1,66,0.030303030303030304,1.0,0.0,0.0,7.0,,0.0,0.0,0.1076923076923077,36114.12074140585,
test,5005,0.5,RippleTwin,QUALITY_DRIFT,True,15.08737093854699,39.99294167411538,0.005,66,0.0,0.0,,,,,0.0,0.0,0.0,,
test,5005,0.5,RippleTwin,QUALITY_DRIFT,True,15.08737093854699,39.99294167411538,0.01,66,0.015151515151515152,1.0,0.0,0.0,17.0,,0.0,0.0,0.007692307692307693,40914.32290676851,
test,5005,0.5,RippleTwin,QUALITY_DRIFT,True,15.08737093854699,39.99294167411538,0.02,66,0.09090909090909091,1.0,0.0,0.0,17.0,,0.0,0.0,0.038461538461538464,33422.31881306572,
test,5005,0.5,RippleTwin,QUALITY_DRIFT,True,15.08737093854699,39.99294167411538,0.05,66,0.12121212121212122,1.0,0.0,0.0,17.0,,0.0,0.0,0.09230769230769231,33422.31881306572,
test,5005,0.5,RippleTwin,QUALITY_DRIFT,True,15.08737093854699,39.99294167411538,0.1,66,0.22727272727272727,1.0,0.0,0.0,17.0,,0.0,0.0,0.16153846153846155,29816.005622986326,
test,5005,0.5,B2_observed_only_twin,QUALITY_DRIFT,True,15.08737093854699,39.987745614480566,0.005,66,0.0,0.0,,,,,0.0,0.0,0.0,,
test,5005,0.5,B2_observed_only_twin,QUALITY_DRIFT,True,15.08737093854699,39.987745614480566,0.01,66,0.0,0.0,,,,,0.0,0.0,0.007692307692307693,,
test,5005,0.5,B2_observed_only_twin,QUALITY_DRIFT,True,15.08737093854699,39.987745614480566,0.02,66,0.10606060606060606,1.0,0.0,0.0,16.0,,0.0,0.0,0.03076923076923077,33422.31881306572,
test,5005,0.5,B2_observed_only_twin,QUALITY_DRIFT,True,15.08737093854699,39.987745614480566,0.05,66,0.15151515151515152,1.0,0.0,0.0,16.0,,0.0,0.0,0.09230769230769231,33422.31881306572,
test,5005,0.5,B2_observed_only_twin,QUALITY_DRIFT,True,15.08737093854699,39.987745614480566,0.1,66,0.30303030303030304,1.0,0.0,0.0,16.0,,0.0,0.0,0.14615384615384616,29816.005622986326,
test,5005,0.5,B0_SPC_observed,QUALITY_DRIFT,True,15.08737093854699,5.012127239822025,0.005,66,0.045454545454545456,1.0,0.0,0.0,15.0,,0.0,0.0,0.007692307692307693,46042.68205441185,
test,5005,0.5,B0_SPC_observed,QUALITY_DRIFT,True,15.08737093854699,5.012127239822025,0.01,66,0.045454545454545456,1.0,0.0,0.0,15.0,,0.0,0.0,0.007692307692307693,46042.68205441185,
test,5005,0.5,B0_SPC_observed,QUALITY_DRIFT,True,15.08737093854699,5.012127239822025,0.02,66,0.045454545454545456,1.0,0.0,0.0,15.0,,0.0,0.0,0.007692307692307693,46042.68205441185,
test,5005,0.5,B0_SPC_observed,QUALITY_DRIFT,True,15.08737093854699,5.012127239822025,0.05,66,0.045454545454545456,1.0,0.0,0.0,15.0,,0.0,0.0,0.05384615384615385,46042.68205441185,
test,5005,0.5,B0_SPC_observed,QUALITY_DRIFT,True,15.08737093854699,5.012127239822025,0.1,66,0.045454545454545456,1.0,0.0,0.0,15.0,,0.0,0.0,0.09230769230769231,46042.68205441185,
test,5005,0.5,B1_IsolationForest,QUALITY_DRIFT,True,15.08737093854699,0.7423023198141773,0.005,66,0.0,0.0,,,,,0.0,0.0,0.007692307692307693,,
test,5005,0.5,B1_IsolationForest,QUALITY_DRIFT,True,15.08737093854699,0.7423023198141773,0.01,66,0.0,0.0,,,,,0.0,0.0,0.007692307692307693,,
test,5005,0.5,B1_IsolationForest,QUALITY_DRIFT,True,15.08737093854699,0.7423023198141773,0.02,66,0.0,0.0,,,,,0.0,0.0,0.007692307692307693,,
test,5005,0.5,B1_IsolationForest,QUALITY_DRIFT,True,15.08737093854699,0.7423023198141773,0.05,66,0.0,0.0,,,,,0.0,0.0,0.046153846153846156,,
test,5005,0.5,B1_IsolationForest,QUALITY_DRIFT,True,15.08737093854699,0.7423023198141773,0.1,66,0.015151515151515152,1.0,0.0,0.0,4.0,,0.0,0.0,0.13076923076923078,36114.12074140585,
test,5005,0.25,RippleTwin,QUALITY_DRIFT,True,15.08737093854699,23.87887940963418,0.005,66,0.0,0.0,,,,,0.0,0.0,0.0,,
test,5005,0.25,RippleTwin,QUALITY_DRIFT,True,15.08737093854699,23.87887940963418,0.01,66,0.0,0.0,,,,,0.0,0.0,0.0,,
test,5005,0.25,RippleTwin,QUALITY_DRIFT,True,15.08737093854699,23.87887940963418,0.02,66,0.030303030303030304,1.0,0.0,0.0,16.0,,0.0,0.0,0.11538461538461539,29527.15824398012,
test,5005,0.25,RippleTwin,QUALITY_DRIFT,True,15.08737093854699,23.87887940963418,0.05,66,0.10606060606060606,1.0,0.0,0.0,16.0,,0.0,0.0,0.19230769230769232,29527.15824398012,
test,5005,0.25,RippleTwin,QUALITY_DRIFT,True,15.08737093854699,23.87887940963418,0.1,66,0.13636363636363635,1.0,0.0,0.0,16.0,,0.0,0.0,0.2923076923076923,28615.599816398986,
test,5005,0.25,B2_observed_only_twin,QUALITY_DRIFT,True,15.08737093854699,23.87066583332845,0.005,66,0.0,0.0,,,,,0.0,0.0,0.0,,
test,5005,0.25,B2_observed_only_twin,QUALITY_DRIFT,True,15.08737093854699,23.87066583332845,0.01,66,0.0,0.0,,,,,0.0,0.0,0.0,,
test,5005,0.25,B2_observed_only_twin,QUALITY_DRIFT,True,15.08737093854699,23.87066583332845,0.02,66,0.015151515151515152,1.0,0.0,0.0,17.0,,0.0,0.0,0.09230769230769231,29527.15824398012,
test,5005,0.25,B2_observed_only_twin,QUALITY_DRIFT,True,15.08737093854699,23.87066583332845,0.05,66,0.12121212121212122,1.0,0.0,0.0,13.5,,0.0,0.0,0.19230769230769232,29527.15824398012,
test,5005,0.25,B2_observed_only_twin,QUALITY_DRIFT,True,15.08737093854699,23.87066583332845,0.1,66,0.13636363636363635,1.0,0.0,0.0,16.0,,0.0,0.0,0.3076923076923077,29210.088444983652,
test,5005,0.25,B0_SPC_observed,QUALITY_DRIFT,True,15.08737093854699,4.674774997918179,0.005,66,0.0,0.0,,,,,0.0,0.0,0.0,,
test,5005,0.25,B0_SPC_observed,QUALITY_DRIFT,True,15.08737093854699,4.674774997918179,0.01,66,0.0,0.0,,,,,0.0,0.0,0.0,,
test,5005,0.25,B0_SPC_observed,QUALITY_DRIFT,True,15.08737093854699,4.674774997918179,0.02,66,0.015151515151515152,1.0,0.0,0.0,10.0,,0.0,0.0,0.0,46042.68205441185,
test,5005,0.25,B0_SPC_observed,QUALITY_DRIFT,True,15.08737093854699,4.674774997918179,0.05,66,0.030303030303030304,1.0,0.0,0.0,10.0,,0.0,0.0,0.015384615384615385,46042.68205441185,
test,5005,0.25,B0_SPC_observed,QUALITY_DRIFT,True,15.08737093854699,4.674774997918179,0.1,66,0.07575757575757576,1.0,0.0,0.0,6.0,,0.0,0.0,0.023076923076923078,40321.798040929105,
test,5005,0.25,B1_IsolationForest,QUALITY_DRIFT,True,15.08737093854699,0.7158774793615637,0.005,66,0.0,0.0,,,,,0.0,0.0,0.0,,
test,5005,0.25,B1_IsolationForest,QUALITY_DRIFT,True,15.08737093854699,0.7158774793615637,0.01,66,0.0,0.0,,,,,0.0,0.0,0.0,,
test,5005,0.25,B1_IsolationForest,QUALITY_DRIFT,True,15.08737093854699,0.7158774793615637,0.02,66,0.0,0.0,,,,,0.0,0.0,0.015384615384615385,,
test,5005,0.25,B1_IsolationForest,QUALITY_DRIFT,True,15.08737093854699,0.7158774793615637,0.05,66,0.045454545454545456,1.0,0.0,0.0,6.0,,0.0,0.0,0.05384615384615385,36114.12074140585,
test,5005,0.25,B1_IsolationForest,QUALITY_DRIFT,True,15.08737093854699,0.7158774793615637,0.1,66,0.12121212121212122,1.0,0.0,0.0,5.0,,0.0,0.0,0.07692307692307693,29816.005622986326,
test,5008,1.0,RippleTwin,COMBINED,False,1.14039917558224,42.5638498837417,0.005,78,0.0,0.0,,,,,0.0,0.0,0.0,,
test,5008,1.0,RippleTwin,COMBINED,False,1.14039917558224,42.5638498837417,0.01,78,0.0,0.0,,,,,0.0,0.0,0.008620689655172414,,
test,5008,1.0,RippleTwin,COMBINED,False,1.14039917558224,42.5638498837417,0.02,78,0.1282051282051282,1.0,1.0,1.0,0.0,,1.0,1.0,0.02586206896551724,27118.37471181523,
test,5008,1.0,RippleTwin,COMBINED,False,1.14039917558224,42.5638498837417,0.05,78,0.48717948717948717,1.0,1.0,1.0,0.0,,1.0,1.0,0.06896551724137931,26819.548364642156,
test,5008,1.0,RippleTwin,COMBINED,False,1.14039917558224,42.5638498837417,0.1,78,0.7564102564102564,1.0,1.0,1.0,0.0,,1.0,1.0,0.15517241379310345,25006.90538260339,
test,5008,1.0,B2_observed_only_twin,COMBINED,False,1.14039917558224,42.5638498837417,0.005,78,0.0,0.0,,,,,0.0,0.0,0.0,,
test,5008,1.0,B2_observed_only_twin,COMBINED,False,1.14039917558224,42.5638498837417,0.01,78,0.0,0.0,,,,,0.0,0.0,0.008620689655172414,,
test,5008,1.0,B2_observed_only_twin,COMBINED,False,1.14039917558224,42.5638498837417,0.02,78,0.1282051282051282,1.0,1.0,1.0,0.0,,1.0,1.0,0.02586206896551724,27118.37471181523,
test,5008,1.0,B2_observed_only_twin,COMBINED,False,1.14039917558224,42.5638498837417,0.05,78,0.48717948717948717,1.0,1.0,1.0,0.0,,1.0,1.0,0.06896551724137931,26819.548364642156,
test,5008,1.0,B2_observed_only_twin,COMBINED,False,1.14039917558224,42.5638498837417,0.1,78,0.7564102564102564,1.0,1.0,1.0,0.0,,1.0,1.0,0.15517241379310345,25006.90538260339,
test,5008,1.0,B0_SPC_observed,COMBINED,False,1.14039917558224,5.124273832797681,0.005,78,0.21794871794871795,1.0,1.0,1.0,0.0,,1.0,1.0,0.0,26819.548364642156,
test,5008,1.0,B0_SPC_observed,COMBINED,False,1.14039917558224,5.124273832797681,0.01,78,0.32051282051282054,1.0,0.96,0.96,0.0,,1.0,1.0,0.0,26819.548364642156,
test,5008,1.0,B0_SPC_observed,COMBINED,False,1.14039917558224,5.124273832797681,0.02,78,0.358974358974359,1.0,0.9642857142857143,0.9642857142857143,0.0,,1.0,1.0,0.0,26819.548364642156,
test,5008,1.0,B0_SPC_observed,COMBINED,False,1.14039917558224,5.124273832797681,0.05,78,0.717948717948718,1.0,0.9821428571428571,0.9821428571428571,0.0,,1.0,1.0,0.0,26819.548364642156,
test,5008,1.0,B0_SPC_observed,COMBINED,False,1.14039917558224,5.124273832797681,0.1,78,0.8205128205128205,1.0,0.984375,0.984375,0.0,,1.0,1.0,0.034482758620689655,24715.689423165324,
test,5008,1.0,B1_IsolationForest,COMBINED,False,1.14039917558224,0.7784702529546166,0.005,78,0.0,0.0,,,,,0.0,0.0,0.0,,
test,5008,1.0,B1_IsolationForest,COMBINED,False,1.14039917558224,0.7784702529546166,0.01,78,0.0,0.0,,,,,0.0,0.0,0.0,,
test,5008,1.0,B1_IsolationForest,COMBINED,False,1.14039917558224,0.7784702529546166,0.02,78,0.0,0.0,,,,,0.0,0.0,0.0,,
test,5008,1.0,B1_IsolationForest,COMBINED,False,1.14039917558224,0.7784702529546166,0.05,78,0.0,0.0,,,,,0.0,0.0,0.0,,
test,5008,1.0,B1_IsolationForest,COMBINED,False,1.14039917558224,0.7784702529546166,0.1,78,0.038461538461538464,1.0,0.0,0.0,6.0,,0.0,0.0,0.07758620689655173,28923.226060811434,
test,5008,0.75,RippleTwin,COMBINED,True,1.14039917558224,31.30364205825687,0.005,78,0.0,0.0,,,,,0.0,0.0,0.0,,
test,5008,0.75,RippleTwin,COMBINED,True,1.14039917558224,31.30364205825687,0.01,78,0.0,0.0,,,,,0.0,0.0,0.0,,
test,5008,0.75,RippleTwin,COMBINED,True,1.14039917558224,31.30364205825687,0.02,78,0.0,0.0,,,,,0.0,0.0,0.017241379310344827,,
test,5008,0.75,RippleTwin,COMBINED,True,1.14039917558224,31.30364205825687,0.05,78,0.11538461538461539,1.0,0.7777777777777778,0.7777777777777778,0.0,,1.0,1.0,0.0603448275862069,27118.37471181523,
test,5008,0.75,RippleTwin,COMBINED,True,1.14039917558224,31.30364205825687,0.1,78,0.34615384615384615,1.0,0.6666666666666666,0.6666666666666666,0.0,,1.0,1.0,0.12931034482758622,25322.26816464513,
test,5008,0.75,B2_observed_only_twin,COMBINED,True,1.14039917558224,31.30364205825687,0.005,78,0.0,0.0,,,,,0.0,0.0,0.0,,
test,5008,0.75,B2_observed_only_twin,COMBINED,True,1.14039917558224,31.30364205825687,0.01,78,0.0,0.0,,,,,0.0,0.0,0.0,,
test,5008,0.75,B2_observed_only_twin,COMBINED,True,1.14039917558224,31.30364205825687,0.02,78,0.0,0.0,,,,,0.0,0.0,0.034482758620689655,,
test,5008,0.75,B2_observed_only_twin,COMBINED,True,1.14039917558224,31.30364205825687,0.05,78,0.14102564102564102,1.0,0.0,0.6363636363636364,1.0,,0.0,1.0,0.10344827586206896,27118.37471181523,
test,5008,0.75,B2_observed_only_twin,COMBINED,True,1.14039917558224,31.30364205825687,0.1,78,0.32051282051282054,1.0,0.0,0.52,1.0,,0.0,1.0,0.1810344827586207,25322.26816464513,
test,5008,0.75,B0_SPC_observed,COMBINED,True,1.14039917558224,5.061702559429017,0.005,78,0.01282051282051282,1.0,0.0,0.0,32.0,,0.0,0.0,0.0,39726.10119935802,
test,5008,0.75,B0_SPC_observed,COMBINED,True,1.14039917558224,5.061702559429017,0.01,78,0.01282051282051282,1.0,0.0,0.0,32.0,,0.0,0.0,0.0,39726.10119935802,
test,5008,0.75,B0_SPC_observed,COMBINED,True,1.14039917558224,5.061702559429017,0.02,78,0.01282051282051282,1.0,0.0,0.0,32.0,,0.0,0.0,0.0,39726.10119935802,
test,5008,0.75,B0_SPC_observed,COMBINED,True,1.14039917558224,5.061702559429017,0.05,78,0.02564102564102564,1.0,0.0,0.0,32.0,,0.0,0.0,0.0,39425.87775403205,
test,5008,0.75,B0_SPC_observed,COMBINED,True,1.14039917558224,5.061702559429017,0.1,78,0.038461538461538464,1.0,0.0,0.0,32.0,,0.0,0.0,0.02586206896551724,39425.87775403205,
test,5008,0.75,B1_IsolationForest,COMBINED,True,1.14039917558224,0.7423023198141773,0.005,78,0.0,0.0,,,,,0.0,0.0,0.0,,
test,5008,0.75,B1_IsolationForest,COMBINED,True,1.14039917558224,0.7423023198141773,0.01,78,0.0,0.0,,,,,0.0,0.0,0.0,,
test,5008,0.75,B1_IsolationForest,COMBINED,True,1.14039917558224,0.7423023198141773,0.02,78,0.01282051282051282,1.0,0.0,0.0,6.0,,0.0,0.0,0.034482758620689655,29215.623830773722,
test,5008,0.75,B1_IsolationForest,COMBINED,True,1.14039917558224,0.7423023198141773,0.05,78,0.038461538461538464,1.0,0.0,0.0,6.0,,0.0,0.0,0.07758620689655173,28923.226060811434,
test,5008,0.75,B1_IsolationForest,COMBINED,True,1.14039917558224,0.7423023198141773,0.1,78,0.16666666666666666,1.0,0.0,0.07692307692307693,3.0,,0.0,0.0,0.14655172413793102,28923.226060811434,
test,5008,0.5,RippleTwin,COMBINED,True,1.14039917558224,39.99294167411538,0.005,78,0.0,0.0,,,,,0.0,0.0,0.0,,
test,5008,0.5,RippleTwin,COMBINED,True,1.14039917558224,39.99294167411538,0.01,78,0.0,0.0,,,,,0.0,0.0,0.0,,
test,5008,0.5,RippleTwin,COMBINED,True,1.14039917558224,39.99294167411538,0.02,78,0.0,0.0,,,,,0.0,0.0,0.034482758620689655,,
test,5008,0.5,RippleTwin,COMBINED,True,1.14039917558224,39.99294167411538,0.05,78,0.0641025641025641,1.0,1.0,1.0,0.0,,1.0,1.0,0.15517241379310345,27118.37471181523,
test,5008,0.5,RippleTwin,COMBINED,True,1.14039917558224,39.99294167411538,0.1,78,0.2692307692307692,1.0,0.6190476190476191,0.6190476190476191,0.0,,1.0,1.0,0.1810344827586207,26819.548364642156,
test,5008,0.5,B2_observed_only_twin,COMBINED,True,1.14039917558224,39.987745614480566,0.005,78,0.0,0.0,,,,,0.0,0.0,0.0,,
test,5008,0.5,B2_observed_only_twin,COMBINED,True,1.14039917558224,39.987745614480566,0.01,78,0.0,0.0,,,,,0.0,0.0,0.0,,
test,5008,0.5,B2_observed_only_twin,COMBINED,True,1.14039917558224,39.987745614480566,0.02,78,0.0,0.0,,,,,0.0,0.0,0.017241379310344827,,
test,5008,0.5,B2_observed_only_twin,COMBINED,True,1.14039917558224,39.987745614480566,0.05,78,0.07692307692307693,1.0,0.0,1.0,1.0,,0.0,1.0,0.14655172413793102,27118.37471181523,
test,5008,0.5,B2_observed_only_twin,COMBINED,True,1.14039917558224,39.987745614480566,0.1,78,0.2948717948717949,1.0,0.0,0.5652173913043478,1.0,,0.0,1.0,0.16379310344827586,26819.548364642156,
test,5008,0.5,B0_SPC_observed,COMBINED,True,1.14039917558224,5.012127239822025,0.005,78,0.01282051282051282,1.0,0.0,0.0,32.0,,0.0,0.0,0.0,39726.10119935802,
test,5008,0.5,B0_SPC_observed,COMBINED,True,1.14039917558224,5.012127239822025,0.01,78,0.01282051282051282,1.0,0.0,0.0,32.0,,0.0,0.0,0.0,39726.10119935802,
test,5008,0.5,B0_SPC_observed,COMBINED,True,1.14039917558224,5.012127239822025,0.02,78,0.01282051282051282,1.0,0.0,0.0,32.0,,0.0,0.0,0.0,39726.10119935802,
test,5008,0.5,B0_SPC_observed,COMBINED,True,1.14039917558224,5.012127239822025,0.05,78,0.038461538461538464,1.0,0.0,0.0,32.0,,0.0,0.0,0.0,39425.87775403205,
test,5008,0.5,B0_SPC_observed,COMBINED,True,1.14039917558224,5.012127239822025,0.1,78,0.07692307692307693,1.0,0.0,0.0,17.5,,0.0,0.0,0.008620689655172414,39131.86878906289,
test,5008,0.5,B1_IsolationForest,COMBINED,True,1.14039917558224,0.7423023198141773,0.005,78,0.0,0.0,,,,,0.0,0.0,0.0,,
test,5008,0.5,B1_IsolationForest,COMBINED,True,1.14039917558224,0.7423023198141773,0.01,78,0.0,0.0,,,,,0.0,0.0,0.0,,
test,5008,0.5,B1_IsolationForest,COMBINED,True,1.14039917558224,0.7423023198141773,0.02,78,0.01282051282051282,1.0,0.0,0.0,6.0,,0.0,0.0,0.034482758620689655,29215.623830773722,
test,5008,0.5,B1_IsolationForest,COMBINED,True,1.14039917558224,0.7423023198141773,0.05,78,0.05128205128205128,1.0,0.0,0.0,5.0,,0.0,0.0,0.07758620689655173,28923.226060811434,
test,5008,0.5,B1_IsolationForest,COMBINED,True,1.14039917558224,0.7423023198141773,0.1,78,0.24358974358974358,1.0,0.0,0.05263157894736842,3.0,,0.0,0.0,0.11206896551724138,26819.548364642156,
test,5008,0.25,RippleTwin,COMBINED,True,1.14039917558224,23.87887940963418,0.005,78,0.0,0.0,,,,,0.0,0.0,0.008620689655172414,,
test,5008,0.25,RippleTwin,COMBINED,True,1.14039917558224,23.87887940963418,0.01,78,0.01282051282051282,1.0,0.0,0.0,2.0,,0.0,0.0,0.017241379310344827,27421.548452706567,
test,5008,0.25,RippleTwin,COMBINED,True,1.14039917558224,23.87887940963418,0.02,78,0.2948717948717949,1.0,0.043478260869565216,0.043478260869565216,3.0,,0.0,0.0,0.1810344827586207,27118.37471181523,
test,5008,0.25,RippleTwin,COMBINED,True,1.14039917558224,23.87887940963418,0.05,78,0.3974358974358974,1.0,0.03225806451612903,0.03225806451612903,3.0,,0.0,0.0,0.20689655172413793,27118.37471181523,
test,5008,0.25,RippleTwin,COMBINED,True,1.14039917558224,23.87887940963418,0.1,78,0.47435897435897434,1.0,0.02702702702702703,0.02702702702702703,3.0,,0.0,0.0,0.23275862068965517,25322.26816464513,
test,5008,0.25,B2_observed_only_twin,COMBINED,True,1.14039917558224,23.87066583332845,0.005,78,0.0,0.0,,,,,0.0,0.0,0.0,,
test,5008,0.25,B2_observed_only_twin,COMBINED,True,1.14039917558224,23.87066583332845,0.01,78,0.0,0.0,,,,,0.0,0.0,0.008620689655172414,,
test,5008,0.25,B2_observed_only_twin,COMBINED,True,1.14039917558224,23.87066583332845,0.02,78,0.32051282051282054,1.0,0.0,0.0,3.0,,0.0,0.0,0.16379310344827586,27118.37471181523,
test,5008,0.25,B2_observed_only_twin,COMBINED,True,1.14039917558224,23.87066583332845,0.05,78,0.4230769230769231,1.0,0.0,0.0,3.0,,0.0,0.0,0.20689655172413793,27118.37471181523,
test,5008,0.25,B2_observed_only_twin,COMBINED,True,1.14039917558224,23.87066583332845,0.1,78,0.5769230769230769,1.0,0.0,0.0,3.0,,0.0,0.0,0.2413793103448276,24418.750978031592,
test,5008,0.25,B0_SPC_observed,COMBINED,True,1.14039917558224,4.674774997918179,0.005,78,0.01282051282051282,1.0,0.0,0.0,32.0,,0.0,0.0,0.0,39726.10119935802,
test,5008,0.25,B0_SPC_observed,COMBINED,True,1.14039917558224,4.674774997918179,0.01,78,0.01282051282051282,1.0,0.0,0.0,32.0,,0.0,0.0,0.0,39726.10119935802,
test,5008,0.25,B0_SPC_observed,COMBINED,True,1.14039917558224,4.674774997918179,0.02,78,0.02564102564102564,1.0,0.0,0.0,32.0,,0.0,0.0,0.0,39425.87775403205,
test,5008,0.25,B0_SPC_observed,COMBINED,True,1.14039917558224,4.674774997918179,0.05,78,0.07692307692307693,1.0,0.0,0.0,17.5,,0.0,0.0,0.008620689655172414,39131.86878906289,
test,5008,0.25,B0_SPC_observed,COMBINED,True,1.14039917558224,4.674774997918179,0.1,78,0.08974358974358974,1.0,0.0,0.0,3.0,,0.0,0.0,0.02586206896551724,37319.384586043634,
test,5008,0.25,B1_IsolationForest,COMBINED,True,1.14039917558224,0.7158774793615637,0.005,78,0.02564102564102564,1.0,0.0,0.0,4.0,,0.0,0.0,0.0,27118.37471181523,
test,5008,0.25,B1_IsolationForest,COMBINED,True,1.14039917558224,0.7158774793615637,0.01,78,0.02564102564102564,1.0,0.0,0.0,4.0,,0.0,0.0,0.008620689655172414,27118.37471181523,
test,5008,0.25,B1_IsolationForest,COMBINED,True,1.14039917558224,0.7158774793615637,0.02,78,0.038461538461538464,1.0,0.0,0.0,4.0,,0.0,0.0,0.05172413793103448,27118.37471181523,
test,5008,0.25,B1_IsolationForest,COMBINED,True,1.14039917558224,0.7158774793615637,0.05,78,0.14102564102564102,1.0,0.0,0.09090909090909091,4.0,,0.0,0.0,0.07758620689655173,26819.548364642156,
test,5008,0.25,B1_IsolationForest,COMBINED,True,1.14039917558224,0.7158774793615637,0.1,78,0.21794871794871795,1.0,0.0,0.17647058823529413,4.0,,0.0,0.0,0.08620689655172414,24418.750978031592,
test,5009,1.0,RippleTwin,SLOWDOWN,False,1.2601684573104932,42.5638498837417,0.005,35,0.7428571428571429,1.0,1.0,1.0,0.0,,1.0,1.0,0.0,21420.654623884737,
test,5009,1.0,RippleTwin,SLOWDOWN,False,1.2601684573104932,42.5638498837417,0.01,35,0.8285714285714286,1.0,1.0,1.0,0.0,,1.0,1.0,0.0,21120.655844607707,
test,5009,1.0,RippleTwin,SLOWDOWN,False,1.2601684573104932,42.5638498837417,0.02,35,0.8571428571428571,1.0,1.0,1.0,0.0,,1.0,1.0,0.0,20515.329853397154,
test,5009,1.0,RippleTwin,SLOWDOWN,False,1.2601684573104932,42.5638498837417,0.05,35,0.8571428571428571,1.0,1.0,1.0,0.0,,1.0,1.0,0.0,20515.329853397154,
test,5009,1.0,RippleTwin,SLOWDOWN,False,1.2601684573104932,42.5638498837417,0.1,35,0.8857142857142857,1.0,1.0,1.0,0.0,,1.0,1.0,0.012987012987012988,19622.929694448358,
test,5009,1.0,B2_observed_only_twin,SLOWDOWN,False,1.2601684573104932,42.5638498837417,0.005,35,0.7428571428571429,1.0,1.0,1.0,0.0,,1.0,1.0,0.0,21420.654623884737,
test,5009,1.0,B2_observed_only_twin,SLOWDOWN,False,1.2601684573104932,42.5638498837417,0.01,35,0.8285714285714286,1.0,1.0,1.0,0.0,,1.0,1.0,0.0,21120.655844607707,
test,5009,1.0,B2_observed_only_twin,SLOWDOWN,False,1.2601684573104932,42.5638498837417,0.02,35,0.8571428571428571,1.0,1.0,1.0,0.0,,1.0,1.0,0.0,20515.329853397154,
test,5009,1.0,B2_observed_only_twin,SLOWDOWN,False,1.2601684573104932,42.5638498837417,0.05,35,0.8571428571428571,1.0,1.0,1.0,0.0,,1.0,1.0,0.0,20515.329853397154,
test,5009,1.0,B2_observed_only_twin,SLOWDOWN,False,1.2601684573104932,42.5638498837417,0.1,35,0.8857142857142857,1.0,1.0,1.0,0.0,,1.0,1.0,0.012987012987012988,19622.929694448358,
test,5009,1.0,B0_SPC_observed,SLOWDOWN,False,1.2601684573104932,5.124273832797681,0.005,35,0.8,1.0,1.0,1.0,0.0,,1.0,1.0,0.0,20515.329853397154,
test,5009,1.0,B0_SPC_observed,SLOWDOWN,False,1.2601684573104932,5.124273832797681,0.01,35,0.8285714285714286,1.0,1.0,1.0,0.0,,1.0,1.0,0.0,20515.329853397154,
test,5009,1.0,B0_SPC_observed,SLOWDOWN,False,1.2601684573104932,5.124273832797681,0.02,35,0.8285714285714286,1.0,1.0,1.0,0.0,,1.0,1.0,0.0,20515.329853397154,
test,5009,1.0,B0_SPC_observed,SLOWDOWN,False,1.2601684573104932,5.124273832797681,0.05,35,0.8285714285714286,1.0,1.0,1.0,0.0,,1.0,1.0,0.0,20220.575628586143,
test,5009,1.0,B0_SPC_observed,SLOWDOWN,False,1.2601684573104932,5.124273832797681,0.1,35,0.8285714285714286,1.0,1.0,1.0,0.0,,1.0,1.0,0.006493506493506494,20220.575628586143,
test,5009,1.0,B1_IsolationForest,SLOWDOWN,False,1.2601684573104932,0.7784702529546166,0.005,35,0.0,0.0,,,,,0.0,0.0,0.0,,
test,5009,1.0,B1_IsolationForest,SLOWDOWN,False,1.2601684573104932,0.7784702529546166,0.01,35,0.0,0.0,,,,,0.0,0.0,0.0,,
test,5009,1.0,B1_IsolationForest,SLOWDOWN,False,1.2601684573104932,0.7784702529546166,0.02,35,0.05714285714285714,1.0,0.0,0.0,6.0,,0.0,0.0,0.0,24708.288281736917,
test,5009,1.0,B1_IsolationForest,SLOWDOWN,False,1.2601684573104932,0.7784702529546166,0.05,35,0.17142857142857143,1.0,0.0,0.0,6.0,,0.0,0.0,0.032467532467532464,19926.804464750843,
test,5009,1.0,B1_IsolationForest,SLOWDOWN,False,1.2601684573104932,0.7784702529546166,0.1,35,0.45714285714285713,1.0,0.0,0.0,6.0,,0.0,0.0,0.06493506493506493,19023.598152526843,
test,5009,0.75,RippleTwin,SLOWDOWN,False,1.2601684573104932,31.30364205825687,0.005,35,0.8285714285714286,1.0,1.0,1.0,0.0,,1.0,1.0,0.0,20837.72874517331,
test,5009,0.75,RippleTwin,SLOWDOWN,False,1.2601684573104932,31.30364205825687,0.01,35,0.8571428571428571,1.0,1.0,1.0,0.0,,1.0,1.0,0.0,20837.72874517331,
test,5009,0.75,RippleTwin,SLOWDOWN,False,1.2601684573104932,31.30364205825687,0.02,35,0.8571428571428571,1.0,1.0,1.0,0.0,,1.0,1.0,0.0,20515.329853397154,
test,5009,0.75,RippleTwin,SLOWDOWN,False,1.2601684573104932,31.30364205825687,0.05,35,0.8857142857142857,1.0,1.0,1.0,0.0,,1.0,1.0,0.0,20220.575628586143,
test,5009,0.75,RippleTwin,SLOWDOWN,False,1.2601684573104932,31.30364205825687,0.1,35,0.8857142857142857,1.0,1.0,1.0,0.0,,1.0,1.0,0.03896103896103896,19622.929694448358,
test,5009,0.75,B2_observed_only_twin,SLOWDOWN,False,1.2601684573104932,31.30364205825687,0.005,35,0.8571428571428571,1.0,1.0,1.0,0.0,,1.0,1.0,0.0,20837.72874517331,
test,5009,0.75,B2_observed_only_twin,SLOWDOWN,False,1.2601684573104932,31.30364205825687,0.01,35,0.8571428571428571,1.0,1.0,1.0,0.0,,1.0,1.0,0.0,20837.72874517331,
test,5009,0.75,B2_observed_only_twin,SLOWDOWN,False,1.2601684573104932,31.30364205825687,0.02,35,0.8571428571428571,1.0,1.0,1.0,0.0,,1.0,1.0,0.0,20515.329853397154,
test,5009,0.75,B2_observed_only_twin,SLOWDOWN,False,1.2601684573104932,31.30364205825687,0.05,35,0.8857142857142857,1.0,1.0,1.0,0.0,,1.0,1.0,0.0,20220.575628586143,
test,5009,0.75,B2_observed_only_twin,SLOWDOWN,False,1.2601684573104932,31.30364205825687,0.1,35,0.8857142857142857,1.0,1.0,1.0,0.0,,1.0,1.0,0.03896103896103896,18718.424844236575,
test,5009,0.75,B0_SPC_observed,SLOWDOWN,False,1.2601684573104932,5.061702559429017,0.005,35,0.8285714285714286,1.0,1.0,1.0,0.0,,1.0,1.0,0.0,20515.329853397154,
test,5009,0.75,B0_SPC_observed,SLOWDOWN,False,1.2601684573104932,5.061702559429017,0.01,35,0.8285714285714286,1.0,1.0,1.0,0.0,,1.0,1.0,0.0,20515.329853397154,
test,5009,0.75,B0_SPC_observed,SLOWDOWN,False,1.2601684573104932,5.061702559429017,0.02,35,0.8285714285714286,1.0,1.0,1.0,0.0,,1.0,1.0,0.0,20515.329853397154,
test,5009,0.75,B0_SPC_observed,SLOWDOWN,False,1.2601684573104932,5.061702559429017,0.05,35,0.8285714285714286,1.0,1.0,1.0,0.0,,1.0,1.0,0.0,20220.575628586143,
test,5009,0.75,B0_SPC_observed,SLOWDOWN,False,1.2601684573104932,5.061702559429017,0.1,35,0.8285714285714286,1.0,1.0,1.0,0.0,,1.0,1.0,0.006493506493506494,20220.575628586143,
test,5009,0.75,B1_IsolationForest,SLOWDOWN,False,1.2601684573104932,0.7423023198141773,0.005,35,0.14285714285714285,1.0,0.0,0.0,6.0,,0.0,0.0,0.025974025974025976,24133.959882304556,
test,5009,0.75,B1_IsolationForest,SLOWDOWN,False,1.2601684573104932,0.7423023198141773,0.01,35,0.14285714285714285,1.0,0.0,0.0,6.0,,0.0,0.0,0.032467532467532464,24133.959882304556,
test,5009,0.75,B1_IsolationForest,SLOWDOWN,False,1.2601684573104932,0.7423023198141773,0.02,35,0.17142857142857143,1.0,0.0,0.0,6.0,,0.0,0.0,0.03896103896103896,21420.654623884737,
test,5009,0.75,B1_IsolationForest,SLOWDOWN,False,1.2601684573104932,0.7423023198141773,0.05,35,0.45714285714285713,1.0,0.0,0.0,6.0,,0.0,0.0,0.08441558441558442,21120.655844607707,
test,5009,0.75,B1_IsolationForest,SLOWDOWN,False,1.2601684573104932,0.7423023198141773,0.1,35,0.5142857142857142,1.0,0.0,0.0,6.0,,0.0,0.0,0.14285714285714285,20220.575628586143,
test,5009,0.5,RippleTwin,SLOWDOWN,False,1.2601684573104932,39.99294167411538,0.005,35,0.8285714285714286,1.0,1.0,1.0,0.0,,1.0,1.0,0.0,21120.655844607707,
test,5009,0.5,RippleTwin,SLOWDOWN,False,1.2601684573104932,39.99294167411538,0.01,35,0.8285714285714286,1.0,1.0,1.0,0.0,,1.0,1.0,0.0,21120.655844607707,
test,5009,0.5,RippleTwin,SLOWDOWN,False,1.2601684573104932,39.99294167411538,0.02,35,0.8571428571428571,1.0,1.0,1.0,0.0,,1.0,1.0,0.0,20837.72874517331,
test,5009,0.5,RippleTwin,SLOWDOWN,False,1.2601684573104932,39.99294167411538,0.05,35,0.8571428571428571,1.0,1.0,1.0,0.0,,1.0,1.0,0.006493506493506494,20515.329853397154,
test,5009,0.5,RippleTwin,SLOWDOWN,False,1.2601684573104932,39.99294167411538,0.1,35,0.8857142857142857,1.0,1.0,1.0,0.0,,1.0,1.0,0.032467532467532464,20220.575628586143,
test,5009,0.5,B2_observed_only_twin,SLOWDOWN,False,1.2601684573104932,39.987745614480566,0.005,35,0.8285714285714286,1.0,1.0,1.0,0.0,,1.0,1.0,0.0,21120.655844607707,
test,5009,0.5,B2_observed_only_twin,SLOWDOWN,False,1.2601684573104932,39.987745614480566,0.01,35,0.8285714285714286,1.0,1.0,1.0,0.0,,1.0,1.0,0.0,21120.655844607707,
test,5009,0.5,B2_observed_only_twin,SLOWDOWN,False,1.2601684573104932,39.987745614480566,0.02,35,0.8571428571428571,1.0,1.0,1.0,0.0,,1.0,1.0,0.0,20515.329853397154,
test,5009,0.5,B2_observed_only_twin,SLOWDOWN,False,1.2601684573104932,39.987745614480566,0.05,35,0.8571428571428571,1.0,1.0,1.0,0.0,,1.0,1.0,0.006493506493506494,20515.329853397154,
test,5009,0.5,B2_observed_only_twin,SLOWDOWN,False,1.2601684573104932,39.987745614480566,0.1,35,0.8857142857142857,1.0,1.0,1.0,0.0,,1.0,1.0,0.032467532467532464,19926.804464750843,
test,5009,0.5,B0_SPC_observed,SLOWDOWN,False,1.2601684573104932,5.012127239822025,0.005,35,0.8285714285714286,1.0,1.0,1.0,0.0,,1.0,1.0,0.0,20515.329853397154,
test,5009,0.5,B0_SPC_observed,SLOWDOWN,False,1.2601684573104932,5.012127239822025,0.01,35,0.8285714285714286,1.0,1.0,1.0,0.0,,1.0,1.0,0.0,20515.329853397154,
test,5009,0.5,B0_SPC_observed,SLOWDOWN,False,1.2601684573104932,5.012127239822025,0.02,35,0.8285714285714286,1.0,1.0,1.0,0.0,,1.0,1.0,0.0,20220.575628586143,
test,5009,0.5,B0_SPC_observed,SLOWDOWN,False,1.2601684573104932,5.012127239822025,0.05,35,0.8285714285714286,1.0,1.0,1.0,0.0,,1.0,1.0,0.0,20220.575628586143,
test,5009,0.5,B0_SPC_observed,SLOWDOWN,False,1.2601684573104932,5.012127239822025,0.1,35,0.8285714285714286,1.0,1.0,1.0,0.0,,1.0,1.0,0.0,19622.929694448358,
test,5009,0.5,B1_IsolationForest,SLOWDOWN,False,1.2601684573104932,0.7423023198141773,0.005,35,0.0,0.0,,,,,0.0,0.0,0.025974025974025976,,
test,5009,0.5,B1_IsolationForest,SLOWDOWN,False,1.2601684573104932,0.7423023198141773,0.01,35,0.0,0.0,,,,,0.0,0.0,0.032467532467532464,,
test,5009,0.5,B1_IsolationForest,SLOWDOWN,False,1.2601684573104932,0.7423023198141773,0.02,35,0.0,0.0,,,,,0.0,0.0,0.05194805194805195,,
test,5009,0.5,B1_IsolationForest,SLOWDOWN,False,1.2601684573104932,0.7423023198141773,0.05,35,0.34285714285714286,1.0,0.0,0.0,5.0,,0.0,0.0,0.05844155844155844,20220.575628586143,
test,5009,0.5,B1_IsolationForest,SLOWDOWN,False,1.2601684573104932,0.7423023198141773,0.1,35,0.6857142857142857,1.0,0.0,0.0,5.0,,0.0,0.0,0.12987012987012986,20220.575628586143,
test,5009,0.25,RippleTwin,SLOWDOWN,True,1.2601684573104932,23.87887940963418,0.005,35,0.7428571428571429,1.0,0.07692307692307693,1.0,1.0,,0.0,1.0,0.0,21120.655844607707,
test,5009,0.25,RippleTwin,SLOWDOWN,True,1.2601684573104932,23.87887940963418,0.01,35,0.7428571428571429,1.0,0.07692307692307693,1.0,1.0,,0.0,1.0,0.0,21120.655844607707,
test,5009,0.25,RippleTwin,SLOWDOWN,True,1.2601684573104932,23.87887940963418,0.02,35,0.8571428571428571,1.0,0.06666666666666667,1.0,1.0,,0.0,1.0,0.01948051948051948,18718.424844236575,
test,5009,0.25,RippleTwin,SLOWDOWN,True,1.2601684573104932,23.87887940963418,0.05,35,0.8857142857142857,1.0,0.06451612903225806,1.0,1.0,,0.0,1.0,0.05194805194805195,18718.424844236575,
test,5009,0.25,RippleTwin,SLOWDOWN,True,1.2601684573104932,23.87887940963418,0.1,35,0.8857142857142857,1.0,0.06451612903225806,1.0,1.0,,0.0,1.0,0.1038961038961039,18718.424844236575,
test,5009,0.25,B2_observed_only_twin,SLOWDOWN,True,1.2601684573104932,23.87066583332845,0.005,35,0.7428571428571429,1.0,0.0,0.0,2.0,,0.0,0.0,0.0,21420.654623884737,
test,5009,0.25,B2_observed_only_twin,SLOWDOWN,True,1.2601684573104932,23.87066583332845,0.01,35,0.7428571428571429,1.0,0.0,0.0,2.0,,0.0,0.0,0.0,21120.655844607707,
test,5009,0.25,B2_observed_only_twin,SLOWDOWN,True,1.2601684573104932,23.87066583332845,0.02,35,0.8571428571428571,1.0,0.0,0.0,2.0,,0.0,0.0,0.01948051948051948,18718.424844236575,
test,5009,0.25,B2_observed_only_twin,SLOWDOWN,True,1.2601684573104932,23.87066583332845,0.05,35,0.8857142857142857,1.0,0.0,0.0,2.0,,0.0,0.0,0.05194805194805195,18718.424844236575,
test,5009,0.25,B2_observed_only_twin,SLOWDOWN,True,1.2601684573104932,23.87066583332845,0.1,35,0.8857142857142857,1.0,0.0,0.0,2.0,,0.0,0.0,0.09740259740259741,18718.424844236575,
test,5009,0.25,B0_SPC_observed,SLOWDOWN,True,1.2601684573104932,4.674774997918179,0.005,35,0.0,0.0,,,,,0.0,0.0,0.0,,
test,5009,0.25,B0_SPC_observed,SLOWDOWN,True,1.2601684573104932,4.674774997918179,0.01,35,0.0,0.0,,,,,0.0,0.0,0.0,,
test,5009,0.25,B0_SPC_observed,SLOWDOWN,True,1.2601684573104932,4.674774997918179,0.02,35,0.0,0.0,,,,,0.0,0.0,0.0,,
test,5009,0.25,B0_SPC_observed,SLOWDOWN,True,1.2601684573104932,4.674774997918179,0.05,35,0.0,0.0,,,,,0.0,0.0,0.0,,
test,5009,0.25,B0_SPC_observed,SLOWDOWN,True,1.2601684573104932,4.674774997918179,0.1,35,0.0,0.0,,,,,0.0,0.0,0.006493506493506494,,
test,5009,0.25,B1_IsolationForest,SLOWDOWN,True,1.2601684573104932,0.7158774793615637,0.005,35,0.2,1.0,0.0,0.0,5.0,,0.0,0.0,0.0,21120.655844607707,
test,5009,0.25,B1_IsolationForest,SLOWDOWN,True,1.2601684573104932,0.7158774793615637,0.01,35,0.3142857142857143,1.0,0.0,0.0,5.0,,0.0,0.0,0.0,21120.655844607707,
test,5009,0.25,B1_IsolationForest,SLOWDOWN,True,1.2601684573104932,0.7158774793615637,0.02,35,0.4,1.0,0.0,0.0,5.0,,0.0,0.0,0.045454545454545456,21120.655844607707,
test,5009,0.25,B1_IsolationForest,SLOWDOWN,True,1.2601684573104932,0.7158774793615637,0.05,35,0.6857142857142857,1.0,0.0,0.0,5.0,,0.0,0.0,0.045454545454545456,19926.804464750843,
test,5009,0.25,B1_IsolationForest,SLOWDOWN,True,1.2601684573104932,0.7158774793615637,0.1,35,0.6857142857142857,1.0,0.0,0.0,5.0,,0.0,0.0,0.08441558441558442,19926.804464750843,
test,5010,1.0,RippleTwin,SLOWDOWN,False,1.4180308973979445,42.5638498837417,0.005,63,0.49206349206349204,1.0,1.0,1.0,0.0,156.7813264862578,1.0,1.0,0.13636363636363635,28922.138812536785,28922.138812536785
test,5010,1.0,RippleTwin,SLOWDOWN,False,1.4180308973979445,42.5638498837417,0.01,63,0.49206349206349204,1.0,1.0,1.0,0.0,156.7813264862578,1.0,1.0,0.14393939393939395,28922.138812536785,28922.138812536785
test,5010,1.0,RippleTwin,SLOWDOWN,False,1.4180308973979445,42.5638498837417,0.02,63,0.5079365079365079,1.0,1.0,1.0,0.0,156.7813264862578,1.0,1.0,0.15151515151515152,28922.138812536785,28922.138812536785
test,5010,1.0,RippleTwin,SLOWDOWN,False,1.4180308973979445,42.5638498837417,0.05,63,0.5079365079365079,1.0,1.0,1.0,0.0,156.7813264862578,1.0,1.0,0.17424242424242425,28922.138812536785,28922.138812536785
test,5010,1.0,RippleTwin,SLOWDOWN,False,1.4180308973979445,42.5638498837417,0.1,63,0.5238095238095238,1.0,1.0,1.0,0.0,156.7813264862578,1.0,1.0,0.25,28922.138812536785,28922.138812536785
test,5010,1.0,B2_observed_only_twin,SLOWDOWN,False,1.4180308973979445,42.5638498837417,0.005,63,0.49206349206349204,1.0,1.0,1.0,0.0,156.7813264862578,1.0,1.0,0.13636363636363635,28922.138812536785,28922.138812536785
test,5010,1.0,B2_observed_only_twin,SLOWDOWN,False,1.4180308973979445,42.5638498837417,0.01,63,0.49206349206349204,1.0,1.0,1.0,0.0,156.7813264862578,1.0,1.0,0.14393939393939395,28922.138812536785,28922.138812536785
test,5010,1.0,B2_observed_only_twin,SLOWDOWN,False,1.4180308973979445,42.5638498837417,0.02,63,0.5079365079365079,1.0,1.0,1.0,0.0,156.7813264862578,1.0,1.0,0.15151515151515152,28922.138812536785,28922.138812536785
test,5010,1.0,B2_observed_only_twin,SLOWDOWN,False,1.4180308973979445,42.5638498837417,0.05,63,0.5079365079365079,1.0,1.0,1.0,0.0,156.7813264862578,1.0,1.0,0.17424242424242425,28922.138812536785,28922.138812536785
test,5010,1.0,B2_observed_only_twin,SLOWDOWN,False,1.4180308973979445,42.5638498837417,0.1,63,0.5238095238095238,1.0,1.0,1.0,0.0,156.7813264862578,1.0,1.0,0.25,28922.138812536785,28922.138812536785
test,5010,1.0,B0_SPC_observed,SLOWDOWN,False,1.4180308973979445,5.124273832797681,0.005,63,0.49206349206349204,1.0,1.0,1.0,0.0,156.7813264862578,1.0,1.0,0.16666666666666666,28922.138812536785,28922.138812536785
test,5010,1.0,B0_SPC_observed,SLOWDOWN,False,1.4180308973979445,5.124273832797681,0.01,63,0.49206349206349204,1.0,1.0,1.0,0.0,156.7813264862578,1.0,1.0,0.16666666666666666,28922.138812536785,28922.138812536785
test,5010,1.0,B0_SPC_observed,SLOWDOWN,False,1.4180308973979445,5.124273832797681,0.02,63,0.49206349206349204,1.0,1.0,1.0,0.0,156.7813264862578,1.0,1.0,0.16666666666666666,28922.138812536785,28922.138812536785
test,5010,1.0,B0_SPC_observed,SLOWDOWN,False,1.4180308973979445,5.124273832797681,0.05,63,0.49206349206349204,1.0,1.0,1.0,0.0,156.7813264862578,1.0,1.0,0.21212121212121213,28922.138812536785,28922.138812536785
test,5010,1.0,B0_SPC_observed,SLOWDOWN,False,1.4180308973979445,5.124273832797681,0.1,63,0.49206349206349204,1.0,1.0,1.0,0.0,156.7813264862578,1.0,1.0,0.25,28922.138812536785,28922.138812536785
test,5010,1.0,B1_IsolationForest,SLOWDOWN,False,1.4180308973979445,0.7784702529546166,0.005,63,0.0,0.0,,,,,0.0,0.0,0.0,,
test,5010,1.0,B1_IsolationForest,SLOWDOWN,False,1.4180308973979445,0.7784702529546166,0.01,63,0.0,0.0,,,,,0.0,0.0,0.0,,
test,5010,1.0,B1_IsolationForest,SLOWDOWN,False,1.4180308973979445,0.7784702529546166,0.02,63,0.0,0.0,,,,,0.0,0.0,0.0,,
test,5010,1.0,B1_IsolationForest,SLOWDOWN,False,1.4180308973979445,0.7784702529546166,0.05,63,0.4603174603174603,1.0,1.0,1.0,0.0,156.7813264862578,1.0,1.0,0.1590909090909091,28922.138812536785,28922.138812536785
test,5010,1.0,B1_IsolationForest,SLOWDOWN,False,1.4180308973979445,0.7784702529546166,0.1,63,0.4603174603174603,1.0,1.0,1.0,0.0,156.7813264862578,1.0,1.0,0.20454545454545456,28922.138812536785,28922.138812536785
test,5010,0.75,RippleTwin,SLOWDOWN,True,1.4180308973979445,31.30364205825687,0.005,63,0.25396825396825395,1.0,1.0,1.0,0.0,126.83613328800348,1.0,1.0,0.015151515151515152,30718.850404432043,30718.850404432043
test,5010,0.75,RippleTwin,SLOWDOWN,True,1.4180308973979445,31.30364205825687,0.01,63,0.31746031746031744,1.0,0.9,1.0,0.0,126.83613328800348,1.0,1.0,0.03787878787878788,30718.850404432043,30718.850404432043
test,5010,0.75,RippleTwin,SLOWDOWN,True,1.4180308973979445,31.30364205825687,0.02,63,0.47619047619047616,1.0,0.8333333333333334,1.0,0.0,132.00596965058722,1.0,1.0,0.06818181818181818,30408.66022267702,30408.66022267702
test,5010,0.75,RippleTwin,SLOWDOWN,True,1.4180308973979445,31.30364205825687,0.05,63,0.49206349206349204,1.0,0.8387096774193549,1.0,0.0,156.7813264862578,1.0,1.0,0.11363636363636363,28922.138812536785,28922.138812536785
test,5010,0.75,RippleTwin,SLOWDOWN,True,1.4180308973979445,31.30364205825687,0.1,63,0.49206349206349204,1.0,0.8387096774193549,1.0,0.0,156.7813264862578,1.0,1.0,0.21212121212121213,28922.138812536785,28922.138812536785
test,5010,0.75,B2_observed_only_twin,SLOWDOWN,True,1.4180308973979445,31.30364205825687,0.005,63,0.20634920634920634,1.0,0.0,1.0,1.0,126.83613328800348,0.0,1.0,0.007575757575757576,30718.850404432043,30718.850404432043
test,5010,0.75,B2_observed_only_twin,SLOWDOWN,True,1.4180308973979445,31.30364205825687,0.01,63,0.23809523809523808,1.0,0.0,1.0,1.0,126.83613328800348,0.0,1.0,0.015151515151515152,30718.850404432043,30718.850404432043
test,5010,0.75,B2_observed_only_twin,SLOWDOWN,True,1.4180308973979445,31.30364205825687,0.02,63,0.47619047619047616,1.0,0.0,1.0,1.0,132.00596965058722,0.0,1.0,0.06818181818181818,30408.66022267702,30408.66022267702
test,5010,0.75,B2_observed_only_twin,SLOWDOWN,True,1.4180308973979445,31.30364205825687,0.05,63,0.49206349206349204,1.0,0.0,1.0,1.0,156.7813264862578,0.0,1.0,0.10606060606060606,28922.138812536785,28922.138812536785
test,5010,0.75,B2_observed_only_twin,SLOWDOWN,True,1.4180308973979445,31.30364205825687,0.1,63,0.49206349206349204,1.0,0.0,1.0,1.0,156.7813264862578,0.0,1.0,0.22727272727272727,28922.138812536785,28922.138812536785
test,5010,0.75,B0_SPC_observed,SLOWDOWN,True,1.4180308973979445,5.061702559429017,0.005,63,0.0,0.0,,,,,0.0,0.0,0.007575757575757576,,
test,5010,0.75,B0_SPC_observed,SLOWDOWN,True,1.4180308973979445,5.061702559429017,0.01,63,0.0,0.0,,,,,0.0,0.0,0.007575757575757576,,
test,5010,0.75,B0_SPC_observed,SLOWDOWN,True,1.4180308973979445,5.061702559429017,0.02,63,0.0,0.0,,,,,0.0,0.0,0.007575757575757576,,
test,5010,0.75,B0_SPC_observed,SLOWDOWN,True,1.4180308973979445,5.061702559429017,0.05,63,0.0,0.0,,,,,0.0,0.0,0.05303030303030303,,
test,5010,0.75,B0_SPC_observed,SLOWDOWN,True,1.4180308973979445,5.061702559429017,0.1,63,0.031746031746031744,1.0,0.0,0.0,3.0,,0.0,0.0,0.09090909090909091,31392.625846922165,
test,5010,0.75,B1_IsolationForest,SLOWDOWN,True,1.4180308973979445,0.7423023198141773,0.005,63,0.0,0.0,,,,,0.0,0.0,0.0,,
test,5010,0.75,B1_IsolationForest,SLOWDOWN,True,1.4180308973979445,0.7423023198141773,0.01,63,0.0,0.0,,,,,0.0,0.0,0.0,,
test,5010,0.75,B1_IsolationForest,SLOWDOWN,True,1.4180308973979445,0.7423023198141773,0.02,63,0.0,0.0,,,,,0.0,0.0,0.007575757575757576,,
test,5010,0.75,B1_IsolationForest,SLOWDOWN,True,1.4180308973979445,0.7423023198141773,0.05,63,0.047619047619047616,1.0,0.0,0.0,13.0,,0.0,0.0,0.045454545454545456,30408.66022267702,
test,5010,0.75,B1_IsolationForest,SLOWDOWN,True,1.4180308973979445,0.7423023198141773,0.1,63,0.2222222222222222,1.0,0.0,0.0,12.0,,0.0,0.0,0.09090909090909091,30408.66022267702,
test,5010,0.5,RippleTwin,SLOWDOWN,True,1.4180308973979445,39.99294167411538,0.005,63,0.30158730158730157,1.0,0.7368421052631579,1.0,0.0,121.26239113094029,1.0,1.0,0.015151515151515152,31053.274933855835,31053.274933855835
test,5010,0.5,RippleTwin,SLOWDOWN,True,1.4180308973979445,39.99294167411538,0.01,63,0.38095238095238093,1.0,0.7083333333333334,1.0,0.0,126.83613328800348,1.0,1.0,0.022727272727272728,30718.850404432043,30718.850404432043
test,5010,0.5,RippleTwin,SLOWDOWN,True,1.4180308973979445,39.99294167411538,0.02,63,0.4603174603174603,1.0,0.7586206896551724,1.0,0.0,126.83613328800348,1.0,1.0,0.05303030303030303,30718.850404432043,30718.850404432043
test,5010,0.5,RippleTwin,SLOWDOWN,True,1.4180308973979445,39.99294167411538,0.05,63,0.49206349206349204,1.0,0.7741935483870968,1.0,0.0,146.85654348481816,1.0,1.0,0.09848484848484848,29517.625792623163,29517.625792623163
test,5010,0.5,RippleTwin,SLOWDOWN,True,1.4180308973979445,39.99294167411538,0.1,63,0.49206349206349204,1.0,0.7741935483870968,1.0,0.0,156.7813264862578,1.0,1.0,0.16666666666666666,28922.138812536785,28922.138812536785
test,5010,0.5,B2_observed_only_twin,SLOWDOWN,True,1.4180308973979445,39.987745614480566,0.005,63,0.19047619047619047,1.0,0.0,1.0,1.0,121.26239113094029,0.0,1.0,0.007575757575757576,31053.274933855835,31053.274933855835
test,5010,0.5,B2_observed_only_twin,SLOWDOWN,True,1.4180308973979445,39.987745614480566,0.01,63,0.31746031746031744,1.0,0.0,1.0,1.0,126.83613328800348,0.0,1.0,0.015151515151515152,30718.850404432043,30718.850404432043
test,5010,0.5,B2_observed_only_twin,SLOWDOWN,True,1.4180308973979445,39.987745614480566,0.02,63,0.4603174603174603,1.0,0.0,1.0,1.0,126.83613328800348,0.0,1.0,0.05303030303030303,30718.850404432043,30718.850404432043
test,5010,0.5,B2_observed_only_twin,SLOWDOWN,True,1.4180308973979445,39.987745614480566,0.05,63,0.49206349206349204,1.0,0.0,1.0,1.0,156.7813264862578,0.0,1.0,0.12121212121212122,28922.138812536785,28922.138812536785
test,5010,0.5,B2_observed_only_twin,SLOWDOWN,True,1.4180308973979445,39.987745614480566,0.1,63,0.5079365079365079,1.0,0.0,1.0,1.0,156.7813264862578,0.0,1.0,0.1590909090909091,28922.138812536785,28922.138812536785
test,5010,0.5,B0_SPC_observed,SLOWDOWN,True,1.4180308973979445,5.012127239822025,0.005,63,0.0,0.0,,,,,0.0,0.0,0.0,,
test,5010,0.5,B0_SPC_observed,SLOWDOWN,True,1.4180308973979445,5.012127239822025,0.01,63,0.0,0.0,,,,,0.0,0.0,0.0,,
test,5010,0.5,B0_SPC_observed,SLOWDOWN,True,1.4180308973979445,5.012127239822025,0.02,63,0.0,0.0,,,,,0.0,0.0,0.0,,
test,5010,0.5,B0_SPC_observed,SLOWDOWN,True,1.4180308973979445,5.012127239822025,0.05,63,0.0,0.0,,,,,0.0,0.0,0.015151515151515152,,
test,5010,0.5,B0_SPC_observed,SLOWDOWN,True,1.4180308973979445,5.012127239822025,0.1,63,0.0,0.0,,,,,0.0,0.0,0.022727272727272728,,
test,5010,0.5,B1_IsolationForest,SLOWDOWN,True,1.4180308973979445,0.7423023198141773,0.005,63,0.0,0.0,,,,,0.0,0.0,0.0,,
test,5010,0.5,B1_IsolationForest,SLOWDOWN,True,1.4180308973979445,0.7423023198141773,0.01,63,0.0,0.0,,,,,0.0,0.0,0.0,,
test,5010,0.5,B1_IsolationForest,SLOWDOWN,True,1.4180308973979445,0.7423023198141773,0.02,63,0.0,0.0,,,,,0.0,0.0,0.007575757575757576,,
test,5010,0.5,B1_IsolationForest,SLOWDOWN,True,1.4180308973979445,0.7423023198141773,0.05,63,0.07936507936507936,1.0,0.0,0.0,33.0,,0.0,0.0,0.045454545454545456,30408.66022267702,
test,5010,0.5,B1_IsolationForest,SLOWDOWN,True,1.4180308973979445,0.7423023198141773,0.1,63,0.20634920634920634,1.0,0.0,0.0,13.0,,0.0,0.0,0.11363636363636363,30408.66022267702,
test,5010,0.25,RippleTwin,SLOWDOWN,True,1.4180308973979445,23.87887940963418,0.005,63,0.1746031746031746,1.0,0.0,0.0,2.0,,0.0,0.0,0.015151515151515152,31053.274933855835,
test,5010,0.25,RippleTwin,SLOWDOWN,True,1.4180308973979445,23.87887940963418,0.01,63,0.1746031746031746,1.0,0.0,0.0,2.0,,0.0,0.0,0.015151515151515152,31053.274933855835,
test,5010,0.25,RippleTwin,SLOWDOWN,True,1.4180308973979445,23.87887940963418,0.02,63,0.36507936507936506,1.0,0.0,0.0,2.0,,0.0,0.0,0.05303030303030303,29815.16880087275,
test,5010,0.25,RippleTwin,SLOWDOWN,True,1.4180308973979445,23.87887940963418,0.05,63,0.3968253968253968,1.0,0.0,0.0,2.0,,0.0,0.0,0.09848484848484848,29815.16880087275,
test,5010,0.25,RippleTwin,SLOWDOWN,True,1.4180308973979445,23.87887940963418,0.1,63,0.49206349206349204,1.0,0.0,0.0,2.0,,0.0,0.0,0.17424242424242425,29517.625792623163,
test,5010,0.25,B2_observed_only_twin,SLOWDOWN,True,1.4180308973979445,23.87066583332845,0.005,63,0.09523809523809523,1.0,0.0,0.0,3.0,,0.0,0.0,0.007575757575757576,35821.13296903311,
test,5010,0.25,B2_observed_only_twin,SLOWDOWN,True,1.4180308973979445,23.87066583332845,0.01,63,0.1746031746031746,1.0,0.0,0.0,3.0,,0.0,0.0,0.015151515151515152,31053.274933855835,
test,5010,0.25,B2_observed_only_twin,SLOWDOWN,True,1.4180308973979445,23.87066583332845,0.02,63,0.36507936507936506,1.0,0.0,0.0,3.0,,0.0,0.0,0.045454545454545456,29815.16880087275,
test,5010,0.25,B2_observed_only_twin,SLOWDOWN,True,1.4180308973979445,23.87066583332845,0.05,63,0.4126984126984127,1.0,0.0,0.0,3.0,,0.0,0.0,0.10606060606060606,29815.16880087275,
test,5010,0.25,B2_observed_only_twin,SLOWDOWN,True,1.4180308973979445,23.87066583332845,0.1,63,0.4603174603174603,1.0,0.0,0.0,3.0,,0.0,0.0,0.1590909090909091,29517.625792623163,
test,5010,0.25,B0_SPC_observed,SLOWDOWN,True,1.4180308973979445,4.674774997918179,0.005,63,0.0,0.0,,,,,0.0,0.0,0.007575757575757576,,
test,5010,0.25,B0_SPC_observed,SLOWDOWN,True,1.4180308973979445,4.674774997918179,0.01,63,0.0,0.0,,,,,0.0,0.0,0.015151515151515152,,
test,5010,0.25,B0_SPC_observed,SLOWDOWN,True,1.4180308973979445,4.674774997918179,0.02,63,0.0,0.0,,,,,0.0,0.0,0.015151515151515152,,
test,5010,0.25,B0_SPC_observed,SLOWDOWN,True,1.4180308973979445,4.674774997918179,0.05,63,0.0,0.0,,,,,0.0,0.0,0.03787878787878788,,
test,5010,0.25,B0_SPC_observed,SLOWDOWN,True,1.4180308973979445,4.674774997918179,0.1,63,0.047619047619047616,1.0,0.0,0.0,36.0,,0.0,0.0,0.06818181818181818,30408.66022267702,
test,5010,0.25,B1_IsolationForest,SLOWDOWN,True,1.4180308973979445,0.7158774793615637,0.005,63,0.0,0.0,,,,,0.0,0.0,0.0,,
test,5010,0.25,B1_IsolationForest,SLOWDOWN,True,1.4180308973979445,0.7158774793615637,0.01,63,0.031746031746031744,1.0,0.0,0.0,13.0,,0.0,0.0,0.0,38518.91448040487,
test,5010,0.25,B1_IsolationForest,SLOWDOWN,True,1.4180308973979445,0.7158774793615637,0.02,63,0.09523809523809523,1.0,0.0,0.0,13.0,,0.0,0.0,0.0,30408.66022267702,
test,5010,0.25,B1_IsolationForest,SLOWDOWN,True,1.4180308973979445,0.7158774793615637,0.05,63,0.30158730158730157,1.0,0.0,0.0,13.0,,0.0,0.0,0.030303030303030304,30408.66022267702,
test,5010,0.25,B1_IsolationForest,SLOWDOWN,True,1.4180308973979445,0.7158774793615637,0.1,63,0.3968253968253968,1.0,0.0,0.0,13.0,,0.0,0.0,0.030303030303030304,30408.66022267702,
test,5011,1.0,RippleTwin,SLOWDOWN,False,1.4485291535733276,42.5638498837417,0.005,42,0.7142857142857143,1.0,1.0,1.0,0.0,,1.0,1.0,0.0,21413.328345375267,
test,5011,1.0,RippleTwin,SLOWDOWN,False,1.4485291535733276,42.5638498837417,0.01,42,0.7142857142857143,1.0,1.0,1.0,0.0,,1.0,1.0,0.006666666666666667,21413.328345375267,
test,5011,1.0,RippleTwin,SLOWDOWN,False,1.4485291535733276,42.5638498837417,0.02,42,0.7142857142857143,1.0,1.0,1.0,0.0,,1.0,1.0,0.013333333333333334,21413.328345375267,
test,5011,1.0,RippleTwin,SLOWDOWN,False,1.4485291535733276,42.5638498837417,0.05,42,0.7380952380952381,1.0,1.0,1.0,0.0,,1.0,1.0,0.03333333333333333,21413.328345375267,
test,5011,1.0,RippleTwin,SLOWDOWN,False,1.4485291535733276,42.5638498837417,0.1,42,0.7857142857142857,1.0,0.9696969696969697,0.9696969696969697,0.0,,1.0,1.0,0.05333333333333334,21413.328345375267,
test,5011,1.0,B2_observed_only_twin,SLOWDOWN,False,1.4485291535733276,42.5638498837417,0.005,42,0.7142857142857143,1.0,1.0,1.0,0.0,,1.0,1.0,0.0,21413.328345375267,
test,5011,1.0,B2_observed_only_twin,SLOWDOWN,False,1.4485291535733276,42.5638498837417,0.01,42,0.7142857142857143,1.0,1.0,1.0,0.0,,1.0,1.0,0.006666666666666667,21413.328345375267,
test,5011,1.0,B2_observed_only_twin,SLOWDOWN,False,1.4485291535733276,42.5638498837417,0.02,42,0.7142857142857143,1.0,1.0,1.0,0.0,,1.0,1.0,0.013333333333333334,21413.328345375267,
test,5011,1.0,B2_observed_only_twin,SLOWDOWN,False,1.4485291535733276,42.5638498837417,0.05,42,0.7380952380952381,1.0,1.0,1.0,0.0,,1.0,1.0,0.03333333333333333,21413.328345375267,
test,5011,1.0,B2_observed_only_twin,SLOWDOWN,False,1.4485291535733276,42.5638498837417,0.1,42,0.7857142857142857,1.0,0.9696969696969697,0.9696969696969697,0.0,,1.0,1.0,0.05333333333333334,21413.328345375267,
test,5011,1.0,B0_SPC_observed,SLOWDOWN,False,1.4485291535733276,5.124273832797681,0.005,42,0.6904761904761905,1.0,0.9655172413793104,0.9655172413793104,0.0,,1.0,1.0,0.02,21413.328345375267,
test,5011,1.0,B0_SPC_observed,SLOWDOWN,False,1.4485291535733276,5.124273832797681,0.01,42,0.7142857142857143,1.0,0.9333333333333333,0.9333333333333333,0.0,,1.0,1.0,0.02,21413.328345375267,
test,5011,1.0,B0_SPC_observed,SLOWDOWN,False,1.4485291535733276,5.124273832797681,0.02,42,0.7142857142857143,1.0,0.9333333333333333,0.9333333333333333,0.0,,1.0,1.0,0.02,21413.328345375267,
test,5011,1.0,B0_SPC_observed,SLOWDOWN,False,1.4485291535733276,5.124273832797681,0.05,42,0.7380952380952381,1.0,0.9354838709677419,0.9354838709677419,0.0,,1.0,1.0,0.04666666666666667,21413.328345375267,
test,5011,1.0,B0_SPC_observed,SLOWDOWN,False,1.4485291535733276,5.124273832797681,0.1,42,0.7380952380952381,1.0,0.9354838709677419,0.9354838709677419,0.0,,1.0,1.0,0.06,21413.328345375267,
test,5011,1.0,B1_IsolationForest,SLOWDOWN,False,1.4485291535733276,0.7784702529546166,0.005,42,0.0,0.0,,,,,0.0,0.0,0.0,,
test,5011,1.0,B1_IsolationForest,SLOWDOWN,False,1.4485291535733276,0.7784702529546166,0.01,42,0.0,0.0,,,,,0.0,0.0,0.0,,
test,5011,1.0,B1_IsolationForest,SLOWDOWN,False,1.4485291535733276,0.7784702529546166,0.02,42,0.0,0.0,,,,,0.0,0.0,0.0,,
test,5011,1.0,B1_IsolationForest,SLOWDOWN,False,1.4485291535733276,0.7784702529546166,0.05,42,0.7619047619047619,1.0,0.0,0.0,5.0,,0.0,0.0,0.03333333333333333,22622.189975918493,
test,5011,1.0,B1_IsolationForest,SLOWDOWN,False,1.4485291535733276,0.7784702529546166,0.1,42,0.8095238095238095,1.0,0.0,0.0,5.0,,0.0,0.0,0.11333333333333333,21413.328345375267,
test,5011,0.75,RippleTwin,SLOWDOWN,True,1.4485291535733276,31.30364205825687,0.005,42,0.7142857142857143,1.0,0.9,1.0,0.0,,1.0,1.0,0.0,21413.328345375267,
test,5011,0.75,RippleTwin,SLOWDOWN,True,1.4485291535733276,31.30364205825687,0.01,42,0.7142857142857143,1.0,0.9,1.0,0.0,,1.0,1.0,0.0,21413.328345375267,
test,5011,0.75,RippleTwin,SLOWDOWN,True,1.4485291535733276,31.30364205825687,0.02,42,0.7380952380952381,1.0,0.8709677419354839,1.0,0.0,,1.0,1.0,0.006666666666666667,21413.328345375267,
test,5011,0.75,RippleTwin,SLOWDOWN,True,1.4485291535733276,31.30364205825687,0.05,42,0.7619047619047619,1.0,0.84375,0.96875,0.0,,1.0,1.0,0.02666666666666667,21413.328345375267,
test,5011,0.75,RippleTwin,SLOWDOWN,True,1.4485291535733276,31.30364205825687,0.1,42,0.8333333333333334,1.0,0.7714285714285715,0.9142857142857143,0.0,,1.0,1.0,0.07333333333333333,21413.328345375267,
test,5011,0.75,B2_observed_only_twin,SLOWDOWN,True,1.4485291535733276,31.30364205825687,0.005,42,0.6904761904761905,1.0,0.0,1.0,1.0,,0.0,1.0,0.0,21722.008529019033,
test,5011,0.75,B2_observed_only_twin,SLOWDOWN,True,1.4485291535733276,31.30364205825687,0.01,42,0.6904761904761905,1.0,0.0,1.0,1.0,,0.0,1.0,0.0,21413.328345375267,
test,5011,0.75,B2_observed_only_twin,SLOWDOWN,True,1.4485291535733276,31.30364205825687,0.02,42,0.7142857142857143,1.0,0.0,1.0,1.0,,0.0,1.0,0.0,21413.328345375267,
test,5011,0.75,B2_observed_only_twin,SLOWDOWN,True,1.4485291535733276,31.30364205825687,0.05,42,0.7380952380952381,1.0,0.0,0.967741935483871,1.0,,0.0,1.0,0.02666666666666667,21413.328345375267,
test,5011,0.75,B2_observed_only_twin,SLOWDOWN,True,1.4485291535733276,31.30364205825687,0.1,42,0.8333333333333334,1.0,0.0,0.8857142857142857,1.0,,0.0,1.0,0.07333333333333333,21413.328345375267,
test,5011,0.75,B0_SPC_observed,SLOWDOWN,True,1.4485291535733276,5.061702559429017,0.005,42,0.047619047619047616,1.0,0.0,0.0,13.0,,0.0,0.0,0.0,35570.35901498943,
test,5011,0.75,B0_SPC_observed,SLOWDOWN,True,1.4485291535733276,5.061702559429017,0.01,42,0.047619047619047616,1.0,0.0,0.0,13.0,,0.0,0.0,0.0,35570.35901498943,
test,5011,0.75,B0_SPC_observed,SLOWDOWN,True,1.4485291535733276,5.061702559429017,0.02,42,0.047619047619047616,1.0,0.0,0.0,13.0,,0.0,0.0,0.0,35570.35901498943,
test,5011,0.75,B0_SPC_observed,SLOWDOWN,True,1.4485291535733276,5.061702559429017,0.05,42,0.047619047619047616,1.0,0.0,0.0,13.0,,0.0,0.0,0.02666666666666667,35570.35901498943,
test,5011,0.75,B0_SPC_observed,SLOWDOWN,True,1.4485291535733276,5.061702559429017,0.1,42,0.047619047619047616,1.0,0.0,0.0,13.0,,0.0,0.0,0.03333333333333333,35570.35901498943,
test,5011,0.75,B1_IsolationForest,SLOWDOWN,True,1.4485291535733276,0.7423023198141773,0.005,42,0.7619047619047619,1.0,0.0,0.0,5.0,,0.0,0.0,0.02,22622.189975918493,
test,5011,0.75,B1_IsolationForest,SLOWDOWN,True,1.4485291535733276,0.7423023198141773,0.01,42,0.7619047619047619,1.0,0.0,0.0,5.0,,0.0,0.0,0.04666666666666667,21413.328345375267,
test,5011,0.75,B1_IsolationForest,SLOWDOWN,True,1.4485291535733276,0.7423023198141773,0.02,42,0.7619047619047619,1.0,0.0,0.0,5.0,,0.0,0.0,0.07333333333333333,21413.328345375267,
test,5011,0.75,B1_IsolationForest,SLOWDOWN,True,1.4485291535733276,0.7423023198141773,0.05,42,0.8095238095238095,1.0,0.0,0.0,5.0,,0.0,0.0,0.11333333333333333,21413.328345375267,
test,5011,0.75,B1_IsolationForest,SLOWDOWN,True,1.4485291535733276,0.7423023198141773,0.1,42,0.8571428571428571,1.0,0.0,0.0,5.0,,0.0,0.0,0.2,21413.328345375267,
test,5011,0.5,RippleTwin,SLOWDOWN,True,1.4485291535733276,39.99294167411538,0.005,42,0.7142857142857143,1.0,0.0,0.0,3.0,,0.0,0.0,0.0,22321.83134890026,
test,5011,0.5,RippleTwin,SLOWDOWN,True,1.4485291535733276,39.99294167411538,0.01,42,0.7142857142857143,1.0,0.0,0.0,3.0,,0.0,0.0,0.0,22321.83134890026,
test,5011,0.5,RippleTwin,SLOWDOWN,True,1.4485291535733276,39.99294167411538,0.02,42,0.7619047619047619,1.0,0.0,0.0,3.0,,0.0,0.0,0.0,22321.83134890026,
test,5011,0.5,RippleTwin,SLOWDOWN,True,1.4485291535733276,39.99294167411538,0.05,42,0.8571428571428571,1.0,0.0,0.0,3.0,,0.0,0.0,0.02666666666666667,21413.328345375267,
test,5011,0.5,RippleTwin,SLOWDOWN,True,1.4485291535733276,39.99294167411538,0.1,42,0.9047619047619048,1.0,0.0,0.0,3.0,,0.0,0.0,0.09333333333333334,21413.328345375267,
test,5011,0.5,B2_observed_only_twin,SLOWDOWN,True,1.4485291535733276,39.987745614480566,0.005,42,0.7142857142857143,1.0,0.0,0.0,4.0,,0.0,0.0,0.0,22622.189975918493,
test,5011,0.5,B2_observed_only_twin,SLOWDOWN,True,1.4485291535733276,39.987745614480566,0.01,42,0.7142857142857143,1.0,0.0,0.0,4.0,,0.0,0.0,0.0,22321.83134890026,
test,5011,0.5,B2_observed_only_twin,SLOWDOWN,True,1.4485291535733276,39.987745614480566,0.02,42,0.7619047619047619,1.0,0.0,0.0,4.0,,0.0,0.0,0.0,22321.83134890026,
test,5011,0.5,B2_observed_only_twin,SLOWDOWN,True,1.4485291535733276,39.987745614480566,0.05,42,0.8571428571428571,1.0,0.0,0.0,4.0,,0.0,0.0,0.03333333333333333,21413.328345375267,
test,5011,0.5,B2_observed_only_twin,SLOWDOWN,True,1.4485291535733276,39.987745614480566,0.1,42,0.9047619047619048,1.0,0.0,0.0,4.0,,0.0,0.0,0.10666666666666667,21413.328345375267,
test,5011,0.5,B0_SPC_observed,SLOWDOWN,True,1.4485291535733276,5.012127239822025,0.005,42,0.047619047619047616,1.0,0.0,0.0,13.0,,0.0,0.0,0.0,35570.35901498943,
test,5011,0.5,B0_SPC_observed,SLOWDOWN,True,1.4485291535733276,5.012127239822025,0.01,42,0.047619047619047616,1.0,0.0,0.0,13.0,,0.0,0.0,0.0,35570.35901498943,
test,5011,0.5,B0_SPC_observed,SLOWDOWN,True,1.4485291535733276,5.012127239822025,0.02,42,0.047619047619047616,1.0,0.0,0.0,13.0,,0.0,0.0,0.02,35570.35901498943,
test,5011,0.5,B0_SPC_observed,SLOWDOWN,True,1.4485291535733276,5.012127239822025,0.05,42,0.047619047619047616,1.0,0.0,0.0,13.0,,0.0,0.0,0.03333333333333333,35570.35901498943,
test,5011,0.5,B0_SPC_observed,SLOWDOWN,True,1.4485291535733276,5.012127239822025,0.1,42,0.047619047619047616,1.0,0.0,0.0,13.0,,0.0,0.0,0.03333333333333333,35570.35901498943,
test,5011,0.5,B1_IsolationForest,SLOWDOWN,True,1.4485291535733276,0.7423023198141773,0.005,42,0.7619047619047619,1.0,0.0,0.0,5.0,,0.0,0.0,0.02,23814.6470912605,
test,5011,0.5,B1_IsolationForest,SLOWDOWN,True,1.4485291535733276,0.7423023198141773,0.01,42,0.7619047619047619,1.0,0.0,0.0,5.0,,0.0,0.0,0.04,23814.6470912605,
test,5011,0.5,B1_IsolationForest,SLOWDOWN,True,1.4485291535733276,0.7423023198141773,0.02,42,0.7619047619047619,1.0,0.0,0.0,5.0,,0.0,0.0,0.05333333333333334,23814.6470912605,
test,5011,0.5,B1_IsolationForest,SLOWDOWN,True,1.4485291535733276,0.7423023198141773,0.05,42,0.8333333333333334,1.0,0.0,0.0,5.0,,0.0,0.0,0.12666666666666668,21722.008529019033,
test,5011,0.5,B1_IsolationForest,SLOWDOWN,True,1.4485291535733276,0.7423023198141773,0.1,42,0.8809523809523809,1.0,0.0,0.0,5.0,,0.0,0.0,0.17333333333333334,21413.328345375267,
test,5011,0.25,RippleTwin,SLOWDOWN,True,1.4485291535733276,23.87887940963418,0.005,42,0.47619047619047616,1.0,0.0,0.4,2.0,,0.0,0.0,0.0,25612.996985580736,
test,5011,0.25,RippleTwin,SLOWDOWN,True,1.4485291535733276,23.87887940963418,0.01,42,0.5,1.0,0.0,0.42857142857142855,2.0,,0.0,0.0,0.0,25612.996985580736,
test,5011,0.25,RippleTwin,SLOWDOWN,True,1.4485291535733276,23.87887940963418,0.02,42,0.7380952380952381,1.0,0.0,0.3870967741935484,2.0,,0.0,1.0,0.013333333333333334,25313.54440106639,
test,5011,0.25,RippleTwin,SLOWDOWN,True,1.4485291535733276,23.87887940963418,0.05,42,0.7619047619047619,1.0,0.0,0.375,2.0,,0.0,1.0,0.02666666666666667,25313.54440106639,
test,5011,0.25,RippleTwin,SLOWDOWN,True,1.4485291535733276,23.87887940963418,0.1,42,0.7857142857142857,1.0,0.0,0.36363636363636365,2.0,,0.0,1.0,0.13333333333333333,22622.189975918493,
test,5011,0.25,B2_observed_only_twin,SLOWDOWN,True,1.4485291535733276,23.87066583332845,0.005,42,0.5,1.0,0.0,0.0,2.0,,0.0,0.0,0.0,25612.996985580736,
test,5011,0.25,B2_observed_only_twin,SLOWDOWN,True,1.4485291535733276,23.87066583332845,0.01,42,0.5,1.0,0.0,0.0,2.0,,0.0,0.0,0.0,25612.996985580736,
test,5011,0.25,B2_observed_only_twin,SLOWDOWN,True,1.4485291535733276,23.87066583332845,0.02,42,0.7380952380952381,1.0,0.0,0.0,2.0,,0.0,0.0,0.013333333333333334,25612.996985580736,
test,5011,0.25,B2_observed_only_twin,SLOWDOWN,True,1.4485291535733276,23.87066583332845,0.05,42,0.7619047619047619,1.0,0.0,0.0,2.0,,0.0,0.0,0.02,25313.54440106639,
test,5011,0.25,B2_observed_only_twin,SLOWDOWN,True,1.4485291535733276,23.87066583332845,0.1,42,0.7857142857142857,1.0,0.0,0.0,2.0,,0.0,0.0,0.12,22622.189975918493,
test,5011,0.25,B0_SPC_observed,SLOWDOWN,True,1.4485291535733276,4.674774997918179,0.005,42,0.0,0.0,,,,,0.0,0.0,0.0,,
test,5011,0.25,B0_SPC_observed,SLOWDOWN,True,1.4485291535733276,4.674774997918179,0.01,42,0.0,0.0,,,,,0.0,0.0,0.013333333333333334,,
test,5011,0.25,B0_SPC_observed,SLOWDOWN,True,1.4485291535733276,4.674774997918179,0.02,42,0.0,0.0,,,,,0.0,0.0,0.02,,
test,5011,0.25,B0_SPC_observed,SLOWDOWN,True,1.4485291535733276,4.674774997918179,0.05,42,0.0,0.0,,,,,0.0,0.0,0.02666666666666667,,
test,5011,0.25,B0_SPC_observed,SLOWDOWN,True,1.4485291535733276,4.674774997918179,0.1,42,0.0,0.0,,,,,0.0,0.0,0.06666666666666667,,
test,5011,0.25,B1_IsolationForest,SLOWDOWN,True,1.4485291535733276,0.7158774793615637,0.005,42,0.07142857142857142,1.0,0.0,0.0,2.0,,0.0,0.0,0.0,30716.22736280978,
test,5011,0.25,B1_IsolationForest,SLOWDOWN,True,1.4485291535733276,0.7158774793615637,0.01,42,0.21428571428571427,1.0,0.0,0.0,11.0,,0.0,0.0,0.0,24422.080021938702,
test,5011,0.25,B1_IsolationForest,SLOWDOWN,True,1.4485291535733276,0.7158774793615637,0.02,42,0.3333333333333333,1.0,0.0,0.0,6.5,,0.0,0.0,0.0,23814.6470912605,
test,5011,0.25,B1_IsolationForest,SLOWDOWN,True,1.4485291535733276,0.7158774793615637,0.05,42,0.4523809523809524,1.0,0.0,0.0,11.0,,0.0,0.0,0.006666666666666667,23814.6470912605,
test,5011,0.25,B1_IsolationForest,SLOWDOWN,True,1.4485291535733276,0.7158774793615637,0.1,42,0.5238095238095238,1.0,0.0,0.0,6.5,,0.0,0.0,0.013333333333333334,23814.6470912605,
test,5014,1.0,RippleTwin,QUALITY_DRIFT,False,13.019213797604646,42.5638498837417,0.005,63,0.0,0.0,,,,,0.0,0.0,0.0,,
test,5014,1.0,RippleTwin,QUALITY_DRIFT,False,13.019213797604646,42.5638498837417,0.01,63,0.0,0.0,,,,,0.0,0.0,0.0,,
test,5014,1.0,RippleTwin,QUALITY_DRIFT,False,13.019213797604646,42.5638498837417,0.02,63,0.0,0.0,,,,,0.0,0.0,0.0,,
test,5014,1.0,RippleTwin,QUALITY_DRIFT,False,13.019213797604646,42.5638498837417,0.05,63,0.0,0.0,,,,,0.0,0.0,0.007575757575757576,,
test,5014,1.0,RippleTwin,QUALITY_DRIFT,False,13.019213797604646,42.5638498837417,0.1,63,0.047619047619047616,1.0,0.0,0.0,33.0,,0.0,0.0,0.12878787878787878,44226.30595517879,
test,5014,1.0,B2_observed_only_twin,QUALITY_DRIFT,False,13.019213797604646,42.5638498837417,0.005,63,0.0,0.0,,,,,0.0,0.0,0.0,,
test,5014,1.0,B2_observed_only_twin,QUALITY_DRIFT,False,13.019213797604646,42.5638498837417,0.01,63,0.0,0.0,,,,,0.0,0.0,0.0,,
test,5014,1.0,B2_observed_only_twin,QUALITY_DRIFT,False,13.019213797604646,42.5638498837417,0.02,63,0.0,0.0,,,,,0.0,0.0,0.0,,
test,5014,1.0,B2_observed_only_twin,QUALITY_DRIFT,False,13.019213797604646,42.5638498837417,0.05,63,0.0,0.0,,,,,0.0,0.0,0.007575757575757576,,
test,5014,1.0,B2_observed_only_twin,QUALITY_DRIFT,False,13.019213797604646,42.5638498837417,0.1,63,0.047619047619047616,1.0,0.0,0.0,33.0,,0.0,0.0,0.12878787878787878,44226.30595517879,
test,5014,1.0,B0_SPC_observed,QUALITY_DRIFT,False,13.019213797604646,5.124273832797681,0.005,63,0.031746031746031744,1.0,0.0,0.0,33.0,,0.0,0.0,0.007575757575757576,51780.53223656449,
test,5014,1.0,B0_SPC_observed,QUALITY_DRIFT,False,13.019213797604646,5.124273832797681,0.01,63,0.031746031746031744,1.0,0.0,0.0,33.0,,0.0,0.0,0.015151515151515152,51780.53223656449,
test,5014,1.0,B0_SPC_observed,QUALITY_DRIFT,False,13.019213797604646,5.124273832797681,0.02,63,0.047619047619047616,1.0,0.0,0.0,33.0,,0.0,0.0,0.015151515151515152,43926.41383229675,
test,5014,1.0,B0_SPC_observed,QUALITY_DRIFT,False,13.019213797604646,5.124273832797681,0.05,63,0.07936507936507936,1.0,0.0,0.0,5.0,,0.0,0.0,0.015151515151515152,43614.77681201735,
test,5014,1.0,B0_SPC_observed,QUALITY_DRIFT,False,13.019213797604646,5.124273832797681,0.1,63,0.07936507936507936,1.0,0.0,0.0,5.0,,0.0,0.0,0.03787878787878788,43614.77681201735,
test,5014,1.0,B1_IsolationForest,QUALITY_DRIFT,False,13.019213797604646,0.7784702529546166,0.005,63,0.0,0.0,,,,,0.0,0.0,0.0,,
test,5014,1.0,B1_IsolationForest,QUALITY_DRIFT,False,13.019213797604646,0.7784702529546166,0.01,63,0.0,0.0,,,,,0.0,0.0,0.0,,
test,5014,1.0,B1_IsolationForest,QUALITY_DRIFT,False,13.019213797604646,0.7784702529546166,0.02,63,0.0,0.0,,,,,0.0,0.0,0.0,,
test,5014,1.0,B1_IsolationForest,QUALITY_DRIFT,False,13.019213797604646,0.7784702529546166,0.05,63,0.0,0.0,,,,,0.0,0.0,0.015151515151515152,,
test,5014,1.0,B1_IsolationForest,QUALITY_DRIFT,False,13.019213797604646,0.7784702529546166,0.1,63,0.0,0.0,,,,,0.0,0.0,0.09848484848484848,,
test,5014,0.75,RippleTwin,QUALITY_DRIFT,False,13.019213797604646,31.30364205825687,0.005,63,0.0,0.0,,,,,0.0,0.0,0.0,,
test,5014,0.75,RippleTwin,QUALITY_DRIFT,False,13.019213797604646,31.30364205825687,0.01,63,0.0,0.0,,,,,0.0,0.0,0.0,,
test,5014,0.75,RippleTwin,QUALITY_DRIFT,False,13.019213797604646,31.30364205825687,0.02,63,0.0,0.0,,,,,0.0,0.0,0.0,,
test,5014,0.75,RippleTwin,QUALITY_DRIFT,False,13.019213797604646,31.30364205825687,0.05,63,0.0,0.0,,,,,0.0,0.0,0.0,,
test,5014,0.75,RippleTwin,QUALITY_DRIFT,False,13.019213797604646,31.30364205825687,0.1,63,0.047619047619047616,1.0,0.0,0.0,33.0,,0.0,0.0,0.12121212121212122,44226.30595517879,
test,5014,0.75,B2_observed_only_twin,QUALITY_DRIFT,False,13.019213797604646,31.30364205825687,0.005,63,0.0,0.0,,,,,0.0,0.0,0.0,,
test,5014,0.75,B2_observed_only_twin,QUALITY_DRIFT,False,13.019213797604646,31.30364205825687,0.01,63,0.0,0.0,,,,,0.0,0.0,0.0,,
test,5014,0.75,B2_observed_only_twin,QUALITY_DRIFT,False,13.019213797604646,31.30364205825687,0.02,63,0.0,0.0,,,,,0.0,0.0,0.0,,
test,5014,0.75,B2_observed_only_twin,QUALITY_DRIFT,False,13.019213797604646,31.30364205825687,0.05,63,0.031746031746031744,1.0,0.0,0.0,33.0,,0.0,0.0,0.015151515151515152,51780.53223656449,
test,5014,0.75,B2_observed_only_twin,QUALITY_DRIFT,False,13.019213797604646,31.30364205825687,0.1,63,0.047619047619047616,1.0,0.0,0.0,33.0,,0.0,0.0,0.15151515151515152,44226.30595517879,
test,5014,0.75,B0_SPC_observed,QUALITY_DRIFT,False,13.019213797604646,5.061702559429017,0.005,63,0.031746031746031744,1.0,0.0,0.0,33.0,,0.0,0.0,0.015151515151515152,51780.53223656449,
test,5014,0.75,B0_SPC_observed,QUALITY_DRIFT,False,13.019213797604646,5.061702559429017,0.01,63,0.047619047619047616,1.0,0.0,0.0,33.0,,0.0,0.0,0.015151515151515152,43926.41383229675,
test,5014,0.75,B0_SPC_observed,QUALITY_DRIFT,False,13.019213797604646,5.061702559429017,0.02,63,0.047619047619047616,1.0,0.0,0.0,33.0,,0.0,0.0,0.015151515151515152,43926.41383229675,
test,5014,0.75,B0_SPC_observed,QUALITY_DRIFT,False,13.019213797604646,5.061702559429017,0.05,63,0.07936507936507936,1.0,0.0,0.0,5.0,,0.0,0.0,0.015151515151515152,43614.77681201735,
test,5014,0.75,B0_SPC_observed,QUALITY_DRIFT,False,13.019213797604646,5.061702559429017,0.1,63,0.07936507936507936,1.0,0.0,0.0,5.0,,0.0,0.0,0.03787878787878788,43614.77681201735,
test,5014,0.75,B1_IsolationForest,QUALITY_DRIFT,False,13.019213797604646,0.7423023198141773,0.005,63,0.0,0.0,,,,,0.0,0.0,0.015151515151515152,,
test,5014,0.75,B1_IsolationForest,QUALITY_DRIFT,False,13.019213797604646,0.7423023198141773,0.01,63,0.0,0.0,,,,,0.0,0.0,0.015151515151515152,,
test,5014,0.75,B1_IsolationForest,QUALITY_DRIFT,False,13.019213797604646,0.7423023198141773,0.02,63,0.0,0.0,,,,,0.0,0.0,0.015151515151515152,,
test,5014,0.75,B1_IsolationForest,QUALITY_DRIFT,False,13.019213797604646,0.7423023198141773,0.05,63,0.0,0.0,,,,,0.0,0.0,0.05303030303030303,,
test,5014,0.75,B1_IsolationForest,QUALITY_DRIFT,False,13.019213797604646,0.7423023198141773,0.1,63,0.0,0.0,,,,,0.0,0.0,0.11363636363636363,,
test,5014,0.5,RippleTwin,QUALITY_DRIFT,False,13.019213797604646,39.99294167411538,0.005,63,0.0,0.0,,,,,0.0,0.0,0.0,,
test,5014,0.5,RippleTwin,QUALITY_DRIFT,False,13.019213797604646,39.99294167411538,0.01,63,0.0,0.0,,,,,0.0,0.0,0.0,,
test,5014,0.5,RippleTwin,QUALITY_DRIFT,False,13.019213797604646,39.99294167411538,0.02,63,0.0,0.0,,,,,0.0,0.0,0.0,,
test,5014,0.5,RippleTwin,QUALITY_DRIFT,False,13.019213797604646,39.99294167411538,0.05,63,0.0,0.0,,,,,0.0,0.0,0.007575757575757576,,
test,5014,0.5,RippleTwin,QUALITY_DRIFT,False,13.019213797604646,39.99294167411538,0.1,63,0.015873015873015872,1.0,0.0,0.0,33.0,,0.0,0.0,0.11363636363636363,52106.59694088039,
test,5014,0.5,B2_observed_only_twin,QUALITY_DRIFT,False,13.019213797604646,39.987745614480566,0.005,63,0.0,0.0,,,,,0.0,0.0,0.0,,
test,5014,0.5,B2_observed_only_twin,QUALITY_DRIFT,False,13.019213797604646,39.987745614480566,0.01,63,0.0,0.0,,,,,0.0,0.0,0.0,,
test,5014,0.5,B2_observed_only_twin,QUALITY_DRIFT,False,13.019213797604646,39.987745614480566,0.02,63,0.0,0.0,,,,,0.0,0.0,0.0,,
test,5014,0.5,B2_observed_only_twin,QUALITY_DRIFT,False,13.019213797604646,39.987745614480566,0.05,63,0.0,0.0,,,,,0.0,0.0,0.007575757575757576,,
test,5014,0.5,B2_observed_only_twin,QUALITY_DRIFT,False,13.019213797604646,39.987745614480566,0.1,63,0.031746031746031744,1.0,0.0,0.0,33.0,,0.0,0.0,0.11363636363636363,51780.53223656449,
test,5014,0.5,B0_SPC_observed,QUALITY_DRIFT,False,13.019213797604646,5.012127239822025,0.005,63,0.031746031746031744,1.0,0.0,0.0,33.0,,0.0,0.0,0.007575757575757576,51780.53223656449,
test,5014,0.5,B0_SPC_observed,QUALITY_DRIFT,False,13.019213797604646,5.012127239822025,0.01,63,0.047619047619047616,1.0,0.0,0.0,33.0,,0.0,0.0,0.007575757575757576,43926.41383229675,
test,5014,0.5,B0_SPC_observed,QUALITY_DRIFT,False,13.019213797604646,5.012127239822025,0.02,63,0.07936507936507936,1.0,0.0,0.0,5.0,,0.0,0.0,0.007575757575757576,43614.77681201735,
test,5014,0.5,B0_SPC_observed,QUALITY_DRIFT,False,13.019213797604646,5.012127239822025,0.05,63,0.07936507936507936,1.0,0.0,0.0,5.0,,0.0,0.0,0.030303030303030304,43614.77681201735,
test,5014,0.5,B0_SPC_observed,QUALITY_DRIFT,False,13.019213797604646,5.012127239822025,0.1,63,0.07936507936507936,1.0,0.0,0.0,5.0,,0.0,0.0,0.05303030303030303,43614.77681201735,
test,5014,0.5,B1_IsolationForest,QUALITY_DRIFT,False,13.019213797604646,0.7423023198141773,0.005,63,0.0,0.0,,,,,0.0,0.0,0.0,,
test,5014,0.5,B1_IsolationForest,QUALITY_DRIFT,False,13.019213797604646,0.7423023198141773,0.01,63,0.0,0.0,,,,,0.0,0.0,0.0,,
test,5014,0.5,B1_IsolationForest,QUALITY_DRIFT,False,13.019213797604646,0.7423023198141773,0.02,63,0.0,0.0,,,,,0.0,0.0,0.007575757575757576,,
test,5014,0.5,B1_IsolationForest,QUALITY_DRIFT,False,13.019213797604646,0.7423023198141773,0.05,63,0.0,0.0,,,,,0.0,0.0,0.06060606060606061,,
test,5014,0.5,B1_IsolationForest,QUALITY_DRIFT,False,13.019213797604646,0.7423023198141773,0.1,63,0.0,0.0,,,,,0.0,0.0,0.13636363636363635,,
test,5014,0.25,RippleTwin,QUALITY_DRIFT,True,13.019213797604646,23.87887940963418,0.005,63,0.0,0.0,,,,,0.0,0.0,0.0,,
test,5014,0.25,RippleTwin,QUALITY_DRIFT,True,13.019213797604646,23.87887940963418,0.01,63,0.0,0.0,,,,,0.0,0.0,0.0,,
test,5014,0.25,RippleTwin,QUALITY_DRIFT,True,13.019213797604646,23.87887940963418,0.02,63,0.0,0.0,,,,,0.0,0.0,0.06818181818181818,,
test,5014,0.25,RippleTwin,QUALITY_DRIFT,True,13.019213797604646,23.87887940963418,0.05,63,0.0,0.0,,,,,0.0,0.0,0.1590909090909091,,
test,5014,0.25,RippleTwin,QUALITY_DRIFT,True,13.019213797604646,23.87887940963418,0.1,63,0.0,0.0,,,,,0.0,0.0,0.23484848484848486,,
test,5014,0.25,B2_observed_only_twin,QUALITY_DRIFT,True,13.019213797604646,23.87066583332845,0.005,63,0.0,0.0,,,,,0.0,0.0,0.0,,
test,5014,0.25,B2_observed_only_twin,QUALITY_DRIFT,True,13.019213797604646,23.87066583332845,0.01,63,0.0,0.0,,,,,0.0,0.0,0.0,,
test,5014,0.25,B2_observed_only_twin,QUALITY_DRIFT,True,13.019213797604646,23.87066583332845,0.02,63,0.0,0.0,,,,,0.0,0.0,0.045454545454545456,,
test,5014,0.25,B2_observed_only_twin,QUALITY_DRIFT,True,13.019213797604646,23.87066583332845,0.05,63,0.0,0.0,,,,,0.0,0.0,0.15151515151515152,,
test,5014,0.25,B2_observed_only_twin,QUALITY_DRIFT,True,13.019213797604646,23.87066583332845,0.1,63,0.0,0.0,,,,,0.0,0.0,0.22727272727272727,,
test,5014,0.25,B0_SPC_observed,QUALITY_DRIFT,True,13.019213797604646,4.674774997918179,0.005,63,0.0,0.0,,,,,0.0,0.0,0.0,,
test,5014,0.25,B0_SPC_observed,QUALITY_DRIFT,True,13.019213797604646,4.674774997918179,0.01,63,0.0,0.0,,,,,0.0,0.0,0.0,,
test,5014,0.25,B0_SPC_observed,QUALITY_DRIFT,True,13.019213797604646,4.674774997918179,0.02,63,0.0,0.0,,,,,0.0,0.0,0.007575757575757576,,
test,5014,0.25,B0_SPC_observed,QUALITY_DRIFT,True,13.019213797604646,4.674774997918179,0.05,63,0.0,0.0,,,,,0.0,0.0,0.007575757575757576,,
test,5014,0.25,B0_SPC_observed,QUALITY_DRIFT,True,13.019213797604646,4.674774997918179,0.1,63,0.015873015873015872,1.0,0.0,0.0,8.0,,0.0,0.0,0.015151515151515152,50430.01287608942,
test,5014,0.25,B1_IsolationForest,QUALITY_DRIFT,True,13.019213797604646,0.7158774793615637,0.005,63,0.0,0.0,,,,,0.0,0.0,0.022727272727272728,,
test,5014,0.25,B1_IsolationForest,QUALITY_DRIFT,True,13.019213797604646,0.7158774793615637,0.01,63,0.0,0.0,,,,,0.0,0.0,0.022727272727272728,,
test,5014,0.25,B1_IsolationForest,QUALITY_DRIFT,True,13.019213797604646,0.7158774793615637,0.02,63,0.0,0.0,,,,,0.0,0.0,0.03787878787878788,,
test,5014,0.25,B1_IsolationForest,QUALITY_DRIFT,True,13.019213797604646,0.7158774793615637,0.05,63,0.0,0.0,,,,,0.0,0.0,0.045454545454545456,,
test,5014,0.25,B1_IsolationForest,QUALITY_DRIFT,True,13.019213797604646,0.7158774793615637,0.1,63,0.0,0.0,,,,,0.0,0.0,0.05303030303030303,,
test,5015,1.0,RippleTwin,QUALITY_DRIFT,False,9.84571496591007,42.5638498837417,0.005,74,0.0,0.0,,,,,0.0,0.0,0.0,,
test,5015,1.0,RippleTwin,QUALITY_DRIFT,False,9.84571496591007,42.5638498837417,0.01,74,0.0,0.0,,,,,0.0,0.0,0.0,,
test,5015,1.0,RippleTwin,QUALITY_DRIFT,False,9.84571496591007,42.5638498837417,0.02,74,0.04054054054054054,1.0,0.0,0.0,16.0,,0.0,0.0,0.0,41816.56087758072,
test,5015,1.0,RippleTwin,QUALITY_DRIFT,False,9.84571496591007,42.5638498837417,0.05,74,0.04054054054054054,1.0,0.0,0.0,16.0,,0.0,0.0,0.025210084033613446,41816.56087758072,
test,5015,1.0,RippleTwin,QUALITY_DRIFT,False,9.84571496591007,42.5638498837417,0.1,74,0.05405405405405406,1.0,0.0,0.0,16.0,,0.0,0.0,0.13445378151260504,41816.56087758072,
test,5015,1.0,B2_observed_only_twin,QUALITY_DRIFT,False,9.84571496591007,42.5638498837417,0.005,74,0.0,0.0,,,,,0.0,0.0,0.0,,
test,5015,1.0,B2_observed_only_twin,QUALITY_DRIFT,False,9.84571496591007,42.5638498837417,0.01,74,0.0,0.0,,,,,0.0,0.0,0.0,,
test,5015,1.0,B2_observed_only_twin,QUALITY_DRIFT,False,9.84571496591007,42.5638498837417,0.02,74,0.04054054054054054,1.0,0.0,0.0,16.0,,0.0,0.0,0.0,41816.56087758072,
test,5015,1.0,B2_observed_only_twin,QUALITY_DRIFT,False,9.84571496591007,42.5638498837417,0.05,74,0.04054054054054054,1.0,0.0,0.0,16.0,,0.0,0.0,0.025210084033613446,41816.56087758072,
test,5015,1.0,B2_observed_only_twin,QUALITY_DRIFT,False,9.84571496591007,42.5638498837417,0.1,74,0.05405405405405406,1.0,0.0,0.0,16.0,,0.0,0.0,0.13445378151260504,41816.56087758072,
test,5015,1.0,B0_SPC_observed,QUALITY_DRIFT,False,9.84571496591007,5.124273832797681,0.005,74,0.0,0.0,,,,,0.0,0.0,0.0,,
test,5015,1.0,B0_SPC_observed,QUALITY_DRIFT,False,9.84571496591007,5.124273832797681,0.01,74,0.0,0.0,,,,,0.0,0.0,0.0,,
test,5015,1.0,B0_SPC_observed,QUALITY_DRIFT,False,9.84571496591007,5.124273832797681,0.02,74,0.013513513513513514,1.0,0.0,0.0,4.0,,0.0,0.0,0.0,46622.606027713264,
test,5015,1.0,B0_SPC_observed,QUALITY_DRIFT,False,9.84571496591007,5.124273832797681,0.05,74,0.02702702702702703,1.0,0.0,0.0,4.0,,0.0,0.0,0.0,43960.36783377618,
test,5015,1.0,B0_SPC_observed,QUALITY_DRIFT,False,9.84571496591007,5.124273832797681,0.1,74,0.04054054054054054,1.0,0.0,0.0,4.0,,0.0,0.0,0.01680672268907563,43668.820263753376,
test,5015,1.0,B1_IsolationForest,QUALITY_DRIFT,False,9.84571496591007,0.7784702529546166,0.005,74,0.0,0.0,,,,,0.0,0.0,0.0,,
test,5015,1.0,B1_IsolationForest,QUALITY_DRIFT,False,9.84571496591007,0.7784702529546166,0.01,74,0.0,0.0,,,,,0.0,0.0,0.0,,
test,5015,1.0,B1_IsolationForest,QUALITY_DRIFT,False,9.84571496591007,0.7784702529546166,0.02,74,0.0,0.0,,,,,0.0,0.0,0.0,,
test,5015,1.0,B1_IsolationForest,QUALITY_DRIFT,False,9.84571496591007,0.7784702529546166,0.05,74,0.0,0.0,,,,,0.0,0.0,0.008403361344537815,,
test,5015,1.0,B1_IsolationForest,QUALITY_DRIFT,False,9.84571496591007,0.7784702529546166,0.1,74,0.02702702702702703,1.0,0.0,0.0,14.5,,0.0,0.0,0.05042016806722689,36417.02920972136,
test,5015,0.75,RippleTwin,QUALITY_DRIFT,True,9.84571496591007,31.30364205825687,0.005,74,0.0,0.0,,,,,0.0,0.0,0.0,,
test,5015,0.75,RippleTwin,QUALITY_DRIFT,True,9.84571496591007,31.30364205825687,0.01,74,0.0,0.0,,,,,0.0,0.0,0.0,,
test,5015,0.75,RippleTwin,QUALITY_DRIFT,True,9.84571496591007,31.30364205825687,0.02,74,0.013513513513513514,1.0,0.0,0.0,17.0,,0.0,0.0,0.0,42117.62038334762,
test,5015,0.75,RippleTwin,QUALITY_DRIFT,True,9.84571496591007,31.30364205825687,0.05,74,0.04054054054054054,1.0,0.0,0.0,17.0,,0.0,0.0,0.04201680672268908,41816.56087758072,
test,5015,0.75,RippleTwin,QUALITY_DRIFT,True,9.84571496591007,31.30364205825687,0.1,74,0.08108108108108109,1.0,0.0,0.0,17.0,,0.0,0.0,0.15966386554621848,36712.453385521156,
test,5015,0.75,B2_observed_only_twin,QUALITY_DRIFT,True,9.84571496591007,31.30364205825687,0.005,74,0.0,0.0,,,,,0.0,0.0,0.0,,
test,5015,0.75,B2_observed_only_twin,QUALITY_DRIFT,True,9.84571496591007,31.30364205825687,0.01,74,0.0,0.0,,,,,0.0,0.0,0.0,,
test,5015,0.75,B2_observed_only_twin,QUALITY_DRIFT,True,9.84571496591007,31.30364205825687,0.02,74,0.013513513513513514,1.0,0.0,0.0,16.0,,0.0,0.0,0.0,42117.62038334762,
test,5015,0.75,B2_observed_only_twin,QUALITY_DRIFT,True,9.84571496591007,31.30364205825687,0.05,74,0.04054054054054054,1.0,0.0,0.0,16.0,,0.0,0.0,0.06722689075630252,41816.56087758072,
test,5015,0.75,B2_observed_only_twin,QUALITY_DRIFT,True,9.84571496591007,31.30364205825687,0.1,74,0.08108108108108109,1.0,0.0,0.0,16.0,,0.0,0.0,0.20168067226890757,36712.453385521156,
test,5015,0.75,B0_SPC_observed,QUALITY_DRIFT,True,9.84571496591007,5.061702559429017,0.005,74,0.0,0.0,,,,,0.0,0.0,0.0,,
test,5015,0.75,B0_SPC_observed,QUALITY_DRIFT,True,9.84571496591007,5.061702559429017,0.01,74,0.0,0.0,,,,,0.0,0.0,0.0,,
test,5015,0.75,B0_SPC_observed,QUALITY_DRIFT,True,9.84571496591007,5.061702559429017,0.02,74,0.013513513513513514,1.0,0.0,0.0,4.0,,0.0,0.0,0.0,46622.606027713264,
test,5015,0.75,B0_SPC_observed,QUALITY_DRIFT,True,9.84571496591007,5.061702559429017,0.05,74,0.02702702702702703,1.0,0.0,0.0,4.0,,0.0,0.0,0.0,43960.36783377618,
test,5015,0.75,B0_SPC_observed,QUALITY_DRIFT,True,9.84571496591007,5.061702559429017,0.1,74,0.04054054054054054,1.0,0.0,0.0,4.0,,0.0,0.0,0.01680672268907563,43668.820263753376,
test,5015,0.75,B1_IsolationForest,QUALITY_DRIFT,True,9.84571496591007,0.7423023198141773,0.005,74,0.0,0.0,,,,,0.0,0.0,0.008403361344537815,,
test,5015,0.75,B1_IsolationForest,QUALITY_DRIFT,True,9.84571496591007,0.7423023198141773,0.01,74,0.0,0.0,,,,,0.0,0.0,0.01680672268907563,,
test,5015,0.75,B1_IsolationForest,QUALITY_DRIFT,True,9.84571496591007,0.7423023198141773,0.02,74,0.0,0.0,,,,,0.0,0.0,0.01680672268907563,,
test,5015,0.75,B1_IsolationForest,QUALITY_DRIFT,True,9.84571496591007,0.7423023198141773,0.05,74,0.02702702702702703,1.0,0.0,0.0,14.5,,0.0,0.0,0.05042016806722689,36417.02920972136,
test,5015,0.75,B1_IsolationForest,QUALITY_DRIFT,True,9.84571496591007,0.7423023198141773,0.1,74,0.12162162162162163,1.0,0.0,0.0,7.0,,0.0,0.0,0.08403361344537816,36417.02920972136,
test,5015,0.5,RippleTwin,QUALITY_DRIFT,True,9.84571496591007,39.99294167411538,0.005,74,0.0,0.0,,,,,0.0,0.0,0.0,,
test,5015,0.5,RippleTwin,QUALITY_DRIFT,True,9.84571496591007,39.99294167411538,0.01,74,0.0,0.0,,,,,0.0,0.0,0.0,,
test,5015,0.5,RippleTwin,QUALITY_DRIFT,True,9.84571496591007,39.99294167411538,0.02,74,0.04054054054054054,1.0,0.0,0.0,17.0,,0.0,0.0,0.008403361344537815,41816.56087758072,
test,5015,0.5,RippleTwin,QUALITY_DRIFT,True,9.84571496591007,39.99294167411538,0.05,74,0.04054054054054054,1.0,0.0,0.0,17.0,,0.0,0.0,0.11764705882352941,41816.56087758072,
test,5015,0.5,RippleTwin,QUALITY_DRIFT,True,9.84571496591007,39.99294167411538,0.1,74,0.05405405405405406,1.0,0.0,0.0,17.0,,0.0,0.0,0.2605042016806723,41816.56087758072,
test,5015,0.5,B2_observed_only_twin,QUALITY_DRIFT,True,9.84571496591007,39.987745614480566,0.005,74,0.0,0.0,,,,,0.0,0.0,0.0,,
test,5015,0.5,B2_observed_only_twin,QUALITY_DRIFT,True,9.84571496591007,39.987745614480566,0.01,74,0.0,0.0,,,,,0.0,0.0,0.0,,
test,5015,0.5,B2_observed_only_twin,QUALITY_DRIFT,True,9.84571496591007,39.987745614480566,0.02,74,0.02702702702702703,1.0,0.0,0.0,16.0,,0.0,0.0,0.0,41816.56087758072,
test,5015,0.5,B2_observed_only_twin,QUALITY_DRIFT,True,9.84571496591007,39.987745614480566,0.05,74,0.04054054054054054,1.0,0.0,0.0,16.0,,0.0,0.0,0.15126050420168066,41816.56087758072,
test,5015,0.5,B2_observed_only_twin,QUALITY_DRIFT,True,9.84571496591007,39.987745614480566,0.1,74,0.05405405405405406,1.0,0.0,0.0,16.0,,0.0,0.0,0.2689075630252101,41816.56087758072,
test,5015,0.5,B0_SPC_observed,QUALITY_DRIFT,True,9.84571496591007,5.012127239822025,0.005,74,0.0,0.0,,,,,0.0,0.0,0.0,,
test,5015,0.5,B0_SPC_observed,QUALITY_DRIFT,True,9.84571496591007,5.012127239822025,0.01,74,0.013513513513513514,1.0,0.0,0.0,4.0,,0.0,0.0,0.0,46622.606027713264,
test,5015,0.5,B0_SPC_observed,QUALITY_DRIFT,True,9.84571496591007,5.012127239822025,0.02,74,0.013513513513513514,1.0,0.0,0.0,4.0,,0.0,0.0,0.0,46622.606027713264,
test,5015,0.5,B0_SPC_observed,QUALITY_DRIFT,True,9.84571496591007,5.012127239822025,0.05,74,0.02702702702702703,1.0,0.0,0.0,4.0,,0.0,0.0,0.008403361344537815,43960.36783377618,
test,5015,0.5,B0_SPC_observed,QUALITY_DRIFT,True,9.84571496591007,5.012127239822025,0.1,74,0.08108108108108109,1.0,0.0,0.0,9.5,,0.0,0.0,0.03361344537815126,40011.96215416967,
test,5015,0.5,B1_IsolationForest,QUALITY_DRIFT,True,9.84571496591007,0.7423023198141773,0.005,74,0.0,0.0,,,,,0.0,0.0,0.008403361344537815,,
test,5015,0.5,B1_IsolationForest,QUALITY_DRIFT,True,9.84571496591007,0.7423023198141773,0.01,74,0.0,0.0,,,,,0.0,0.0,0.01680672268907563,,
test,5015,0.5,B1_IsolationForest,QUALITY_DRIFT,True,9.84571496591007,0.7423023198141773,0.02,74,0.0,0.0,,,,,0.0,0.0,0.01680672268907563,,
test,5015,0.5,B1_IsolationForest,QUALITY_DRIFT,True,9.84571496591007,0.7423023198141773,0.05,74,0.04054054054054054,1.0,0.0,0.0,14.0,,0.0,0.0,0.09243697478991597,36417.02920972136,
test,5015,0.5,B1_IsolationForest,QUALITY_DRIFT,True,9.84571496591007,0.7423023198141773,0.1,74,0.12162162162162163,1.0,0.0,0.0,17.0,,0.0,0.0,0.11764705882352941,36417.02920972136,
test,5015,0.25,RippleTwin,QUALITY_DRIFT,True,9.84571496591007,23.87887940963418,0.005,74,0.0,0.0,,,,,0.0,0.0,0.0,,
test,5015,0.25,RippleTwin,QUALITY_DRIFT,True,9.84571496591007,23.87887940963418,0.01,74,0.0,0.0,,,,,0.0,0.0,0.0,,
test,5015,0.25,RippleTwin,QUALITY_DRIFT,True,9.84571496591007,23.87887940963418,0.02,74,0.013513513513513514,1.0,0.0,0.0,17.0,,0.0,0.0,0.09243697478991597,42424.41972435694,
test,5015,0.25,RippleTwin,QUALITY_DRIFT,True,9.84571496591007,23.87887940963418,0.05,74,0.02702702702702703,1.0,0.0,0.0,17.0,,0.0,0.0,0.17647058823529413,42117.62038334762,
test,5015,0.25,RippleTwin,QUALITY_DRIFT,True,9.84571496591007,23.87887940963418,0.1,74,0.06756756756756757,1.0,0.0,0.0,17.0,,0.0,0.0,0.2773109243697479,42117.62038334762,
test,5015,0.25,B2_observed_only_twin,QUALITY_DRIFT,True,9.84571496591007,23.87066583332845,0.005,74,0.0,0.0,,,,,0.0,0.0,0.0,,
test,5015,0.25,B2_observed_only_twin,QUALITY_DRIFT,True,9.84571496591007,23.87066583332845,0.01,74,0.0,0.0,,,,,0.0,0.0,0.0,,
test,5015,0.25,B2_observed_only_twin,QUALITY_DRIFT,True,9.84571496591007,23.87066583332845,0.02,74,0.0,0.0,,,,,0.0,0.0,0.1092436974789916,,
test,5015,0.25,B2_observed_only_twin,QUALITY_DRIFT,True,9.84571496591007,23.87066583332845,0.05,74,0.02702702702702703,1.0,0.0,0.0,10.0,,0.0,0.0,0.20168067226890757,42424.41972435694,
test,5015,0.25,B2_observed_only_twin,QUALITY_DRIFT,True,9.84571496591007,23.87066583332845,0.1,74,0.08108108108108109,1.0,0.0,0.0,4.0,,0.0,0.0,0.2857142857142857,42117.62038334762,
test,5015,0.25,B0_SPC_observed,QUALITY_DRIFT,True,9.84571496591007,4.674774997918179,0.005,74,0.013513513513513514,1.0,0.0,0.0,4.0,,0.0,0.0,0.0,46622.606027713264,
test,5015,0.25,B0_SPC_observed,QUALITY_DRIFT,True,9.84571496591007,4.674774997918179,0.01,74,0.013513513513513514,1.0,0.0,0.0,4.0,,0.0,0.0,0.0,46622.606027713264,
test,5015,0.25,B0_SPC_observed,QUALITY_DRIFT,True,9.84571496591007,4.674774997918179,0.02,74,0.02702702702702703,1.0,0.0,0.0,4.0,,0.0,0.0,0.0,43960.36783377618,
test,5015,0.25,B0_SPC_observed,QUALITY_DRIFT,True,9.84571496591007,4.674774997918179,0.05,74,0.06756756756756757,1.0,0.0,0.0,4.0,,0.0,0.0,0.04201680672268908,42731.62662479362,
test,5015,0.25,B0_SPC_observed,QUALITY_DRIFT,True,9.84571496591007,4.674774997918179,0.1,74,0.13513513513513514,1.0,0.0,0.0,4.0,,0.0,0.0,0.07563025210084033,42731.62662479362,
test,5015,0.25,B1_IsolationForest,QUALITY_DRIFT,True,9.84571496591007,0.7158774793615637,0.005,74,0.013513513513513514,1.0,0.0,0.0,6.0,,0.0,0.0,0.0,49878.96677306474,
test,5015,0.25,B1_IsolationForest,QUALITY_DRIFT,True,9.84571496591007,0.7158774793615637,0.01,74,0.04054054054054054,1.0,0.0,0.0,2.0,,0.0,0.0,0.0,46919.56458859643,
test,5015,0.25,B1_IsolationForest,QUALITY_DRIFT,True,9.84571496591007,0.7158774793615637,0.02,74,0.06756756756756757,1.0,0.0,0.0,6.0,,0.0,0.0,0.03361344537815126,42731.62662479362,
test,5015,0.25,B1_IsolationForest,QUALITY_DRIFT,True,9.84571496591007,0.7158774793615637,0.05,74,0.08108108108108109,1.0,0.0,0.0,4.0,,0.0,0.0,0.06722689075630252,42731.62662479362,
test,5015,0.25,B1_IsolationForest,QUALITY_DRIFT,True,9.84571496591007,0.7158774793615637,0.1,74,0.08108108108108109,1.0,0.0,0.0,4.0,,0.0,0.0,0.08403361344537816,42731.62662479362,
test,5017,1.0,RippleTwin,QUALITY_DRIFT,False,11.271547897221904,42.5638498837417,0.005,65,0.0,0.0,,,,,0.0,0.0,0.0,,
test,5017,1.0,RippleTwin,QUALITY_DRIFT,False,11.271547897221904,42.5638498837417,0.01,65,0.0,0.0,,,,,0.0,0.0,0.0,,
test,5017,1.0,RippleTwin,QUALITY_DRIFT,False,11.271547897221904,42.5638498837417,0.02,65,0.0,0.0,,,,,0.0,0.0,0.0,,
test,5017,1.0,RippleTwin,QUALITY_DRIFT,False,11.271547897221904,42.5638498837417,0.05,65,0.015384615384615385,1.0,0.0,0.0,25.0,,0.0,0.0,0.022900763358778626,31020.95945843707,
test,5017,1.0,RippleTwin,QUALITY_DRIFT,False,11.271547897221904,42.5638498837417,0.1,65,0.015384615384615385,1.0,0.0,0.0,25.0,,0.0,0.0,0.06870229007633588,30715.857289724987,
test,5017,1.0,B2_observed_only_twin,QUALITY_DRIFT,False,11.271547897221904,42.5638498837417,0.005,65,0.0,0.0,,,,,0.0,0.0,0.0,,
test,5017,1.0,B2_observed_only_twin,QUALITY_DRIFT,False,11.271547897221904,42.5638498837417,0.01,65,0.0,0.0,,,,,0.0,0.0,0.0,,
test,5017,1.0,B2_observed_only_twin,QUALITY_DRIFT,False,11.271547897221904,42.5638498837417,0.02,65,0.0,0.0,,,,,0.0,0.0,0.0,,
test,5017,1.0,B2_observed_only_twin,QUALITY_DRIFT,False,11.271547897221904,42.5638498837417,0.05,65,0.015384615384615385,1.0,0.0,0.0,25.0,,0.0,0.0,0.022900763358778626,31020.95945843707,
test,5017,1.0,B2_observed_only_twin,QUALITY_DRIFT,False,11.271547897221904,42.5638498837417,0.1,65,0.015384615384615385,1.0,0.0,0.0,25.0,,0.0,0.0,0.06870229007633588,30715.857289724987,
test,5017,1.0,B0_SPC_observed,QUALITY_DRIFT,False,11.271547897221904,5.124273832797681,0.005,65,0.0,0.0,,,,,0.0,0.0,0.007633587786259542,,
test,5017,1.0,B0_SPC_observed,QUALITY_DRIFT,False,11.271547897221904,5.124273832797681,0.01,65,0.0,0.0,,,,,0.0,0.0,0.015267175572519083,,
test,5017,1.0,B0_SPC_observed,QUALITY_DRIFT,False,11.271547897221904,5.124273832797681,0.02,65,0.0,0.0,,,,,0.0,0.0,0.015267175572519083,,
test,5017,1.0,B0_SPC_observed,QUALITY_DRIFT,False,11.271547897221904,5.124273832797681,0.05,65,0.0,0.0,,,,,0.0,0.0,0.05343511450381679,,
test,5017,1.0,B0_SPC_observed,QUALITY_DRIFT,False,11.271547897221904,5.124273832797681,0.1,65,0.06153846153846154,1.0,0.0,0.0,5.0,,0.0,0.0,0.0916030534351145,39117.23117951602,
test,5017,1.0,B1_IsolationForest,QUALITY_DRIFT,False,11.271547897221904,0.7784702529546166,0.005,65,0.0,0.0,,,,,0.0,0.0,0.0,,
test,5017,1.0,B1_IsolationForest,QUALITY_DRIFT,False,11.271547897221904,0.7784702529546166,0.01,65,0.0,0.0,,,,,0.0,0.0,0.0,,
test,5017,1.0,B1_IsolationForest,QUALITY_DRIFT,False,11.271547897221904,0.7784702529546166,0.02,65,0.0,0.0,,,,,0.0,0.0,0.0,,
test,5017,1.0,B1_IsolationForest,QUALITY_DRIFT,False,11.271547897221904,0.7784702529546166,0.05,65,0.0,0.0,,,,,0.0,0.0,0.06870229007633588,,
test,5017,1.0,B1_IsolationForest,QUALITY_DRIFT,False,11.271547897221904,0.7784702529546166,0.1,65,0.0,0.0,,,,,0.0,0.0,0.0916030534351145,,
test,5017,0.75,RippleTwin,QUALITY_DRIFT,False,11.271547897221904,31.30364205825687,0.005,65,0.0,0.0,,,,,0.0,0.0,0.0,,
test,5017,0.75,RippleTwin,QUALITY_DRIFT,False,11.271547897221904,31.30364205825687,0.01,65,0.0,0.0,,,,,0.0,0.0,0.0,,
test,5017,0.75,RippleTwin,QUALITY_DRIFT,False,11.271547897221904,31.30364205825687,0.02,65,0.0,0.0,,,,,0.0,0.0,0.0,,
test,5017,0.75,RippleTwin,QUALITY_DRIFT,False,11.271547897221904,31.30364205825687,0.05,65,0.0,0.0,,,,,0.0,0.0,0.030534351145038167,,
test,5017,0.75,RippleTwin,QUALITY_DRIFT,False,11.271547897221904,31.30364205825687,0.1,65,0.015384615384615385,1.0,0.0,0.0,26.0,,0.0,0.0,0.10687022900763359,30423.06247668065,
test,5017,0.75,B2_observed_only_twin,QUALITY_DRIFT,False,11.271547897221904,31.30364205825687,0.005,65,0.0,0.0,,,,,0.0,0.0,0.0,,
test,5017,0.75,B2_observed_only_twin,QUALITY_DRIFT,False,11.271547897221904,31.30364205825687,0.01,65,0.0,0.0,,,,,0.0,0.0,0.0,,
test,5017,0.75,B2_observed_only_twin,QUALITY_DRIFT,False,11.271547897221904,31.30364205825687,0.02,65,0.0,0.0,,,,,0.0,0.0,0.0,,
test,5017,0.75,B2_observed_only_twin,QUALITY_DRIFT,False,11.271547897221904,31.30364205825687,0.05,65,0.0,0.0,,,,,0.0,0.0,0.04580152671755725,,
test,5017,0.75,B2_observed_only_twin,QUALITY_DRIFT,False,11.271547897221904,31.30364205825687,0.1,65,0.03076923076923077,1.0,0.0,0.0,15.5,,0.0,0.0,0.15267175572519084,30715.857289724987,
test,5017,0.75,B0_SPC_observed,QUALITY_DRIFT,False,11.271547897221904,5.061702559429017,0.005,65,0.0,0.0,,,,,0.0,0.0,0.015267175572519083,,
test,5017,0.75,B0_SPC_observed,QUALITY_DRIFT,False,11.271547897221904,5.061702559429017,0.01,65,0.0,0.0,,,,,0.0,0.0,0.015267175572519083,,
test,5017,0.75,B0_SPC_observed,QUALITY_DRIFT,False,11.271547897221904,5.061702559429017,0.02,65,0.0,0.0,,,,,0.0,0.0,0.015267175572519083,,
test,5017,0.75,B0_SPC_observed,QUALITY_DRIFT,False,11.271547897221904,5.061702559429017,0.05,65,0.0,0.0,,,,,0.0,0.0,0.05343511450381679,,
test,5017,0.75,B0_SPC_observed,QUALITY_DRIFT,False,11.271547897221904,5.061702559429017,0.1,65,0.06153846153846154,1.0,0.0,0.0,5.0,,0.0,0.0,0.0916030534351145,39117.23117951602,
test,5017,0.75,B1_IsolationForest,QUALITY_DRIFT,False,11.271547897221904,0.7423023198141773,0.005,65,0.0,0.0,,,,,0.0,0.0,0.06870229007633588,,
test,5017,0.75,B1_IsolationForest,QUALITY_DRIFT,False,11.271547897221904,0.7423023198141773,0.01,65,0.0,0.0,,,,,0.0,0.0,0.06870229007633588,,
test,5017,0.75,B1_IsolationForest,QUALITY_DRIFT,False,11.271547897221904,0.7423023198141773,0.02,65,0.0,0.0,,,,,0.0,0.0,0.06870229007633588,,
test,5017,0.75,B1_IsolationForest,QUALITY_DRIFT,False,11.271547897221904,0.7423023198141773,0.05,65,0.0,0.0,,,,,0.0,0.0,0.0916030534351145,,
test,5017,0.75,B1_IsolationForest,QUALITY_DRIFT,False,11.271547897221904,0.7423023198141773,0.1,65,0.0,0.0,,,,,0.0,0.0,0.09923664122137404,,
test,5017,0.5,RippleTwin,QUALITY_DRIFT,False,11.271547897221904,39.99294167411538,0.005,65,0.0,0.0,,,,,0.0,0.0,0.0,,
test,5017,0.5,RippleTwin,QUALITY_DRIFT,False,11.271547897221904,39.99294167411538,0.01,65,0.0,0.0,,,,,0.0,0.0,0.0,,
test,5017,0.5,RippleTwin,QUALITY_DRIFT,False,11.271547897221904,39.99294167411538,0.02,65,0.0,0.0,,,,,0.0,0.0,0.0,,
test,5017,0.5,RippleTwin,QUALITY_DRIFT,False,11.271547897221904,39.99294167411538,0.05,65,0.0,0.0,,,,,0.0,0.0,0.022900763358778626,,
test,5017,0.5,RippleTwin,QUALITY_DRIFT,False,11.271547897221904,39.99294167411538,0.1,65,0.015384615384615385,1.0,0.0,0.0,26.0,,0.0,0.0,0.04580152671755725,30423.06247668065,
test,5017,0.5,B2_observed_only_twin,QUALITY_DRIFT,False,11.271547897221904,39.987745614480566,0.005,65,0.0,0.0,,,,,0.0,0.0,0.0,,
test,5017,0.5,B2_observed_only_twin,QUALITY_DRIFT,False,11.271547897221904,39.987745614480566,0.01,65,0.0,0.0,,,,,0.0,0.0,0.0,,
test,5017,0.5,B2_observed_only_twin,QUALITY_DRIFT,False,11.271547897221904,39.987745614480566,0.02,65,0.0,0.0,,,,,0.0,0.0,0.0,,
test,5017,0.5,B2_observed_only_twin,QUALITY_DRIFT,False,11.271547897221904,39.987745614480566,0.05,65,0.0,0.0,,,,,0.0,0.0,0.022900763358778626,,
test,5017,0.5,B2_observed_only_twin,QUALITY_DRIFT,False,11.271547897221904,39.987745614480566,0.1,65,0.015384615384615385,1.0,0.0,0.0,25.0,,0.0,0.0,0.061068702290076333,30423.06247668065,
test,5017,0.5,B0_SPC_observed,QUALITY_DRIFT,False,11.271547897221904,5.012127239822025,0.005,65,0.0,0.0,,,,,0.0,0.0,0.015267175572519083,,
test,5017,0.5,B0_SPC_observed,QUALITY_DRIFT,False,11.271547897221904,5.012127239822025,0.01,65,0.0,0.0,,,,,0.0,0.0,0.015267175572519083,,
test,5017,0.5,B0_SPC_observed,QUALITY_DRIFT,False,11.271547897221904,5.012127239822025,0.02,65,0.0,0.0,,,,,0.0,0.0,0.04580152671755725,,
test,5017,0.5,B0_SPC_observed,QUALITY_DRIFT,False,11.271547897221904,5.012127239822025,0.05,65,0.06153846153846154,1.0,0.0,0.0,5.0,,0.0,0.0,0.0916030534351145,39117.23117951602,
test,5017,0.5,B0_SPC_observed,QUALITY_DRIFT,False,11.271547897221904,5.012127239822025,0.1,65,0.06153846153846154,1.0,0.0,0.0,5.0,,0.0,0.0,0.11450381679389313,39117.23117951602,
test,5017,0.5,B1_IsolationForest,QUALITY_DRIFT,False,11.271547897221904,0.7423023198141773,0.005,65,0.0,0.0,,,,,0.0,0.0,0.04580152671755725,,
test,5017,0.5,B1_IsolationForest,QUALITY_DRIFT,False,11.271547897221904,0.7423023198141773,0.01,65,0.0,0.0,,,,,0.0,0.0,0.04580152671755725,,
test,5017,0.5,B1_IsolationForest,QUALITY_DRIFT,False,11.271547897221904,0.7423023198141773,0.02,65,0.0,0.0,,,,,0.0,0.0,0.04580152671755725,,
test,5017,0.5,B1_IsolationForest,QUALITY_DRIFT,False,11.271547897221904,0.7423023198141773,0.05,65,0.0,0.0,,,,,0.0,0.0,0.08396946564885496,,
test,5017,0.5,B1_IsolationForest,QUALITY_DRIFT,False,11.271547897221904,0.7423023198141773,0.1,65,0.0,0.0,,,,,0.0,0.0,0.09923664122137404,,
test,5017,0.25,RippleTwin,QUALITY_DRIFT,True,11.271547897221904,23.87887940963418,0.005,65,0.0,0.0,,,,,0.0,0.0,0.0,,
test,5017,0.25,RippleTwin,QUALITY_DRIFT,True,11.271547897221904,23.87887940963418,0.01,65,0.0,0.0,,,,,0.0,0.0,0.0,,
test,5017,0.25,RippleTwin,QUALITY_DRIFT,True,11.271547897221904,23.87887940963418,0.02,65,0.03076923076923077,1.0,0.0,0.0,26.0,,0.0,0.0,0.05343511450381679,30715.857289724987,
test,5017,0.25,RippleTwin,QUALITY_DRIFT,True,11.271547897221904,23.87887940963418,0.05,65,0.046153846153846156,1.0,0.0,0.0,26.0,,0.0,0.0,0.11450381679389313,30423.06247668065,
test,5017,0.25,RippleTwin,QUALITY_DRIFT,True,11.271547897221904,23.87887940963418,0.1,65,0.07692307692307693,1.0,0.0,0.0,26.0,,0.0,0.0,0.1984732824427481,30423.06247668065,
test,5017,0.25,B2_observed_only_twin,QUALITY_DRIFT,True,11.271547897221904,23.87066583332845,0.005,65,0.0,0.0,,,,,0.0,0.0,0.0,,
test,5017,0.25,B2_observed_only_twin,QUALITY_DRIFT,True,11.271547897221904,23.87066583332845,0.01,65,0.0,0.0,,,,,0.0,0.0,0.0,,
test,5017,0.25,B2_observed_only_twin,QUALITY_DRIFT,True,11.271547897221904,23.87066583332845,0.02,65,0.015384615384615385,1.0,0.0,0.0,25.0,,0.0,0.0,0.04580152671755725,42417.4118651374,
test,5017,0.25,B2_observed_only_twin,QUALITY_DRIFT,True,11.271547897221904,23.87066583332845,0.05,65,0.046153846153846156,1.0,0.0,0.0,25.0,,0.0,0.0,0.12213740458015267,30715.857289724987,
test,5017,0.25,B2_observed_only_twin,QUALITY_DRIFT,True,11.271547897221904,23.87066583332845,0.1,65,0.09230769230769231,1.0,0.0,0.0,15.0,,0.0,0.0,0.19083969465648856,30423.06247668065,
test,5017,0.25,B0_SPC_observed,QUALITY_DRIFT,True,11.271547897221904,4.674774997918179,0.005,65,0.0,0.0,,,,,0.0,0.0,0.0,,
test,5017,0.25,B0_SPC_observed,QUALITY_DRIFT,True,11.271547897221904,4.674774997918179,0.01,65,0.0,0.0,,,,,0.0,0.0,0.015267175572519083,,
test,5017,0.25,B0_SPC_observed,QUALITY_DRIFT,True,11.271547897221904,4.674774997918179,0.02,65,0.0,0.0,,,,,0.0,0.0,0.030534351145038167,,
test,5017,0.25,B0_SPC_observed,QUALITY_DRIFT,True,11.271547897221904,4.674774997918179,0.05,65,0.06153846153846154,1.0,0.0,0.0,5.0,,0.0,0.0,0.05343511450381679,39117.23117951602,
test,5017,0.25,B0_SPC_observed,QUALITY_DRIFT,True,11.271547897221904,4.674774997918179,0.1,65,0.1076923076923077,1.0,0.0,0.0,5.0,,0.0,0.0,0.07633587786259542,37316.34864368783,
test,5017,0.25,B1_IsolationForest,QUALITY_DRIFT,True,11.271547897221904,0.7158774793615637,0.005,65,0.0,0.0,,,,,0.0,0.0,0.030534351145038167,,
test,5017,0.25,B1_IsolationForest,QUALITY_DRIFT,True,11.271547897221904,0.7158774793615637,0.01,65,0.0,0.0,,,,,0.0,0.0,0.030534351145038167,,
test,5017,0.25,B1_IsolationForest,QUALITY_DRIFT,True,11.271547897221904,0.7158774793615637,0.02,65,0.0,0.0,,,,,0.0,0.0,0.03816793893129771,,
test,5017,0.25,B1_IsolationForest,QUALITY_DRIFT,True,11.271547897221904,0.7158774793615637,0.05,65,0.0,0.0,,,,,0.0,0.0,0.05343511450381679,,
test,5017,0.25,B1_IsolationForest,QUALITY_DRIFT,True,11.271547897221904,0.7158774793615637,0.1,65,0.0,0.0,,,,,0.0,0.0,0.05343511450381679,,
test,5018,1.0,RippleTwin,SLOWDOWN,False,1.2030161082769026,42.5638498837417,0.005,49,0.04081632653061224,1.0,1.0,1.0,0.0,,1.0,1.0,0.0,33412.05504847492,
test,5018,1.0,RippleTwin,SLOWDOWN,False,1.2030161082769026,42.5638498837417,0.01,49,0.20408163265306123,1.0,1.0,1.0,0.0,,1.0,1.0,0.0,29520.466563845923,
test,5018,1.0,RippleTwin,SLOWDOWN,False,1.2030161082769026,42.5638498837417,0.02,49,0.40816326530612246,1.0,1.0,1.0,0.0,,1.0,1.0,0.0,28612.57190018066,
test,5018,1.0,RippleTwin,SLOWDOWN,False,1.2030161082769026,42.5638498837417,0.05,49,0.5918367346938775,1.0,1.0,1.0,0.0,,1.0,1.0,0.014388489208633094,22317.327010910125,
test,5018,1.0,RippleTwin,SLOWDOWN,False,1.2030161082769026,42.5638498837417,0.1,49,0.7346938775510204,1.0,1.0,1.0,0.0,,1.0,1.0,0.04316546762589928,22012.073865712515,
test,5018,1.0,B2_observed_only_twin,SLOWDOWN,False,1.2030161082769026,42.5638498837417,0.005,49,0.04081632653061224,1.0,1.0,1.0,0.0,,1.0,1.0,0.0,33412.05504847492,
test,5018,1.0,B2_observed_only_twin,SLOWDOWN,False,1.2030161082769026,42.5638498837417,0.01,49,0.20408163265306123,1.0,1.0,1.0,0.0,,1.0,1.0,0.0,29520.466563845923,
test,5018,1.0,B2_observed_only_twin,SLOWDOWN,False,1.2030161082769026,42.5638498837417,0.02,49,0.40816326530612246,1.0,1.0,1.0,0.0,,1.0,1.0,0.0,28612.57190018066,
test,5018,1.0,B2_observed_only_twin,SLOWDOWN,False,1.2030161082769026,42.5638498837417,0.05,49,0.5918367346938775,1.0,1.0,1.0,0.0,,1.0,1.0,0.014388489208633094,22317.327010910125,
test,5018,1.0,B2_observed_only_twin,SLOWDOWN,False,1.2030161082769026,42.5638498837417,0.1,49,0.7346938775510204,1.0,1.0,1.0,0.0,,1.0,1.0,0.04316546762589928,22012.073865712515,
test,5018,1.0,B0_SPC_observed,SLOWDOWN,False,1.2030161082769026,5.124273832797681,0.005,49,0.3877551020408163,1.0,1.0,1.0,0.0,,1.0,1.0,0.0,22317.327010910125,
test,5018,1.0,B0_SPC_observed,SLOWDOWN,False,1.2030161082769026,5.124273832797681,0.01,49,0.42857142857142855,1.0,1.0,1.0,0.0,,1.0,1.0,0.014388489208633094,22012.073865712515,
test,5018,1.0,B0_SPC_observed,SLOWDOWN,False,1.2030161082769026,5.124273832797681,0.02,49,0.4897959183673469,1.0,1.0,1.0,0.0,,1.0,1.0,0.014388489208633094,22012.073865712515,
test,5018,1.0,B0_SPC_observed,SLOWDOWN,False,1.2030161082769026,5.124273832797681,0.05,49,0.5510204081632653,1.0,1.0,1.0,0.0,,1.0,1.0,0.02158273381294964,22012.073865712515,
test,5018,1.0,B0_SPC_observed,SLOWDOWN,False,1.2030161082769026,5.124273832797681,0.1,49,0.6122448979591837,1.0,1.0,1.0,0.0,,1.0,1.0,0.03597122302158273,22012.073865712515,
test,5018,1.0,B1_IsolationForest,SLOWDOWN,False,1.2030161082769026,0.7784702529546166,0.005,49,0.0,0.0,,,,,0.0,0.0,0.0,,
test,5018,1.0,B1_IsolationForest,SLOWDOWN,False,1.2030161082769026,0.7784702529546166,0.01,49,0.0,0.0,,,,,0.0,0.0,0.0,,
test,5018,1.0,B1_IsolationForest,SLOWDOWN,False,1.2030161082769026,0.7784702529546166,0.02,49,0.0,0.0,,,,,0.0,0.0,0.0,,
test,5018,1.0,B1_IsolationForest,SLOWDOWN,False,1.2030161082769026,0.7784702529546166,0.05,49,0.04081632653061224,1.0,0.0,1.0,1.0,,0.0,1.0,0.04316546762589928,26525.553593619188,
test,5018,1.0,B1_IsolationForest,SLOWDOWN,False,1.2030161082769026,0.7784702529546166,0.1,49,0.5510204081632653,1.0,0.0,0.6666666666666666,1.0,,0.0,1.0,0.050359712230215826,21713.74589714129,
test,5018,0.75,RippleTwin,SLOWDOWN,True,1.2030161082769026,31.30364205825687,0.005,49,0.08163265306122448,1.0,1.0,1.0,0.0,,1.0,1.0,0.0,33118.430492588115,
test,5018,0.75,RippleTwin,SLOWDOWN,True,1.2030161082769026,31.30364205825687,0.01,49,0.12244897959183673,1.0,1.0,1.0,0.0,,1.0,1.0,0.0,31925.17981728098,
test,5018,0.75,RippleTwin,SLOWDOWN,True,1.2030161082769026,31.30364205825687,0.02,49,0.30612244897959184,1.0,1.0,1.0,0.0,,1.0,1.0,0.0,29220.04969562538,
test,5018,0.75,RippleTwin,SLOWDOWN,True,1.2030161082769026,31.30364205825687,0.05,49,0.4489795918367347,1.0,0.8636363636363636,0.9090909090909091,0.0,,1.0,1.0,0.007194244604316547,26815.984129599896,
test,5018,0.75,RippleTwin,SLOWDOWN,True,1.2030161082769026,31.30364205825687,0.1,49,0.6122448979591837,1.0,0.8,0.9,0.0,,1.0,1.0,0.03597122302158273,22619.643312874403,
test,5018,0.75,B2_observed_only_twin,SLOWDOWN,True,1.2030161082769026,31.30364205825687,0.005,49,0.061224489795918366,1.0,0.0,1.0,1.0,,0.0,1.0,0.0,33118.430492588115,
test,5018,0.75,B2_observed_only_twin,SLOWDOWN,True,1.2030161082769026,31.30364205825687,0.01,49,0.10204081632653061,1.0,0.0,1.0,1.0,,0.0,1.0,0.0,31925.17981728098,
test,5018,0.75,B2_observed_only_twin,SLOWDOWN,True,1.2030161082769026,31.30364205825687,0.02,49,0.2857142857142857,1.0,0.0,1.0,1.0,,0.0,1.0,0.0,29220.04969562538,
test,5018,0.75,B2_observed_only_twin,SLOWDOWN,True,1.2030161082769026,31.30364205825687,0.05,49,0.4489795918367347,1.0,0.0,0.9090909090909091,1.0,,0.0,1.0,0.014388489208633094,26525.553593619188,
test,5018,0.75,B2_observed_only_twin,SLOWDOWN,True,1.2030161082769026,31.30364205825687,0.1,49,0.5714285714285714,1.0,0.0,0.8928571428571429,1.0,,0.0,1.0,0.03597122302158273,22619.643312874403,
test,5018,0.75,B0_SPC_observed,SLOWDOWN,True,1.2030161082769026,5.061702559429017,0.005,49,0.0,0.0,,,,,0.0,0.0,0.014388489208633094,,
test,5018,0.75,B0_SPC_observed,SLOWDOWN,True,1.2030161082769026,5.061702559429017,0.01,49,0.0,0.0,,,,,0.0,0.0,0.014388489208633094,,
test,5018,0.75,B0_SPC_observed,SLOWDOWN,True,1.2030161082769026,5.061702559429017,0.02,49,0.0,0.0,,,,,0.0,0.0,0.014388489208633094,,
test,5018,0.75,B0_SPC_observed,SLOWDOWN,True,1.2030161082769026,5.061702559429017,0.05,49,0.0,0.0,,,,,0.0,0.0,0.02158273381294964,,
test,5018,0.75,B0_SPC_observed,SLOWDOWN,True,1.2030161082769026,5.061702559429017,0.1,49,0.0,0.0,,,,,0.0,0.0,0.03597122302158273,,
test,5018,0.75,B1_IsolationForest,SLOWDOWN,True,1.2030161082769026,0.7423023198141773,0.005,49,0.0,0.0,,,,,0.0,0.0,0.04316546762589928,,
test,5018,0.75,B1_IsolationForest,SLOWDOWN,True,1.2030161082769026,0.7423023198141773,0.01,49,0.04081632653061224,1.0,0.0,1.0,1.0,,0.0,1.0,0.04316546762589928,26525.553593619188,
test,5018,0.75,B1_IsolationForest,SLOWDOWN,True,1.2030161082769026,0.7423023198141773,0.02,49,0.12244897959183673,1.0,0.0,0.6666666666666666,1.0,,0.0,1.0,0.04316546762589928,25922.169787984305,
test,5018,0.75,B1_IsolationForest,SLOWDOWN,True,1.2030161082769026,0.7423023198141773,0.05,49,0.5714285714285714,1.0,0.0,0.6785714285714286,1.0,,0.0,1.0,0.050359712230215826,21713.74589714129,
test,5018,0.75,B1_IsolationForest,SLOWDOWN,True,1.2030161082769026,0.7423023198141773,0.1,49,0.7142857142857143,1.0,0.0,0.6285714285714286,1.0,,0.0,1.0,0.08633093525179857,21713.74589714129,
test,5018,0.5,RippleTwin,SLOWDOWN,True,1.2030161082769026,39.99294167411538,0.005,49,0.0,0.0,,,,,0.0,0.0,0.0,,
test,5018,0.5,RippleTwin,SLOWDOWN,True,1.2030161082769026,39.99294167411538,0.01,49,0.0,0.0,,,,,0.0,0.0,0.0,,
test,5018,0.5,RippleTwin,SLOWDOWN,True,1.2030161082769026,39.99294167411538,0.02,49,0.02040816326530612,1.0,0.0,0.0,3.0,,0.0,0.0,0.0,33711.260634798244,
test,5018,0.5,RippleTwin,SLOWDOWN,True,1.2030161082769026,39.99294167411538,0.05,49,0.10204081632653061,1.0,0.0,0.2,3.0,,0.0,0.0,0.007194244604316547,31925.17981728098,
test,5018,0.5,RippleTwin,SLOWDOWN,True,1.2030161082769026,39.99294167411538,0.1,49,0.24489795918367346,1.0,0.0,0.16666666666666666,3.0,,0.0,0.0,0.06474820143884892,26525.553593619188,
test,5018,0.5,B2_observed_only_twin,SLOWDOWN,True,1.2030161082769026,39.987745614480566,0.005,49,0.0,0.0,,,,,0.0,0.0,0.0,,
test,5018,0.5,B2_observed_only_twin,SLOWDOWN,True,1.2030161082769026,39.987745614480566,0.01,49,0.0,0.0,,,,,0.0,0.0,0.0,,
test,5018,0.5,B2_observed_only_twin,SLOWDOWN,True,1.2030161082769026,39.987745614480566,0.02,49,0.04081632653061224,1.0,0.0,0.0,4.0,,0.0,0.0,0.0,33412.05504847492,
test,5018,0.5,B2_observed_only_twin,SLOWDOWN,True,1.2030161082769026,39.987745614480566,0.05,49,0.22448979591836735,1.0,0.0,0.0,4.0,,0.0,0.0,0.014388489208633094,28612.57190018066,
test,5018,0.5,B2_observed_only_twin,SLOWDOWN,True,1.2030161082769026,39.987745614480566,0.1,49,0.3673469387755102,1.0,0.0,0.0,4.0,,0.0,0.0,0.07194244604316546,26525.553593619188,
test,5018,0.5,B0_SPC_observed,SLOWDOWN,True,1.2030161082769026,5.012127239822025,0.005,49,0.0,0.0,,,,,0.0,0.0,0.007194244604316547,,
test,5018,0.5,B0_SPC_observed,SLOWDOWN,True,1.2030161082769026,5.012127239822025,0.01,49,0.0,0.0,,,,,0.0,0.0,0.007194244604316547,,
test,5018,0.5,B0_SPC_observed,SLOWDOWN,True,1.2030161082769026,5.012127239822025,0.02,49,0.0,0.0,,,,,0.0,0.0,0.007194244604316547,,
test,5018,0.5,B0_SPC_observed,SLOWDOWN,True,1.2030161082769026,5.012127239822025,0.05,49,0.0,0.0,,,,,0.0,0.0,0.014388489208633094,,
test,5018,0.5,B0_SPC_observed,SLOWDOWN,True,1.2030161082769026,5.012127239822025,0.1,49,0.02040816326530612,1.0,0.0,0.0,5.0,,0.0,0.0,0.02877697841726619,25922.169787984305,
test,5018,0.5,B1_IsolationForest,SLOWDOWN,True,1.2030161082769026,0.7423023198141773,0.005,49,0.0,0.0,,,,,0.0,0.0,0.04316546762589928,,
test,5018,0.5,B1_IsolationForest,SLOWDOWN,True,1.2030161082769026,0.7423023198141773,0.01,49,0.0,0.0,,,,,0.0,0.0,0.04316546762589928,,
test,5018,0.5,B1_IsolationForest,SLOWDOWN,True,1.2030161082769026,0.7423023198141773,0.02,49,0.061224489795918366,1.0,0.0,0.0,4.0,,0.0,0.0,0.050359712230215826,32824.54744357434,
test,5018,0.5,B1_IsolationForest,SLOWDOWN,True,1.2030161082769026,0.7423023198141773,0.05,49,0.32653061224489793,1.0,0.0,0.0,4.0,,0.0,0.0,0.050359712230215826,27718.756261929408,
test,5018,0.5,B1_IsolationForest,SLOWDOWN,True,1.2030161082769026,0.7423023198141773,0.1,49,0.46938775510204084,1.0,0.0,0.0,4.0,,0.0,0.0,0.06474820143884892,25015.5250333184,
test,5018,0.25,RippleTwin,SLOWDOWN,True,1.2030161082769026,23.87887940963418,0.005,49,0.0,0.0,,,,,0.0,0.0,0.0,,
test,5018,0.25,RippleTwin,SLOWDOWN,True,1.2030161082769026,23.87887940963418,0.01,49,0.0,0.0,,,,,0.0,0.0,0.0,,
test,5018,0.25,RippleTwin,SLOWDOWN,True,1.2030161082769026,23.87887940963418,0.02,49,0.04081632653061224,1.0,0.0,0.0,16.0,,0.0,0.0,0.04316546762589928,28612.57190018066,
test,5018,0.25,RippleTwin,SLOWDOWN,True,1.2030161082769026,23.87887940963418,0.05,49,0.14285714285714285,1.0,0.0,0.0,16.0,,0.0,0.0,0.050359712230215826,28318.39686313359,
test,5018,0.25,RippleTwin,SLOWDOWN,True,1.2030161082769026,23.87887940963418,0.1,49,0.30612244897959184,1.0,0.0,0.0,16.0,,0.0,0.0,0.1079136690647482,21713.74589714129,
test,5018,0.25,B2_observed_only_twin,SLOWDOWN,True,1.2030161082769026,23.87066583332845,0.005,49,0.0,0.0,,,,,0.0,0.0,0.0,,
test,5018,0.25,B2_observed_only_twin,SLOWDOWN,True,1.2030161082769026,23.87066583332845,0.01,49,0.0,0.0,,,,,0.0,0.0,0.0,,
test,5018,0.25,B2_observed_only_twin,SLOWDOWN,True,1.2030161082769026,23.87066583332845,0.02,49,0.04081632653061224,1.0,0.0,0.0,17.0,,0.0,0.0,0.03597122302158273,28612.57190018066,
test,5018,0.25,B2_observed_only_twin,SLOWDOWN,True,1.2030161082769026,23.87066583332845,0.05,49,0.16326530612244897,1.0,0.0,0.0,17.0,,0.0,0.0,0.06474820143884892,28318.39686313359,
test,5018,0.25,B2_observed_only_twin,SLOWDOWN,True,1.2030161082769026,23.87066583332845,0.1,49,0.30612244897959184,1.0,0.0,0.0,17.0,,0.0,0.0,0.1079136690647482,21713.74589714129,
test,5018,0.25,B0_SPC_observed,SLOWDOWN,True,1.2030161082769026,4.674774997918179,0.005,49,0.0,0.0,,,,,0.0,0.0,0.0,,
test,5018,0.25,B0_SPC_observed,SLOWDOWN,True,1.2030161082769026,4.674774997918179,0.01,49,0.0,0.0,,,,,0.0,0.0,0.0,,
test,5018,0.25,B0_SPC_observed,SLOWDOWN,True,1.2030161082769026,4.674774997918179,0.02,49,0.0,0.0,,,,,0.0,0.0,0.0,,
test,5018,0.25,B0_SPC_observed,SLOWDOWN,True,1.2030161082769026,4.674774997918179,0.05,49,0.0,0.0,,,,,0.0,0.0,0.0,,
test,5018,0.25,B0_SPC_observed,SLOWDOWN,True,1.2030161082769026,4.674774997918179,0.1,49,0.0,0.0,,,,,0.0,0.0,0.007194244604316547,,
test,5018,0.25,B1_IsolationForest,SLOWDOWN,True,1.2030161082769026,0.7158774793615637,0.005,49,0.0,0.0,,,,,0.0,0.0,0.0,,
test,5018,0.25,B1_IsolationForest,SLOWDOWN,True,1.2030161082769026,0.7158774793615637,0.01,49,0.0,0.0,,,,,0.0,0.0,0.007194244604316547,,
test,5018,0.25,B1_IsolationForest,SLOWDOWN,True,1.2030161082769026,0.7158774793615637,0.02,49,0.0,0.0,,,,,0.0,0.0,0.02158273381294964,,
test,5018,0.25,B1_IsolationForest,SLOWDOWN,True,1.2030161082769026,0.7158774793615637,0.05,49,0.0,0.0,,,,,0.0,0.0,0.02877697841726619,,
test,5018,0.25,B1_IsolationForest,SLOWDOWN,True,1.2030161082769026,0.7158774793615637,0.1,49,0.02040816326530612,1.0,0.0,0.0,24.0,,0.0,0.0,0.050359712230215826,21713.74589714129,
test,5020,1.0,RippleTwin,QUALITY_DRIFT,False,10.688048124695761,42.5638498837417,0.005,59,0.13559322033898305,1.0,0.0,0.0,37.0,,0.0,0.0,0.0,43325.058088677346,
test,5020,1.0,RippleTwin,QUALITY_DRIFT,False,10.688048124695761,42.5638498837417,0.01,59,0.13559322033898305,1.0,0.0,0.0,37.0,,0.0,0.0,0.007518796992481203,43325.058088677346,
test,5020,1.0,RippleTwin,QUALITY_DRIFT,False,10.688048124695761,42.5638498837417,0.02,59,0.15254237288135594,1.0,0.0,0.0,37.0,,0.0,0.0,0.022556390977443608,43325.058088677346,
test,5020,1.0,RippleTwin,QUALITY_DRIFT,False,10.688048124695761,42.5638498837417,0.05,59,0.15254237288135594,1.0,0.0,0.0,37.0,,0.0,0.0,0.03007518796992481,43325.058088677346,
test,5020,1.0,RippleTwin,QUALITY_DRIFT,False,10.688048124695761,42.5638498837417,0.1,59,0.23728813559322035,1.0,0.0,0.0,37.0,,0.0,0.0,0.09022556390977443,43325.058088677346,
test,5020,1.0,B2_observed_only_twin,QUALITY_DRIFT,False,10.688048124695761,42.5638498837417,0.005,59,0.13559322033898305,1.0,0.0,0.0,37.0,,0.0,0.0,0.0,43325.058088677346,
test,5020,1.0,B2_observed_only_twin,QUALITY_DRIFT,False,10.688048124695761,42.5638498837417,0.01,59,0.13559322033898305,1.0,0.0,0.0,37.0,,0.0,0.0,0.007518796992481203,43325.058088677346,
test,5020,1.0,B2_observed_only_twin,QUALITY_DRIFT,False,10.688048124695761,42.5638498837417,0.02,59,0.15254237288135594,1.0,0.0,0.0,37.0,,0.0,0.0,0.022556390977443608,43325.058088677346,
test,5020,1.0,B2_observed_only_twin,QUALITY_DRIFT,False,10.688048124695761,42.5638498837417,0.05,59,0.15254237288135594,1.0,0.0,0.0,37.0,,0.0,0.0,0.03007518796992481,43325.058088677346,
test,5020,1.0,B2_observed_only_twin,QUALITY_DRIFT,False,10.688048124695761,42.5638498837417,0.1,59,0.23728813559322035,1.0,0.0,0.0,37.0,,0.0,0.0,0.09022556390977443,43325.058088677346,
test,5020,1.0,B0_SPC_observed,QUALITY_DRIFT,False,10.688048124695761,5.124273832797681,0.005,59,0.0,0.0,,,,,0.0,0.0,0.0,,
test,5020,1.0,B0_SPC_observed,QUALITY_DRIFT,False,10.688048124695761,5.124273832797681,0.01,59,0.0,0.0,,,,,0.0,0.0,0.007518796992481203,,
test,5020,1.0,B0_SPC_observed,QUALITY_DRIFT,False,10.688048124695761,5.124273832797681,0.02,59,0.0,0.0,,,,,0.0,0.0,0.007518796992481203,,
test,5020,1.0,B0_SPC_observed,QUALITY_DRIFT,False,10.688048124695761,5.124273832797681,0.05,59,0.01694915254237288,1.0,0.0,0.0,32.0,,0.0,0.0,0.015037593984962405,55133.87603769129,
test,5020,1.0,B0_SPC_observed,QUALITY_DRIFT,False,10.688048124695761,5.124273832797681,0.1,59,0.03389830508474576,1.0,0.0,0.0,31.5,,0.0,0.0,0.03759398496240601,49147.699329072006,
test,5020,1.0,B1_IsolationForest,QUALITY_DRIFT,False,10.688048124695761,0.7784702529546166,0.005,59,0.0,0.0,,,,,0.0,0.0,0.0,,
test,5020,1.0,B1_IsolationForest,QUALITY_DRIFT,False,10.688048124695761,0.7784702529546166,0.01,59,0.0,0.0,,,,,0.0,0.0,0.0,,
test,5020,1.0,B1_IsolationForest,QUALITY_DRIFT,False,10.688048124695761,0.7784702529546166,0.02,59,0.0,0.0,,,,,0.0,0.0,0.0,,
test,5020,1.0,B1_IsolationForest,QUALITY_DRIFT,False,10.688048124695761,0.7784702529546166,0.05,59,0.0,0.0,,,,,0.0,0.0,0.022556390977443608,,
test,5020,1.0,B1_IsolationForest,QUALITY_DRIFT,False,10.688048124695761,0.7784702529546166,0.1,59,0.0847457627118644,1.0,0.0,0.0,34.0,,0.0,0.0,0.09774436090225563,36117.98122931292,
test,5020,0.75,RippleTwin,QUALITY_DRIFT,True,10.688048124695761,31.30364205825687,0.005,59,0.13559322033898305,1.0,0.0,0.0,36.0,,0.0,0.0,0.007518796992481203,43325.058088677346,
test,5020,0.75,RippleTwin,QUALITY_DRIFT,True,10.688048124695761,31.30364205825687,0.01,59,0.13559322033898305,1.0,0.0,0.0,36.0,,0.0,0.0,0.007518796992481203,43325.058088677346,
test,5020,0.75,RippleTwin,QUALITY_DRIFT,True,10.688048124695761,31.30364205825687,0.02,59,0.15254237288135594,1.0,0.0,0.0,36.0,,0.0,0.0,0.022556390977443608,43325.058088677346,
test,5020,0.75,RippleTwin,QUALITY_DRIFT,True,10.688048124695761,31.30364205825687,0.05,59,0.23728813559322035,1.0,0.0,0.0,36.0,,0.0,0.0,0.045112781954887216,43325.058088677346,
test,5020,0.75,RippleTwin,QUALITY_DRIFT,True,10.688048124695761,31.30364205825687,0.1,59,0.2711864406779661,1.0,0.0,0.0,36.0,,0.0,0.0,0.11278195488721804,43325.058088677346,
test,5020,0.75,B2_observed_only_twin,QUALITY_DRIFT,True,10.688048124695761,31.30364205825687,0.005,59,0.13559322033898305,1.0,0.0,0.0,37.0,,0.0,0.0,0.007518796992481203,43325.058088677346,
test,5020,0.75,B2_observed_only_twin,QUALITY_DRIFT,True,10.688048124695761,31.30364205825687,0.01,59,0.13559322033898305,1.0,0.0,0.0,37.0,,0.0,0.0,0.007518796992481203,43325.058088677346,
test,5020,0.75,B2_observed_only_twin,QUALITY_DRIFT,True,10.688048124695761,31.30364205825687,0.02,59,0.15254237288135594,1.0,0.0,0.0,37.0,,0.0,0.0,0.022556390977443608,43325.058088677346,
test,5020,0.75,B2_observed_only_twin,QUALITY_DRIFT,True,10.688048124695761,31.30364205825687,0.05,59,0.23728813559322035,1.0,0.0,0.0,37.0,,0.0,0.0,0.06766917293233082,43325.058088677346,
test,5020,0.75,B2_observed_only_twin,QUALITY_DRIFT,True,10.688048124695761,31.30364205825687,0.1,59,0.2711864406779661,1.0,0.0,0.0,37.0,,0.0,0.0,0.13533834586466165,43325.058088677346,
test,5020,0.75,B0_SPC_observed,QUALITY_DRIFT,True,10.688048124695761,5.061702559429017,0.005,59,0.0,0.0,,,,,0.0,0.0,0.007518796992481203,,
test,5020,0.75,B0_SPC_observed,QUALITY_DRIFT,True,10.688048124695761,5.061702559429017,0.01,59,0.0,0.0,,,,,0.0,0.0,0.007518796992481203,,
test,5020,0.75,B0_SPC_observed,QUALITY_DRIFT,True,10.688048124695761,5.061702559429017,0.02,59,0.0,0.0,,,,,0.0,0.0,0.007518796992481203,,
test,5020,0.75,B0_SPC_observed,QUALITY_DRIFT,True,10.688048124695761,5.061702559429017,0.05,59,0.01694915254237288,1.0,0.0,0.0,32.0,,0.0,0.0,0.015037593984962405,55133.87603769129,
test,5020,0.75,B0_SPC_observed,QUALITY_DRIFT,True,10.688048124695761,5.061702559429017,0.1,59,0.03389830508474576,1.0,0.0,0.0,31.5,,0.0,0.0,0.03759398496240601,49147.699329072006,
test,5020,0.75,B1_IsolationForest,QUALITY_DRIFT,True,10.688048124695761,0.7423023198141773,0.005,59,0.0,0.0,,,,,0.0,0.0,0.022556390977443608,,
test,5020,0.75,B1_IsolationForest,QUALITY_DRIFT,True,10.688048124695761,0.7423023198141773,0.01,59,0.0,0.0,,,,,0.0,0.0,0.03007518796992481,,
test,5020,0.75,B1_IsolationForest,QUALITY_DRIFT,True,10.688048124695761,0.7423023198141773,0.02,59,0.0,0.0,,,,,0.0,0.0,0.045112781954887216,,
test,5020,0.75,B1_IsolationForest,QUALITY_DRIFT,True,10.688048124695761,0.7423023198141773,0.05,59,0.0847457627118644,1.0,0.0,0.0,34.0,,0.0,0.0,0.10526315789473684,36117.98122931292,
test,5020,0.75,B1_IsolationForest,QUALITY_DRIFT,True,10.688048124695761,0.7423023198141773,0.1,59,0.1016949152542373,1.0,0.0,0.0,34.0,,0.0,0.0,0.24060150375939848,36117.98122931292,
test,5020,0.5,RippleTwin,QUALITY_DRIFT,True,10.688048124695761,39.99294167411538,0.005,59,0.13559322033898305,1.0,0.0,0.0,36.0,,0.0,0.0,0.007518796992481203,43325.058088677346,
test,5020,0.5,RippleTwin,QUALITY_DRIFT,True,10.688048124695761,39.99294167411538,0.01,59,0.13559322033898305,1.0,0.0,0.0,36.0,,0.0,0.0,0.007518796992481203,43325.058088677346,
test,5020,0.5,RippleTwin,QUALITY_DRIFT,True,10.688048124695761,39.99294167411538,0.02,59,0.15254237288135594,1.0,0.0,0.0,36.0,,0.0,0.0,0.022556390977443608,43325.058088677346,
test,5020,0.5,RippleTwin,QUALITY_DRIFT,True,10.688048124695761,39.99294167411538,0.05,59,0.1864406779661017,1.0,0.0,0.0,36.0,,0.0,0.0,0.022556390977443608,43325.058088677346,
test,5020,0.5,RippleTwin,QUALITY_DRIFT,True,10.688048124695761,39.99294167411538,0.1,59,0.2542372881355932,1.0,0.0,0.0,36.0,,0.0,0.0,0.09774436090225563,43325.058088677346,
test,5020,0.5,B2_observed_only_twin,QUALITY_DRIFT,True,10.688048124695761,39.987745614480566,0.005,59,0.13559322033898305,1.0,0.0,0.0,37.0,,0.0,0.0,0.007518796992481203,43325.058088677346,
test,5020,0.5,B2_observed_only_twin,QUALITY_DRIFT,True,10.688048124695761,39.987745614480566,0.01,59,0.13559322033898305,1.0,0.0,0.0,37.0,,0.0,0.0,0.007518796992481203,43325.058088677346,
test,5020,0.5,B2_observed_only_twin,QUALITY_DRIFT,True,10.688048124695761,39.987745614480566,0.02,59,0.15254237288135594,1.0,0.0,0.0,37.0,,0.0,0.0,0.022556390977443608,43325.058088677346,
test,5020,0.5,B2_observed_only_twin,QUALITY_DRIFT,True,10.688048124695761,39.987745614480566,0.05,59,0.23728813559322035,1.0,0.0,0.0,37.0,,0.0,0.0,0.03007518796992481,43325.058088677346,
test,5020,0.5,B2_observed_only_twin,QUALITY_DRIFT,True,10.688048124695761,39.987745614480566,0.1,59,0.2542372881355932,1.0,0.0,0.0,37.0,,0.0,0.0,0.09774436090225563,43325.058088677346,
test,5020,0.5,B0_SPC_observed,QUALITY_DRIFT,True,10.688048124695761,5.012127239822025,0.005,59,0.0,0.0,,,,,0.0,0.0,0.007518796992481203,,
test,5020,0.5,B0_SPC_observed,QUALITY_DRIFT,True,10.688048124695761,5.012127239822025,0.01,59,0.0,0.0,,,,,0.0,0.0,0.007518796992481203,,
test,5020,0.5,B0_SPC_observed,QUALITY_DRIFT,True,10.688048124695761,5.012127239822025,0.02,59,0.0,0.0,,,,,0.0,0.0,0.007518796992481203,,
test,5020,0.5,B0_SPC_observed,QUALITY_DRIFT,True,10.688048124695761,5.012127239822025,0.05,59,0.0,0.0,,,,,0.0,0.0,0.015037593984962405,,
test,5020,0.5,B0_SPC_observed,QUALITY_DRIFT,True,10.688048124695761,5.012127239822025,0.1,59,0.03389830508474576,1.0,0.0,0.0,31.0,,0.0,0.0,0.06015037593984962,48830.544255681736,
test,5020,0.5,B1_IsolationForest,QUALITY_DRIFT,True,10.688048124695761,0.7423023198141773,0.005,59,0.0,0.0,,,,,0.0,0.0,0.015037593984962405,,
test,5020,0.5,B1_IsolationForest,QUALITY_DRIFT,True,10.688048124695761,0.7423023198141773,0.01,59,0.0,0.0,,,,,0.0,0.0,0.022556390977443608,,
test,5020,0.5,B1_IsolationForest,QUALITY_DRIFT,True,10.688048124695761,0.7423023198141773,0.02,59,0.0,0.0,,,,,0.0,0.0,0.05263157894736842,,
test,5020,0.5,B1_IsolationForest,QUALITY_DRIFT,True,10.688048124695761,0.7423023198141773,0.05,59,0.0847457627118644,1.0,0.0,0.0,34.0,,0.0,0.0,0.13533834586466165,36117.98122931292,
test,5020,0.5,B1_IsolationForest,QUALITY_DRIFT,True,10.688048124695761,0.7423023198141773,0.1,59,0.11864406779661017,1.0,0.0,0.0,34.0,,0.0,0.0,0.21052631578947367,36117.98122931292,
test,5020,0.25,RippleTwin,QUALITY_DRIFT,True,10.688048124695761,23.87887940963418,0.005,59,0.13559322033898305,1.0,0.0,0.0,36.0,,0.0,0.0,0.0,43325.058088677346,
test,5020,0.25,RippleTwin,QUALITY_DRIFT,True,10.688048124695761,23.87887940963418,0.01,59,0.13559322033898305,1.0,0.0,0.0,36.0,,0.0,0.0,0.007518796992481203,43325.058088677346,
test,5020,0.25,RippleTwin,QUALITY_DRIFT,True,10.688048124695761,23.87887940963418,0.02,59,0.2542372881355932,1.0,0.0,0.0,36.0,,0.0,0.0,0.05263157894736842,43325.058088677346,
test,5020,0.25,RippleTwin,QUALITY_DRIFT,True,10.688048124695761,23.87887940963418,0.05,59,0.2542372881355932,1.0,0.0,0.0,36.0,,0.0,0.0,0.13533834586466165,43325.058088677346,
test,5020,0.25,RippleTwin,QUALITY_DRIFT,True,10.688048124695761,23.87887940963418,0.1,59,0.2711864406779661,1.0,0.0,0.0,36.0,,0.0,0.0,0.20300751879699247,43325.058088677346,
test,5020,0.25,B2_observed_only_twin,QUALITY_DRIFT,True,10.688048124695761,23.87066583332845,0.005,59,0.13559322033898305,1.0,0.0,0.0,37.0,,0.0,0.0,0.0,43325.058088677346,
test,5020,0.25,B2_observed_only_twin,QUALITY_DRIFT,True,10.688048124695761,23.87066583332845,0.01,59,0.13559322033898305,1.0,0.0,0.0,37.0,,0.0,0.0,0.0,43325.058088677346,
test,5020,0.25,B2_observed_only_twin,QUALITY_DRIFT,True,10.688048124695761,23.87066583332845,0.02,59,0.2542372881355932,1.0,0.0,0.0,37.0,,0.0,0.0,0.06766917293233082,43325.058088677346,
test,5020,0.25,B2_observed_only_twin,QUALITY_DRIFT,True,10.688048124695761,23.87066583332845,0.05,59,0.2711864406779661,1.0,0.0,0.0,37.0,,0.0,0.0,0.15789473684210525,43325.058088677346,
test,5020,0.25,B2_observed_only_twin,QUALITY_DRIFT,True,10.688048124695761,23.87066583332845,0.1,59,0.288135593220339,1.0,0.0,0.0,37.0,,0.0,0.0,0.23308270676691728,43325.058088677346,
test,5020,0.25,B0_SPC_observed,QUALITY_DRIFT,True,10.688048124695761,4.674774997918179,0.005,59,0.0,0.0,,,,,0.0,0.0,0.007518796992481203,,
test,5020,0.25,B0_SPC_observed,QUALITY_DRIFT,True,10.688048124695761,4.674774997918179,0.01,59,0.0,0.0,,,,,0.0,0.0,0.015037593984962405,,
test,5020,0.25,B0_SPC_observed,QUALITY_DRIFT,True,10.688048124695761,4.674774997918179,0.02,59,0.0,0.0,,,,,0.0,0.0,0.015037593984962405,,
test,5020,0.25,B0_SPC_observed,QUALITY_DRIFT,True,10.688048124695761,4.674774997918179,0.05,59,0.03389830508474576,1.0,0.0,0.0,31.0,,0.0,0.0,0.045112781954887216,48830.544255681736,
test,5020,0.25,B0_SPC_observed,QUALITY_DRIFT,True,10.688048124695761,4.674774997918179,0.1,59,0.03389830508474576,1.0,0.0,0.0,31.0,,0.0,0.0,0.06015037593984962,48830.544255681736,
test,5020,0.25,B1_IsolationForest,QUALITY_DRIFT,True,10.688048124695761,0.7158774793615637,0.005,59,0.0,0.0,,,,,0.0,0.0,0.0,,
test,5020,0.25,B1_IsolationForest,QUALITY_DRIFT,True,10.688048124695761,0.7158774793615637,0.01,59,0.01694915254237288,1.0,0.0,0.0,24.0,,0.0,0.0,0.0,43325.058088677346,
test,5020,0.25,B1_IsolationForest,QUALITY_DRIFT,True,10.688048124695761,0.7158774793615637,0.02,59,0.05084745762711865,1.0,0.0,0.0,24.0,,0.0,0.0,0.015037593984962405,43325.058088677346,
test,5020,0.25,B1_IsolationForest,QUALITY_DRIFT,True,10.688048124695761,0.7158774793615637,0.05,59,0.1016949152542373,1.0,0.0,0.0,24.0,,0.0,0.0,0.06766917293233082,43325.058088677346,
test,5020,0.25,B1_IsolationForest,QUALITY_DRIFT,True,10.688048124695761,0.7158774793615637,0.1,59,0.11864406779661017,1.0,0.0,0.0,24.0,,0.0,0.0,0.12030075187969924,43325.058088677346,
test,5021,1.0,RippleTwin,COMBINED,False,1.2630645324144383,42.5638498837417,0.005,72,0.5416666666666666,1.0,1.0,1.0,0.0,401.61450954175524,1.0,1.0,0.0,19618.488523276246,19618.488523276246
test,5021,1.0,RippleTwin,COMBINED,False,1.2630645324144383,42.5638498837417,0.01,72,0.5555555555555556,1.0,1.0,1.0,0.0,401.61450954175524,1.0,1.0,0.025210084033613446,19618.488523276246,19618.488523276246
test,5021,1.0,RippleTwin,COMBINED,False,1.2630645324144383,42.5638498837417,0.02,72,0.5833333333333334,1.0,1.0,1.0,0.0,411.55195085433104,1.0,1.0,0.07563025210084033,19022.2420445217,19022.2420445217
test,5021,1.0,RippleTwin,COMBINED,False,1.2630645324144383,42.5638498837417,0.05,72,0.625,1.0,1.0,1.0,0.0,411.55195085433104,1.0,1.0,0.1092436974789916,19022.2420445217,19022.2420445217
test,5021,1.0,RippleTwin,COMBINED,False,1.2630645324144383,42.5638498837417,0.1,72,0.6666666666666666,1.0,0.9583333333333334,0.9583333333333334,0.0,411.55195085433104,1.0,1.0,0.14285714285714285,19022.2420445217,19022.2420445217
test,5021,1.0,B2_observed_only_twin,COMBINED,False,1.2630645324144383,42.5638498837417,0.005,72,0.5416666666666666,1.0,1.0,1.0,0.0,401.61450954175524,1.0,1.0,0.0,19618.488523276246,19618.488523276246
test,5021,1.0,B2_observed_only_twin,COMBINED,False,1.2630645324144383,42.5638498837417,0.01,72,0.5555555555555556,1.0,1.0,1.0,0.0,401.61450954175524,1.0,1.0,0.025210084033613446,19618.488523276246,19618.488523276246
test,5021,1.0,B2_observed_only_twin,COMBINED,False,1.2630645324144383,42.5638498837417,0.02,72,0.5833333333333334,1.0,1.0,1.0,0.0,411.55195085433104,1.0,1.0,0.07563025210084033,19022.2420445217,19022.2420445217
test,5021,1.0,B2_observed_only_twin,COMBINED,False,1.2630645324144383,42.5638498837417,0.05,72,0.625,1.0,1.0,1.0,0.0,411.55195085433104,1.0,1.0,0.1092436974789916,19022.2420445217,19022.2420445217
test,5021,1.0,B2_observed_only_twin,COMBINED,False,1.2630645324144383,42.5638498837417,0.1,72,0.6666666666666666,1.0,0.9583333333333334,0.9583333333333334,0.0,411.55195085433104,1.0,1.0,0.14285714285714285,19022.2420445217,19022.2420445217
test,5021,1.0,B0_SPC_observed,COMBINED,False,1.2630645324144383,5.124273832797681,0.005,72,0.5972222222222222,1.0,1.0,1.0,0.0,411.55195085433104,1.0,1.0,0.06722689075630252,19022.2420445217,19022.2420445217
test,5021,1.0,B0_SPC_observed,COMBINED,False,1.2630645324144383,5.124273832797681,0.01,72,0.5972222222222222,1.0,1.0,1.0,0.0,411.55195085433104,1.0,1.0,0.06722689075630252,19022.2420445217,19022.2420445217
test,5021,1.0,B0_SPC_observed,COMBINED,False,1.2630645324144383,5.124273832797681,0.02,72,0.625,1.0,0.9555555555555556,0.9555555555555556,0.0,411.55195085433104,1.0,1.0,0.06722689075630252,19022.2420445217,19022.2420445217
test,5021,1.0,B0_SPC_observed,COMBINED,False,1.2630645324144383,5.124273832797681,0.05,72,0.6388888888888888,1.0,0.9565217391304348,0.9565217391304348,0.0,411.55195085433104,1.0,1.0,0.06722689075630252,19022.2420445217,19022.2420445217
test,5021,1.0,B0_SPC_observed,COMBINED,False,1.2630645324144383,5.124273832797681,0.1,72,0.6805555555555556,1.0,0.9183673469387755,0.9183673469387755,0.0,411.55195085433104,1.0,1.0,0.08403361344537816,19022.2420445217,19022.2420445217
test,5021,1.0,B1_IsolationForest,COMBINED,False,1.2630645324144383,0.7784702529546166,0.005,72,0.0,0.0,,,,,0.0,0.0,0.025210084033613446,,
test,5021,1.0,B1_IsolationForest,COMBINED,False,1.2630645324144383,0.7784702529546166,0.01,72,0.0,0.0,,,,,0.0,0.0,0.025210084033613446,,
test,5021,1.0,B1_IsolationForest,COMBINED,False,1.2630645324144383,0.7784702529546166,0.02,72,0.0,0.0,,,,,0.0,0.0,0.025210084033613446,,
test,5021,1.0,B1_IsolationForest,COMBINED,False,1.2630645324144383,0.7784702529546166,0.05,72,0.0,0.0,,,,,0.0,0.0,0.058823529411764705,,
test,5021,1.0,B1_IsolationForest,COMBINED,False,1.2630645324144383,0.7784702529546166,0.1,72,0.0,0.0,,,,,0.0,0.0,0.06722689075630252,,
test,5021,0.75,RippleTwin,COMBINED,True,1.2630645324144383,31.30364205825687,0.005,72,0.041666666666666664,1.0,1.0,1.0,0.0,216.61847932544296,1.0,1.0,0.01680672268907563,20212.65923335151,30718.250336254983
test,5021,0.75,RippleTwin,COMBINED,True,1.2630645324144383,31.30364205825687,0.01,72,0.041666666666666664,1.0,1.0,1.0,0.0,216.61847932544296,1.0,1.0,0.01680672268907563,19919.563224837468,30718.250336254983
test,5021,0.75,RippleTwin,COMBINED,True,1.2630645324144383,31.30364205825687,0.02,72,0.18055555555555555,1.0,0.7692307692307693,0.7692307692307693,0.0,246.6512718572919,1.0,1.0,0.025210084033613446,19618.488523276246,28916.282784344046
test,5021,0.75,RippleTwin,COMBINED,True,1.2630645324144383,31.30364205825687,0.05,72,0.3333333333333333,1.0,0.7083333333333334,0.7916666666666666,0.0,286.56493176463,1.0,1.0,0.04201680672268908,19618.488523276246,26521.463189903763
test,5021,0.75,RippleTwin,COMBINED,True,1.2630645324144383,31.30364205825687,0.1,72,0.4444444444444444,1.0,0.71875,0.78125,0.0,331.6718048928347,1.0,1.0,0.06722689075630252,19618.488523276246,23815.05080221148
test,5021,0.75,B2_observed_only_twin,COMBINED,True,1.2630645324144383,31.30364205825687,0.005,72,0.013888888888888888,1.0,0.0,1.0,1.0,211.45912106083912,0.0,1.0,0.008403361344537815,31027.811832131214,31027.811832131214
test,5021,0.75,B2_observed_only_twin,COMBINED,True,1.2630645324144383,31.30364205825687,0.01,72,0.041666666666666664,1.0,0.0,1.0,1.0,216.61847932544296,0.0,1.0,0.01680672268907563,20212.65923335151,30718.250336254983
test,5021,0.75,B2_observed_only_twin,COMBINED,True,1.2630645324144383,31.30364205825687,0.02,72,0.19444444444444445,1.0,0.0,0.7142857142857143,1.0,246.6512718572919,0.0,1.0,0.01680672268907563,19618.488523276246,28916.282784344046
test,5021,0.75,B2_observed_only_twin,COMBINED,True,1.2630645324144383,31.30364205825687,0.05,72,0.3611111111111111,1.0,0.0,0.7692307692307693,1.0,286.56493176463,0.0,1.0,0.04201680672268908,19618.488523276246,26521.463189903763
test,5021,0.75,B2_observed_only_twin,COMBINED,True,1.2630645324144383,31.30364205825687,0.1,72,0.4444444444444444,1.0,0.0,0.75,1.0,331.6718048928347,0.0,1.0,0.058823529411764705,19618.488523276246,23815.05080221148
test,5021,0.75,B0_SPC_observed,COMBINED,True,1.2630645324144383,5.061702559429017,0.005,72,0.0,0.0,,,,,0.0,0.0,0.0,,
test,5021,0.75,B0_SPC_observed,COMBINED,True,1.2630645324144383,5.061702559429017,0.01,72,0.027777777777777776,1.0,0.0,0.0,10.0,,0.0,0.0,0.0,38515.39465024488,
test,5021,0.75,B0_SPC_observed,COMBINED,True,1.2630645324144383,5.061702559429017,0.02,72,0.027777777777777776,1.0,0.0,0.0,10.0,,0.0,0.0,0.0,38515.39465024488,
test,5021,0.75,B0_SPC_observed,COMBINED,True,1.2630645324144383,5.061702559429017,0.05,72,0.027777777777777776,1.0,0.0,0.0,10.0,,0.0,0.0,0.0,38515.39465024488,
test,5021,0.75,B0_SPC_observed,COMBINED,True,1.2630645324144383,5.061702559429017,0.1,72,0.09722222222222222,1.0,0.0,0.0,10.0,,0.0,0.0,0.008403361344537815,19022.2420445217,
test,5021,0.75,B1_IsolationForest,COMBINED,True,1.2630645324144383,0.7423023198141773,0.005,72,0.0,0.0,,,,,0.0,0.0,0.04201680672268908,,
test,5021,0.75,B1_IsolationForest,COMBINED,True,1.2630645324144383,0.7423023198141773,0.01,72,0.0,0.0,,,,,0.0,0.0,0.04201680672268908,,
test,5021,0.75,B1_IsolationForest,COMBINED,True,1.2630645324144383,0.7423023198141773,0.02,72,0.0,0.0,,,,,0.0,0.0,0.04201680672268908,,
test,5021,0.75,B1_IsolationForest,COMBINED,True,1.2630645324144383,0.7423023198141773,0.05,72,0.0,0.0,,,,,0.0,0.0,0.058823529411764705,,
test,5021,0.75,B1_IsolationForest,COMBINED,True,1.2630645324144383,0.7423023198141773,0.1,72,0.06944444444444445,1.0,0.0,0.0,8.0,,0.0,0.0,0.12605042016806722,19022.2420445217,
test,5021,0.5,RippleTwin,COMBINED,True,1.2630645324144383,39.99294167411538,0.005,72,0.041666666666666664,1.0,1.0,1.0,0.0,216.61847932544296,1.0,1.0,0.008403361344537815,19919.563224837468,30718.250336254983
test,5021,0.5,RippleTwin,COMBINED,True,1.2630645324144383,39.99294167411538,0.01,72,0.06944444444444445,1.0,1.0,1.0,0.0,246.6512718572919,1.0,1.0,0.01680672268907563,19919.563224837468,28916.282784344046
test,5021,0.5,RippleTwin,COMBINED,True,1.2630645324144383,39.99294167411538,0.02,72,0.2361111111111111,1.0,0.9411764705882353,0.9411764705882353,0.0,286.56493176463,1.0,1.0,0.025210084033613446,19618.488523276246,26521.463189903763
test,5021,0.5,RippleTwin,COMBINED,True,1.2630645324144383,39.99294167411538,0.05,72,0.375,1.0,0.8518518518518519,0.8888888888888888,0.0,291.6952162372689,1.0,1.0,0.058823529411764705,19618.488523276246,26213.64612154543
test,5021,0.5,RippleTwin,COMBINED,True,1.2630645324144383,39.99294167411538,0.1,72,0.4305555555555556,1.0,0.8387096774193549,0.9032258064516129,0.0,331.6718048928347,1.0,1.0,0.12605042016806722,19022.2420445217,23815.05080221148
test,5021,0.5,B2_observed_only_twin,COMBINED,True,1.2630645324144383,39.987745614480566,0.005,72,0.041666666666666664,1.0,0.0,1.0,1.0,216.61847932544296,0.0,1.0,0.008403361344537815,20212.65923335151,30718.250336254983
test,5021,0.5,B2_observed_only_twin,COMBINED,True,1.2630645324144383,39.987745614480566,0.01,72,0.05555555555555555,1.0,0.0,1.0,1.0,241.5841907144007,0.0,1.0,0.01680672268907563,19919.563224837468,29220.30765291752
test,5021,0.5,B2_observed_only_twin,COMBINED,True,1.2630645324144383,39.987745614480566,0.02,72,0.2361111111111111,1.0,0.0,0.8235294117647058,1.0,286.56493176463,0.0,1.0,0.01680672268907563,19618.488523276246,26521.463189903763
test,5021,0.5,B2_observed_only_twin,COMBINED,True,1.2630645324144383,39.987745614480566,0.05,72,0.4027777777777778,1.0,0.0,0.8275862068965517,1.0,291.6952162372689,0.0,1.0,0.08403361344537816,19618.488523276246,26213.64612154543
test,5021,0.5,B2_observed_only_twin,COMBINED,True,1.2630645324144383,39.987745614480566,0.1,72,0.4444444444444444,1.0,0.0,0.84375,1.0,331.6718048928347,0.0,1.0,0.12605042016806722,19022.2420445217,23815.05080221148
test,5021,0.5,B0_SPC_observed,COMBINED,True,1.2630645324144383,5.012127239822025,0.005,72,0.0,0.0,,,,,0.0,0.0,0.0,,
test,5021,0.5,B0_SPC_observed,COMBINED,True,1.2630645324144383,5.012127239822025,0.01,72,0.027777777777777776,1.0,0.0,0.0,10.0,,0.0,0.0,0.0,38515.39465024488,
test,5021,0.5,B0_SPC_observed,COMBINED,True,1.2630645324144383,5.012127239822025,0.02,72,0.027777777777777776,1.0,0.0,0.0,10.0,,0.0,0.0,0.0,38515.39465024488,
test,5021,0.5,B0_SPC_observed,COMBINED,True,1.2630645324144383,5.012127239822025,0.05,72,0.05555555555555555,1.0,0.0,0.0,10.0,,0.0,0.0,0.008403361344537815,19022.2420445217,
test,5021,0.5,B0_SPC_observed,COMBINED,True,1.2630645324144383,5.012127239822025,0.1,72,0.09722222222222222,1.0,0.0,0.0,8.0,,0.0,0.0,0.01680672268907563,19022.2420445217,
test,5021,0.5,B1_IsolationForest,COMBINED,True,1.2630645324144383,0.7423023198141773,0.005,72,0.0,0.0,,,,,0.0,0.0,0.008403361344537815,,
test,5021,0.5,B1_IsolationForest,COMBINED,True,1.2630645324144383,0.7423023198141773,0.01,72,0.0,0.0,,,,,0.0,0.0,0.008403361344537815,,
test,5021,0.5,B1_IsolationForest,COMBINED,True,1.2630645324144383,0.7423023198141773,0.02,72,0.0,0.0,,,,,0.0,0.0,0.008403361344537815,,
test,5021,0.5,B1_IsolationForest,COMBINED,True,1.2630645324144383,0.7423023198141773,0.05,72,0.013888888888888888,1.0,0.0,0.0,29.0,,0.0,0.0,0.01680672268907563,19022.2420445217,
test,5021,0.5,B1_IsolationForest,COMBINED,True,1.2630645324144383,0.7423023198141773,0.1,72,0.125,1.0,0.0,0.0,29.0,,0.0,0.0,0.058823529411764705,19022.2420445217,
test,5021,0.25,RippleTwin,COMBINED,True,1.2630645324144383,23.87887940963418,0.005,72,0.125,1.0,0.0,0.0,2.0,,0.0,0.0,0.0,28617.971596528118,
test,5021,0.25,RippleTwin,COMBINED,True,1.2630645324144383,23.87887940963418,0.01,72,0.16666666666666666,1.0,0.0,0.0,2.0,,0.0,0.0,0.0,26521.463189903763,
test,5021,0.25,RippleTwin,COMBINED,True,1.2630645324144383,23.87887940963418,0.02,72,0.4166666666666667,1.0,0.03333333333333333,0.03333333333333333,2.0,156.66739671804706,0.0,0.0,0.025210084033613446,19919.563224837468,34315.31529269874
test,5021,0.25,RippleTwin,COMBINED,True,1.2630645324144383,23.87887940963418,0.05,72,0.4722222222222222,1.0,0.058823529411764705,0.058823529411764705,2.0,156.66739671804706,0.0,0.0,0.04201680672268908,19022.2420445217,34315.31529269874
test,5021,0.25,RippleTwin,COMBINED,True,1.2630645324144383,23.87887940963418,0.1,72,0.5138888888888888,1.0,0.05405405405405406,0.05405405405405406,2.0,156.66739671804706,0.0,0.0,0.10084033613445378,19022.2420445217,34315.31529269874
test,5021,0.25,B2_observed_only_twin,COMBINED,True,1.2630645324144383,23.87066583332845,0.005,72,0.08333333333333333,1.0,0.0,0.0,3.0,,0.0,0.0,0.0,28916.282784344046,
test,5021,0.25,B2_observed_only_twin,COMBINED,True,1.2630645324144383,23.87066583332845,0.01,72,0.125,1.0,0.0,0.0,3.0,,0.0,0.0,0.0,28617.971596528118,
test,5021,0.25,B2_observed_only_twin,COMBINED,True,1.2630645324144383,23.87066583332845,0.02,72,0.4305555555555556,1.0,0.0,0.0,3.0,,0.0,0.0,0.01680672268907563,19919.563224837468,
test,5021,0.25,B2_observed_only_twin,COMBINED,True,1.2630645324144383,23.87066583332845,0.05,72,0.5277777777777778,1.0,0.0,0.0,3.0,,0.0,0.0,0.04201680672268908,19022.2420445217,
test,5021,0.25,B2_observed_only_twin,COMBINED,True,1.2630645324144383,23.87066583332845,0.1,72,0.5694444444444444,1.0,0.0,0.0,3.0,,0.0,0.0,0.11764705882352941,19022.2420445217,
test,5021,0.25,B0_SPC_observed,COMBINED,True,1.2630645324144383,4.674774997918179,0.005,72,0.027777777777777776,1.0,0.0,0.0,10.0,,0.0,0.0,0.0,38515.39465024488,
test,5021,0.25,B0_SPC_observed,COMBINED,True,1.2630645324144383,4.674774997918179,0.01,72,0.027777777777777776,1.0,0.0,0.0,10.0,,0.0,0.0,0.0,38515.39465024488,
test,5021,0.25,B0_SPC_observed,COMBINED,True,1.2630645324144383,4.674774997918179,0.02,72,0.05555555555555555,1.0,0.0,0.0,10.0,,0.0,0.0,0.0,37621.46076149575,
test,5021,0.25,B0_SPC_observed,COMBINED,True,1.2630645324144383,4.674774997918179,0.05,72,0.09722222222222222,1.0,0.0,0.0,8.0,,0.0,0.0,0.01680672268907563,19022.2420445217,
test,5021,0.25,B0_SPC_observed,COMBINED,True,1.2630645324144383,4.674774997918179,0.1,72,0.09722222222222222,1.0,0.0,0.0,8.0,,0.0,0.0,0.06722689075630252,19022.2420445217,
test,5021,0.25,B1_IsolationForest,COMBINED,True,1.2630645324144383,0.7158774793615637,0.005,72,0.0,0.0,,,,,0.0,0.0,0.01680672268907563,,
test,5021,0.25,B1_IsolationForest,COMBINED,True,1.2630645324144383,0.7158774793615637,0.01,72,0.0,0.0,,,,,0.0,0.0,0.01680672268907563,,
test,5021,0.25,B1_IsolationForest,COMBINED,True,1.2630645324144383,0.7158774793615637,0.02,72,0.027777777777777776,1.0,0.0,0.0,8.0,,0.0,0.0,0.01680672268907563,19022.2420445217,
test,5021,0.25,B1_IsolationForest,COMBINED,True,1.2630645324144383,0.7158774793615637,0.05,72,0.05555555555555555,1.0,0.0,0.0,8.0,,0.0,0.0,0.04201680672268908,19022.2420445217,
test,5021,0.25,B1_IsolationForest,COMBINED,True,1.2630645324144383,0.7158774793615637,0.1,72,0.08333333333333333,1.0,0.0,0.0,8.0,,0.0,0.0,0.06722689075630252,19022.2420445217,
test,5022,1.0,RippleTwin,SLOWDOWN,False,1.3539098816349975,42.5638498837417,0.005,49,0.7142857142857143,1.0,1.0,1.0,0.0,,1.0,1.0,0.02040816326530612,33412.86673395398,
test,5022,1.0,RippleTwin,SLOWDOWN,False,1.3539098816349975,42.5638498837417,0.01,49,0.7142857142857143,1.0,1.0,1.0,0.0,,1.0,1.0,0.027210884353741496,33412.86673395398,
test,5022,1.0,RippleTwin,SLOWDOWN,False,1.3539098816349975,42.5638498837417,0.02,49,0.7346938775510204,1.0,1.0,1.0,0.0,,1.0,1.0,0.034013605442176874,33412.86673395398,
test,5022,1.0,RippleTwin,SLOWDOWN,False,1.3539098816349975,42.5638498837417,0.05,49,0.7551020408163265,1.0,1.0,1.0,0.0,,1.0,1.0,0.034013605442176874,33412.86673395398,
test,5022,1.0,RippleTwin,SLOWDOWN,False,1.3539098816349975,42.5638498837417,0.1,49,0.7551020408163265,1.0,1.0,1.0,0.0,,1.0,1.0,0.07482993197278912,33412.86673395398,
test,5022,1.0,B2_observed_only_twin,SLOWDOWN,False,1.3539098816349975,42.5638498837417,0.005,49,0.7142857142857143,1.0,1.0,1.0,0.0,,1.0,1.0,0.02040816326530612,33412.86673395398,
test,5022,1.0,B2_observed_only_twin,SLOWDOWN,False,1.3539098816349975,42.5638498837417,0.01,49,0.7142857142857143,1.0,1.0,1.0,0.0,,1.0,1.0,0.027210884353741496,33412.86673395398,
test,5022,1.0,B2_observed_only_twin,SLOWDOWN,False,1.3539098816349975,42.5638498837417,0.02,49,0.7346938775510204,1.0,1.0,1.0,0.0,,1.0,1.0,0.034013605442176874,33412.86673395398,
test,5022,1.0,B2_observed_only_twin,SLOWDOWN,False,1.3539098816349975,42.5638498837417,0.05,49,0.7551020408163265,1.0,1.0,1.0,0.0,,1.0,1.0,0.034013605442176874,33412.86673395398,
test,5022,1.0,B2_observed_only_twin,SLOWDOWN,False,1.3539098816349975,42.5638498837417,0.1,49,0.7551020408163265,1.0,1.0,1.0,0.0,,1.0,1.0,0.07482993197278912,33412.86673395398,
test,5022,1.0,B0_SPC_observed,SLOWDOWN,False,1.3539098816349975,5.124273832797681,0.005,49,0.6938775510204082,1.0,1.0,1.0,0.0,,1.0,1.0,0.04081632653061224,33412.86673395398,
test,5022,1.0,B0_SPC_observed,SLOWDOWN,False,1.3539098816349975,5.124273832797681,0.01,49,0.6938775510204082,1.0,1.0,1.0,0.0,,1.0,1.0,0.04081632653061224,33412.86673395398,
test,5022,1.0,B0_SPC_observed,SLOWDOWN,False,1.3539098816349975,5.124273832797681,0.02,49,0.6938775510204082,1.0,1.0,1.0,0.0,,1.0,1.0,0.04081632653061224,33412.86673395398,
test,5022,1.0,B0_SPC_observed,SLOWDOWN,False,1.3539098816349975,5.124273832797681,0.05,49,0.7142857142857143,1.0,1.0,1.0,0.0,,1.0,1.0,0.047619047619047616,33412.86673395398,
test,5022,1.0,B0_SPC_observed,SLOWDOWN,False,1.3539098816349975,5.124273832797681,0.1,49,0.7551020408163265,1.0,0.9459459459459459,0.9459459459459459,0.0,,1.0,1.0,0.06802721088435375,33412.86673395398,
test,5022,1.0,B1_IsolationForest,SLOWDOWN,False,1.3539098816349975,0.7784702529546166,0.005,49,0.0,0.0,,,,,0.0,0.0,0.0,,
test,5022,1.0,B1_IsolationForest,SLOWDOWN,False,1.3539098816349975,0.7784702529546166,0.01,49,0.0,0.0,,,,,0.0,0.0,0.0,,
test,5022,1.0,B1_IsolationForest,SLOWDOWN,False,1.3539098816349975,0.7784702529546166,0.02,49,0.0,0.0,,,,,0.0,0.0,0.0,,
test,5022,1.0,B1_IsolationForest,SLOWDOWN,False,1.3539098816349975,0.7784702529546166,0.05,49,0.7346938775510204,1.0,0.0,0.05555555555555555,5.0,,0.0,0.0,0.06802721088435375,33412.86673395398,
test,5022,1.0,B1_IsolationForest,SLOWDOWN,False,1.3539098816349975,0.7784702529546166,0.1,49,0.9795918367346939,1.0,0.0,0.2708333333333333,5.0,,0.0,0.0,0.1564625850340136,33412.86673395398,
test,5022,0.75,RippleTwin,SLOWDOWN,True,1.3539098816349975,31.30364205825687,0.005,49,0.7346938775510204,1.0,0.9166666666666666,1.0,0.0,,1.0,1.0,0.0,34319.293428412384,
test,5022,0.75,RippleTwin,SLOWDOWN,True,1.3539098816349975,31.30364205825687,0.01,49,0.7346938775510204,1.0,0.9166666666666666,1.0,0.0,,1.0,1.0,0.0,34319.293428412384,
test,5022,0.75,RippleTwin,SLOWDOWN,True,1.3539098816349975,31.30364205825687,0.02,49,0.7346938775510204,1.0,0.9166666666666666,1.0,0.0,,1.0,1.0,0.0,33717.37572726261,
test,5022,0.75,RippleTwin,SLOWDOWN,True,1.3539098816349975,31.30364205825687,0.05,49,0.7551020408163265,1.0,0.918918918918919,1.0,0.0,,1.0,1.0,0.0,33717.37572726261,
test,5022,0.75,RippleTwin,SLOWDOWN,True,1.3539098816349975,31.30364205825687,0.1,49,0.7755102040816326,1.0,0.9210526315789473,1.0,0.0,,1.0,1.0,0.034013605442176874,33412.86673395398,
test,5022,0.75,B2_observed_only_twin,SLOWDOWN,True,1.3539098816349975,31.30364205825687,0.005,49,0.7346938775510204,1.0,0.0,1.0,1.0,,0.0,1.0,0.0,34319.293428412384,
test,5022,0.75,B2_observed_only_twin,SLOWDOWN,True,1.3539098816349975,31.30364205825687,0.01,49,0.7346938775510204,1.0,0.0,1.0,1.0,,0.0,1.0,0.0,34319.293428412384,
test,5022,0.75,B2_observed_only_twin,SLOWDOWN,True,1.3539098816349975,31.30364205825687,0.02,49,0.7346938775510204,1.0,0.0,1.0,1.0,,0.0,1.0,0.0,34021.18788510812,
test,5022,0.75,B2_observed_only_twin,SLOWDOWN,True,1.3539098816349975,31.30364205825687,0.05,49,0.7346938775510204,1.0,0.0,1.0,1.0,,0.0,1.0,0.013605442176870748,33717.37572726261,
test,5022,0.75,B2_observed_only_twin,SLOWDOWN,True,1.3539098816349975,31.30364205825687,0.1,49,0.7551020408163265,1.0,0.0,1.0,1.0,,0.0,1.0,0.05442176870748299,33412.86673395398,
test,5022,0.75,B0_SPC_observed,SLOWDOWN,True,1.3539098816349975,5.061702559429017,0.005,49,0.0,0.0,,,,,0.0,0.0,0.0,,
test,5022,0.75,B0_SPC_observed,SLOWDOWN,True,1.3539098816349975,5.061702559429017,0.01,49,0.0,0.0,,,,,0.0,0.0,0.0,,
test,5022,0.75,B0_SPC_observed,SLOWDOWN,True,1.3539098816349975,5.061702559429017,0.02,49,0.0,0.0,,,,,0.0,0.0,0.0,,
test,5022,0.75,B0_SPC_observed,SLOWDOWN,True,1.3539098816349975,5.061702559429017,0.05,49,0.0,0.0,,,,,0.0,0.0,0.006802721088435374,,
test,5022,0.75,B0_SPC_observed,SLOWDOWN,True,1.3539098816349975,5.061702559429017,0.1,49,0.04081632653061224,1.0,0.0,0.0,15.0,,0.0,0.0,0.027210884353741496,33412.86673395398,
test,5022,0.75,B1_IsolationForest,SLOWDOWN,True,1.3539098816349975,0.7423023198141773,0.005,49,0.7346938775510204,1.0,0.0,0.05555555555555555,5.0,,0.0,0.0,0.061224489795918366,33412.86673395398,
test,5022,0.75,B1_IsolationForest,SLOWDOWN,True,1.3539098816349975,0.7423023198141773,0.01,49,0.7551020408163265,1.0,0.0,0.05405405405405406,5.0,,0.0,0.0,0.07482993197278912,33412.86673395398,
test,5022,0.75,B1_IsolationForest,SLOWDOWN,True,1.3539098816349975,0.7423023198141773,0.02,49,0.8367346938775511,1.0,0.0,0.14634146341463414,5.0,,0.0,0.0,0.12244897959183673,33412.86673395398,
test,5022,0.75,B1_IsolationForest,SLOWDOWN,True,1.3539098816349975,0.7423023198141773,0.05,49,0.9795918367346939,1.0,0.0,0.2708333333333333,5.0,,0.0,0.0,0.1564625850340136,33412.86673395398,
test,5022,0.75,B1_IsolationForest,SLOWDOWN,True,1.3539098816349975,0.7423023198141773,0.1,49,0.9795918367346939,1.0,0.0,0.2708333333333333,5.0,,0.0,0.0,0.20408163265306123,33412.86673395398,
test,5022,0.5,RippleTwin,SLOWDOWN,True,1.3539098816349975,39.99294167411538,0.005,49,0.4489795918367347,1.0,0.0,0.0,3.0,,0.0,0.0,0.0,38515.42272832521,
test,5022,0.5,RippleTwin,SLOWDOWN,True,1.3539098816349975,39.99294167411538,0.01,49,0.4897959183673469,1.0,0.0,0.0,3.0,,0.0,0.0,0.0,38221.68880175991,
test,5022,0.5,RippleTwin,SLOWDOWN,True,1.3539098816349975,39.99294167411538,0.02,49,0.6326530612244898,1.0,0.0,0.0,3.0,,0.0,0.0,0.0,34319.293428412384,
test,5022,0.5,RippleTwin,SLOWDOWN,True,1.3539098816349975,39.99294167411538,0.05,49,0.6530612244897959,1.0,0.0,0.0,3.0,,0.0,0.0,0.013605442176870748,34021.18788510812,
test,5022,0.5,RippleTwin,SLOWDOWN,True,1.3539098816349975,39.99294167411538,0.1,49,0.673469387755102,1.0,0.0,0.0,3.0,,0.0,0.0,0.06802721088435375,34021.18788510812,
test,5022,0.5,B2_observed_only_twin,SLOWDOWN,True,1.3539098816349975,39.987745614480566,0.005,49,0.46938775510204084,1.0,0.0,0.0,4.0,,0.0,0.0,0.0,38515.42272832521,
test,5022,0.5,B2_observed_only_twin,SLOWDOWN,True,1.3539098816349975,39.987745614480566,0.01,49,0.46938775510204084,1.0,0.0,0.0,4.0,,0.0,0.0,0.0,38515.42272832521,
test,5022,0.5,B2_observed_only_twin,SLOWDOWN,True,1.3539098816349975,39.987745614480566,0.02,49,0.7346938775510204,1.0,0.0,0.0,4.0,,0.0,0.0,0.0,34319.293428412384,
test,5022,0.5,B2_observed_only_twin,SLOWDOWN,True,1.3539098816349975,39.987745614480566,0.05,49,0.7755102040816326,1.0,0.0,0.0,4.0,,0.0,0.0,0.02040816326530612,34021.18788510812,
test,5022,0.5,B2_observed_only_twin,SLOWDOWN,True,1.3539098816349975,39.987745614480566,0.1,49,0.7959183673469388,1.0,0.0,0.0,4.0,,0.0,0.0,0.06802721088435375,34021.18788510812,
test,5022,0.5,B0_SPC_observed,SLOWDOWN,True,1.3539098816349975,5.012127239822025,0.005,49,0.0,0.0,,,,,0.0,0.0,0.0,,
test,5022,0.5,B0_SPC_observed,SLOWDOWN,True,1.3539098816349975,5.012127239822025,0.01,49,0.0,0.0,,,,,0.0,0.0,0.0,,
test,5022,0.5,B0_SPC_observed,SLOWDOWN,True,1.3539098816349975,5.012127239822025,0.02,49,0.0,0.0,,,,,0.0,0.0,0.0,,
test,5022,0.5,B0_SPC_observed,SLOWDOWN,True,1.3539098816349975,5.012127239822025,0.05,49,0.04081632653061224,1.0,0.0,0.0,15.0,,0.0,0.0,0.006802721088435374,33412.86673395398,
test,5022,0.5,B0_SPC_observed,SLOWDOWN,True,1.3539098816349975,5.012127239822025,0.1,49,0.08163265306122448,1.0,0.0,0.0,15.0,,0.0,0.0,0.05442176870748299,33412.86673395398,
test,5022,0.5,B1_IsolationForest,SLOWDOWN,True,1.3539098816349975,0.7423023198141773,0.005,49,0.6938775510204082,1.0,0.0,0.0,5.0,,0.0,0.0,0.061224489795918366,38824.93722141171,
test,5022,0.5,B1_IsolationForest,SLOWDOWN,True,1.3539098816349975,0.7423023198141773,0.01,49,0.7142857142857143,1.0,0.0,0.0,5.0,,0.0,0.0,0.07482993197278912,38824.93722141171,
test,5022,0.5,B1_IsolationForest,SLOWDOWN,True,1.3539098816349975,0.7423023198141773,0.02,49,0.7142857142857143,1.0,0.0,0.0,5.0,,0.0,0.0,0.10884353741496598,38824.93722141171,
test,5022,0.5,B1_IsolationForest,SLOWDOWN,True,1.3539098816349975,0.7423023198141773,0.05,49,0.8163265306122449,1.0,0.0,0.0,5.0,,0.0,0.0,0.14965986394557823,34021.18788510812,
test,5022,0.5,B1_IsolationForest,SLOWDOWN,True,1.3539098816349975,0.7423023198141773,0.1,49,0.8367346938775511,1.0,0.0,0.0,5.0,,0.0,0.0,0.14965986394557823,33412.86673395398,
test,5022,0.25,RippleTwin,SLOWDOWN,True,1.3539098816349975,23.87887940963418,0.005,49,0.14285714285714285,1.0,0.0,1.0,1.0,,0.0,1.0,0.0,41818.98933106291,
test,5022,0.25,RippleTwin,SLOWDOWN,True,1.3539098816349975,23.87887940963418,0.01,49,0.16326530612244897,1.0,0.0,1.0,1.0,,0.0,1.0,0.0,41818.98933106291,
test,5022,0.25,RippleTwin,SLOWDOWN,True,1.3539098816349975,23.87887940963418,0.02,49,0.2653061224489796,1.0,0.0,0.7692307692307693,1.0,,0.0,1.0,0.02040816326530612,37618.93996025227,
test,5022,0.25,RippleTwin,SLOWDOWN,True,1.3539098816349975,23.87887940963418,0.05,49,0.32653061224489793,1.0,0.0,0.625,1.0,,0.0,1.0,0.05442176870748299,37017.65390747337,
test,5022,0.25,RippleTwin,SLOWDOWN,True,1.3539098816349975,23.87887940963418,0.1,49,0.3469387755102041,1.0,0.0,0.5882352941176471,1.0,,0.0,1.0,0.19047619047619047,37017.65390747337,
test,5022,0.25,B2_observed_only_twin,SLOWDOWN,True,1.3539098816349975,23.87066583332845,0.005,49,0.14285714285714285,1.0,0.0,0.0,2.0,,0.0,0.0,0.0,41818.98933106291,
test,5022,0.25,B2_observed_only_twin,SLOWDOWN,True,1.3539098816349975,23.87066583332845,0.01,49,0.14285714285714285,1.0,0.0,0.0,2.0,,0.0,0.0,0.0,41818.98933106291,
test,5022,0.25,B2_observed_only_twin,SLOWDOWN,True,1.3539098816349975,23.87066583332845,0.02,49,0.2653061224489796,1.0,0.0,0.0,2.0,,0.0,0.0,0.013605442176870748,37618.93996025227,
test,5022,0.25,B2_observed_only_twin,SLOWDOWN,True,1.3539098816349975,23.87066583332845,0.05,49,0.2857142857142857,1.0,0.0,0.0,2.0,,0.0,0.0,0.047619047619047616,37618.93996025227,
test,5022,0.25,B2_observed_only_twin,SLOWDOWN,True,1.3539098816349975,23.87066583332845,0.1,49,0.3469387755102041,1.0,0.0,0.0,2.0,,0.0,0.0,0.1564625850340136,37017.65390747337,
test,5022,0.25,B0_SPC_observed,SLOWDOWN,True,1.3539098816349975,4.674774997918179,0.005,49,0.0,0.0,,,,,0.0,0.0,0.0,,
test,5022,0.25,B0_SPC_observed,SLOWDOWN,True,1.3539098816349975,4.674774997918179,0.01,49,0.0,0.0,,,,,0.0,0.0,0.0,,
test,5022,0.25,B0_SPC_observed,SLOWDOWN,True,1.3539098816349975,4.674774997918179,0.02,49,0.0,0.0,,,,,0.0,0.0,0.0,,
test,5022,0.25,B0_SPC_observed,SLOWDOWN,True,1.3539098816349975,4.674774997918179,0.05,49,0.02040816326530612,1.0,0.0,0.0,6.0,,0.0,0.0,0.006802721088435374,35214.414960363516,
test,5022,0.25,B0_SPC_observed,SLOWDOWN,True,1.3539098816349975,4.674774997918179,0.1,49,0.061224489795918366,1.0,0.0,0.0,6.0,,0.0,0.0,0.027210884353741496,34911.651372999404,
test,5022,0.25,B1_IsolationForest,SLOWDOWN,True,1.3539098816349975,0.7158774793615637,0.005,49,0.0,0.0,,,,,0.0,0.0,0.0,,
test,5022,0.25,B1_IsolationForest,SLOWDOWN,True,1.3539098816349975,0.7158774793615637,0.01,49,0.0,0.0,,,,,0.0,0.0,0.0,,
test,5022,0.25,B1_IsolationForest,SLOWDOWN,True,1.3539098816349975,0.7158774793615637,0.02,49,0.02040816326530612,1.0,0.0,0.0,6.0,,0.0,0.0,0.006802721088435374,35214.414960363516,
test,5022,0.25,B1_IsolationForest,SLOWDOWN,True,1.3539098816349975,0.7158774793615637,0.05,49,0.02040816326530612,1.0,0.0,0.0,6.0,,0.0,0.0,0.006802721088435374,35214.414960363516,
test,5022,0.25,B1_IsolationForest,SLOWDOWN,True,1.3539098816349975,0.7158774793615637,0.1,49,0.04081632653061224,1.0,0.0,0.0,6.0,,0.0,0.0,0.034013605442176874,34911.651372999404,
test,5026,1.0,RippleTwin,QUALITY_DRIFT,False,6.931270144147872,42.5638498837417,0.005,62,0.0,0.0,,,,,0.0,0.0,0.007936507936507936,,
test,5026,1.0,RippleTwin,QUALITY_DRIFT,False,6.931270144147872,42.5638498837417,0.01,62,0.0,0.0,,,,,0.0,0.0,0.015873015873015872,,
test,5026,1.0,RippleTwin,QUALITY_DRIFT,False,6.931270144147872,42.5638498837417,0.02,62,0.0,0.0,,,,,0.0,0.0,0.031746031746031744,,
test,5026,1.0,RippleTwin,QUALITY_DRIFT,False,6.931270144147872,42.5638498837417,0.05,62,0.016129032258064516,1.0,0.0,0.0,16.0,,0.0,0.0,0.05555555555555555,54932.18669765768,
test,5026,1.0,RippleTwin,QUALITY_DRIFT,False,6.931270144147872,42.5638498837417,0.1,62,0.04838709677419355,1.0,0.0,0.0,16.0,,0.0,0.0,0.1111111111111111,37322.862479309784,
test,5026,1.0,B2_observed_only_twin,QUALITY_DRIFT,False,6.931270144147872,42.5638498837417,0.005,62,0.0,0.0,,,,,0.0,0.0,0.007936507936507936,,
test,5026,1.0,B2_observed_only_twin,QUALITY_DRIFT,False,6.931270144147872,42.5638498837417,0.01,62,0.0,0.0,,,,,0.0,0.0,0.015873015873015872,,
test,5026,1.0,B2_observed_only_twin,QUALITY_DRIFT,False,6.931270144147872,42.5638498837417,0.02,62,0.0,0.0,,,,,0.0,0.0,0.031746031746031744,,
test,5026,1.0,B2_observed_only_twin,QUALITY_DRIFT,False,6.931270144147872,42.5638498837417,0.05,62,0.016129032258064516,1.0,0.0,0.0,16.0,,0.0,0.0,0.05555555555555555,54932.18669765768,
test,5026,1.0,B2_observed_only_twin,QUALITY_DRIFT,False,6.931270144147872,42.5638498837417,0.1,62,0.04838709677419355,1.0,0.0,0.0,16.0,,0.0,0.0,0.1111111111111111,37322.862479309784,
test,5026,1.0,B0_SPC_observed,QUALITY_DRIFT,False,6.931270144147872,5.124273832797681,0.005,62,0.0,0.0,,,,,0.0,0.0,0.007936507936507936,,
test,5026,1.0,B0_SPC_observed,QUALITY_DRIFT,False,6.931270144147872,5.124273832797681,0.01,62,0.0,0.0,,,,,0.0,0.0,0.007936507936507936,,
test,5026,1.0,B0_SPC_observed,QUALITY_DRIFT,False,6.931270144147872,5.124273832797681,0.02,62,0.0,0.0,,,,,0.0,0.0,0.007936507936507936,,
test,5026,1.0,B0_SPC_observed,QUALITY_DRIFT,False,6.931270144147872,5.124273832797681,0.05,62,0.03225806451612903,1.0,0.0,0.0,4.5,,0.0,0.0,0.007936507936507936,45109.47407126315,
test,5026,1.0,B0_SPC_observed,QUALITY_DRIFT,False,6.931270144147872,5.124273832797681,0.1,62,0.04838709677419355,1.0,0.0,0.0,7.0,,0.0,0.0,0.023809523809523808,39117.99081970339,
test,5026,1.0,B1_IsolationForest,QUALITY_DRIFT,False,6.931270144147872,0.7784702529546166,0.005,62,0.0,0.0,,,,,0.0,0.0,0.0,,
test,5026,1.0,B1_IsolationForest,QUALITY_DRIFT,False,6.931270144147872,0.7784702529546166,0.01,62,0.0,0.0,,,,,0.0,0.0,0.0,,
test,5026,1.0,B1_IsolationForest,QUALITY_DRIFT,False,6.931270144147872,0.7784702529546166,0.02,62,0.0,0.0,,,,,0.0,0.0,0.007936507936507936,,
test,5026,1.0,B1_IsolationForest,QUALITY_DRIFT,False,6.931270144147872,0.7784702529546166,0.05,62,0.0,0.0,,,,,0.0,0.0,0.06349206349206349,,
test,5026,1.0,B1_IsolationForest,QUALITY_DRIFT,False,6.931270144147872,0.7784702529546166,0.1,62,0.0,0.0,,,,,0.0,0.0,0.07142857142857142,,
test,5026,0.75,RippleTwin,QUALITY_DRIFT,True,6.931270144147872,31.30364205825687,0.005,62,0.0,0.0,,,,,0.0,0.0,0.015873015873015872,,
test,5026,0.75,RippleTwin,QUALITY_DRIFT,True,6.931270144147872,31.30364205825687,0.01,62,0.0,0.0,,,,,0.0,0.0,0.015873015873015872,,
test,5026,0.75,RippleTwin,QUALITY_DRIFT,True,6.931270144147872,31.30364205825687,0.02,62,0.0,0.0,,,,,0.0,0.0,0.031746031746031744,,
test,5026,0.75,RippleTwin,QUALITY_DRIFT,True,6.931270144147872,31.30364205825687,0.05,62,0.016129032258064516,1.0,0.0,0.0,17.0,,0.0,0.0,0.05555555555555555,54932.18669765768,
test,5026,0.75,RippleTwin,QUALITY_DRIFT,True,6.931270144147872,31.30364205825687,0.1,62,0.06451612903225806,1.0,0.0,0.0,17.0,,0.0,0.0,0.14285714285714285,37322.862479309784,
test,5026,0.75,B2_observed_only_twin,QUALITY_DRIFT,True,6.931270144147872,31.30364205825687,0.005,62,0.0,0.0,,,,,0.0,0.0,0.015873015873015872,,
test,5026,0.75,B2_observed_only_twin,QUALITY_DRIFT,True,6.931270144147872,31.30364205825687,0.01,62,0.0,0.0,,,,,0.0,0.0,0.015873015873015872,,
test,5026,0.75,B2_observed_only_twin,QUALITY_DRIFT,True,6.931270144147872,31.30364205825687,0.02,62,0.0,0.0,,,,,0.0,0.0,0.023809523809523808,,
test,5026,0.75,B2_observed_only_twin,QUALITY_DRIFT,True,6.931270144147872,31.30364205825687,0.05,62,0.016129032258064516,1.0,0.0,0.0,16.0,,0.0,0.0,0.07142857142857142,54932.18669765768,
test,5026,0.75,B2_observed_only_twin,QUALITY_DRIFT,True,6.931270144147872,31.30364205825687,0.1,62,0.06451612903225806,1.0,0.0,0.0,16.0,,0.0,0.0,0.15873015873015872,37322.862479309784,
test,5026,0.75,B0_SPC_observed,QUALITY_DRIFT,True,6.931270144147872,5.061702559429017,0.005,62,0.0,0.0,,,,,0.0,0.0,0.007936507936507936,,
test,5026,0.75,B0_SPC_observed,QUALITY_DRIFT,True,6.931270144147872,5.061702559429017,0.01,62,0.0,0.0,,,,,0.0,0.0,0.007936507936507936,,
test,5026,0.75,B0_SPC_observed,QUALITY_DRIFT,True,6.931270144147872,5.061702559429017,0.02,62,0.0,0.0,,,,,0.0,0.0,0.007936507936507936,,
test,5026,0.75,B0_SPC_observed,QUALITY_DRIFT,True,6.931270144147872,5.061702559429017,0.05,62,0.03225806451612903,1.0,0.0,0.0,4.5,,0.0,0.0,0.007936507936507936,45109.47407126315,
test,5026,0.75,B0_SPC_observed,QUALITY_DRIFT,True,6.931270144147872,5.061702559429017,0.1,62,0.04838709677419355,1.0,0.0,0.0,7.0,,0.0,0.0,0.023809523809523808,39117.99081970339,
test,5026,0.75,B1_IsolationForest,QUALITY_DRIFT,True,6.931270144147872,0.7423023198141773,0.005,62,0.0,0.0,,,,,0.0,0.0,0.06349206349206349,,
test,5026,0.75,B1_IsolationForest,QUALITY_DRIFT,True,6.931270144147872,0.7423023198141773,0.01,62,0.0,0.0,,,,,0.0,0.0,0.06349206349206349,,
test,5026,0.75,B1_IsolationForest,QUALITY_DRIFT,True,6.931270144147872,0.7423023198141773,0.02,62,0.0,0.0,,,,,0.0,0.0,0.06349206349206349,,
test,5026,0.75,B1_IsolationForest,QUALITY_DRIFT,True,6.931270144147872,0.7423023198141773,0.05,62,0.0,0.0,,,,,0.0,0.0,0.06349206349206349,,
test,5026,0.75,B1_IsolationForest,QUALITY_DRIFT,True,6.931270144147872,0.7423023198141773,0.1,62,0.0,0.0,,,,,0.0,0.0,0.09523809523809523,,
test,5026,0.5,RippleTwin,QUALITY_DRIFT,True,6.931270144147872,39.99294167411538,0.005,62,0.0,0.0,,,,,0.0,0.0,0.015873015873015872,,
test,5026,0.5,RippleTwin,QUALITY_DRIFT,True,6.931270144147872,39.99294167411538,0.01,62,0.0,0.0,,,,,0.0,0.0,0.015873015873015872,,
test,5026,0.5,RippleTwin,QUALITY_DRIFT,True,6.931270144147872,39.99294167411538,0.02,62,0.0,0.0,,,,,0.0,0.0,0.023809523809523808,,
test,5026,0.5,RippleTwin,QUALITY_DRIFT,True,6.931270144147872,39.99294167411538,0.05,62,0.03225806451612903,1.0,0.0,0.0,17.0,,0.0,0.0,0.05555555555555555,54932.18669765768,
test,5026,0.5,RippleTwin,QUALITY_DRIFT,True,6.931270144147872,39.99294167411538,0.1,62,0.04838709677419355,1.0,0.0,0.0,17.0,,0.0,0.0,0.1111111111111111,54605.93841005229,
test,5026,0.5,B2_observed_only_twin,QUALITY_DRIFT,True,6.931270144147872,39.987745614480566,0.005,62,0.0,0.0,,,,,0.0,0.0,0.015873015873015872,,
test,5026,0.5,B2_observed_only_twin,QUALITY_DRIFT,True,6.931270144147872,39.987745614480566,0.01,62,0.0,0.0,,,,,0.0,0.0,0.015873015873015872,,
test,5026,0.5,B2_observed_only_twin,QUALITY_DRIFT,True,6.931270144147872,39.987745614480566,0.02,62,0.0,0.0,,,,,0.0,0.0,0.023809523809523808,,
test,5026,0.5,B2_observed_only_twin,QUALITY_DRIFT,True,6.931270144147872,39.987745614480566,0.05,62,0.03225806451612903,1.0,0.0,0.0,16.0,,0.0,0.0,0.06349206349206349,54932.18669765768,
test,5026,0.5,B2_observed_only_twin,QUALITY_DRIFT,True,6.931270144147872,39.987745614480566,0.1,62,0.04838709677419355,1.0,0.0,0.0,16.0,,0.0,0.0,0.11904761904761904,54605.93841005229,
test,5026,0.5,B0_SPC_observed,QUALITY_DRIFT,True,6.931270144147872,5.012127239822025,0.005,62,0.0,0.0,,,,,0.0,0.0,0.007936507936507936,,
test,5026,0.5,B0_SPC_observed,QUALITY_DRIFT,True,6.931270144147872,5.012127239822025,0.01,62,0.0,0.0,,,,,0.0,0.0,0.007936507936507936,,
test,5026,0.5,B0_SPC_observed,QUALITY_DRIFT,True,6.931270144147872,5.012127239822025,0.02,62,0.016129032258064516,1.0,0.0,0.0,2.0,,0.0,0.0,0.007936507936507936,47519.732989163,
test,5026,0.5,B0_SPC_observed,QUALITY_DRIFT,True,6.931270144147872,5.012127239822025,0.05,62,0.03225806451612903,1.0,0.0,0.0,4.5,,0.0,0.0,0.015873015873015872,39117.99081970339,
test,5026,0.5,B0_SPC_observed,QUALITY_DRIFT,True,6.931270144147872,5.012127239822025,0.1,62,0.03225806451612903,1.0,0.0,0.0,4.5,,0.0,0.0,0.023809523809523808,38211.85803180017,
test,5026,0.5,B1_IsolationForest,QUALITY_DRIFT,True,6.931270144147872,0.7423023198141773,0.005,62,0.0,0.0,,,,,0.0,0.0,0.07936507936507936,,
test,5026,0.5,B1_IsolationForest,QUALITY_DRIFT,True,6.931270144147872,0.7423023198141773,0.01,62,0.0,0.0,,,,,0.0,0.0,0.07936507936507936,,
test,5026,0.5,B1_IsolationForest,QUALITY_DRIFT,True,6.931270144147872,0.7423023198141773,0.02,62,0.0,0.0,,,,,0.0,0.0,0.07936507936507936,,
test,5026,0.5,B1_IsolationForest,QUALITY_DRIFT,True,6.931270144147872,0.7423023198141773,0.05,62,0.0,0.0,,,,,0.0,0.0,0.07936507936507936,,
test,5026,0.5,B1_IsolationForest,QUALITY_DRIFT,True,6.931270144147872,0.7423023198141773,0.1,62,0.0,0.0,,,,,0.0,0.0,0.0873015873015873,,
test,5026,0.25,RippleTwin,QUALITY_DRIFT,True,6.931270144147872,23.87887940963418,0.005,62,0.0,0.0,,,,,0.0,0.0,0.015873015873015872,,
test,5026,0.25,RippleTwin,QUALITY_DRIFT,True,6.931270144147872,23.87887940963418,0.01,62,0.0,0.0,,,,,0.0,0.0,0.015873015873015872,,
test,5026,0.25,RippleTwin,QUALITY_DRIFT,True,6.931270144147872,23.87887940963418,0.02,62,0.0,0.0,,,,,0.0,0.0,0.06349206349206349,,
test,5026,0.25,RippleTwin,QUALITY_DRIFT,True,6.931270144147872,23.87887940963418,0.05,62,0.03225806451612903,1.0,0.0,0.0,17.0,,0.0,0.0,0.1111111111111111,54605.93841005229,
test,5026,0.25,RippleTwin,QUALITY_DRIFT,True,6.931270144147872,23.87887940963418,0.1,62,0.04838709677419355,1.0,0.0,0.0,17.0,,0.0,0.0,0.1746031746031746,39420.357854911126,
test,5026,0.25,B2_observed_only_twin,QUALITY_DRIFT,True,6.931270144147872,23.87066583332845,0.005,62,0.0,0.0,,,,,0.0,0.0,0.015873015873015872,,
test,5026,0.25,B2_observed_only_twin,QUALITY_DRIFT,True,6.931270144147872,23.87066583332845,0.01,62,0.0,0.0,,,,,0.0,0.0,0.015873015873015872,,
test,5026,0.25,B2_observed_only_twin,QUALITY_DRIFT,True,6.931270144147872,23.87066583332845,0.02,62,0.0,0.0,,,,,0.0,0.0,0.07936507936507936,,
test,5026,0.25,B2_observed_only_twin,QUALITY_DRIFT,True,6.931270144147872,23.87066583332845,0.05,62,0.03225806451612903,1.0,0.0,0.0,16.0,,0.0,0.0,0.16666666666666666,54605.93841005229,
test,5026,0.25,B2_observed_only_twin,QUALITY_DRIFT,True,6.931270144147872,23.87066583332845,0.1,62,0.04838709677419355,1.0,0.0,0.0,16.0,,0.0,0.0,0.21428571428571427,39420.357854911126,
test,5026,0.25,B0_SPC_observed,QUALITY_DRIFT,True,6.931270144147872,4.674774997918179,0.005,62,0.0,0.0,,,,,0.0,0.0,0.007936507936507936,,
test,5026,0.25,B0_SPC_observed,QUALITY_DRIFT,True,6.931270144147872,4.674774997918179,0.01,62,0.0,0.0,,,,,0.0,0.0,0.007936507936507936,,
test,5026,0.25,B0_SPC_observed,QUALITY_DRIFT,True,6.931270144147872,4.674774997918179,0.02,62,0.0,0.0,,,,,0.0,0.0,0.015873015873015872,,
test,5026,0.25,B0_SPC_observed,QUALITY_DRIFT,True,6.931270144147872,4.674774997918179,0.05,62,0.016129032258064516,1.0,0.0,0.0,7.0,,0.0,0.0,0.023809523809523808,39117.99081970339,
test,5026,0.25,B0_SPC_observed,QUALITY_DRIFT,True,6.931270144147872,4.674774997918179,0.1,62,0.03225806451612903,1.0,0.0,0.0,8.5,,0.0,0.0,0.031746031746031744,39117.99081970339,
test,5026,0.25,B1_IsolationForest,QUALITY_DRIFT,True,6.931270144147872,0.7158774793615637,0.005,62,0.0,0.0,,,,,0.0,0.0,0.0,,
test,5026,0.25,B1_IsolationForest,QUALITY_DRIFT,True,6.931270144147872,0.7158774793615637,0.01,62,0.0,0.0,,,,,0.0,0.0,0.007936507936507936,,
test,5026,0.25,B1_IsolationForest,QUALITY_DRIFT,True,6.931270144147872,0.7158774793615637,0.02,62,0.0,0.0,,,,,0.0,0.0,0.015873015873015872,,
test,5026,0.25,B1_IsolationForest,QUALITY_DRIFT,True,6.931270144147872,0.7158774793615637,0.05,62,0.0,0.0,,,,,0.0,0.0,0.015873015873015872,,
test,5026,0.25,B1_IsolationForest,QUALITY_DRIFT,True,6.931270144147872,0.7158774793615637,0.1,62,0.016129032258064516,1.0,0.0,0.0,7.0,,0.0,0.0,0.047619047619047616,39117.99081970339,
test,5027,1.0,RippleTwin,SLOWDOWN,False,1.2682430732073742,42.5638498837417,0.005,37,0.972972972972973,1.0,1.0,1.0,0.0,,1.0,1.0,0.0,39718.61376878051,
test,5027,1.0,RippleTwin,SLOWDOWN,False,1.2682430732073742,42.5638498837417,0.01,37,0.972972972972973,1.0,1.0,1.0,0.0,,1.0,1.0,0.0,39718.61376878051,
test,5027,1.0,RippleTwin,SLOWDOWN,False,1.2682430732073742,42.5638498837417,0.02,37,1.0,1.0,1.0,1.0,0.0,,1.0,1.0,0.0,39413.49639137696,
test,5027,1.0,RippleTwin,SLOWDOWN,False,1.2682430732073742,42.5638498837417,0.05,37,1.0,1.0,1.0,1.0,0.0,,1.0,1.0,0.01282051282051282,39120.6457194559,
test,5027,1.0,RippleTwin,SLOWDOWN,False,1.2682430732073742,42.5638498837417,0.1,37,1.0,1.0,1.0,1.0,0.0,,1.0,1.0,0.12179487179487179,38815.29641148717,
test,5027,1.0,B2_observed_only_twin,SLOWDOWN,False,1.2682430732073742,42.5638498837417,0.005,37,0.972972972972973,1.0,1.0,1.0,0.0,,1.0,1.0,0.0,39718.61376878051,
test,5027,1.0,B2_observed_only_twin,SLOWDOWN,False,1.2682430732073742,42.5638498837417,0.01,37,0.972972972972973,1.0,1.0,1.0,0.0,,1.0,1.0,0.0,39718.61376878051,
test,5027,1.0,B2_observed_only_twin,SLOWDOWN,False,1.2682430732073742,42.5638498837417,0.02,37,1.0,1.0,1.0,1.0,0.0,,1.0,1.0,0.0,39413.49639137696,
test,5027,1.0,B2_observed_only_twin,SLOWDOWN,False,1.2682430732073742,42.5638498837417,0.05,37,1.0,1.0,1.0,1.0,0.0,,1.0,1.0,0.01282051282051282,39120.6457194559,
test,5027,1.0,B2_observed_only_twin,SLOWDOWN,False,1.2682430732073742,42.5638498837417,0.1,37,1.0,1.0,1.0,1.0,0.0,,1.0,1.0,0.12179487179487179,38815.29641148717,
test,5027,1.0,B0_SPC_observed,SLOWDOWN,False,1.2682430732073742,5.124273832797681,0.005,37,0.9459459459459459,1.0,1.0,1.0,0.0,,1.0,1.0,0.01282051282051282,39120.6457194559,
test,5027,1.0,B0_SPC_observed,SLOWDOWN,False,1.2682430732073742,5.124273832797681,0.01,37,0.9459459459459459,1.0,1.0,1.0,0.0,,1.0,1.0,0.019230769230769232,39120.6457194559,
test,5027,1.0,B0_SPC_observed,SLOWDOWN,False,1.2682430732073742,5.124273832797681,0.02,37,0.9459459459459459,1.0,1.0,1.0,0.0,,1.0,1.0,0.019230769230769232,39120.6457194559,
test,5027,1.0,B0_SPC_observed,SLOWDOWN,False,1.2682430732073742,5.124273832797681,0.05,37,0.9459459459459459,1.0,1.0,1.0,0.0,,1.0,1.0,0.02564102564102564,39120.6457194559,
test,5027,1.0,B0_SPC_observed,SLOWDOWN,False,1.2682430732073742,5.124273832797681,0.1,37,0.9459459459459459,1.0,1.0,1.0,0.0,,1.0,1.0,0.05128205128205128,38815.29641148717,
test,5027,1.0,B1_IsolationForest,SLOWDOWN,False,1.2682430732073742,0.7784702529546166,0.005,37,0.0,0.0,,,,,0.0,0.0,0.0,,
test,5027,1.0,B1_IsolationForest,SLOWDOWN,False,1.2682430732073742,0.7784702529546166,0.01,37,0.0,0.0,,,,,0.0,0.0,0.0,,
test,5027,1.0,B1_IsolationForest,SLOWDOWN,False,1.2682430732073742,0.7784702529546166,0.02,37,0.0,0.0,,,,,0.0,0.0,0.0,,
test,5027,1.0,B1_IsolationForest,SLOWDOWN,False,1.2682430732073742,0.7784702529546166,0.05,37,0.16216216216216217,1.0,0.0,0.0,2.0,,0.0,0.0,0.05128205128205128,41161.87366813157,
test,5027,1.0,B1_IsolationForest,SLOWDOWN,False,1.2682430732073742,0.7784702529546166,0.1,37,0.9459459459459459,1.0,0.0,0.0,2.0,,0.0,0.0,0.07051282051282051,39120.6457194559,
test,5027,0.75,RippleTwin,SLOWDOWN,True,1.2682430732073742,31.30364205825687,0.005,37,1.0,1.0,0.972972972972973,1.0,0.0,,1.0,1.0,0.0,39718.61376878051,
test,5027,0.75,RippleTwin,SLOWDOWN,True,1.2682430732073742,31.30364205825687,0.01,37,1.0,1.0,0.972972972972973,1.0,0.0,,1.0,1.0,0.0,39718.61376878051,
test,5027,0.75,RippleTwin,SLOWDOWN,True,1.2682430732073742,31.30364205825687,0.02,37,1.0,1.0,0.972972972972973,1.0,0.0,,1.0,1.0,0.0,39718.61376878051,
test,5027,0.75,RippleTwin,SLOWDOWN,True,1.2682430732073742,31.30364205825687,0.05,37,1.0,1.0,0.972972972972973,1.0,0.0,,1.0,1.0,0.03205128205128205,39413.49639137696,
test,5027,0.75,RippleTwin,SLOWDOWN,True,1.2682430732073742,31.30364205825687,0.1,37,1.0,1.0,0.972972972972973,1.0,0.0,,1.0,1.0,0.1346153846153846,39120.6457194559,
test,5027,0.75,B2_observed_only_twin,SLOWDOWN,True,1.2682430732073742,31.30364205825687,0.005,37,0.972972972972973,1.0,0.0,1.0,1.0,,0.0,1.0,0.0,39718.61376878051,
test,5027,0.75,B2_observed_only_twin,SLOWDOWN,True,1.2682430732073742,31.30364205825687,0.01,37,0.972972972972973,1.0,0.0,1.0,1.0,,0.0,1.0,0.0,39718.61376878051,
test,5027,0.75,B2_observed_only_twin,SLOWDOWN,True,1.2682430732073742,31.30364205825687,0.02,37,0.972972972972973,1.0,0.0,1.0,1.0,,0.0,1.0,0.00641025641025641,39718.61376878051,
test,5027,0.75,B2_observed_only_twin,SLOWDOWN,True,1.2682430732073742,31.30364205825687,0.05,37,0.972972972972973,1.0,0.0,1.0,1.0,,0.0,1.0,0.08333333333333333,39413.49639137696,
test,5027,0.75,B2_observed_only_twin,SLOWDOWN,True,1.2682430732073742,31.30364205825687,0.1,37,0.972972972972973,1.0,0.0,1.0,1.0,,0.0,1.0,0.1282051282051282,39120.6457194559,
test,5027,0.75,B0_SPC_observed,SLOWDOWN,True,1.2682430732073742,5.061702559429017,0.005,37,0.0,0.0,,,,,0.0,0.0,0.019230769230769232,,
test,5027,0.75,B0_SPC_observed,SLOWDOWN,True,1.2682430732073742,5.061702559429017,0.01,37,0.0,0.0,,,,,0.0,0.0,0.019230769230769232,,
test,5027,0.75,B0_SPC_observed,SLOWDOWN,True,1.2682430732073742,5.061702559429017,0.02,37,0.0,0.0,,,,,0.0,0.0,0.019230769230769232,,
test,5027,0.75,B0_SPC_observed,SLOWDOWN,True,1.2682430732073742,5.061702559429017,0.05,37,0.0,0.0,,,,,0.0,0.0,0.02564102564102564,,
test,5027,0.75,B0_SPC_observed,SLOWDOWN,True,1.2682430732073742,5.061702559429017,0.1,37,0.0,0.0,,,,,0.0,0.0,0.05128205128205128,,
test,5027,0.75,B1_IsolationForest,SLOWDOWN,True,1.2682430732073742,0.7423023198141773,0.005,37,0.16216216216216217,1.0,0.0,0.0,2.0,,0.0,0.0,0.05128205128205128,41161.87366813157,
test,5027,0.75,B1_IsolationForest,SLOWDOWN,True,1.2682430732073742,0.7423023198141773,0.01,37,0.16216216216216217,1.0,0.0,0.0,2.0,,0.0,0.0,0.05128205128205128,41161.87366813157,
test,5027,0.75,B1_IsolationForest,SLOWDOWN,True,1.2682430732073742,0.7423023198141773,0.02,37,0.21621621621621623,1.0,0.0,0.0,2.0,,0.0,0.0,0.05128205128205128,39718.61376878051,
test,5027,0.75,B1_IsolationForest,SLOWDOWN,True,1.2682430732073742,0.7423023198141773,0.05,37,0.9459459459459459,1.0,0.0,0.0,2.0,,0.0,0.0,0.07051282051282051,39120.6457194559,
test,5027,0.75,B1_IsolationForest,SLOWDOWN,True,1.2682430732073742,0.7423023198141773,0.1,37,0.9459459459459459,1.0,0.0,0.0,2.0,,0.0,0.0,0.11538461538461539,39120.6457194559,
test,5027,0.5,RippleTwin,SLOWDOWN,True,1.2682430732073742,39.99294167411538,0.005,37,0.972972972972973,1.0,0.9722222222222222,1.0,0.0,,1.0,1.0,0.0,40067.861757533465,
test,5027,0.5,RippleTwin,SLOWDOWN,True,1.2682430732073742,39.99294167411538,0.01,37,0.972972972972973,1.0,0.9722222222222222,1.0,0.0,,1.0,1.0,0.0,40067.861757533465,
test,5027,0.5,RippleTwin,SLOWDOWN,True,1.2682430732073742,39.99294167411538,0.02,37,1.0,1.0,0.972972972972973,1.0,0.0,,1.0,1.0,0.0,39718.61376878051,
test,5027,0.5,RippleTwin,SLOWDOWN,True,1.2682430732073742,39.99294167411538,0.05,37,1.0,1.0,0.972972972972973,1.0,0.0,,1.0,1.0,0.00641025641025641,39718.61376878051,
test,5027,0.5,RippleTwin,SLOWDOWN,True,1.2682430732073742,39.99294167411538,0.1,37,1.0,1.0,0.972972972972973,1.0,0.0,,1.0,1.0,0.08974358974358974,39413.49639137696,
test,5027,0.5,B2_observed_only_twin,SLOWDOWN,True,1.2682430732073742,39.987745614480566,0.005,37,0.972972972972973,1.0,0.0,1.0,1.0,,0.0,1.0,0.0,40067.861757533465,
test,5027,0.5,B2_observed_only_twin,SLOWDOWN,True,1.2682430732073742,39.987745614480566,0.01,37,0.972972972972973,1.0,0.0,1.0,1.0,,0.0,1.0,0.0,40067.861757533465,
test,5027,0.5,B2_observed_only_twin,SLOWDOWN,True,1.2682430732073742,39.987745614480566,0.02,37,1.0,1.0,0.0,1.0,1.0,,0.0,1.0,0.0,39718.61376878051,
test,5027,0.5,B2_observed_only_twin,SLOWDOWN,True,1.2682430732073742,39.987745614480566,0.05,37,1.0,1.0,0.0,1.0,1.0,,0.0,1.0,0.00641025641025641,39718.61376878051,
test,5027,0.5,B2_observed_only_twin,SLOWDOWN,True,1.2682430732073742,39.987745614480566,0.1,37,1.0,1.0,0.0,1.0,1.0,,0.0,1.0,0.07051282051282051,39413.49639137696,
test,5027,0.5,B0_SPC_observed,SLOWDOWN,True,1.2682430732073742,5.012127239822025,0.005,37,0.0,0.0,,,,,0.0,0.0,0.00641025641025641,,
test,5027,0.5,B0_SPC_observed,SLOWDOWN,True,1.2682430732073742,5.012127239822025,0.01,37,0.0,0.0,,,,,0.0,0.0,0.00641025641025641,,
test,5027,0.5,B0_SPC_observed,SLOWDOWN,True,1.2682430732073742,5.012127239822025,0.02,37,0.0,0.0,,,,,0.0,0.0,0.00641025641025641,,
test,5027,0.5,B0_SPC_observed,SLOWDOWN,True,1.2682430732073742,5.012127239822025,0.05,37,0.0,0.0,,,,,0.0,0.0,0.019230769230769232,,
test,5027,0.5,B0_SPC_observed,SLOWDOWN,True,1.2682430732073742,5.012127239822025,0.1,37,0.0,0.0,,,,,0.0,0.0,0.04487179487179487,,
test,5027,0.5,B1_IsolationForest,SLOWDOWN,True,1.2682430732073742,0.7423023198141773,0.005,37,0.16216216216216217,1.0,0.0,0.0,2.0,,0.0,0.0,0.05128205128205128,41161.87366813157,
test,5027,0.5,B1_IsolationForest,SLOWDOWN,True,1.2682430732073742,0.7423023198141773,0.01,37,0.16216216216216217,1.0,0.0,0.0,2.0,,0.0,0.0,0.05128205128205128,41161.87366813157,
test,5027,0.5,B1_IsolationForest,SLOWDOWN,True,1.2682430732073742,0.7423023198141773,0.02,37,0.21621621621621623,1.0,0.0,0.0,2.0,,0.0,0.0,0.05128205128205128,39718.61376878051,
test,5027,0.5,B1_IsolationForest,SLOWDOWN,True,1.2682430732073742,0.7423023198141773,0.05,37,0.9459459459459459,1.0,0.0,0.0,2.0,,0.0,0.0,0.08974358974358974,39120.6457194559,
test,5027,0.5,B1_IsolationForest,SLOWDOWN,True,1.2682430732073742,0.7423023198141773,0.1,37,0.9459459459459459,1.0,0.0,0.0,2.0,,0.0,0.0,0.16025641025641027,39120.6457194559,
test,5027,0.25,RippleTwin,SLOWDOWN,True,1.2682430732073742,23.87887940963418,0.005,37,0.972972972972973,1.0,0.9722222222222222,1.0,0.0,,1.0,1.0,0.0,40436.941664716884,
test,5027,0.25,RippleTwin,SLOWDOWN,True,1.2682430732073742,23.87887940963418,0.01,37,0.972972972972973,1.0,0.9722222222222222,1.0,0.0,,1.0,1.0,0.0,40436.941664716884,
test,5027,0.25,RippleTwin,SLOWDOWN,True,1.2682430732073742,23.87887940963418,0.02,37,1.0,1.0,0.972972972972973,1.0,0.0,,1.0,1.0,0.05128205128205128,40067.861757533465,
test,5027,0.25,RippleTwin,SLOWDOWN,True,1.2682430732073742,23.87887940963418,0.05,37,1.0,1.0,0.972972972972973,1.0,0.0,,1.0,1.0,0.1346153846153846,40067.861757533465,
test,5027,0.25,RippleTwin,SLOWDOWN,True,1.2682430732073742,23.87887940963418,0.1,37,1.0,1.0,0.972972972972973,1.0,0.0,,1.0,1.0,0.1794871794871795,40067.861757533465,
test,5027,0.25,B2_observed_only_twin,SLOWDOWN,True,1.2682430732073742,23.87066583332845,0.005,37,0.918918918918919,1.0,0.0,1.0,1.0,,0.0,1.0,0.0,40784.57289486647,
test,5027,0.25,B2_observed_only_twin,SLOWDOWN,True,1.2682430732073742,23.87066583332845,0.01,37,0.972972972972973,1.0,0.0,1.0,1.0,,0.0,1.0,0.0,40436.941664716884,
test,5027,0.25,B2_observed_only_twin,SLOWDOWN,True,1.2682430732073742,23.87066583332845,0.02,37,1.0,1.0,0.0,1.0,1.0,,0.0,1.0,0.038461538461538464,40067.861757533465,
test,5027,0.25,B2_observed_only_twin,SLOWDOWN,True,1.2682430732073742,23.87066583332845,0.05,37,1.0,1.0,0.0,1.0,1.0,,0.0,1.0,0.11538461538461539,40067.861757533465,
test,5027,0.25,B2_observed_only_twin,SLOWDOWN,True,1.2682430732073742,23.87066583332845,0.1,37,1.0,1.0,0.0,1.0,1.0,,0.0,1.0,0.17307692307692307,40067.861757533465,
test,5027,0.25,B0_SPC_observed,SLOWDOWN,True,1.2682430732073742,4.674774997918179,0.005,37,0.0,0.0,,,,,0.0,0.0,0.0,,
test,5027,0.25,B0_SPC_observed,SLOWDOWN,True,1.2682430732073742,4.674774997918179,0.01,37,0.0,0.0,,,,,0.0,0.0,0.0,,
test,5027,0.25,B0_SPC_observed,SLOWDOWN,True,1.2682430732073742,4.674774997918179,0.02,37,0.0,0.0,,,,,0.0,0.0,0.0,,
test,5027,0.25,B0_SPC_observed,SLOWDOWN,True,1.2682430732073742,4.674774997918179,0.05,37,0.0,0.0,,,,,0.0,0.0,0.01282051282051282,,
test,5027,0.25,B0_SPC_observed,SLOWDOWN,True,1.2682430732073742,4.674774997918179,0.1,37,0.0,0.0,,,,,0.0,0.0,0.04487179487179487,,
test,5027,0.25,B1_IsolationForest,SLOWDOWN,True,1.2682430732073742,0.7158774793615637,0.005,37,0.05405405405405406,1.0,0.0,0.0,9.0,,0.0,0.0,0.0,49883.78414695902,
test,5027,0.25,B1_IsolationForest,SLOWDOWN,True,1.2682430732073742,0.7158774793615637,0.01,37,0.10810810810810811,1.0,0.0,0.0,9.0,,0.0,0.0,0.0,41893.18456105252,
test,5027,0.25,B1_IsolationForest,SLOWDOWN,True,1.2682430732073742,0.7158774793615637,0.02,37,0.13513513513513514,1.0,0.0,0.0,9.0,,0.0,0.0,0.0,41519.838743561326,
test,5027,0.25,B1_IsolationForest,SLOWDOWN,True,1.2682430732073742,0.7158774793615637,0.05,37,0.32432432432432434,1.0,0.0,0.0,9.0,,0.0,0.0,0.057692307692307696,41519.838743561326,
test,5027,0.25,B1_IsolationForest,SLOWDOWN,True,1.2682430732073742,0.7158774793615637,0.1,37,0.5405405405405406,1.0,0.0,0.0,9.0,,0.0,0.0,0.07051282051282051,39718.61376878051,
test,5029,1.0,RippleTwin,QUALITY_DRIFT,False,11.674801625920002,42.5638498837417,0.005,48,0.020833333333333332,1.0,0.0,0.0,16.0,,0.0,0.0,0.0,41220.51072528774,
test,5029,1.0,RippleTwin,QUALITY_DRIFT,False,11.674801625920002,42.5638498837417,0.01,48,0.041666666666666664,1.0,0.0,0.0,16.0,,0.0,0.0,0.006896551724137931,40912.964679369834,
test,5029,1.0,RippleTwin,QUALITY_DRIFT,False,11.674801625920002,42.5638498837417,0.02,48,0.08333333333333333,1.0,0.0,0.0,16.0,,0.0,0.0,0.020689655172413793,40625.10204736078,
test,5029,1.0,RippleTwin,QUALITY_DRIFT,False,11.674801625920002,42.5638498837417,0.05,48,0.10416666666666667,1.0,0.0,0.0,16.0,,0.0,0.0,0.034482758620689655,40625.10204736078,
test,5029,1.0,RippleTwin,QUALITY_DRIFT,False,11.674801625920002,42.5638498837417,0.1,48,0.10416666666666667,1.0,0.0,0.0,16.0,,0.0,0.0,0.07586206896551724,40625.10204736078,
test,5029,1.0,B2_observed_only_twin,QUALITY_DRIFT,False,11.674801625920002,42.5638498837417,0.005,48,0.020833333333333332,1.0,0.0,0.0,16.0,,0.0,0.0,0.0,41220.51072528774,
test,5029,1.0,B2_observed_only_twin,QUALITY_DRIFT,False,11.674801625920002,42.5638498837417,0.01,48,0.041666666666666664,1.0,0.0,0.0,16.0,,0.0,0.0,0.006896551724137931,40912.964679369834,
test,5029,1.0,B2_observed_only_twin,QUALITY_DRIFT,False,11.674801625920002,42.5638498837417,0.02,48,0.08333333333333333,1.0,0.0,0.0,16.0,,0.0,0.0,0.020689655172413793,40625.10204736078,
test,5029,1.0,B2_observed_only_twin,QUALITY_DRIFT,False,11.674801625920002,42.5638498837417,0.05,48,0.10416666666666667,1.0,0.0,0.0,16.0,,0.0,0.0,0.034482758620689655,40625.10204736078,
test,5029,1.0,B2_observed_only_twin,QUALITY_DRIFT,False,11.674801625920002,42.5638498837417,0.1,48,0.10416666666666667,1.0,0.0,0.0,16.0,,0.0,0.0,0.07586206896551724,40625.10204736078,
test,5029,1.0,B0_SPC_observed,QUALITY_DRIFT,False,11.674801625920002,5.124273832797681,0.005,48,0.0,0.0,,,,,0.0,0.0,0.0,,
test,5029,1.0,B0_SPC_observed,QUALITY_DRIFT,False,11.674801625920002,5.124273832797681,0.01,48,0.0,0.0,,,,,0.0,0.0,0.0,,
test,5029,1.0,B0_SPC_observed,QUALITY_DRIFT,False,11.674801625920002,5.124273832797681,0.02,48,0.0,0.0,,,,,0.0,0.0,0.0,,
test,5029,1.0,B0_SPC_observed,QUALITY_DRIFT,False,11.674801625920002,5.124273832797681,0.05,48,0.0,0.0,,,,,0.0,0.0,0.0,,
test,5029,1.0,B0_SPC_observed,QUALITY_DRIFT,False,11.674801625920002,5.124273832797681,0.1,48,0.0,0.0,,,,,0.0,0.0,0.013793103448275862,,
test,5029,1.0,B1_IsolationForest,QUALITY_DRIFT,False,11.674801625920002,0.7784702529546166,0.005,48,0.0,0.0,,,,,0.0,0.0,0.0,,
test,5029,1.0,B1_IsolationForest,QUALITY_DRIFT,False,11.674801625920002,0.7784702529546166,0.01,48,0.0,0.0,,,,,0.0,0.0,0.0,,
test,5029,1.0,B1_IsolationForest,QUALITY_DRIFT,False,11.674801625920002,0.7784702529546166,0.02,48,0.0,0.0,,,,,0.0,0.0,0.0,,
test,5029,1.0,B1_IsolationForest,QUALITY_DRIFT,False,11.674801625920002,0.7784702529546166,0.05,48,0.0,0.0,,,,,0.0,0.0,0.006896551724137931,,
test,5029,1.0,B1_IsolationForest,QUALITY_DRIFT,False,11.674801625920002,0.7784702529546166,0.1,48,0.0,0.0,,,,,0.0,0.0,0.06206896551724138,,
test,5029,0.75,RippleTwin,QUALITY_DRIFT,True,11.674801625920002,31.30364205825687,0.005,48,0.020833333333333332,1.0,0.0,0.0,17.0,,0.0,0.0,0.006896551724137931,41220.51072528774,
test,5029,0.75,RippleTwin,QUALITY_DRIFT,True,11.674801625920002,31.30364205825687,0.01,48,0.020833333333333332,1.0,0.0,0.0,17.0,,0.0,0.0,0.006896551724137931,41220.51072528774,
test,5029,0.75,RippleTwin,QUALITY_DRIFT,True,11.674801625920002,31.30364205825687,0.02,48,0.041666666666666664,1.0,0.0,0.0,17.0,,0.0,0.0,0.013793103448275862,40912.964679369834,
test,5029,0.75,RippleTwin,QUALITY_DRIFT,True,11.674801625920002,31.30364205825687,0.05,48,0.08333333333333333,1.0,0.0,0.0,17.0,,0.0,0.0,0.027586206896551724,40625.10204736078,
test,5029,0.75,RippleTwin,QUALITY_DRIFT,True,11.674801625920002,31.30364205825687,0.1,48,0.10416666666666667,1.0,0.0,0.0,17.0,,0.0,0.0,0.05517241379310345,35818.760505510174,
test,5029,0.75,B2_observed_only_twin,QUALITY_DRIFT,True,11.674801625920002,31.30364205825687,0.005,48,0.020833333333333332,1.0,0.0,0.0,16.0,,0.0,0.0,0.006896551724137931,41220.51072528774,
test,5029,0.75,B2_observed_only_twin,QUALITY_DRIFT,True,11.674801625920002,31.30364205825687,0.01,48,0.020833333333333332,1.0,0.0,0.0,16.0,,0.0,0.0,0.006896551724137931,41220.51072528774,
test,5029,0.75,B2_observed_only_twin,QUALITY_DRIFT,True,11.674801625920002,31.30364205825687,0.02,48,0.0625,1.0,0.0,0.0,16.0,,0.0,0.0,0.013793103448275862,40912.964679369834,
test,5029,0.75,B2_observed_only_twin,QUALITY_DRIFT,True,11.674801625920002,31.30364205825687,0.05,48,0.08333333333333333,1.0,0.0,0.0,16.0,,0.0,0.0,0.027586206896551724,40625.10204736078,
test,5029,0.75,B2_observed_only_twin,QUALITY_DRIFT,True,11.674801625920002,31.30364205825687,0.1,48,0.10416666666666667,1.0,0.0,0.0,16.0,,0.0,0.0,0.08275862068965517,35818.760505510174,
test,5029,0.75,B0_SPC_observed,QUALITY_DRIFT,True,11.674801625920002,5.061702559429017,0.005,48,0.0,0.0,,,,,0.0,0.0,0.0,,
test,5029,0.75,B0_SPC_observed,QUALITY_DRIFT,True,11.674801625920002,5.061702559429017,0.01,48,0.0,0.0,,,,,0.0,0.0,0.0,,
test,5029,0.75,B0_SPC_observed,QUALITY_DRIFT,True,11.674801625920002,5.061702559429017,0.02,48,0.0,0.0,,,,,0.0,0.0,0.0,,
test,5029,0.75,B0_SPC_observed,QUALITY_DRIFT,True,11.674801625920002,5.061702559429017,0.05,48,0.0,0.0,,,,,0.0,0.0,0.0,,
test,5029,0.75,B0_SPC_observed,QUALITY_DRIFT,True,11.674801625920002,5.061702559429017,0.1,48,0.0,0.0,,,,,0.0,0.0,0.013793103448275862,,
test,5029,0.75,B1_IsolationForest,QUALITY_DRIFT,True,11.674801625920002,0.7423023198141773,0.005,48,0.0,0.0,,,,,0.0,0.0,0.006896551724137931,,
test,5029,0.75,B1_IsolationForest,QUALITY_DRIFT,True,11.674801625920002,0.7423023198141773,0.01,48,0.0,0.0,,,,,0.0,0.0,0.006896551724137931,,
test,5029,0.75,B1_IsolationForest,QUALITY_DRIFT,True,11.674801625920002,0.7423023198141773,0.02,48,0.0,0.0,,,,,0.0,0.0,0.006896551724137931,,
test,5029,0.75,B1_IsolationForest,QUALITY_DRIFT,True,11.674801625920002,0.7423023198141773,0.05,48,0.0,0.0,,,,,0.0,0.0,0.06206896551724138,,
test,5029,0.75,B1_IsolationForest,QUALITY_DRIFT,True,11.674801625920002,0.7423023198141773,0.1,48,0.08333333333333333,1.0,0.0,0.0,7.0,,0.0,0.0,0.09655172413793103,35527.517438478404,
test,5029,0.5,RippleTwin,QUALITY_DRIFT,True,11.674801625920002,39.99294167411538,0.005,48,0.020833333333333332,1.0,0.0,0.0,17.0,,0.0,0.0,0.006896551724137931,41220.51072528774,
test,5029,0.5,RippleTwin,QUALITY_DRIFT,True,11.674801625920002,39.99294167411538,0.01,48,0.020833333333333332,1.0,0.0,0.0,17.0,,0.0,0.0,0.006896551724137931,41220.51072528774,
test,5029,0.5,RippleTwin,QUALITY_DRIFT,True,11.674801625920002,39.99294167411538,0.02,48,0.041666666666666664,1.0,0.0,0.0,17.0,,0.0,0.0,0.013793103448275862,40912.964679369834,
test,5029,0.5,RippleTwin,QUALITY_DRIFT,True,11.674801625920002,39.99294167411538,0.05,48,0.08333333333333333,1.0,0.0,0.0,17.0,,0.0,0.0,0.034482758620689655,40625.10204736078,
test,5029,0.5,RippleTwin,QUALITY_DRIFT,True,11.674801625920002,39.99294167411538,0.1,48,0.10416666666666667,1.0,0.0,0.0,17.0,,0.0,0.0,0.04827586206896552,40625.10204736078,
test,5029,0.5,B2_observed_only_twin,QUALITY_DRIFT,True,11.674801625920002,39.987745614480566,0.005,48,0.020833333333333332,1.0,0.0,0.0,16.0,,0.0,0.0,0.006896551724137931,41220.51072528774,
test,5029,0.5,B2_observed_only_twin,QUALITY_DRIFT,True,11.674801625920002,39.987745614480566,0.01,48,0.020833333333333332,1.0,0.0,0.0,16.0,,0.0,0.0,0.006896551724137931,41220.51072528774,
test,5029,0.5,B2_observed_only_twin,QUALITY_DRIFT,True,11.674801625920002,39.987745614480566,0.02,48,0.041666666666666664,1.0,0.0,0.0,16.0,,0.0,0.0,0.013793103448275862,40912.964679369834,
test,5029,0.5,B2_observed_only_twin,QUALITY_DRIFT,True,11.674801625920002,39.987745614480566,0.05,48,0.08333333333333333,1.0,0.0,0.0,16.0,,0.0,0.0,0.027586206896551724,40625.10204736078,
test,5029,0.5,B2_observed_only_twin,QUALITY_DRIFT,True,11.674801625920002,39.987745614480566,0.1,48,0.10416666666666667,1.0,0.0,0.0,16.0,,0.0,0.0,0.041379310344827586,40625.10204736078,
test,5029,0.5,B0_SPC_observed,QUALITY_DRIFT,True,11.674801625920002,5.012127239822025,0.005,48,0.0,0.0,,,,,0.0,0.0,0.0,,
test,5029,0.5,B0_SPC_observed,QUALITY_DRIFT,True,11.674801625920002,5.012127239822025,0.01,48,0.0,0.0,,,,,0.0,0.0,0.0,,
test,5029,0.5,B0_SPC_observed,QUALITY_DRIFT,True,11.674801625920002,5.012127239822025,0.02,48,0.0,0.0,,,,,0.0,0.0,0.0,,
test,5029,0.5,B0_SPC_observed,QUALITY_DRIFT,True,11.674801625920002,5.012127239822025,0.05,48,0.0,0.0,,,,,0.0,0.0,0.0,,
test,5029,0.5,B0_SPC_observed,QUALITY_DRIFT,True,11.674801625920002,5.012127239822025,0.1,48,0.0,0.0,,,,,0.0,0.0,0.020689655172413793,,
test,5029,0.5,B1_IsolationForest,QUALITY_DRIFT,True,11.674801625920002,0.7423023198141773,0.005,48,0.0,0.0,,,,,0.0,0.0,0.006896551724137931,,
test,5029,0.5,B1_IsolationForest,QUALITY_DRIFT,True,11.674801625920002,0.7423023198141773,0.01,48,0.0,0.0,,,,,0.0,0.0,0.006896551724137931,,
test,5029,0.5,B1_IsolationForest,QUALITY_DRIFT,True,11.674801625920002,0.7423023198141773,0.02,48,0.0,0.0,,,,,0.0,0.0,0.006896551724137931,,
test,5029,0.5,B1_IsolationForest,QUALITY_DRIFT,True,11.674801625920002,0.7423023198141773,0.05,48,0.0,0.0,,,,,0.0,0.0,0.06206896551724138,,
test,5029,0.5,B1_IsolationForest,QUALITY_DRIFT,True,11.674801625920002,0.7423023198141773,0.1,48,0.0625,1.0,0.0,0.0,23.0,,0.0,0.0,0.1310344827586207,35527.517438478404,
test,5029,0.25,RippleTwin,QUALITY_DRIFT,True,11.674801625920002,23.87887940963418,0.005,48,0.0,0.0,,,,,0.0,0.0,0.013793103448275862,,
test,5029,0.25,RippleTwin,QUALITY_DRIFT,True,11.674801625920002,23.87887940963418,0.01,48,0.0,0.0,,,,,0.0,0.0,0.013793103448275862,,
test,5029,0.25,RippleTwin,QUALITY_DRIFT,True,11.674801625920002,23.87887940963418,0.02,48,0.0,0.0,,,,,0.0,0.0,0.041379310344827586,,
test,5029,0.25,RippleTwin,QUALITY_DRIFT,True,11.674801625920002,23.87887940963418,0.05,48,0.0,0.0,,,,,0.0,0.0,0.04827586206896552,,
test,5029,0.25,RippleTwin,QUALITY_DRIFT,True,11.674801625920002,23.87887940963418,0.1,48,0.020833333333333332,1.0,0.0,0.0,17.0,,0.0,0.0,0.12413793103448276,35818.760505510174,
test,5029,0.25,B2_observed_only_twin,QUALITY_DRIFT,True,11.674801625920002,23.87066583332845,0.005,48,0.0,0.0,,,,,0.0,0.0,0.006896551724137931,,
test,5029,0.25,B2_observed_only_twin,QUALITY_DRIFT,True,11.674801625920002,23.87066583332845,0.01,48,0.0,0.0,,,,,0.0,0.0,0.013793103448275862,,
test,5029,0.25,B2_observed_only_twin,QUALITY_DRIFT,True,11.674801625920002,23.87066583332845,0.02,48,0.0,0.0,,,,,0.0,0.0,0.027586206896551724,,
test,5029,0.25,B2_observed_only_twin,QUALITY_DRIFT,True,11.674801625920002,23.87066583332845,0.05,48,0.0,0.0,,,,,0.0,0.0,0.04827586206896552,,
test,5029,0.25,B2_observed_only_twin,QUALITY_DRIFT,True,11.674801625920002,23.87066583332845,0.1,48,0.0,0.0,,,,,0.0,0.0,0.1103448275862069,,
test,5029,0.25,B0_SPC_observed,QUALITY_DRIFT,True,11.674801625920002,4.674774997918179,0.005,48,0.0,0.0,,,,,0.0,0.0,0.0,,
test,5029,0.25,B0_SPC_observed,QUALITY_DRIFT,True,11.674801625920002,4.674774997918179,0.01,48,0.0,0.0,,,,,0.0,0.0,0.0,,
test,5029,0.25,B0_SPC_observed,QUALITY_DRIFT,True,11.674801625920002,4.674774997918179,0.02,48,0.0,0.0,,,,,0.0,0.0,0.0,,
test,5029,0.25,B0_SPC_observed,QUALITY_DRIFT,True,11.674801625920002,4.674774997918179,0.05,48,0.0,0.0,,,,,0.0,0.0,0.020689655172413793,,
test,5029,0.25,B0_SPC_observed,QUALITY_DRIFT,True,11.674801625920002,4.674774997918179,0.1,48,0.0,0.0,,,,,0.0,0.0,0.04827586206896552,,
test,5029,0.25,B1_IsolationForest,QUALITY_DRIFT,True,11.674801625920002,0.7158774793615637,0.005,48,0.0,0.0,,,,,0.0,0.0,0.0,,
test,5029,0.25,B1_IsolationForest,QUALITY_DRIFT,True,11.674801625920002,0.7158774793615637,0.01,48,0.0,0.0,,,,,0.0,0.0,0.0,,
test,5029,0.25,B1_IsolationForest,QUALITY_DRIFT,True,11.674801625920002,0.7158774793615637,0.02,48,0.020833333333333332,1.0,0.0,0.0,2.0,,0.0,0.0,0.020689655172413793,46438.53398691489,
test,5029,0.25,B1_IsolationForest,QUALITY_DRIFT,True,11.674801625920002,0.7158774793615637,0.05,48,0.14583333333333334,1.0,0.0,0.0,2.0,,0.0,0.0,0.05517241379310345,40912.964679369834,
test,5029,0.25,B1_IsolationForest,QUALITY_DRIFT,True,11.674801625920002,0.7158774793615637,0.1,48,0.20833333333333334,1.0,0.0,0.0,4.0,,0.0,0.0,0.07586206896551724,40625.10204736078,
test,5030,1.0,RippleTwin,COMBINED,False,1.2713160039732971,42.5638498837417,0.005,51,0.058823529411764705,1.0,1.0,1.0,0.0,,1.0,1.0,0.0,41824.267188733866,
test,5030,1.0,RippleTwin,COMBINED,False,1.2713160039732971,42.5638498837417,0.01,51,0.21568627450980393,1.0,1.0,1.0,0.0,,1.0,1.0,0.0,31914.645384000956,
test,5030,1.0,RippleTwin,COMBINED,False,1.2713160039732971,42.5638498837417,0.02,51,0.6274509803921569,1.0,1.0,1.0,0.0,,1.0,1.0,0.0,31317.431310504082,
test,5030,1.0,RippleTwin,COMBINED,False,1.2713160039732971,42.5638498837417,0.05,51,0.7254901960784313,1.0,1.0,1.0,0.0,,1.0,1.0,0.02054794520547945,31317.431310504082,
test,5030,1.0,RippleTwin,COMBINED,False,1.2713160039732971,42.5638498837417,0.1,51,0.7254901960784313,1.0,1.0,1.0,0.0,,1.0,1.0,0.06164383561643835,31317.431310504082,
test,5030,1.0,B2_observed_only_twin,COMBINED,False,1.2713160039732971,42.5638498837417,0.005,51,0.058823529411764705,1.0,1.0,1.0,0.0,,1.0,1.0,0.0,41824.267188733866,
test,5030,1.0,B2_observed_only_twin,COMBINED,False,1.2713160039732971,42.5638498837417,0.01,51,0.21568627450980393,1.0,1.0,1.0,0.0,,1.0,1.0,0.0,31914.645384000956,
test,5030,1.0,B2_observed_only_twin,COMBINED,False,1.2713160039732971,42.5638498837417,0.02,51,0.6274509803921569,1.0,1.0,1.0,0.0,,1.0,1.0,0.0,31317.431310504082,
test,5030,1.0,B2_observed_only_twin,COMBINED,False,1.2713160039732971,42.5638498837417,0.05,51,0.7254901960784313,1.0,1.0,1.0,0.0,,1.0,1.0,0.02054794520547945,31317.431310504082,
test,5030,1.0,B2_observed_only_twin,COMBINED,False,1.2713160039732971,42.5638498837417,0.1,51,0.7254901960784313,1.0,1.0,1.0,0.0,,1.0,1.0,0.06164383561643835,31317.431310504082,
test,5030,1.0,B0_SPC_observed,COMBINED,False,1.2713160039732971,5.124273832797681,0.005,51,0.7058823529411765,1.0,1.0,1.0,0.0,,1.0,1.0,0.02054794520547945,31317.431310504082,
test,5030,1.0,B0_SPC_observed,COMBINED,False,1.2713160039732971,5.124273832797681,0.01,51,0.7058823529411765,1.0,1.0,1.0,0.0,,1.0,1.0,0.02054794520547945,31317.431310504082,
test,5030,1.0,B0_SPC_observed,COMBINED,False,1.2713160039732971,5.124273832797681,0.02,51,0.7058823529411765,1.0,1.0,1.0,0.0,,1.0,1.0,0.02054794520547945,31317.431310504082,
test,5030,1.0,B0_SPC_observed,COMBINED,False,1.2713160039732971,5.124273832797681,0.05,51,0.7058823529411765,1.0,1.0,1.0,0.0,,1.0,1.0,0.03424657534246575,31317.431310504082,
test,5030,1.0,B0_SPC_observed,COMBINED,False,1.2713160039732971,5.124273832797681,0.1,51,0.7058823529411765,1.0,1.0,1.0,0.0,,1.0,1.0,0.03424657534246575,31317.431310504082,
test,5030,1.0,B1_IsolationForest,COMBINED,False,1.2713160039732971,0.7784702529546166,0.005,51,0.0,0.0,,,,,0.0,0.0,0.0273972602739726,,
test,5030,1.0,B1_IsolationForest,COMBINED,False,1.2713160039732971,0.7784702529546166,0.01,51,0.0,0.0,,,,,0.0,0.0,0.0273972602739726,,
test,5030,1.0,B1_IsolationForest,COMBINED,False,1.2713160039732971,0.7784702529546166,0.02,51,0.0,0.0,,,,,0.0,0.0,0.0273972602739726,,
test,5030,1.0,B1_IsolationForest,COMBINED,False,1.2713160039732971,0.7784702529546166,0.05,51,0.0784313725490196,1.0,0.0,0.75,1.0,,0.0,1.0,0.0684931506849315,34323.60294866039,
test,5030,1.0,B1_IsolationForest,COMBINED,False,1.2713160039732971,0.7784702529546166,0.1,51,0.5098039215686274,1.0,0.0,0.8846153846153846,1.0,,0.0,1.0,0.08904109589041095,31914.645384000956,
test,5030,0.75,RippleTwin,COMBINED,True,1.2713160039732971,31.30364205825687,0.005,51,0.0,0.0,,,,,0.0,0.0,0.0,,
test,5030,0.75,RippleTwin,COMBINED,True,1.2713160039732971,31.30364205825687,0.01,51,0.0,0.0,,,,,0.0,0.0,0.0,,
test,5030,0.75,RippleTwin,COMBINED,True,1.2713160039732971,31.30364205825687,0.02,51,0.0392156862745098,1.0,1.0,1.0,0.0,,1.0,1.0,0.0,42125.394882444976,
test,5030,0.75,RippleTwin,COMBINED,True,1.2713160039732971,31.30364205825687,0.05,51,0.0784313725490196,1.0,1.0,1.0,0.0,,1.0,1.0,0.00684931506849315,31614.91322819966,
test,5030,0.75,RippleTwin,COMBINED,True,1.2713160039732971,31.30364205825687,0.1,51,0.11764705882352941,1.0,0.8333333333333334,0.8333333333333334,0.0,,1.0,1.0,0.06164383561643835,31614.91322819966,
test,5030,0.75,B2_observed_only_twin,COMBINED,True,1.2713160039732971,31.30364205825687,0.005,51,0.0,0.0,,,,,0.0,0.0,0.0,,
test,5030,0.75,B2_observed_only_twin,COMBINED,True,1.2713160039732971,31.30364205825687,0.01,51,0.0,0.0,,,,,0.0,0.0,0.0,,
test,5030,0.75,B2_observed_only_twin,COMBINED,True,1.2713160039732971,31.30364205825687,0.02,51,0.0392156862745098,1.0,0.0,1.0,1.0,,0.0,1.0,0.0,42125.394882444976,
test,5030,0.75,B2_observed_only_twin,COMBINED,True,1.2713160039732971,31.30364205825687,0.05,51,0.09803921568627451,1.0,0.0,0.8,1.0,,0.0,1.0,0.00684931506849315,31614.91322819966,
test,5030,0.75,B2_observed_only_twin,COMBINED,True,1.2713160039732971,31.30364205825687,0.1,51,0.1568627450980392,1.0,0.0,0.625,1.0,,0.0,1.0,0.10273972602739725,31614.91322819966,
test,5030,0.75,B0_SPC_observed,COMBINED,True,1.2713160039732971,5.061702559429017,0.005,51,0.0,0.0,,,,,0.0,0.0,0.0,,
test,5030,0.75,B0_SPC_observed,COMBINED,True,1.2713160039732971,5.061702559429017,0.01,51,0.0,0.0,,,,,0.0,0.0,0.0,,
test,5030,0.75,B0_SPC_observed,COMBINED,True,1.2713160039732971,5.061702559429017,0.02,51,0.0,0.0,,,,,0.0,0.0,0.0,,
test,5030,0.75,B0_SPC_observed,COMBINED,True,1.2713160039732971,5.061702559429017,0.05,51,0.0,0.0,,,,,0.0,0.0,0.00684931506849315,,
test,5030,0.75,B0_SPC_observed,COMBINED,True,1.2713160039732971,5.061702559429017,0.1,51,0.0,0.0,,,,,0.0,0.0,0.00684931506849315,,
test,5030,0.75,B1_IsolationForest,COMBINED,True,1.2713160039732971,0.7423023198141773,0.005,51,0.0196078431372549,1.0,0.0,0.0,23.0,,0.0,0.0,0.06164383561643835,41824.267188733866,
test,5030,0.75,B1_IsolationForest,COMBINED,True,1.2713160039732971,0.7423023198141773,0.01,51,0.0784313725490196,1.0,0.0,0.75,1.0,,0.0,1.0,0.0684931506849315,34323.60294866039,
test,5030,0.75,B1_IsolationForest,COMBINED,True,1.2713160039732971,0.7423023198141773,0.02,51,0.13725490196078433,1.0,0.0,0.8571428571428571,1.0,,0.0,1.0,0.0684931506849315,33720.844674367334,
test,5030,0.75,B1_IsolationForest,COMBINED,True,1.2713160039732971,0.7423023198141773,0.05,51,0.5098039215686274,1.0,0.0,0.8846153846153846,1.0,,0.0,1.0,0.07534246575342465,31914.645384000956,
test,5030,0.75,B1_IsolationForest,COMBINED,True,1.2713160039732971,0.7423023198141773,0.1,51,0.6862745098039216,1.0,0.0,0.8857142857142857,1.0,,0.0,1.0,0.11643835616438356,31914.645384000956,
test,5030,0.5,RippleTwin,COMBINED,True,1.2713160039732971,39.99294167411538,0.005,51,0.0,0.0,,,,,0.0,0.0,0.0,,
test,5030,0.5,RippleTwin,COMBINED,True,1.2713160039732971,39.99294167411538,0.01,51,0.0,0.0,,,,,0.0,0.0,0.0,,
test,5030,0.5,RippleTwin,COMBINED,True,1.2713160039732971,39.99294167411538,0.02,51,0.0,0.0,,,,,0.0,0.0,0.0,,
test,5030,0.5,RippleTwin,COMBINED,True,1.2713160039732971,39.99294167411538,0.05,51,0.0,0.0,,,,,0.0,0.0,0.00684931506849315,,
test,5030,0.5,RippleTwin,COMBINED,True,1.2713160039732971,39.99294167411538,0.1,51,0.0392156862745098,1.0,0.0,0.0,10.5,,0.0,0.0,0.02054794520547945,31614.91322819966,
test,5030,0.5,B2_observed_only_twin,COMBINED,True,1.2713160039732971,39.987745614480566,0.005,51,0.0,0.0,,,,,0.0,0.0,0.0,,
test,5030,0.5,B2_observed_only_twin,COMBINED,True,1.2713160039732971,39.987745614480566,0.01,51,0.0,0.0,,,,,0.0,0.0,0.0,,
test,5030,0.5,B2_observed_only_twin,COMBINED,True,1.2713160039732971,39.987745614480566,0.02,51,0.0,0.0,,,,,0.0,0.0,0.0,,
test,5030,0.5,B2_observed_only_twin,COMBINED,True,1.2713160039732971,39.987745614480566,0.05,51,0.0,0.0,,,,,0.0,0.0,0.00684931506849315,,
test,5030,0.5,B2_observed_only_twin,COMBINED,True,1.2713160039732971,39.987745614480566,0.1,51,0.058823529411764705,1.0,0.0,0.0,4.0,,0.0,0.0,0.02054794520547945,31614.91322819966,
test,5030,0.5,B0_SPC_observed,COMBINED,True,1.2713160039732971,5.012127239822025,0.005,51,0.0,0.0,,,,,0.0,0.0,0.0,,
test,5030,0.5,B0_SPC_observed,COMBINED,True,1.2713160039732971,5.012127239822025,0.01,51,0.0,0.0,,,,,0.0,0.0,0.0,,
test,5030,0.5,B0_SPC_observed,COMBINED,True,1.2713160039732971,5.012127239822025,0.02,51,0.0,0.0,,,,,0.0,0.0,0.00684931506849315,,
test,5030,0.5,B0_SPC_observed,COMBINED,True,1.2713160039732971,5.012127239822025,0.05,51,0.0,0.0,,,,,0.0,0.0,0.00684931506849315,,
test,5030,0.5,B0_SPC_observed,COMBINED,True,1.2713160039732971,5.012127239822025,0.1,51,0.0,0.0,,,,,0.0,0.0,0.00684931506849315,,
test,5030,0.5,B1_IsolationForest,COMBINED,True,1.2713160039732971,0.7423023198141773,0.005,51,0.0196078431372549,1.0,0.0,0.0,23.0,,0.0,0.0,0.0410958904109589,41824.267188733866,
test,5030,0.5,B1_IsolationForest,COMBINED,True,1.2713160039732971,0.7423023198141773,0.01,51,0.0196078431372549,1.0,0.0,0.0,23.0,,0.0,0.0,0.04794520547945205,41824.267188733866,
test,5030,0.5,B1_IsolationForest,COMBINED,True,1.2713160039732971,0.7423023198141773,0.02,51,0.0392156862745098,1.0,0.0,0.0,23.5,,0.0,0.0,0.04794520547945205,40926.83888399811,
test,5030,0.5,B1_IsolationForest,COMBINED,True,1.2713160039732971,0.7423023198141773,0.05,51,0.0784313725490196,1.0,0.0,0.0,23.0,,0.0,0.0,0.0547945205479452,40926.83888399811,
test,5030,0.5,B1_IsolationForest,COMBINED,True,1.2713160039732971,0.7423023198141773,0.1,51,0.1568627450980392,1.0,0.0,0.0,12.5,,0.0,0.0,0.0821917808219178,40926.83888399811,
test,5030,0.25,RippleTwin,COMBINED,True,1.2713160039732971,23.87887940963418,0.005,51,0.0,0.0,,,,,0.0,0.0,0.0,,
test,5030,0.25,RippleTwin,COMBINED,True,1.2713160039732971,23.87887940963418,0.01,51,0.0,0.0,,,,,0.0,0.0,0.0,,
test,5030,0.25,RippleTwin,COMBINED,True,1.2713160039732971,23.87887940963418,0.02,51,0.0392156862745098,1.0,0.0,0.0,17.0,,0.0,0.0,0.02054794520547945,34015.359286260486,
test,5030,0.25,RippleTwin,COMBINED,True,1.2713160039732971,23.87887940963418,0.05,51,0.0392156862745098,1.0,0.0,0.0,17.0,,0.0,0.0,0.06164383561643835,34015.359286260486,
test,5030,0.25,RippleTwin,COMBINED,True,1.2713160039732971,23.87887940963418,0.1,51,0.058823529411764705,1.0,0.0,0.0,17.0,,0.0,0.0,0.18493150684931506,31317.431310504082,
test,5030,0.25,B2_observed_only_twin,COMBINED,True,1.2713160039732971,23.87066583332845,0.005,51,0.0,0.0,,,,,0.0,0.0,0.0,,
test,5030,0.25,B2_observed_only_twin,COMBINED,True,1.2713160039732971,23.87066583332845,0.01,51,0.0,0.0,,,,,0.0,0.0,0.0,,
test,5030,0.25,B2_observed_only_twin,COMBINED,True,1.2713160039732971,23.87066583332845,0.02,51,0.0,0.0,,,,,0.0,0.0,0.0,,
test,5030,0.25,B2_observed_only_twin,COMBINED,True,1.2713160039732971,23.87066583332845,0.05,51,0.0392156862745098,1.0,0.0,0.0,16.0,,0.0,0.0,0.0547945205479452,34015.359286260486,
test,5030,0.25,B2_observed_only_twin,COMBINED,True,1.2713160039732971,23.87066583332845,0.1,51,0.058823529411764705,1.0,0.0,0.0,16.0,,0.0,0.0,0.14383561643835616,33435.59093477312,
test,5030,0.25,B0_SPC_observed,COMBINED,True,1.2713160039732971,4.674774997918179,0.005,51,0.0,0.0,,,,,0.0,0.0,0.0,,
test,5030,0.25,B0_SPC_observed,COMBINED,True,1.2713160039732971,4.674774997918179,0.01,51,0.0,0.0,,,,,0.0,0.0,0.0,,
test,5030,0.25,B0_SPC_observed,COMBINED,True,1.2713160039732971,4.674774997918179,0.02,51,0.0,0.0,,,,,0.0,0.0,0.0,,
test,5030,0.25,B0_SPC_observed,COMBINED,True,1.2713160039732971,4.674774997918179,0.05,51,0.0,0.0,,,,,0.0,0.0,0.0,,
test,5030,0.25,B0_SPC_observed,COMBINED,True,1.2713160039732971,4.674774997918179,0.1,51,0.0,0.0,,,,,0.0,0.0,0.0136986301369863,,
test,5030,0.25,B1_IsolationForest,COMBINED,True,1.2713160039732971,0.7158774793615637,0.005,51,0.0196078431372549,1.0,0.0,0.0,24.0,,0.0,0.0,0.0,40926.83888399811,
test,5030,0.25,B1_IsolationForest,COMBINED,True,1.2713160039732971,0.7158774793615637,0.01,51,0.0392156862745098,1.0,0.0,0.0,24.0,,0.0,0.0,0.0,40926.83888399811,
test,5030,0.25,B1_IsolationForest,COMBINED,True,1.2713160039732971,0.7158774793615637,0.02,51,0.0392156862745098,1.0,0.0,0.0,24.0,,0.0,0.0,0.00684931506849315,40926.83888399811,
test,5030,0.25,B1_IsolationForest,COMBINED,True,1.2713160039732971,0.7158774793615637,0.05,51,0.09803921568627451,1.0,0.0,0.0,7.0,,0.0,0.0,0.02054794520547945,33435.59093477312,
test,5030,0.25,B1_IsolationForest,COMBINED,True,1.2713160039732971,0.7158774793615637,0.1,51,0.11764705882352941,1.0,0.0,0.0,7.0,,0.0,0.0,0.0410958904109589,33114.93599179513,
test,5031,1.0,RippleTwin,SLOWDOWN,False,1.427351941411458,42.5638498837417,0.005,65,0.7076923076923077,1.0,0.8913043478260869,0.8913043478260869,0.0,428.99117556111867,1.0,1.0,0.023076923076923078,19014.661490340495,19014.661490340495
test,5031,1.0,RippleTwin,SLOWDOWN,False,1.427351941411458,42.5638498837417,0.01,65,0.7230769230769231,1.0,0.8723404255319149,0.8723404255319149,0.0,428.99117556111867,1.0,1.0,0.03076923076923077,19014.661490340495,19014.661490340495
test,5031,1.0,RippleTwin,SLOWDOWN,False,1.427351941411458,42.5638498837417,0.02,65,0.7230769230769231,1.0,0.8723404255319149,0.8723404255319149,0.0,428.99117556111867,1.0,1.0,0.03076923076923077,19014.661490340495,19014.661490340495
test,5031,1.0,RippleTwin,SLOWDOWN,False,1.427351941411458,42.5638498837417,0.05,65,0.7384615384615385,1.0,0.8541666666666666,0.8541666666666666,0.0,428.99117556111867,1.0,1.0,0.038461538461538464,19014.661490340495,19014.661490340495
test,5031,1.0,RippleTwin,SLOWDOWN,False,1.427351941411458,42.5638498837417,0.1,65,0.7538461538461538,1.0,0.8367346938775511,0.8367346938775511,0.0,428.99117556111867,1.0,1.0,0.09230769230769231,19014.661490340495,19014.661490340495
test,5031,1.0,B2_observed_only_twin,SLOWDOWN,False,1.427351941411458,42.5638498837417,0.005,65,0.7076923076923077,1.0,0.8913043478260869,0.8913043478260869,0.0,428.99117556111867,1.0,1.0,0.023076923076923078,19014.661490340495,19014.661490340495
test,5031,1.0,B2_observed_only_twin,SLOWDOWN,False,1.427351941411458,42.5638498837417,0.01,65,0.7230769230769231,1.0,0.8723404255319149,0.8723404255319149,0.0,428.99117556111867,1.0,1.0,0.03076923076923077,19014.661490340495,19014.661490340495
test,5031,1.0,B2_observed_only_twin,SLOWDOWN,False,1.427351941411458,42.5638498837417,0.02,65,0.7230769230769231,1.0,0.8723404255319149,0.8723404255319149,0.0,428.99117556111867,1.0,1.0,0.03076923076923077,19014.661490340495,19014.661490340495
test,5031,1.0,B2_observed_only_twin,SLOWDOWN,False,1.427351941411458,42.5638498837417,0.05,65,0.7384615384615385,1.0,0.8541666666666666,0.8541666666666666,0.0,428.99117556111867,1.0,1.0,0.038461538461538464,19014.661490340495,19014.661490340495
test,5031,1.0,B2_observed_only_twin,SLOWDOWN,False,1.427351941411458,42.5638498837417,0.1,65,0.7538461538461538,1.0,0.8367346938775511,0.8367346938775511,0.0,428.99117556111867,1.0,1.0,0.09230769230769231,19014.661490340495,19014.661490340495
test,5031,1.0,B0_SPC_observed,SLOWDOWN,False,1.427351941411458,5.124273832797681,0.005,65,0.7230769230769231,1.0,1.0,1.0,0.0,428.99117556111867,1.0,1.0,0.038461538461538464,19014.661490340495,19014.661490340495
test,5031,1.0,B0_SPC_observed,SLOWDOWN,False,1.427351941411458,5.124273832797681,0.01,65,0.7230769230769231,1.0,1.0,1.0,0.0,428.99117556111867,1.0,1.0,0.038461538461538464,19014.661490340495,19014.661490340495
test,5031,1.0,B0_SPC_observed,SLOWDOWN,False,1.427351941411458,5.124273832797681,0.02,65,0.7230769230769231,1.0,1.0,1.0,0.0,428.99117556111867,1.0,1.0,0.046153846153846156,19014.661490340495,19014.661490340495
test,5031,1.0,B0_SPC_observed,SLOWDOWN,False,1.427351941411458,5.124273832797681,0.05,65,0.7230769230769231,1.0,1.0,1.0,0.0,428.99117556111867,1.0,1.0,0.06923076923076923,19014.661490340495,19014.661490340495
test,5031,1.0,B0_SPC_observed,SLOWDOWN,False,1.427351941411458,5.124273832797681,0.1,65,0.7384615384615385,1.0,0.9791666666666666,1.0,0.0,428.99117556111867,1.0,1.0,0.1,19014.661490340495,19014.661490340495
test,5031,1.0,B1_IsolationForest,SLOWDOWN,False,1.427351941411458,0.7784702529546166,0.005,65,0.0,0.0,,,,,0.0,0.0,0.007692307692307693,,
test,5031,1.0,B1_IsolationForest,SLOWDOWN,False,1.427351941411458,0.7784702529546166,0.01,65,0.0,0.0,,,,,0.0,0.0,0.007692307692307693,,
test,5031,1.0,B1_IsolationForest,SLOWDOWN,False,1.427351941411458,0.7784702529546166,0.02,65,0.0,0.0,,,,,0.0,0.0,0.038461538461538464,,
test,5031,1.0,B1_IsolationForest,SLOWDOWN,False,1.427351941411458,0.7784702529546166,0.05,65,0.8615384615384616,1.0,0.0,0.75,1.0,428.99117556111867,0.0,1.0,0.13846153846153847,19014.661490340495,19014.661490340495
test,5031,1.0,B1_IsolationForest,SLOWDOWN,False,1.427351941411458,0.7784702529546166,0.1,65,0.9230769230769231,1.0,0.0,0.7,1.0,428.99117556111867,0.0,1.0,0.16153846153846155,19014.661490340495,19014.661490340495
test,5031,0.75,RippleTwin,SLOWDOWN,False,1.427351941411458,31.30364205825687,0.005,65,0.7538461538461538,1.0,0.9183673469387755,0.9183673469387755,0.0,428.99117556111867,1.0,1.0,0.03076923076923077,19014.661490340495,19014.661490340495
test,5031,0.75,RippleTwin,SLOWDOWN,False,1.427351941411458,31.30364205825687,0.01,65,0.7538461538461538,1.0,0.9183673469387755,0.9183673469387755,0.0,428.99117556111867,1.0,1.0,0.03076923076923077,19014.661490340495,19014.661490340495
test,5031,0.75,RippleTwin,SLOWDOWN,False,1.427351941411458,31.30364205825687,0.02,65,0.7538461538461538,1.0,0.9183673469387755,0.9183673469387755,0.0,428.99117556111867,1.0,1.0,0.03076923076923077,19014.661490340495,19014.661490340495
test,5031,0.75,RippleTwin,SLOWDOWN,False,1.427351941411458,31.30364205825687,0.05,65,0.7692307692307693,1.0,0.9,0.9,0.0,428.99117556111867,1.0,1.0,0.046153846153846156,19014.661490340495,19014.661490340495
test,5031,0.75,RippleTwin,SLOWDOWN,False,1.427351941411458,31.30364205825687,0.1,65,0.8,1.0,0.8653846153846154,0.8653846153846154,0.0,428.99117556111867,1.0,1.0,0.08461538461538462,19014.661490340495,19014.661490340495
test,5031,0.75,B2_observed_only_twin,SLOWDOWN,False,1.427351941411458,31.30364205825687,0.005,65,0.7538461538461538,1.0,0.9183673469387755,0.9183673469387755,0.0,428.99117556111867,1.0,1.0,0.03076923076923077,19014.661490340495,19014.661490340495
test,5031,0.75,B2_observed_only_twin,SLOWDOWN,False,1.427351941411458,31.30364205825687,0.01,65,0.7538461538461538,1.0,0.9183673469387755,0.9183673469387755,0.0,428.99117556111867,1.0,1.0,0.03076923076923077,19014.661490340495,19014.661490340495
test,5031,0.75,B2_observed_only_twin,SLOWDOWN,False,1.427351941411458,31.30364205825687,0.02,65,0.7538461538461538,1.0,0.9183673469387755,0.9183673469387755,0.0,428.99117556111867,1.0,1.0,0.03076923076923077,19014.661490340495,19014.661490340495
test,5031,0.75,B2_observed_only_twin,SLOWDOWN,False,1.427351941411458,31.30364205825687,0.05,65,0.7692307692307693,1.0,0.9,0.9,0.0,428.99117556111867,1.0,1.0,0.06153846153846154,19014.661490340495,19014.661490340495
test,5031,0.75,B2_observed_only_twin,SLOWDOWN,False,1.427351941411458,31.30364205825687,0.1,65,0.8153846153846154,1.0,0.8490566037735849,0.8490566037735849,0.0,428.99117556111867,1.0,1.0,0.13846153846153847,19014.661490340495,19014.661490340495
test,5031,0.75,B0_SPC_observed,SLOWDOWN,False,1.427351941411458,5.061702559429017,0.005,65,0.7230769230769231,1.0,1.0,1.0,0.0,428.99117556111867,1.0,1.0,0.038461538461538464,19014.661490340495,19014.661490340495
test,5031,0.75,B0_SPC_observed,SLOWDOWN,False,1.427351941411458,5.061702559429017,0.01,65,0.7230769230769231,1.0,1.0,1.0,0.0,428.99117556111867,1.0,1.0,0.038461538461538464,19014.661490340495,19014.661490340495
test,5031,0.75,B0_SPC_observed,SLOWDOWN,False,1.427351941411458,5.061702559429017,0.02,65,0.7230769230769231,1.0,1.0,1.0,0.0,428.99117556111867,1.0,1.0,0.05384615384615385,19014.661490340495,19014.661490340495
test,5031,0.75,B0_SPC_observed,SLOWDOWN,False,1.427351941411458,5.061702559429017,0.05,65,0.7230769230769231,1.0,1.0,1.0,0.0,428.99117556111867,1.0,1.0,0.06923076923076923,19014.661490340495,19014.661490340495
test,5031,0.75,B0_SPC_observed,SLOWDOWN,False,1.427351941411458,5.061702559429017,0.1,65,0.7384615384615385,1.0,0.9791666666666666,1.0,0.0,428.99117556111867,1.0,1.0,0.1,19014.661490340495,19014.661490340495
test,5031,0.75,B1_IsolationForest,SLOWDOWN,False,1.427351941411458,0.7423023198141773,0.005,65,0.7384615384615385,1.0,0.0,1.0,1.0,428.99117556111867,0.0,1.0,0.007692307692307693,19014.661490340495,19014.661490340495
test,5031,0.75,B1_IsolationForest,SLOWDOWN,False,1.427351941411458,0.7423023198141773,0.01,65,0.7384615384615385,1.0,0.0,1.0,1.0,428.99117556111867,0.0,1.0,0.007692307692307693,19014.661490340495,19014.661490340495
test,5031,0.75,B1_IsolationForest,SLOWDOWN,False,1.427351941411458,0.7423023198141773,0.02,65,0.7384615384615385,1.0,0.0,1.0,1.0,428.99117556111867,0.0,1.0,0.007692307692307693,19014.661490340495,19014.661490340495
test,5031,0.75,B1_IsolationForest,SLOWDOWN,False,1.427351941411458,0.7423023198141773,0.05,65,0.7384615384615385,1.0,0.0,1.0,1.0,428.99117556111867,0.0,1.0,0.015384615384615385,19014.661490340495,19014.661490340495
test,5031,0.75,B1_IsolationForest,SLOWDOWN,False,1.427351941411458,0.7423023198141773,0.1,65,0.8,1.0,0.0,0.9230769230769231,1.0,428.99117556111867,0.0,1.0,0.06153846153846154,19014.661490340495,19014.661490340495
test,5031,0.5,RippleTwin,SLOWDOWN,False,1.427351941411458,39.99294167411538,0.005,65,0.7230769230769231,1.0,0.8297872340425532,0.8297872340425532,0.0,428.99117556111867,1.0,1.0,0.03076923076923077,19014.661490340495,19014.661490340495
test,5031,0.5,RippleTwin,SLOWDOWN,False,1.427351941411458,39.99294167411538,0.01,65,0.7230769230769231,1.0,0.8297872340425532,0.8297872340425532,0.0,428.99117556111867,1.0,1.0,0.03076923076923077,19014.661490340495,19014.661490340495
test,5031,0.5,RippleTwin,SLOWDOWN,False,1.427351941411458,39.99294167411538,0.02,65,0.7384615384615385,1.0,0.8125,0.8125,0.0,428.99117556111867,1.0,1.0,0.03076923076923077,19014.661490340495,19014.661490340495
test,5031,0.5,RippleTwin,SLOWDOWN,False,1.427351941411458,39.99294167411538,0.05,65,0.7846153846153846,1.0,0.7647058823529411,0.7647058823529411,0.0,428.99117556111867,1.0,1.0,0.12307692307692308,19014.661490340495,19014.661490340495
test,5031,0.5,RippleTwin,SLOWDOWN,False,1.427351941411458,39.99294167411538,0.1,65,0.9538461538461539,1.0,0.6290322580645161,0.6290322580645161,0.0,428.99117556111867,1.0,1.0,0.2230769230769231,19014.661490340495,19014.661490340495
test,5031,0.5,B2_observed_only_twin,SLOWDOWN,False,1.427351941411458,39.987745614480566,0.005,65,0.7230769230769231,1.0,0.851063829787234,0.851063829787234,0.0,428.99117556111867,1.0,1.0,0.03076923076923077,19014.661490340495,19014.661490340495
test,5031,0.5,B2_observed_only_twin,SLOWDOWN,False,1.427351941411458,39.987745614480566,0.01,65,0.7230769230769231,1.0,0.851063829787234,0.851063829787234,0.0,428.99117556111867,1.0,1.0,0.03076923076923077,19014.661490340495,19014.661490340495
test,5031,0.5,B2_observed_only_twin,SLOWDOWN,False,1.427351941411458,39.987745614480566,0.02,65,0.7384615384615385,1.0,0.8333333333333334,0.8333333333333334,0.0,428.99117556111867,1.0,1.0,0.03076923076923077,19014.661490340495,19014.661490340495
test,5031,0.5,B2_observed_only_twin,SLOWDOWN,False,1.427351941411458,39.987745614480566,0.05,65,0.8,1.0,0.7692307692307693,0.7692307692307693,0.0,428.99117556111867,1.0,1.0,0.13846153846153847,19014.661490340495,19014.661490340495
test,5031,0.5,B2_observed_only_twin,SLOWDOWN,False,1.427351941411458,39.987745614480566,0.1,65,0.9538461538461539,1.0,0.6451612903225806,0.6451612903225806,0.0,428.99117556111867,1.0,1.0,0.2230769230769231,19014.661490340495,19014.661490340495
test,5031,0.5,B0_SPC_observed,SLOWDOWN,False,1.427351941411458,5.012127239822025,0.005,65,0.7230769230769231,1.0,1.0,1.0,0.0,428.99117556111867,1.0,1.0,0.038461538461538464,19014.661490340495,19014.661490340495
test,5031,0.5,B0_SPC_observed,SLOWDOWN,False,1.427351941411458,5.012127239822025,0.01,65,0.7230769230769231,1.0,1.0,1.0,0.0,428.99117556111867,1.0,1.0,0.038461538461538464,19014.661490340495,19014.661490340495
test,5031,0.5,B0_SPC_observed,SLOWDOWN,False,1.427351941411458,5.012127239822025,0.02,65,0.7230769230769231,1.0,1.0,1.0,0.0,428.99117556111867,1.0,1.0,0.05384615384615385,19014.661490340495,19014.661490340495
test,5031,0.5,B0_SPC_observed,SLOWDOWN,False,1.427351941411458,5.012127239822025,0.05,65,0.7230769230769231,1.0,1.0,1.0,0.0,428.99117556111867,1.0,1.0,0.06153846153846154,19014.661490340495,19014.661490340495
test,5031,0.5,B0_SPC_observed,SLOWDOWN,False,1.427351941411458,5.012127239822025,0.1,65,0.7230769230769231,1.0,1.0,1.0,0.0,428.99117556111867,1.0,1.0,0.07692307692307693,19014.661490340495,19014.661490340495
test,5031,0.5,B1_IsolationForest,SLOWDOWN,False,1.427351941411458,0.7423023198141773,0.005,65,0.7384615384615385,1.0,0.0,1.0,1.0,428.99117556111867,0.0,1.0,0.007692307692307693,19014.661490340495,19014.661490340495
test,5031,0.5,B1_IsolationForest,SLOWDOWN,False,1.427351941411458,0.7423023198141773,0.01,65,0.7384615384615385,1.0,0.0,1.0,1.0,428.99117556111867,0.0,1.0,0.007692307692307693,19014.661490340495,19014.661490340495
test,5031,0.5,B1_IsolationForest,SLOWDOWN,False,1.427351941411458,0.7423023198141773,0.02,65,0.7384615384615385,1.0,0.0,1.0,1.0,428.99117556111867,0.0,1.0,0.007692307692307693,19014.661490340495,19014.661490340495
test,5031,0.5,B1_IsolationForest,SLOWDOWN,False,1.427351941411458,0.7423023198141773,0.05,65,0.7384615384615385,1.0,0.0,1.0,1.0,428.99117556111867,0.0,1.0,0.015384615384615385,19014.661490340495,19014.661490340495
test,5031,0.5,B1_IsolationForest,SLOWDOWN,False,1.427351941411458,0.7423023198141773,0.1,65,0.7692307692307693,1.0,0.0,0.98,1.0,428.99117556111867,0.0,1.0,0.1076923076923077,19014.661490340495,19014.661490340495
test,5031,0.25,RippleTwin,SLOWDOWN,True,1.427351941411458,23.87887940963418,0.005,65,0.6,1.0,0.0,0.0,2.0,,0.0,0.0,0.0,19916.915306861905,
test,5031,0.25,RippleTwin,SLOWDOWN,True,1.427351941411458,23.87887940963418,0.01,65,0.6,1.0,0.0,0.0,2.0,,0.0,0.0,0.0,19916.915306861905,
test,5031,0.25,RippleTwin,SLOWDOWN,True,1.427351941411458,23.87887940963418,0.02,65,0.6153846153846154,1.0,0.0,0.0,2.0,,0.0,0.0,0.03076923076923077,19615.99063698557,
test,5031,0.25,RippleTwin,SLOWDOWN,True,1.427351941411458,23.87887940963418,0.05,65,0.6923076923076923,1.0,0.0,0.0,2.0,,0.0,0.0,0.08461538461538462,19615.99063698557,
test,5031,0.25,RippleTwin,SLOWDOWN,True,1.427351941411458,23.87887940963418,0.1,65,0.7538461538461538,1.0,0.0,0.0,3.0,,0.0,0.0,0.16153846153846155,19014.661490340495,
test,5031,0.25,B2_observed_only_twin,SLOWDOWN,True,1.427351941411458,23.87066583332845,0.005,65,0.7076923076923077,1.0,0.0,0.0,2.0,,0.0,0.0,0.0,19916.915306861905,
test,5031,0.25,B2_observed_only_twin,SLOWDOWN,True,1.427351941411458,23.87066583332845,0.01,65,0.7076923076923077,1.0,0.0,0.0,2.0,,0.0,0.0,0.0,19916.915306861905,
test,5031,0.25,B2_observed_only_twin,SLOWDOWN,True,1.427351941411458,23.87066583332845,0.02,65,0.7230769230769231,1.0,0.0,0.0,2.0,,0.0,0.0,0.03076923076923077,19615.99063698557,
test,5031,0.25,B2_observed_only_twin,SLOWDOWN,True,1.427351941411458,23.87066583332845,0.05,65,0.8,1.0,0.0,0.0,2.0,,0.0,0.0,0.07692307692307693,19615.99063698557,
test,5031,0.25,B2_observed_only_twin,SLOWDOWN,True,1.427351941411458,23.87066583332845,0.1,65,0.8615384615384616,1.0,0.0,0.0,2.0,,0.0,0.0,0.16923076923076924,19014.661490340495,
test,5031,0.25,B0_SPC_observed,SLOWDOWN,True,1.427351941411458,4.674774997918179,0.005,65,0.0,0.0,,,,,0.0,0.0,0.0,,
test,5031,0.25,B0_SPC_observed,SLOWDOWN,True,1.427351941411458,4.674774997918179,0.01,65,0.0,0.0,,,,,0.0,0.0,0.0,,
test,5031,0.25,B0_SPC_observed,SLOWDOWN,True,1.427351941411458,4.674774997918179,0.02,65,0.0,0.0,,,,,0.0,0.0,0.0,,
test,5031,0.25,B0_SPC_observed,SLOWDOWN,True,1.427351941411458,4.674774997918179,0.05,65,0.03076923076923077,1.0,0.0,0.0,20.0,,0.0,0.0,0.015384615384615385,28019.208293837153,
test,5031,0.25,B0_SPC_observed,SLOWDOWN,True,1.427351941411458,4.674774997918179,0.1,65,0.03076923076923077,1.0,0.0,0.0,20.0,,0.0,0.0,0.05384615384615385,28019.208293837153,
test,5031,0.25,B1_IsolationForest,SLOWDOWN,True,1.427351941411458,0.7158774793615637,0.005,65,0.23076923076923078,1.0,0.0,0.0,7.0,,0.0,0.0,0.0,23525.991404025637,
test,5031,0.25,B1_IsolationForest,SLOWDOWN,True,1.427351941411458,0.7158774793615637,0.01,65,0.5230769230769231,1.0,0.0,0.0,7.0,,0.0,0.0,0.0,22913.05150860657,
test,5031,0.25,B1_IsolationForest,SLOWDOWN,True,1.427351941411458,0.7158774793615637,0.02,65,0.5538461538461539,1.0,0.0,0.0,7.0,,0.0,0.0,0.015384615384615385,22913.05150860657,
test,5031,0.25,B1_IsolationForest,SLOWDOWN,True,1.427351941411458,0.7158774793615637,0.05,65,0.5692307692307692,1.0,0.0,0.0,7.0,,0.0,0.0,0.046153846153846156,22913.05150860657,
test,5031,0.25,B1_IsolationForest,SLOWDOWN,True,1.427351941411458,0.7158774793615637,0.1,65,0.5846153846153846,1.0,0.0,0.0,7.0,,0.0,0.0,0.06153846153846154,22913.05150860657,
test,5032,1.0,RippleTwin,COMBINED,False,1.2548267707663434,42.5638498837417,0.005,52,0.4807692307692308,1.0,1.0,1.0,0.0,,1.0,1.0,0.0,30716.625332419073,
test,5032,1.0,RippleTwin,COMBINED,False,1.2548267707663434,42.5638498837417,0.01,52,0.7115384615384616,1.0,1.0,1.0,0.0,,1.0,1.0,0.0,29226.267705439375,
test,5032,1.0,RippleTwin,COMBINED,False,1.2548267707663434,42.5638498837417,0.02,52,0.7307692307692307,1.0,1.0,1.0,0.0,,1.0,1.0,0.014388489208633094,28012.811113223695,
test,5032,1.0,RippleTwin,COMBINED,False,1.2548267707663434,42.5638498837417,0.05,52,0.75,1.0,1.0,1.0,0.0,,1.0,1.0,0.02877697841726619,26511.33602866414,
test,5032,1.0,RippleTwin,COMBINED,False,1.2548267707663434,42.5638498837417,0.1,52,0.75,1.0,1.0,1.0,0.0,,1.0,1.0,0.1079136690647482,26511.33602866414,
test,5032,1.0,B2_observed_only_twin,COMBINED,False,1.2548267707663434,42.5638498837417,0.005,52,0.4807692307692308,1.0,1.0,1.0,0.0,,1.0,1.0,0.0,30716.625332419073,
test,5032,1.0,B2_observed_only_twin,COMBINED,False,1.2548267707663434,42.5638498837417,0.01,52,0.7115384615384616,1.0,1.0,1.0,0.0,,1.0,1.0,0.0,29226.267705439375,
test,5032,1.0,B2_observed_only_twin,COMBINED,False,1.2548267707663434,42.5638498837417,0.02,52,0.7307692307692307,1.0,1.0,1.0,0.0,,1.0,1.0,0.014388489208633094,28012.811113223695,
test,5032,1.0,B2_observed_only_twin,COMBINED,False,1.2548267707663434,42.5638498837417,0.05,52,0.75,1.0,1.0,1.0,0.0,,1.0,1.0,0.02877697841726619,26511.33602866414,
test,5032,1.0,B2_observed_only_twin,COMBINED,False,1.2548267707663434,42.5638498837417,0.1,52,0.75,1.0,1.0,1.0,0.0,,1.0,1.0,0.1079136690647482,26511.33602866414,
test,5032,1.0,B0_SPC_observed,COMBINED,False,1.2548267707663434,5.124273832797681,0.005,52,0.7115384615384616,1.0,1.0,1.0,0.0,,1.0,1.0,0.007194244604316547,26511.33602866414,
test,5032,1.0,B0_SPC_observed,COMBINED,False,1.2548267707663434,5.124273832797681,0.01,52,0.7115384615384616,1.0,1.0,1.0,0.0,,1.0,1.0,0.007194244604316547,26511.33602866414,
test,5032,1.0,B0_SPC_observed,COMBINED,False,1.2548267707663434,5.124273832797681,0.02,52,0.7115384615384616,1.0,1.0,1.0,0.0,,1.0,1.0,0.007194244604316547,26511.33602866414,
test,5032,1.0,B0_SPC_observed,COMBINED,False,1.2548267707663434,5.124273832797681,0.05,52,0.7115384615384616,1.0,1.0,1.0,0.0,,1.0,1.0,0.02158273381294964,26511.33602866414,
test,5032,1.0,B0_SPC_observed,COMBINED,False,1.2548267707663434,5.124273832797681,0.1,52,0.7307692307692307,1.0,0.9736842105263158,0.9736842105263158,0.0,,1.0,1.0,0.050359712230215826,26511.33602866414,
test,5032,1.0,B1_IsolationForest,COMBINED,False,1.2548267707663434,0.7784702529546166,0.005,52,0.0,0.0,,,,,0.0,0.0,0.0,,
test,5032,1.0,B1_IsolationForest,COMBINED,False,1.2548267707663434,0.7784702529546166,0.01,52,0.0,0.0,,,,,0.0,0.0,0.0,,
test,5032,1.0,B1_IsolationForest,COMBINED,False,1.2548267707663434,0.7784702529546166,0.02,52,0.0,0.0,,,,,0.0,0.0,0.0,,
test,5032,1.0,B1_IsolationForest,COMBINED,False,1.2548267707663434,0.7784702529546166,0.05,52,0.09615384615384616,1.0,0.0,1.0,1.0,,0.0,1.0,0.08633093525179857,28314.94801780876,
test,5032,1.0,B1_IsolationForest,COMBINED,False,1.2548267707663434,0.7784702529546166,0.1,52,0.5769230769230769,1.0,0.0,0.9,1.0,,0.0,1.0,0.18705035971223022,26511.33602866414,
test,5032,0.75,RippleTwin,COMBINED,True,1.2548267707663434,31.30364205825687,0.005,52,0.46153846153846156,1.0,1.0,1.0,0.0,,1.0,1.0,0.0,31014.48263194592,
test,5032,0.75,RippleTwin,COMBINED,True,1.2548267707663434,31.30364205825687,0.01,52,0.5961538461538461,1.0,1.0,1.0,0.0,,1.0,1.0,0.0,31014.48263194592,
test,5032,0.75,RippleTwin,COMBINED,True,1.2548267707663434,31.30364205825687,0.02,52,0.6538461538461539,1.0,1.0,1.0,0.0,,1.0,1.0,0.014388489208633094,30421.20605330847,
test,5032,0.75,RippleTwin,COMBINED,True,1.2548267707663434,31.30364205825687,0.05,52,0.6923076923076923,1.0,0.9722222222222222,0.9722222222222222,0.0,,1.0,1.0,0.03597122302158273,29226.267705439375,
test,5032,0.75,RippleTwin,COMBINED,True,1.2548267707663434,31.30364205825687,0.1,52,0.7115384615384616,1.0,0.972972972972973,0.972972972972973,0.0,,1.0,1.0,0.10071942446043165,26821.196217500998,
test,5032,0.75,B2_observed_only_twin,COMBINED,True,1.2548267707663434,31.30364205825687,0.005,52,0.38461538461538464,1.0,0.0,1.0,1.0,,0.0,1.0,0.0,31014.48263194592,
test,5032,0.75,B2_observed_only_twin,COMBINED,True,1.2548267707663434,31.30364205825687,0.01,52,0.5192307692307693,1.0,0.0,1.0,1.0,,0.0,1.0,0.0,31014.48263194592,
test,5032,0.75,B2_observed_only_twin,COMBINED,True,1.2548267707663434,31.30364205825687,0.02,52,0.6538461538461539,1.0,0.0,1.0,1.0,,0.0,1.0,0.014388489208633094,30421.20605330847,
test,5032,0.75,B2_observed_only_twin,COMBINED,True,1.2548267707663434,31.30364205825687,0.05,52,0.7115384615384616,1.0,0.0,0.972972972972973,1.0,,0.0,1.0,0.06474820143884892,28619.702092040156,
test,5032,0.75,B2_observed_only_twin,COMBINED,True,1.2548267707663434,31.30364205825687,0.1,52,0.7115384615384616,1.0,0.0,0.972972972972973,1.0,,0.0,1.0,0.10071942446043165,26821.196217500998,
test,5032,0.75,B0_SPC_observed,COMBINED,True,1.2548267707663434,5.061702559429017,0.005,52,0.0,0.0,,,,,0.0,0.0,0.0,,
test,5032,0.75,B0_SPC_observed,COMBINED,True,1.2548267707663434,5.061702559429017,0.01,52,0.0,0.0,,,,,0.0,0.0,0.0,,
test,5032,0.75,B0_SPC_observed,COMBINED,True,1.2548267707663434,5.061702559429017,0.02,52,0.0,0.0,,,,,0.0,0.0,0.0,,
test,5032,0.75,B0_SPC_observed,COMBINED,True,1.2548267707663434,5.061702559429017,0.05,52,0.0,0.0,,,,,0.0,0.0,0.014388489208633094,,
test,5032,0.75,B0_SPC_observed,COMBINED,True,1.2548267707663434,5.061702559429017,0.1,52,0.019230769230769232,1.0,0.0,0.0,3.0,,0.0,0.0,0.04316546762589928,40862.579583810606,
test,5032,0.75,B1_IsolationForest,COMBINED,True,1.2548267707663434,0.7423023198141773,0.005,52,0.0,0.0,,,,,0.0,0.0,0.08633093525179857,,
test,5032,0.75,B1_IsolationForest,COMBINED,True,1.2548267707663434,0.7423023198141773,0.01,52,0.17307692307692307,1.0,0.0,1.0,1.0,,0.0,1.0,0.08633093525179857,27714.23795659369,
test,5032,0.75,B1_IsolationForest,COMBINED,True,1.2548267707663434,0.7423023198141773,0.02,52,0.3269230769230769,1.0,0.0,1.0,1.0,,0.0,1.0,0.09352517985611511,27714.23795659369,
test,5032,0.75,B1_IsolationForest,COMBINED,True,1.2548267707663434,0.7423023198141773,0.05,52,0.5769230769230769,1.0,0.0,0.9,1.0,,0.0,1.0,0.16546762589928057,26511.33602866414,
test,5032,0.75,B1_IsolationForest,COMBINED,True,1.2548267707663434,0.7423023198141773,0.1,52,0.6923076923076923,1.0,0.0,0.8333333333333334,1.0,,0.0,1.0,0.17985611510791366,26511.33602866414,
test,5032,0.5,RippleTwin,COMBINED,True,1.2548267707663434,39.99294167411538,0.005,52,0.0,0.0,,,,,0.0,0.0,0.0,,
test,5032,0.5,RippleTwin,COMBINED,True,1.2548267707663434,39.99294167411538,0.01,52,0.0,0.0,,,,,0.0,0.0,0.0,,
test,5032,0.5,RippleTwin,COMBINED,True,1.2548267707663434,39.99294167411538,0.02,52,0.21153846153846154,1.0,0.2727272727272727,0.2727272727272727,3.0,,0.0,0.0,0.014388489208633094,31910.54906232355,
test,5032,0.5,RippleTwin,COMBINED,True,1.2548267707663434,39.99294167411538,0.05,52,0.46153846153846156,1.0,0.125,0.125,3.0,,0.0,0.0,0.04316546762589928,29226.267705439375,
test,5032,0.5,RippleTwin,COMBINED,True,1.2548267707663434,39.99294167411538,0.1,52,0.5,1.0,0.11538461538461539,0.11538461538461539,3.0,,0.0,0.0,0.09352517985611511,28314.94801780876,
test,5032,0.5,B2_observed_only_twin,COMBINED,True,1.2548267707663434,39.987745614480566,0.005,52,0.0,0.0,,,,,0.0,0.0,0.0,,
test,5032,0.5,B2_observed_only_twin,COMBINED,True,1.2548267707663434,39.987745614480566,0.01,52,0.0,0.0,,,,,0.0,0.0,0.0,,
test,5032,0.5,B2_observed_only_twin,COMBINED,True,1.2548267707663434,39.987745614480566,0.02,52,0.28846153846153844,1.0,0.0,0.0,4.0,,0.0,0.0,0.014388489208633094,31910.54906232355,
test,5032,0.5,B2_observed_only_twin,COMBINED,True,1.2548267707663434,39.987745614480566,0.05,52,0.5961538461538461,1.0,0.0,0.0,4.0,,0.0,0.0,0.04316546762589928,29226.267705439375,
test,5032,0.5,B2_observed_only_twin,COMBINED,True,1.2548267707663434,39.987745614480566,0.1,52,0.6923076923076923,1.0,0.0,0.0,4.0,,0.0,0.0,0.1079136690647482,28314.94801780876,
test,5032,0.5,B0_SPC_observed,COMBINED,True,1.2548267707663434,5.012127239822025,0.005,52,0.0,0.0,,,,,0.0,0.0,0.0,,
test,5032,0.5,B0_SPC_observed,COMBINED,True,1.2548267707663434,5.012127239822025,0.01,52,0.0,0.0,,,,,0.0,0.0,0.0,,
test,5032,0.5,B0_SPC_observed,COMBINED,True,1.2548267707663434,5.012127239822025,0.02,52,0.0,0.0,,,,,0.0,0.0,0.0,,
test,5032,0.5,B0_SPC_observed,COMBINED,True,1.2548267707663434,5.012127239822025,0.05,52,0.0,0.0,,,,,0.0,0.0,0.02877697841726619,,
test,5032,0.5,B0_SPC_observed,COMBINED,True,1.2548267707663434,5.012127239822025,0.1,52,0.0,0.0,,,,,0.0,0.0,0.02877697841726619,,
test,5032,0.5,B1_IsolationForest,COMBINED,True,1.2548267707663434,0.7423023198141773,0.005,52,0.0,0.0,,,,,0.0,0.0,0.08633093525179857,,
test,5032,0.5,B1_IsolationForest,COMBINED,True,1.2548267707663434,0.7423023198141773,0.01,52,0.0,0.0,,,,,0.0,0.0,0.08633093525179857,,
test,5032,0.5,B1_IsolationForest,COMBINED,True,1.2548267707663434,0.7423023198141773,0.02,52,0.0,0.0,,,,,0.0,0.0,0.09352517985611511,,
test,5032,0.5,B1_IsolationForest,COMBINED,True,1.2548267707663434,0.7423023198141773,0.05,52,0.2692307692307692,1.0,0.0,0.0,4.0,,0.0,0.0,0.1366906474820144,31321.37250441798,
test,5032,0.5,B1_IsolationForest,COMBINED,True,1.2548267707663434,0.7423023198141773,0.1,52,0.5576923076923077,1.0,0.0,0.0,4.0,,0.0,0.0,0.18705035971223022,27117.415605239064,
test,5032,0.25,RippleTwin,COMBINED,True,1.2548267707663434,23.87887940963418,0.005,52,0.0,0.0,,,,,0.0,0.0,0.0,,
test,5032,0.25,RippleTwin,COMBINED,True,1.2548267707663434,23.87887940963418,0.01,52,0.0,0.0,,,,,0.0,0.0,0.007194244604316547,,
test,5032,0.25,RippleTwin,COMBINED,True,1.2548267707663434,23.87887940963418,0.02,52,0.0,0.0,,,,,0.0,0.0,0.03597122302158273,,
test,5032,0.25,RippleTwin,COMBINED,True,1.2548267707663434,23.87887940963418,0.05,52,0.0,0.0,,,,,0.0,0.0,0.09352517985611511,,
test,5032,0.25,RippleTwin,COMBINED,True,1.2548267707663434,23.87887940963418,0.1,52,0.019230769230769232,1.0,0.0,0.0,17.0,,0.0,0.0,0.11510791366906475,27416.703288627246,
test,5032,0.25,B2_observed_only_twin,COMBINED,True,1.2548267707663434,23.87066583332845,0.005,52,0.0,0.0,,,,,0.0,0.0,0.0,,
test,5032,0.25,B2_observed_only_twin,COMBINED,True,1.2548267707663434,23.87066583332845,0.01,52,0.0,0.0,,,,,0.0,0.0,0.0,,
test,5032,0.25,B2_observed_only_twin,COMBINED,True,1.2548267707663434,23.87066583332845,0.02,52,0.0,0.0,,,,,0.0,0.0,0.03597122302158273,,
test,5032,0.25,B2_observed_only_twin,COMBINED,True,1.2548267707663434,23.87066583332845,0.05,52,0.0,0.0,,,,,0.0,0.0,0.07194244604316546,,
test,5032,0.25,B2_observed_only_twin,COMBINED,True,1.2548267707663434,23.87066583332845,0.1,52,0.019230769230769232,1.0,0.0,0.0,16.0,,0.0,0.0,0.14388489208633093,27714.23795659369,
test,5032,0.25,B0_SPC_observed,COMBINED,True,1.2548267707663434,4.674774997918179,0.005,52,0.0,0.0,,,,,0.0,0.0,0.0,,
test,5032,0.25,B0_SPC_observed,COMBINED,True,1.2548267707663434,4.674774997918179,0.01,52,0.0,0.0,,,,,0.0,0.0,0.0,,
test,5032,0.25,B0_SPC_observed,COMBINED,True,1.2548267707663434,4.674774997918179,0.02,52,0.0,0.0,,,,,0.0,0.0,0.014388489208633094,,
test,5032,0.25,B0_SPC_observed,COMBINED,True,1.2548267707663434,4.674774997918179,0.05,52,0.0,0.0,,,,,0.0,0.0,0.02877697841726619,,
test,5032,0.25,B0_SPC_observed,COMBINED,True,1.2548267707663434,4.674774997918179,0.1,52,0.0,0.0,,,,,0.0,0.0,0.050359712230215826,,
test,5032,0.25,B1_IsolationForest,COMBINED,True,1.2548267707663434,0.7158774793615637,0.005,52,0.0,0.0,,,,,0.0,0.0,0.0,,
test,5032,0.25,B1_IsolationForest,COMBINED,True,1.2548267707663434,0.7158774793615637,0.01,52,0.0,0.0,,,,,0.0,0.0,0.0,,
test,5032,0.25,B1_IsolationForest,COMBINED,True,1.2548267707663434,0.7158774793615637,0.02,52,0.0,0.0,,,,,0.0,0.0,0.007194244604316547,,
test,5032,0.25,B1_IsolationForest,COMBINED,True,1.2548267707663434,0.7158774793615637,0.05,52,0.0,0.0,,,,,0.0,0.0,0.05755395683453238,,
test,5032,0.25,B1_IsolationForest,COMBINED,True,1.2548267707663434,0.7158774793615637,0.1,52,0.0,0.0,,,,,0.0,0.0,0.07194244604316546,,
test,5033,1.0,RippleTwin,SLOWDOWN,False,1.278085418596527,42.5638498837417,0.005,68,0.8676470588235294,1.0,1.0,1.0,0.0,,1.0,1.0,0.0,28024.863263889856,
test,5033,1.0,RippleTwin,SLOWDOWN,False,1.278085418596527,42.5638498837417,0.01,68,0.8676470588235294,1.0,1.0,1.0,0.0,,1.0,1.0,0.0,27714.95830917778,
test,5033,1.0,RippleTwin,SLOWDOWN,False,1.278085418596527,42.5638498837417,0.02,68,0.8823529411764706,1.0,1.0,1.0,0.0,,1.0,1.0,0.008130081300813009,27119.12164517416,
test,5033,1.0,RippleTwin,SLOWDOWN,False,1.278085418596527,42.5638498837417,0.05,68,0.8970588235294118,1.0,1.0,1.0,0.0,,1.0,1.0,0.032520325203252036,26522.53502126109,
test,5033,1.0,RippleTwin,SLOWDOWN,False,1.278085418596527,42.5638498837417,0.1,68,0.8970588235294118,1.0,1.0,1.0,0.0,,1.0,1.0,0.08130081300813008,26522.53502126109,
test,5033,1.0,B2_observed_only_twin,SLOWDOWN,False,1.278085418596527,42.5638498837417,0.005,68,0.8676470588235294,1.0,1.0,1.0,0.0,,1.0,1.0,0.0,28024.863263889856,
test,5033,1.0,B2_observed_only_twin,SLOWDOWN,False,1.278085418596527,42.5638498837417,0.01,68,0.8676470588235294,1.0,1.0,1.0,0.0,,1.0,1.0,0.0,27714.95830917778,
test,5033,1.0,B2_observed_only_twin,SLOWDOWN,False,1.278085418596527,42.5638498837417,0.02,68,0.8823529411764706,1.0,1.0,1.0,0.0,,1.0,1.0,0.008130081300813009,27119.12164517416,
test,5033,1.0,B2_observed_only_twin,SLOWDOWN,False,1.278085418596527,42.5638498837417,0.05,68,0.8970588235294118,1.0,1.0,1.0,0.0,,1.0,1.0,0.032520325203252036,26522.53502126109,
test,5033,1.0,B2_observed_only_twin,SLOWDOWN,False,1.278085418596527,42.5638498837417,0.1,68,0.8970588235294118,1.0,1.0,1.0,0.0,,1.0,1.0,0.08130081300813008,26522.53502126109,
test,5033,1.0,B0_SPC_observed,SLOWDOWN,False,1.278085418596527,5.124273832797681,0.005,68,0.8529411764705882,1.0,1.0,1.0,0.0,,1.0,1.0,0.016260162601626018,26817.666559580077,
test,5033,1.0,B0_SPC_observed,SLOWDOWN,False,1.278085418596527,5.124273832797681,0.01,68,0.8529411764705882,1.0,1.0,1.0,0.0,,1.0,1.0,0.016260162601626018,26817.666559580077,
test,5033,1.0,B0_SPC_observed,SLOWDOWN,False,1.278085418596527,5.124273832797681,0.02,68,0.8529411764705882,1.0,1.0,1.0,0.0,,1.0,1.0,0.016260162601626018,26817.666559580077,
test,5033,1.0,B0_SPC_observed,SLOWDOWN,False,1.278085418596527,5.124273832797681,0.05,68,0.8529411764705882,1.0,1.0,1.0,0.0,,1.0,1.0,0.032520325203252036,26522.53502126109,
test,5033,1.0,B0_SPC_observed,SLOWDOWN,False,1.278085418596527,5.124273832797681,0.1,68,0.8529411764705882,1.0,1.0,1.0,0.0,,1.0,1.0,0.056910569105691054,26522.53502126109,
test,5033,1.0,B1_IsolationForest,SLOWDOWN,False,1.278085418596527,0.7784702529546166,0.005,68,0.0,0.0,,,,,0.0,0.0,0.0,,
test,5033,1.0,B1_IsolationForest,SLOWDOWN,False,1.278085418596527,0.7784702529546166,0.01,68,0.0,0.0,,,,,0.0,0.0,0.0,,
test,5033,1.0,B1_IsolationForest,SLOWDOWN,False,1.278085418596527,0.7784702529546166,0.02,68,0.014705882352941176,1.0,0.0,0.0,4.0,,0.0,0.0,0.0,49395.579704097196,
test,5033,1.0,B1_IsolationForest,SLOWDOWN,False,1.278085418596527,0.7784702529546166,0.05,68,0.6764705882352942,1.0,0.0,0.0,8.0,,0.0,0.0,0.2032520325203252,28625.490570010887,
test,5033,1.0,B1_IsolationForest,SLOWDOWN,False,1.278085418596527,0.7784702529546166,0.1,68,0.8970588235294118,1.0,0.0,0.0,8.0,,0.0,0.0,0.3008130081300813,28315.81175818311,
test,5033,0.75,RippleTwin,SLOWDOWN,False,1.278085418596527,31.30364205825687,0.005,68,0.8676470588235294,1.0,0.9830508474576272,0.9830508474576272,0.0,,1.0,1.0,0.0,27417.159610980612,
test,5033,0.75,RippleTwin,SLOWDOWN,False,1.278085418596527,31.30364205825687,0.01,68,0.8676470588235294,1.0,0.9830508474576272,0.9830508474576272,0.0,,1.0,1.0,0.0,27417.159610980612,
test,5033,0.75,RippleTwin,SLOWDOWN,False,1.278085418596527,31.30364205825687,0.02,68,0.8676470588235294,1.0,0.9830508474576272,0.9830508474576272,0.0,,1.0,1.0,0.0,27119.12164517416,
test,5033,0.75,RippleTwin,SLOWDOWN,False,1.278085418596527,31.30364205825687,0.05,68,0.8823529411764706,1.0,0.9666666666666667,0.9666666666666667,0.0,,1.0,1.0,0.016260162601626018,26817.666559580077,
test,5033,0.75,RippleTwin,SLOWDOWN,False,1.278085418596527,31.30364205825687,0.1,68,0.9117647058823529,1.0,0.9354838709677419,0.9354838709677419,0.0,,1.0,1.0,0.08130081300813008,26817.666559580077,
test,5033,0.75,B2_observed_only_twin,SLOWDOWN,False,1.278085418596527,31.30364205825687,0.005,68,0.8676470588235294,1.0,0.9830508474576272,0.9830508474576272,0.0,,1.0,1.0,0.0,27417.159610980612,
test,5033,0.75,B2_observed_only_twin,SLOWDOWN,False,1.278085418596527,31.30364205825687,0.01,68,0.8676470588235294,1.0,0.9830508474576272,0.9830508474576272,0.0,,1.0,1.0,0.0,27417.159610980612,
test,5033,0.75,B2_observed_only_twin,SLOWDOWN,False,1.278085418596527,31.30364205825687,0.02,68,0.8823529411764706,1.0,0.9666666666666667,0.9666666666666667,0.0,,1.0,1.0,0.0,27119.12164517416,
test,5033,0.75,B2_observed_only_twin,SLOWDOWN,False,1.278085418596527,31.30364205825687,0.05,68,0.8970588235294118,1.0,0.9508196721311475,0.9508196721311475,0.0,,1.0,1.0,0.016260162601626018,26817.666559580077,
test,5033,0.75,B2_observed_only_twin,SLOWDOWN,False,1.278085418596527,31.30364205825687,0.1,68,0.9117647058823529,1.0,0.9354838709677419,0.9354838709677419,0.0,,1.0,1.0,0.08130081300813008,26817.666559580077,
test,5033,0.75,B0_SPC_observed,SLOWDOWN,False,1.278085418596527,5.061702559429017,0.005,68,0.8529411764705882,1.0,1.0,1.0,0.0,,1.0,1.0,0.016260162601626018,26817.666559580077,
test,5033,0.75,B0_SPC_observed,SLOWDOWN,False,1.278085418596527,5.061702559429017,0.01,68,0.8529411764705882,1.0,1.0,1.0,0.0,,1.0,1.0,0.016260162601626018,26817.666559580077,
test,5033,0.75,B0_SPC_observed,SLOWDOWN,False,1.278085418596527,5.061702559429017,0.02,68,0.8529411764705882,1.0,1.0,1.0,0.0,,1.0,1.0,0.016260162601626018,26817.666559580077,
test,5033,0.75,B0_SPC_observed,SLOWDOWN,False,1.278085418596527,5.061702559429017,0.05,68,0.8529411764705882,1.0,1.0,1.0,0.0,,1.0,1.0,0.032520325203252036,26522.53502126109,
test,5033,0.75,B0_SPC_observed,SLOWDOWN,False,1.278085418596527,5.061702559429017,0.1,68,0.8529411764705882,1.0,1.0,1.0,0.0,,1.0,1.0,0.056910569105691054,26522.53502126109,
test,5033,0.75,B1_IsolationForest,SLOWDOWN,False,1.278085418596527,0.7423023198141773,0.005,68,0.6470588235294118,1.0,0.0,0.0,8.0,,0.0,0.0,0.1951219512195122,35221.97237901042,
test,5033,0.75,B1_IsolationForest,SLOWDOWN,False,1.278085418596527,0.7423023198141773,0.01,68,0.7058823529411765,1.0,0.0,0.0,8.0,,0.0,0.0,0.2032520325203252,30422.371403151323,
test,5033,0.75,B1_IsolationForest,SLOWDOWN,False,1.278085418596527,0.7423023198141773,0.02,68,0.7647058823529411,1.0,0.0,0.0,8.0,,0.0,0.0,0.21138211382113822,28625.490570010887,
test,5033,0.75,B1_IsolationForest,SLOWDOWN,False,1.278085418596527,0.7423023198141773,0.05,68,0.8676470588235294,1.0,0.0,0.0,8.0,,0.0,0.0,0.3008130081300813,28315.81175818311,
test,5033,0.75,B1_IsolationForest,SLOWDOWN,False,1.278085418596527,0.7423023198141773,0.1,68,0.8676470588235294,1.0,0.0,0.0,8.0,,0.0,0.0,0.4146341463414634,26522.53502126109,
test,5033,0.5,RippleTwin,SLOWDOWN,True,1.278085418596527,39.99294167411538,0.005,68,0.5735294117647058,1.0,0.8717948717948718,1.0,0.0,,1.0,1.0,0.0,34917.49667893172,
test,5033,0.5,RippleTwin,SLOWDOWN,True,1.278085418596527,39.99294167411538,0.01,68,0.5882352941176471,1.0,0.875,1.0,0.0,,1.0,1.0,0.0,34615.43391980372,
test,5033,0.5,RippleTwin,SLOWDOWN,True,1.278085418596527,39.99294167411538,0.02,68,0.6176470588235294,1.0,0.8571428571428571,1.0,0.0,,1.0,1.0,0.0,34026.63333003069,
test,5033,0.5,RippleTwin,SLOWDOWN,True,1.278085418596527,39.99294167411538,0.05,68,0.6470588235294118,1.0,0.8636363636363636,1.0,0.0,,1.0,1.0,0.024390243902439025,26522.53502126109,
test,5033,0.5,RippleTwin,SLOWDOWN,True,1.278085418596527,39.99294167411538,0.1,68,0.6911764705882353,1.0,0.8297872340425532,0.9574468085106383,0.0,,1.0,1.0,0.11382113821138211,26522.53502126109,
test,5033,0.5,B2_observed_only_twin,SLOWDOWN,True,1.278085418596527,39.987745614480566,0.005,68,0.6029411764705882,1.0,0.0,1.0,1.0,,0.0,1.0,0.0,34917.49667893172,
test,5033,0.5,B2_observed_only_twin,SLOWDOWN,True,1.278085418596527,39.987745614480566,0.01,68,0.6029411764705882,1.0,0.0,1.0,1.0,,0.0,1.0,0.0,34917.49667893172,
test,5033,0.5,B2_observed_only_twin,SLOWDOWN,True,1.278085418596527,39.987745614480566,0.02,68,0.6617647058823529,1.0,0.0,1.0,1.0,,0.0,1.0,0.0,33713.83947229597,
test,5033,0.5,B2_observed_only_twin,SLOWDOWN,True,1.278085418596527,39.987745614480566,0.05,68,0.7352941176470589,1.0,0.0,1.0,1.0,,0.0,1.0,0.04878048780487805,26522.53502126109,
test,5033,0.5,B2_observed_only_twin,SLOWDOWN,True,1.278085418596527,39.987745614480566,0.1,68,0.8088235294117647,1.0,0.0,0.9272727272727272,1.0,,0.0,1.0,0.13008130081300814,26522.53502126109,
test,5033,0.5,B0_SPC_observed,SLOWDOWN,True,1.278085418596527,5.012127239822025,0.005,68,0.0,0.0,,,,,0.0,0.0,0.016260162601626018,,
test,5033,0.5,B0_SPC_observed,SLOWDOWN,True,1.278085418596527,5.012127239822025,0.01,68,0.0,0.0,,,,,0.0,0.0,0.016260162601626018,,
test,5033,0.5,B0_SPC_observed,SLOWDOWN,True,1.278085418596527,5.012127239822025,0.02,68,0.014705882352941176,1.0,0.0,0.0,12.0,,0.0,0.0,0.024390243902439025,34917.49667893172,
test,5033,0.5,B0_SPC_observed,SLOWDOWN,True,1.278085418596527,5.012127239822025,0.05,68,0.014705882352941176,1.0,0.0,0.0,12.0,,0.0,0.0,0.04065040650406504,34917.49667893172,
test,5033,0.5,B0_SPC_observed,SLOWDOWN,True,1.278085418596527,5.012127239822025,0.1,68,0.029411764705882353,1.0,0.0,0.0,12.0,,0.0,0.0,0.07317073170731707,34615.43391980372,
test,5033,0.5,B1_IsolationForest,SLOWDOWN,True,1.278085418596527,0.7423023198141773,0.005,68,0.6764705882352942,1.0,0.0,0.0,8.0,,0.0,0.0,0.1951219512195122,35221.97237901042,
test,5033,0.5,B1_IsolationForest,SLOWDOWN,True,1.278085418596527,0.7423023198141773,0.01,68,0.6764705882352942,1.0,0.0,0.0,8.0,,0.0,0.0,0.21138211382113822,35221.97237901042,
test,5033,0.5,B1_IsolationForest,SLOWDOWN,True,1.278085418596527,0.7423023198141773,0.02,68,0.6911764705882353,1.0,0.0,0.0,8.0,,0.0,0.0,0.22764227642276422,34917.49667893172,
test,5033,0.5,B1_IsolationForest,SLOWDOWN,True,1.278085418596527,0.7423023198141773,0.05,68,0.7352941176470589,1.0,0.0,0.0,8.0,,0.0,0.0,0.3170731707317073,34615.43391980372,
test,5033,0.5,B1_IsolationForest,SLOWDOWN,True,1.278085418596527,0.7423023198141773,0.1,68,0.7352941176470589,1.0,0.0,0.0,8.0,,0.0,0.0,0.3902439024390244,26522.53502126109,
test,5033,0.25,RippleTwin,SLOWDOWN,True,1.278085418596527,23.87887940963418,0.005,68,0.8676470588235294,1.0,0.864406779661017,1.0,0.0,,1.0,1.0,0.0,27417.159610980612,
test,5033,0.25,RippleTwin,SLOWDOWN,True,1.278085418596527,23.87887940963418,0.01,68,0.8676470588235294,1.0,0.864406779661017,1.0,0.0,,1.0,1.0,0.0,27417.159610980612,
test,5033,0.25,RippleTwin,SLOWDOWN,True,1.278085418596527,23.87887940963418,0.02,68,0.8823529411764706,1.0,0.8666666666666667,1.0,0.0,,1.0,1.0,0.06504065040650407,27119.12164517416,
test,5033,0.25,RippleTwin,SLOWDOWN,True,1.278085418596527,23.87887940963418,0.05,68,0.8823529411764706,1.0,0.8666666666666667,1.0,0.0,,1.0,1.0,0.0975609756097561,27119.12164517416,
test,5033,0.25,RippleTwin,SLOWDOWN,True,1.278085418596527,23.87887940963418,0.1,68,0.8823529411764706,1.0,0.8666666666666667,1.0,0.0,,1.0,1.0,0.14634146341463414,27119.12164517416,
test,5033,0.25,B2_observed_only_twin,SLOWDOWN,True,1.278085418596527,23.87066583332845,0.005,68,0.8382352941176471,1.0,0.0,1.0,1.0,,0.0,1.0,0.0,27417.159610980612,
test,5033,0.25,B2_observed_only_twin,SLOWDOWN,True,1.278085418596527,23.87066583332845,0.01,68,0.8382352941176471,1.0,0.0,1.0,1.0,,0.0,1.0,0.0,27417.159610980612,
test,5033,0.25,B2_observed_only_twin,SLOWDOWN,True,1.278085418596527,23.87066583332845,0.02,68,0.8382352941176471,1.0,0.0,1.0,1.0,,0.0,1.0,0.056910569105691054,27119.12164517416,
test,5033,0.25,B2_observed_only_twin,SLOWDOWN,True,1.278085418596527,23.87066583332845,0.05,68,0.8382352941176471,1.0,0.0,1.0,1.0,,0.0,1.0,0.0975609756097561,27119.12164517416,
test,5033,0.25,B2_observed_only_twin,SLOWDOWN,True,1.278085418596527,23.87066583332845,0.1,68,0.8382352941176471,1.0,0.0,1.0,1.0,,0.0,1.0,0.15447154471544716,27119.12164517416,
test,5033,0.25,B0_SPC_observed,SLOWDOWN,True,1.278085418596527,4.674774997918179,0.005,68,0.0,0.0,,,,,0.0,0.0,0.0,,
test,5033,0.25,B0_SPC_observed,SLOWDOWN,True,1.278085418596527,4.674774997918179,0.01,68,0.0,0.0,,,,,0.0,0.0,0.0,,
test,5033,0.25,B0_SPC_observed,SLOWDOWN,True,1.278085418596527,4.674774997918179,0.02,68,0.0,0.0,,,,,0.0,0.0,0.0,,
test,5033,0.25,B0_SPC_observed,SLOWDOWN,True,1.278085418596527,4.674774997918179,0.05,68,0.0,0.0,,,,,0.0,0.0,0.008130081300813009,,
test,5033,0.25,B0_SPC_observed,SLOWDOWN,True,1.278085418596527,4.674774997918179,0.1,68,0.0,0.0,,,,,0.0,0.0,0.024390243902439025,,
test,5033,0.25,B1_IsolationForest,SLOWDOWN,True,1.278085418596527,0.7158774793615637,0.005,68,0.0,0.0,,,,,0.0,0.0,0.008130081300813009,,
test,5033,0.25,B1_IsolationForest,SLOWDOWN,True,1.278085418596527,0.7158774793615637,0.01,68,0.0,0.0,,,,,0.0,0.0,0.016260162601626018,,
test,5033,0.25,B1_IsolationForest,SLOWDOWN,True,1.278085418596527,0.7158774793615637,0.02,68,0.0,0.0,,,,,0.0,0.0,0.016260162601626018,,
test,5033,0.25,B1_IsolationForest,SLOWDOWN,True,1.278085418596527,0.7158774793615637,0.05,68,0.0,0.0,,,,,0.0,0.0,0.056910569105691054,,
test,5033,0.25,B1_IsolationForest,SLOWDOWN,True,1.278085418596527,0.7158774793615637,0.1,68,0.014705882352941176,1.0,0.0,1.0,1.0,,0.0,1.0,0.06504065040650407,28920.602115461992,
test,5034,1.0,RippleTwin,QUALITY_DRIFT,False,12.557112155997704,42.5638498837417,0.005,46,0.0,0.0,,,,,0.0,0.0,0.027972027972027972,,
test,5034,1.0,RippleTwin,QUALITY_DRIFT,False,12.557112155997704,42.5638498837417,0.01,46,0.0,0.0,,,,,0.0,0.0,0.027972027972027972,,
test,5034,1.0,RippleTwin,QUALITY_DRIFT,False,12.557112155997704,42.5638498837417,0.02,46,0.0,0.0,,,,,0.0,0.0,0.04195804195804196,,
test,5034,1.0,RippleTwin,QUALITY_DRIFT,False,12.557112155997704,42.5638498837417,0.05,46,0.0,0.0,,,,,0.0,0.0,0.055944055944055944,,
test,5034,1.0,RippleTwin,QUALITY_DRIFT,False,12.557112155997704,42.5638498837417,0.1,46,0.0,0.0,,,,,0.0,0.0,0.11888111888111888,,
test,5034,1.0,B2_observed_only_twin,QUALITY_DRIFT,False,12.557112155997704,42.5638498837417,0.005,46,0.0,0.0,,,,,0.0,0.0,0.027972027972027972,,
test,5034,1.0,B2_observed_only_twin,QUALITY_DRIFT,False,12.557112155997704,42.5638498837417,0.01,46,0.0,0.0,,,,,0.0,0.0,0.027972027972027972,,
test,5034,1.0,B2_observed_only_twin,QUALITY_DRIFT,False,12.557112155997704,42.5638498837417,0.02,46,0.0,0.0,,,,,0.0,0.0,0.04195804195804196,,
test,5034,1.0,B2_observed_only_twin,QUALITY_DRIFT,False,12.557112155997704,42.5638498837417,0.05,46,0.0,0.0,,,,,0.0,0.0,0.055944055944055944,,
test,5034,1.0,B2_observed_only_twin,QUALITY_DRIFT,False,12.557112155997704,42.5638498837417,0.1,46,0.0,0.0,,,,,0.0,0.0,0.11888111888111888,,
test,5034,1.0,B0_SPC_observed,QUALITY_DRIFT,False,12.557112155997704,5.124273832797681,0.005,46,0.0,0.0,,,,,0.0,0.0,0.0,,
test,5034,1.0,B0_SPC_observed,QUALITY_DRIFT,False,12.557112155997704,5.124273832797681,0.01,46,0.0,0.0,,,,,0.0,0.0,0.006993006993006993,,
test,5034,1.0,B0_SPC_observed,QUALITY_DRIFT,False,12.557112155997704,5.124273832797681,0.02,46,0.0,0.0,,,,,0.0,0.0,0.006993006993006993,,
test,5034,1.0,B0_SPC_observed,QUALITY_DRIFT,False,12.557112155997704,5.124273832797681,0.05,46,0.0,0.0,,,,,0.0,0.0,0.006993006993006993,,
test,5034,1.0,B0_SPC_observed,QUALITY_DRIFT,False,12.557112155997704,5.124273832797681,0.1,46,0.0,0.0,,,,,0.0,0.0,0.06293706293706294,,
test,5034,1.0,B1_IsolationForest,QUALITY_DRIFT,False,12.557112155997704,0.7784702529546166,0.005,46,0.06521739130434782,1.0,0.0,0.0,23.0,,0.0,0.0,0.0,27121.22000907785,
test,5034,1.0,B1_IsolationForest,QUALITY_DRIFT,False,12.557112155997704,0.7784702529546166,0.01,46,0.06521739130434782,1.0,0.0,0.0,23.0,,0.0,0.0,0.0,27121.22000907785,
test,5034,1.0,B1_IsolationForest,QUALITY_DRIFT,False,12.557112155997704,0.7784702529546166,0.02,46,0.06521739130434782,1.0,0.0,0.0,23.0,,0.0,0.0,0.0,27121.22000907785,
test,5034,1.0,B1_IsolationForest,QUALITY_DRIFT,False,12.557112155997704,0.7784702529546166,0.05,46,0.08695652173913043,1.0,0.0,0.0,23.0,,0.0,0.0,0.013986013986013986,20256.37262732369,
test,5034,1.0,B1_IsolationForest,QUALITY_DRIFT,False,12.557112155997704,0.7784702529546166,0.1,46,0.10869565217391304,1.0,0.0,0.0,23.0,,0.0,0.0,0.055944055944055944,17515.376900548028,
test,5034,0.75,RippleTwin,QUALITY_DRIFT,True,12.557112155997704,31.30364205825687,0.005,46,0.0,0.0,,,,,0.0,0.0,0.027972027972027972,,
test,5034,0.75,RippleTwin,QUALITY_DRIFT,True,12.557112155997704,31.30364205825687,0.01,46,0.0,0.0,,,,,0.0,0.0,0.027972027972027972,,
test,5034,0.75,RippleTwin,QUALITY_DRIFT,True,12.557112155997704,31.30364205825687,0.02,46,0.0,0.0,,,,,0.0,0.0,0.04895104895104895,,
test,5034,0.75,RippleTwin,QUALITY_DRIFT,True,12.557112155997704,31.30364205825687,0.05,46,0.0,0.0,,,,,0.0,0.0,0.07692307692307693,,
test,5034,0.75,RippleTwin,QUALITY_DRIFT,True,12.557112155997704,31.30364205825687,0.1,46,0.10869565217391304,1.0,0.0,0.0,33.0,,0.0,0.0,0.11188811188811189,23222.481212340324,
test,5034,0.75,B2_observed_only_twin,QUALITY_DRIFT,True,12.557112155997704,31.30364205825687,0.005,46,0.0,0.0,,,,,0.0,0.0,0.027972027972027972,,
test,5034,0.75,B2_observed_only_twin,QUALITY_DRIFT,True,12.557112155997704,31.30364205825687,0.01,46,0.0,0.0,,,,,0.0,0.0,0.027972027972027972,,
test,5034,0.75,B2_observed_only_twin,QUALITY_DRIFT,True,12.557112155997704,31.30364205825687,0.02,46,0.0,0.0,,,,,0.0,0.0,0.04895104895104895,,
test,5034,0.75,B2_observed_only_twin,QUALITY_DRIFT,True,12.557112155997704,31.30364205825687,0.05,46,0.0,0.0,,,,,0.0,0.0,0.07692307692307693,,
test,5034,0.75,B2_observed_only_twin,QUALITY_DRIFT,True,12.557112155997704,31.30364205825687,0.1,46,0.15217391304347827,1.0,0.0,0.0,34.0,,0.0,0.0,0.1258741258741259,20533.484345562763,
test,5034,0.75,B0_SPC_observed,QUALITY_DRIFT,True,12.557112155997704,5.061702559429017,0.005,46,0.0,0.0,,,,,0.0,0.0,0.0,,
test,5034,0.75,B0_SPC_observed,QUALITY_DRIFT,True,12.557112155997704,5.061702559429017,0.01,46,0.0,0.0,,,,,0.0,0.0,0.006993006993006993,,
test,5034,0.75,B0_SPC_observed,QUALITY_DRIFT,True,12.557112155997704,5.061702559429017,0.02,46,0.0,0.0,,,,,0.0,0.0,0.006993006993006993,,
test,5034,0.75,B0_SPC_observed,QUALITY_DRIFT,True,12.557112155997704,5.061702559429017,0.05,46,0.0,0.0,,,,,0.0,0.0,0.006993006993006993,,
test,5034,0.75,B0_SPC_observed,QUALITY_DRIFT,True,12.557112155997704,5.061702559429017,0.1,46,0.0,0.0,,,,,0.0,0.0,0.06293706293706294,,
test,5034,0.75,B1_IsolationForest,QUALITY_DRIFT,True,12.557112155997704,0.7423023198141773,0.005,46,0.08695652173913043,1.0,0.0,0.0,23.0,,0.0,0.0,0.0,20256.37262732369,
test,5034,0.75,B1_IsolationForest,QUALITY_DRIFT,True,12.557112155997704,0.7423023198141773,0.01,46,0.08695652173913043,1.0,0.0,0.0,23.0,,0.0,0.0,0.0,17819.975635868235,
test,5034,0.75,B1_IsolationForest,QUALITY_DRIFT,True,12.557112155997704,0.7423023198141773,0.02,46,0.08695652173913043,1.0,0.0,0.0,23.0,,0.0,0.0,0.0,17515.376900548028,
test,5034,0.75,B1_IsolationForest,QUALITY_DRIFT,True,12.557112155997704,0.7423023198141773,0.05,46,0.10869565217391304,1.0,0.0,0.0,23.0,,0.0,0.0,0.027972027972027972,17515.376900548028,
test,5034,0.75,B1_IsolationForest,QUALITY_DRIFT,True,12.557112155997704,0.7423023198141773,0.1,46,0.13043478260869565,1.0,0.0,0.0,23.0,,0.0,0.0,0.09090909090909091,17515.376900548028,
test,5034,0.5,RippleTwin,QUALITY_DRIFT,True,12.557112155997704,39.99294167411538,0.005,46,0.0,0.0,,,,,0.0,0.0,0.027972027972027972,,
test,5034,0.5,RippleTwin,QUALITY_DRIFT,True,12.557112155997704,39.99294167411538,0.01,46,0.0,0.0,,,,,0.0,0.0,0.027972027972027972,,
test,5034,0.5,RippleTwin,QUALITY_DRIFT,True,12.557112155997704,39.99294167411538,0.02,46,0.0,0.0,,,,,0.0,0.0,0.04195804195804196,,
test,5034,0.5,RippleTwin,QUALITY_DRIFT,True,12.557112155997704,39.99294167411538,0.05,46,0.0,0.0,,,,,0.0,0.0,0.055944055944055944,,
test,5034,0.5,RippleTwin,QUALITY_DRIFT,True,12.557112155997704,39.99294167411538,0.1,46,0.0,0.0,,,,,0.0,0.0,0.09090909090909091,,
test,5034,0.5,B2_observed_only_twin,QUALITY_DRIFT,True,12.557112155997704,39.987745614480566,0.005,46,0.0,0.0,,,,,0.0,0.0,0.027972027972027972,,
test,5034,0.5,B2_observed_only_twin,QUALITY_DRIFT,True,12.557112155997704,39.987745614480566,0.01,46,0.0,0.0,,,,,0.0,0.0,0.027972027972027972,,
test,5034,0.5,B2_observed_only_twin,QUALITY_DRIFT,True,12.557112155997704,39.987745614480566,0.02,46,0.0,0.0,,,,,0.0,0.0,0.03496503496503497,,
test,5034,0.5,B2_observed_only_twin,QUALITY_DRIFT,True,12.557112155997704,39.987745614480566,0.05,46,0.0,0.0,,,,,0.0,0.0,0.055944055944055944,,
test,5034,0.5,B2_observed_only_twin,QUALITY_DRIFT,True,12.557112155997704,39.987745614480566,0.1,46,0.0,0.0,,,,,0.0,0.0,0.1048951048951049,,
test,5034,0.5,B0_SPC_observed,QUALITY_DRIFT,True,12.557112155997704,5.012127239822025,0.005,46,0.0,0.0,,,,,0.0,0.0,0.0,,
test,5034,0.5,B0_SPC_observed,QUALITY_DRIFT,True,12.557112155997704,5.012127239822025,0.01,46,0.0,0.0,,,,,0.0,0.0,0.006993006993006993,,
test,5034,0.5,B0_SPC_observed,QUALITY_DRIFT,True,12.557112155997704,5.012127239822025,0.02,46,0.0,0.0,,,,,0.0,0.0,0.006993006993006993,,
test,5034,0.5,B0_SPC_observed,QUALITY_DRIFT,True,12.557112155997704,5.012127239822025,0.05,46,0.0,0.0,,,,,0.0,0.0,0.013986013986013986,,
test,5034,0.5,B0_SPC_observed,QUALITY_DRIFT,True,12.557112155997704,5.012127239822025,0.1,46,0.0,0.0,,,,,0.0,0.0,0.027972027972027972,,
test,5034,0.5,B1_IsolationForest,QUALITY_DRIFT,True,12.557112155997704,0.7423023198141773,0.005,46,0.0,0.0,,,,,0.0,0.0,0.0,,
test,5034,0.5,B1_IsolationForest,QUALITY_DRIFT,True,12.557112155997704,0.7423023198141773,0.01,46,0.0,0.0,,,,,0.0,0.0,0.0,,
test,5034,0.5,B1_IsolationForest,QUALITY_DRIFT,True,12.557112155997704,0.7423023198141773,0.02,46,0.0,0.0,,,,,0.0,0.0,0.0,,
test,5034,0.5,B1_IsolationForest,QUALITY_DRIFT,True,12.557112155997704,0.7423023198141773,0.05,46,0.06521739130434782,1.0,0.0,0.0,3.0,,0.0,0.0,0.0,17515.376900548028,
test,5034,0.5,B1_IsolationForest,QUALITY_DRIFT,True,12.557112155997704,0.7423023198141773,0.1,46,0.06521739130434782,1.0,0.0,0.0,3.0,,0.0,0.0,0.027972027972027972,17515.376900548028,
test,5034,0.25,RippleTwin,QUALITY_DRIFT,True,12.557112155997704,23.87887940963418,0.005,46,0.0,0.0,,,,,0.0,0.0,0.0,,
test,5034,0.25,RippleTwin,QUALITY_DRIFT,True,12.557112155997704,23.87887940963418,0.01,46,0.0,0.0,,,,,0.0,0.0,0.006993006993006993,,
test,5034,0.25,RippleTwin,QUALITY_DRIFT,True,12.557112155997704,23.87887940963418,0.02,46,0.0,0.0,,,,,0.0,0.0,0.06993006993006994,,
test,5034,0.25,RippleTwin,QUALITY_DRIFT,True,12.557112155997704,23.87887940963418,0.05,46,0.0,0.0,,,,,0.0,0.0,0.09090909090909091,,
test,5034,0.25,RippleTwin,QUALITY_DRIFT,True,12.557112155997704,23.87887940963418,0.1,46,0.15217391304347827,1.0,0.0,0.0,13.0,,0.0,0.0,0.13286713286713286,18117.80582399907,
test,5034,0.25,B2_observed_only_twin,QUALITY_DRIFT,True,12.557112155997704,23.87066583332845,0.005,46,0.0,0.0,,,,,0.0,0.0,0.0,,
test,5034,0.25,B2_observed_only_twin,QUALITY_DRIFT,True,12.557112155997704,23.87066583332845,0.01,46,0.0,0.0,,,,,0.0,0.0,0.006993006993006993,,
test,5034,0.25,B2_observed_only_twin,QUALITY_DRIFT,True,12.557112155997704,23.87066583332845,0.02,46,0.0,0.0,,,,,0.0,0.0,0.06993006993006994,,
test,5034,0.25,B2_observed_only_twin,QUALITY_DRIFT,True,12.557112155997704,23.87066583332845,0.05,46,0.0,0.0,,,,,0.0,0.0,0.11188811188811189,,
test,5034,0.25,B2_observed_only_twin,QUALITY_DRIFT,True,12.557112155997704,23.87066583332845,0.1,46,0.10869565217391304,1.0,0.0,0.0,14.0,,0.0,0.0,0.13986013986013987,18117.80582399907,
test,5034,0.25,B0_SPC_observed,QUALITY_DRIFT,True,12.557112155997704,4.674774997918179,0.005,46,0.0,0.0,,,,,0.0,0.0,0.0,,
test,5034,0.25,B0_SPC_observed,QUALITY_DRIFT,True,12.557112155997704,4.674774997918179,0.01,46,0.0,0.0,,,,,0.0,0.0,0.0,,
test,5034,0.25,B0_SPC_observed,QUALITY_DRIFT,True,12.557112155997704,4.674774997918179,0.02,46,0.0,0.0,,,,,0.0,0.0,0.0,,
test,5034,0.25,B0_SPC_observed,QUALITY_DRIFT,True,12.557112155997704,4.674774997918179,0.05,46,0.0,0.0,,,,,0.0,0.0,0.0,,
test,5034,0.25,B0_SPC_observed,QUALITY_DRIFT,True,12.557112155997704,4.674774997918179,0.1,46,0.0,0.0,,,,,0.0,0.0,0.006993006993006993,,
test,5034,0.25,B1_IsolationForest,QUALITY_DRIFT,True,12.557112155997704,0.7158774793615637,0.005,46,0.0,0.0,,,,,0.0,0.0,0.0,,
test,5034,0.25,B1_IsolationForest,QUALITY_DRIFT,True,12.557112155997704,0.7158774793615637,0.01,46,0.0,0.0,,,,,0.0,0.0,0.0,,
test,5034,0.25,B1_IsolationForest,QUALITY_DRIFT,True,12.557112155997704,0.7158774793615637,0.02,46,0.0,0.0,,,,,0.0,0.0,0.013986013986013986,,
test,5034,0.25,B1_IsolationForest,QUALITY_DRIFT,True,12.557112155997704,0.7158774793615637,0.05,46,0.0,0.0,,,,,0.0,0.0,0.013986013986013986,,
test,5034,0.25,B1_IsolationForest,QUALITY_DRIFT,True,12.557112155997704,0.7158774793615637,0.1,46,0.021739130434782608,1.0,0.0,0.0,31.0,,0.0,0.0,0.013986013986013986,22925.42990547916,
test,5035,1.0,RippleTwin,SLOWDOWN,False,1.2256720948200042,42.5638498837417,0.005,64,0.296875,1.0,1.0,1.0,0.0,,1.0,1.0,0.0,28017.562470671543,
test,5035,1.0,RippleTwin,SLOWDOWN,False,1.2256720948200042,42.5638498837417,0.01,64,0.53125,1.0,1.0,1.0,0.0,,1.0,1.0,0.0,22918.637695543806,
test,5035,1.0,RippleTwin,SLOWDOWN,False,1.2256720948200042,42.5638498837417,0.02,64,0.625,1.0,1.0,1.0,0.0,,1.0,1.0,0.015384615384615385,20818.569447881953,
test,5035,1.0,RippleTwin,SLOWDOWN,False,1.2256720948200042,42.5638498837417,0.05,64,0.703125,1.0,0.9333333333333333,0.9333333333333333,0.0,,1.0,1.0,0.05384615384615385,20214.17566843512,
test,5035,1.0,RippleTwin,SLOWDOWN,False,1.2256720948200042,42.5638498837417,0.1,64,0.703125,1.0,0.9333333333333333,0.9333333333333333,0.0,,1.0,1.0,0.11538461538461539,20214.17566843512,
test,5035,1.0,B2_observed_only_twin,SLOWDOWN,False,1.2256720948200042,42.5638498837417,0.005,64,0.296875,1.0,1.0,1.0,0.0,,1.0,1.0,0.0,28017.562470671543,
test,5035,1.0,B2_observed_only_twin,SLOWDOWN,False,1.2256720948200042,42.5638498837417,0.01,64,0.53125,1.0,1.0,1.0,0.0,,1.0,1.0,0.0,22918.637695543806,
test,5035,1.0,B2_observed_only_twin,SLOWDOWN,False,1.2256720948200042,42.5638498837417,0.02,64,0.625,1.0,1.0,1.0,0.0,,1.0,1.0,0.015384615384615385,20818.569447881953,
test,5035,1.0,B2_observed_only_twin,SLOWDOWN,False,1.2256720948200042,42.5638498837417,0.05,64,0.703125,1.0,0.9333333333333333,0.9333333333333333,0.0,,1.0,1.0,0.05384615384615385,20214.17566843512,
test,5035,1.0,B2_observed_only_twin,SLOWDOWN,False,1.2256720948200042,42.5638498837417,0.1,64,0.703125,1.0,0.9333333333333333,0.9333333333333333,0.0,,1.0,1.0,0.11538461538461539,20214.17566843512,
test,5035,1.0,B0_SPC_observed,SLOWDOWN,False,1.2256720948200042,5.124273832797681,0.005,64,0.59375,1.0,1.0,1.0,0.0,,1.0,1.0,0.038461538461538464,20214.17566843512,
test,5035,1.0,B0_SPC_observed,SLOWDOWN,False,1.2256720948200042,5.124273832797681,0.01,64,0.609375,1.0,1.0,1.0,0.0,,1.0,1.0,0.046153846153846156,20214.17566843512,
test,5035,1.0,B0_SPC_observed,SLOWDOWN,False,1.2256720948200042,5.124273832797681,0.02,64,0.609375,1.0,1.0,1.0,0.0,,1.0,1.0,0.05384615384615385,20214.17566843512,
test,5035,1.0,B0_SPC_observed,SLOWDOWN,False,1.2256720948200042,5.124273832797681,0.05,64,0.609375,1.0,1.0,1.0,0.0,,1.0,1.0,0.06153846153846154,20214.17566843512,
test,5035,1.0,B0_SPC_observed,SLOWDOWN,False,1.2256720948200042,5.124273832797681,0.1,64,0.609375,1.0,1.0,1.0,0.0,,1.0,1.0,0.09230769230769231,20214.17566843512,
test,5035,1.0,B1_IsolationForest,SLOWDOWN,False,1.2256720948200042,0.7784702529546166,0.005,64,0.078125,1.0,0.0,0.0,5.0,,0.0,0.0,0.023076923076923078,27117.196707656407,
test,5035,1.0,B1_IsolationForest,SLOWDOWN,False,1.2256720948200042,0.7784702529546166,0.01,64,0.078125,1.0,0.0,0.0,5.0,,0.0,0.0,0.023076923076923078,27117.196707656407,
test,5035,1.0,B1_IsolationForest,SLOWDOWN,False,1.2256720948200042,0.7784702529546166,0.02,64,0.140625,1.0,0.0,0.0,5.0,,0.0,0.0,0.03076923076923077,26810.128686261833,
test,5035,1.0,B1_IsolationForest,SLOWDOWN,False,1.2256720948200042,0.7784702529546166,0.05,64,0.5,1.0,0.0,0.0,5.0,,0.0,0.0,0.1076923076923077,26216.851164586136,
test,5035,1.0,B1_IsolationForest,SLOWDOWN,False,1.2256720948200042,0.7784702529546166,0.1,64,0.890625,1.0,0.0,0.0,5.0,,0.0,0.0,0.17692307692307693,21420.26995351761,
test,5035,0.75,RippleTwin,SLOWDOWN,True,1.2256720948200042,31.30364205825687,0.005,64,0.234375,1.0,1.0,1.0,0.0,,1.0,1.0,0.0,28311.7788970472,
test,5035,0.75,RippleTwin,SLOWDOWN,True,1.2256720948200042,31.30364205825687,0.01,64,0.296875,1.0,1.0,1.0,0.0,,1.0,1.0,0.0,25915.946951410784,
test,5035,0.75,RippleTwin,SLOWDOWN,True,1.2256720948200042,31.30364205825687,0.02,64,0.484375,1.0,1.0,1.0,0.0,,1.0,1.0,0.015384615384615385,23543.31618947612,
test,5035,0.75,RippleTwin,SLOWDOWN,True,1.2256720948200042,31.30364205825687,0.05,64,0.578125,1.0,0.972972972972973,0.972972972972973,0.0,,1.0,1.0,0.015384615384615385,23216.76055268436,
test,5035,0.75,RippleTwin,SLOWDOWN,True,1.2256720948200042,31.30364205825687,0.1,64,0.640625,1.0,0.926829268292683,0.926829268292683,0.0,,1.0,1.0,0.05384615384615385,22918.637695543806,
test,5035,0.75,B2_observed_only_twin,SLOWDOWN,True,1.2256720948200042,31.30364205825687,0.005,64,0.21875,1.0,0.0,1.0,1.0,,0.0,1.0,0.0,28615.88797273272,
test,5035,0.75,B2_observed_only_twin,SLOWDOWN,True,1.2256720948200042,31.30364205825687,0.01,64,0.25,1.0,0.0,1.0,1.0,,0.0,1.0,0.0,28017.562470671543,
test,5035,0.75,B2_observed_only_twin,SLOWDOWN,True,1.2256720948200042,31.30364205825687,0.02,64,0.421875,1.0,0.0,1.0,1.0,,0.0,1.0,0.015384615384615385,23543.31618947612,
test,5035,0.75,B2_observed_only_twin,SLOWDOWN,True,1.2256720948200042,31.30364205825687,0.05,64,0.609375,1.0,0.0,0.9230769230769231,1.0,,0.0,1.0,0.015384615384615385,23216.76055268436,
test,5035,0.75,B2_observed_only_twin,SLOWDOWN,True,1.2256720948200042,31.30364205825687,0.1,64,0.625,1.0,0.0,0.925,1.0,,0.0,1.0,0.06153846153846154,23216.76055268436,
test,5035,0.75,B0_SPC_observed,SLOWDOWN,True,1.2256720948200042,5.061702559429017,0.005,64,0.0,0.0,,,,,0.0,0.0,0.0,,
test,5035,0.75,B0_SPC_observed,SLOWDOWN,True,1.2256720948200042,5.061702559429017,0.01,64,0.0,0.0,,,,,0.0,0.0,0.0,,
test,5035,0.75,B0_SPC_observed,SLOWDOWN,True,1.2256720948200042,5.061702559429017,0.02,64,0.0,0.0,,,,,0.0,0.0,0.0,,
test,5035,0.75,B0_SPC_observed,SLOWDOWN,True,1.2256720948200042,5.061702559429017,0.05,64,0.0,0.0,,,,,0.0,0.0,0.007692307692307693,,
test,5035,0.75,B0_SPC_observed,SLOWDOWN,True,1.2256720948200042,5.061702559429017,0.1,64,0.0,0.0,,,,,0.0,0.0,0.038461538461538464,,
test,5035,0.75,B1_IsolationForest,SLOWDOWN,True,1.2256720948200042,0.7423023198141773,0.005,64,0.0,0.0,,,,,0.0,0.0,0.038461538461538464,,
test,5035,0.75,B1_IsolationForest,SLOWDOWN,True,1.2256720948200042,0.7423023198141773,0.01,64,0.0,0.0,,,,,0.0,0.0,0.046153846153846156,,
test,5035,0.75,B1_IsolationForest,SLOWDOWN,True,1.2256720948200042,0.7423023198141773,0.02,64,0.015625,1.0,0.0,0.0,2.0,,0.0,0.0,0.046153846153846156,25615.147373006108,
test,5035,0.75,B1_IsolationForest,SLOWDOWN,True,1.2256720948200042,0.7423023198141773,0.05,64,0.4375,1.0,0.0,0.0,2.0,,0.0,0.0,0.07692307692307693,21420.26995351761,
test,5035,0.75,B1_IsolationForest,SLOWDOWN,True,1.2256720948200042,0.7423023198141773,0.1,64,0.640625,1.0,0.0,0.0,2.0,,0.0,0.0,0.1,20214.17566843512,
test,5035,0.5,RippleTwin,SLOWDOWN,True,1.2256720948200042,39.99294167411538,0.005,64,0.3125,1.0,1.0,1.0,0.0,,1.0,1.0,0.0,25915.946951410784,
test,5035,0.5,RippleTwin,SLOWDOWN,True,1.2256720948200042,39.99294167411538,0.01,64,0.328125,1.0,1.0,1.0,0.0,,1.0,1.0,0.0,25615.147373006108,
test,5035,0.5,RippleTwin,SLOWDOWN,True,1.2256720948200042,39.99294167411538,0.02,64,0.546875,1.0,1.0,1.0,0.0,,1.0,1.0,0.015384615384615385,23543.31618947612,
test,5035,0.5,RippleTwin,SLOWDOWN,True,1.2256720948200042,39.99294167411538,0.05,64,0.609375,1.0,0.9743589743589743,0.9743589743589743,0.0,,1.0,1.0,0.015384615384615385,23216.76055268436,
test,5035,0.5,RippleTwin,SLOWDOWN,True,1.2256720948200042,39.99294167411538,0.1,64,0.640625,1.0,0.926829268292683,0.926829268292683,0.0,,1.0,1.0,0.13846153846153847,23216.76055268436,
test,5035,0.5,B2_observed_only_twin,SLOWDOWN,True,1.2256720948200042,39.987745614480566,0.005,64,0.296875,1.0,0.0,1.0,1.0,,0.0,1.0,0.0,28017.562470671543,
test,5035,0.5,B2_observed_only_twin,SLOWDOWN,True,1.2256720948200042,39.987745614480566,0.01,64,0.3125,1.0,0.0,1.0,1.0,,0.0,1.0,0.0,25915.946951410784,
test,5035,0.5,B2_observed_only_twin,SLOWDOWN,True,1.2256720948200042,39.987745614480566,0.02,64,0.515625,1.0,0.0,1.0,1.0,,0.0,1.0,0.015384615384615385,23543.31618947612,
test,5035,0.5,B2_observed_only_twin,SLOWDOWN,True,1.2256720948200042,39.987745614480566,0.05,64,0.625,1.0,0.0,1.0,1.0,,0.0,1.0,0.023076923076923078,23216.76055268436,
test,5035,0.5,B2_observed_only_twin,SLOWDOWN,True,1.2256720948200042,39.987745614480566,0.1,64,0.640625,1.0,0.0,1.0,1.0,,0.0,1.0,0.14615384615384616,23216.76055268436,
test,5035,0.5,B0_SPC_observed,SLOWDOWN,True,1.2256720948200042,5.012127239822025,0.005,64,0.0,0.0,,,,,0.0,0.0,0.0,,
test,5035,0.5,B0_SPC_observed,SLOWDOWN,True,1.2256720948200042,5.012127239822025,0.01,64,0.0,0.0,,,,,0.0,0.0,0.0,,
test,5035,0.5,B0_SPC_observed,SLOWDOWN,True,1.2256720948200042,5.012127239822025,0.02,64,0.0,0.0,,,,,0.0,0.0,0.007692307692307693,,
test,5035,0.5,B0_SPC_observed,SLOWDOWN,True,1.2256720948200042,5.012127239822025,0.05,64,0.0,0.0,,,,,0.0,0.0,0.015384615384615385,,
test,5035,0.5,B0_SPC_observed,SLOWDOWN,True,1.2256720948200042,5.012127239822025,0.1,64,0.0,0.0,,,,,0.0,0.0,0.05384615384615385,,
test,5035,0.5,B1_IsolationForest,SLOWDOWN,True,1.2256720948200042,0.7423023198141773,0.005,64,0.0,0.0,,,,,0.0,0.0,0.0,,
test,5035,0.5,B1_IsolationForest,SLOWDOWN,True,1.2256720948200042,0.7423023198141773,0.01,64,0.0,0.0,,,,,0.0,0.0,0.0,,
test,5035,0.5,B1_IsolationForest,SLOWDOWN,True,1.2256720948200042,0.7423023198141773,0.02,64,0.0,0.0,,,,,0.0,0.0,0.007692307692307693,,
test,5035,0.5,B1_IsolationForest,SLOWDOWN,True,1.2256720948200042,0.7423023198141773,0.05,64,0.03125,1.0,0.0,0.0,3.5,,0.0,0.0,0.007692307692307693,32816.773968679474,
test,5035,0.5,B1_IsolationForest,SLOWDOWN,True,1.2256720948200042,0.7423023198141773,0.1,64,0.515625,1.0,0.0,0.0,4.0,,0.0,0.0,0.007692307692307693,24119.70294648343,
test,5035,0.25,RippleTwin,SLOWDOWN,True,1.2256720948200042,23.87887940963418,0.005,64,0.59375,1.0,0.0,0.0,2.0,,0.0,0.0,0.015384615384615385,20818.569447881953,
test,5035,0.25,RippleTwin,SLOWDOWN,True,1.2256720948200042,23.87887940963418,0.01,64,0.59375,1.0,0.0,0.0,2.0,,0.0,0.0,0.015384615384615385,20818.569447881953,
test,5035,0.25,RippleTwin,SLOWDOWN,True,1.2256720948200042,23.87887940963418,0.02,64,0.609375,1.0,0.0,0.0,2.0,,0.0,0.0,0.12307692307692308,20214.17566843512,
test,5035,0.25,RippleTwin,SLOWDOWN,True,1.2256720948200042,23.87887940963418,0.05,64,0.625,1.0,0.0,0.0,2.0,,0.0,0.0,0.2,20214.17566843512,
test,5035,0.25,RippleTwin,SLOWDOWN,True,1.2256720948200042,23.87887940963418,0.1,64,0.625,1.0,0.0,0.0,2.0,,0.0,0.0,0.26153846153846155,20214.17566843512,
test,5035,0.25,B2_observed_only_twin,SLOWDOWN,True,1.2256720948200042,23.87066583332845,0.005,64,0.625,1.0,0.0,0.0,3.0,,0.0,0.0,0.015384615384615385,20818.569447881953,
test,5035,0.25,B2_observed_only_twin,SLOWDOWN,True,1.2256720948200042,23.87066583332845,0.01,64,0.625,1.0,0.0,0.0,3.0,,0.0,0.0,0.015384615384615385,20818.569447881953,
test,5035,0.25,B2_observed_only_twin,SLOWDOWN,True,1.2256720948200042,23.87066583332845,0.02,64,0.640625,1.0,0.0,0.0,3.0,,0.0,0.0,0.11538461538461539,20214.17566843512,
test,5035,0.25,B2_observed_only_twin,SLOWDOWN,True,1.2256720948200042,23.87066583332845,0.05,64,0.640625,1.0,0.0,0.0,3.0,,0.0,0.0,0.19230769230769232,20214.17566843512,
test,5035,0.25,B2_observed_only_twin,SLOWDOWN,True,1.2256720948200042,23.87066583332845,0.1,64,0.671875,1.0,0.0,0.0,3.0,,0.0,0.0,0.2692307692307692,20214.17566843512,
test,5035,0.25,B0_SPC_observed,SLOWDOWN,True,1.2256720948200042,4.674774997918179,0.005,64,0.0,0.0,,,,,0.0,0.0,0.0,,
test,5035,0.25,B0_SPC_observed,SLOWDOWN,True,1.2256720948200042,4.674774997918179,0.01,64,0.0,0.0,,,,,0.0,0.0,0.007692307692307693,,
test,5035,0.25,B0_SPC_observed,SLOWDOWN,True,1.2256720948200042,4.674774997918179,0.02,64,0.0,0.0,,,,,0.0,0.0,0.007692307692307693,,
test,5035,0.25,B0_SPC_observed,SLOWDOWN,True,1.2256720948200042,4.674774997918179,0.05,64,0.0,0.0,,,,,0.0,0.0,0.038461538461538464,,
test,5035,0.25,B0_SPC_observed,SLOWDOWN,True,1.2256720948200042,4.674774997918179,0.1,64,0.03125,1.0,0.0,0.0,2.0,,0.0,0.0,0.06923076923076923,20818.569447881953,
test,5035,0.25,B1_IsolationForest,SLOWDOWN,True,1.2256720948200042,0.7158774793615637,0.005,64,0.1875,1.0,0.0,0.0,2.0,,0.0,0.0,0.007692307692307693,21420.26995351761,
test,5035,0.25,B1_IsolationForest,SLOWDOWN,True,1.2256720948200042,0.7158774793615637,0.01,64,0.546875,1.0,0.0,0.0,2.0,,0.0,0.0,0.015384615384615385,21420.26995351761,
test,5035,0.25,B1_IsolationForest,SLOWDOWN,True,1.2256720948200042,0.7158774793615637,0.02,64,0.625,1.0,0.0,0.0,2.0,,0.0,0.0,0.015384615384615385,21420.26995351761,
test,5035,0.25,B1_IsolationForest,SLOWDOWN,True,1.2256720948200042,0.7158774793615637,0.05,64,0.625,1.0,0.0,0.0,2.0,,0.0,0.0,0.015384615384615385,21113.216690243316,
test,5035,0.25,B1_IsolationForest,SLOWDOWN,True,1.2256720948200042,0.7158774793615637,0.1,64,0.625,1.0,0.0,0.0,2.0,,0.0,0.0,0.015384615384615385,21113.216690243316,
test,5036,1.0,RippleTwin,COMBINED,False,1.2814103309747698,42.5638498837417,0.005,58,0.43103448275862066,1.0,1.0,1.0,0.0,,1.0,1.0,0.014492753623188406,36738.65084476371,
test,5036,1.0,RippleTwin,COMBINED,False,1.2814103309747698,42.5638498837417,0.01,58,0.5862068965517241,1.0,1.0,1.0,0.0,,1.0,1.0,0.057971014492753624,36738.65084476371,
test,5036,1.0,RippleTwin,COMBINED,False,1.2814103309747698,42.5638498837417,0.02,58,0.603448275862069,1.0,1.0,1.0,0.0,,1.0,1.0,0.09420289855072464,36738.65084476371,
test,5036,1.0,RippleTwin,COMBINED,False,1.2814103309747698,42.5638498837417,0.05,58,0.6206896551724138,1.0,1.0,1.0,0.0,,1.0,1.0,0.10869565217391304,36738.65084476371,
test,5036,1.0,RippleTwin,COMBINED,False,1.2814103309747698,42.5638498837417,0.1,58,0.6551724137931034,1.0,0.9473684210526315,0.9473684210526315,0.0,,1.0,1.0,0.15942028985507245,36738.65084476371,
test,5036,1.0,B2_observed_only_twin,COMBINED,False,1.2814103309747698,42.5638498837417,0.005,58,0.43103448275862066,1.0,1.0,1.0,0.0,,1.0,1.0,0.014492753623188406,36738.65084476371,
test,5036,1.0,B2_observed_only_twin,COMBINED,False,1.2814103309747698,42.5638498837417,0.01,58,0.5862068965517241,1.0,1.0,1.0,0.0,,1.0,1.0,0.057971014492753624,36738.65084476371,
test,5036,1.0,B2_observed_only_twin,COMBINED,False,1.2814103309747698,42.5638498837417,0.02,58,0.603448275862069,1.0,1.0,1.0,0.0,,1.0,1.0,0.09420289855072464,36738.65084476371,
test,5036,1.0,B2_observed_only_twin,COMBINED,False,1.2814103309747698,42.5638498837417,0.05,58,0.6206896551724138,1.0,1.0,1.0,0.0,,1.0,1.0,0.10869565217391304,36738.65084476371,
test,5036,1.0,B2_observed_only_twin,COMBINED,False,1.2814103309747698,42.5638498837417,0.1,58,0.6551724137931034,1.0,0.9473684210526315,0.9473684210526315,0.0,,1.0,1.0,0.15942028985507245,36738.65084476371,
test,5036,1.0,B0_SPC_observed,COMBINED,False,1.2814103309747698,5.124273832797681,0.005,58,0.5862068965517241,1.0,1.0,1.0,0.0,,1.0,1.0,0.10869565217391304,36738.65084476371,
test,5036,1.0,B0_SPC_observed,COMBINED,False,1.2814103309747698,5.124273832797681,0.01,58,0.5862068965517241,1.0,1.0,1.0,0.0,,1.0,1.0,0.10869565217391304,36738.65084476371,
test,5036,1.0,B0_SPC_observed,COMBINED,False,1.2814103309747698,5.124273832797681,0.02,58,0.5862068965517241,1.0,1.0,1.0,0.0,,1.0,1.0,0.10869565217391304,36738.65084476371,
test,5036,1.0,B0_SPC_observed,COMBINED,False,1.2814103309747698,5.124273832797681,0.05,58,0.603448275862069,1.0,0.9714285714285714,0.9714285714285714,0.0,,1.0,1.0,0.12318840579710146,36738.65084476371,
test,5036,1.0,B0_SPC_observed,COMBINED,False,1.2814103309747698,5.124273832797681,0.1,58,0.6206896551724138,1.0,0.9444444444444444,0.9444444444444444,0.0,,1.0,1.0,0.18115942028985507,36738.65084476371,
test,5036,1.0,B1_IsolationForest,COMBINED,False,1.2814103309747698,0.7784702529546166,0.005,58,0.0,0.0,,,,,0.0,0.0,0.0,,
test,5036,1.0,B1_IsolationForest,COMBINED,False,1.2814103309747698,0.7784702529546166,0.01,58,0.0,0.0,,,,,0.0,0.0,0.0,,
test,5036,1.0,B1_IsolationForest,COMBINED,False,1.2814103309747698,0.7784702529546166,0.02,58,0.0,0.0,,,,,0.0,0.0,0.0,,
test,5036,1.0,B1_IsolationForest,COMBINED,False,1.2814103309747698,0.7784702529546166,0.05,58,0.0,0.0,,,,,0.0,0.0,0.06521739130434782,,
test,5036,1.0,B1_IsolationForest,COMBINED,False,1.2814103309747698,0.7784702529546166,0.1,58,0.46551724137931033,1.0,0.0,0.0,3.0,,0.0,0.0,0.13043478260869565,40316.50682600439,
test,5036,0.75,RippleTwin,COMBINED,False,1.2814103309747698,31.30364205825687,0.005,58,0.603448275862069,1.0,1.0,1.0,0.0,,1.0,1.0,0.08695652173913043,36738.65084476371,
test,5036,0.75,RippleTwin,COMBINED,False,1.2814103309747698,31.30364205825687,0.01,58,0.603448275862069,1.0,1.0,1.0,0.0,,1.0,1.0,0.08695652173913043,36738.65084476371,
test,5036,0.75,RippleTwin,COMBINED,False,1.2814103309747698,31.30364205825687,0.02,58,0.603448275862069,1.0,1.0,1.0,0.0,,1.0,1.0,0.09420289855072464,36738.65084476371,
test,5036,0.75,RippleTwin,COMBINED,False,1.2814103309747698,31.30364205825687,0.05,58,0.6206896551724138,1.0,1.0,1.0,0.0,,1.0,1.0,0.12318840579710146,36738.65084476371,
test,5036,0.75,RippleTwin,COMBINED,False,1.2814103309747698,31.30364205825687,0.1,58,0.6379310344827587,1.0,0.972972972972973,0.972972972972973,0.0,,1.0,1.0,0.1956521739130435,36738.65084476371,
test,5036,0.75,B2_observed_only_twin,COMBINED,False,1.2814103309747698,31.30364205825687,0.005,58,0.603448275862069,1.0,1.0,1.0,0.0,,1.0,1.0,0.08695652173913043,36738.65084476371,
test,5036,0.75,B2_observed_only_twin,COMBINED,False,1.2814103309747698,31.30364205825687,0.01,58,0.603448275862069,1.0,1.0,1.0,0.0,,1.0,1.0,0.08695652173913043,36738.65084476371,
test,5036,0.75,B2_observed_only_twin,COMBINED,False,1.2814103309747698,31.30364205825687,0.02,58,0.603448275862069,1.0,1.0,1.0,0.0,,1.0,1.0,0.10144927536231885,36738.65084476371,
test,5036,0.75,B2_observed_only_twin,COMBINED,False,1.2814103309747698,31.30364205825687,0.05,58,0.6206896551724138,1.0,1.0,1.0,0.0,,1.0,1.0,0.13043478260869565,36738.65084476371,
test,5036,0.75,B2_observed_only_twin,COMBINED,False,1.2814103309747698,31.30364205825687,0.1,58,0.6206896551724138,1.0,1.0,1.0,0.0,,1.0,1.0,0.21739130434782608,36738.65084476371,
test,5036,0.75,B0_SPC_observed,COMBINED,False,1.2814103309747698,5.061702559429017,0.005,58,0.5862068965517241,1.0,1.0,1.0,0.0,,1.0,1.0,0.10869565217391304,36738.65084476371,
test,5036,0.75,B0_SPC_observed,COMBINED,False,1.2814103309747698,5.061702559429017,0.01,58,0.5862068965517241,1.0,1.0,1.0,0.0,,1.0,1.0,0.10869565217391304,36738.65084476371,
test,5036,0.75,B0_SPC_observed,COMBINED,False,1.2814103309747698,5.061702559429017,0.02,58,0.5862068965517241,1.0,1.0,1.0,0.0,,1.0,1.0,0.10869565217391304,36738.65084476371,
test,5036,0.75,B0_SPC_observed,COMBINED,False,1.2814103309747698,5.061702559429017,0.05,58,0.603448275862069,1.0,0.9714285714285714,0.9714285714285714,0.0,,1.0,1.0,0.12318840579710146,36738.65084476371,
test,5036,0.75,B0_SPC_observed,COMBINED,False,1.2814103309747698,5.061702559429017,0.1,58,0.6206896551724138,1.0,0.9444444444444444,0.9444444444444444,0.0,,1.0,1.0,0.18115942028985507,36738.65084476371,
test,5036,0.75,B1_IsolationForest,COMBINED,False,1.2814103309747698,0.7423023198141773,0.005,58,0.0,0.0,,,,,0.0,0.0,0.057971014492753624,,
test,5036,0.75,B1_IsolationForest,COMBINED,False,1.2814103309747698,0.7423023198141773,0.01,58,0.0,0.0,,,,,0.0,0.0,0.057971014492753624,,
test,5036,0.75,B1_IsolationForest,COMBINED,False,1.2814103309747698,0.7423023198141773,0.02,58,0.034482758620689655,1.0,0.0,0.0,3.0,,0.0,0.0,0.07246376811594203,43012.34951449172,
test,5036,0.75,B1_IsolationForest,COMBINED,False,1.2814103309747698,0.7423023198141773,0.05,58,0.46551724137931033,1.0,0.0,0.0,3.0,,0.0,0.0,0.10144927536231885,40316.50682600439,
test,5036,0.75,B1_IsolationForest,COMBINED,False,1.2814103309747698,0.7423023198141773,0.1,58,0.5517241379310345,1.0,0.0,0.0,3.0,,0.0,0.0,0.15217391304347827,37916.71856932043,
test,5036,0.5,RippleTwin,COMBINED,False,1.2814103309747698,39.99294167411538,0.005,58,0.603448275862069,1.0,1.0,1.0,0.0,,1.0,1.0,0.043478260869565216,36738.65084476371,
test,5036,0.5,RippleTwin,COMBINED,False,1.2814103309747698,39.99294167411538,0.01,58,0.603448275862069,1.0,1.0,1.0,0.0,,1.0,1.0,0.07246376811594203,36738.65084476371,
test,5036,0.5,RippleTwin,COMBINED,False,1.2814103309747698,39.99294167411538,0.02,58,0.603448275862069,1.0,1.0,1.0,0.0,,1.0,1.0,0.09420289855072464,36738.65084476371,
test,5036,0.5,RippleTwin,COMBINED,False,1.2814103309747698,39.99294167411538,0.05,58,0.6206896551724138,1.0,1.0,1.0,0.0,,1.0,1.0,0.14492753623188406,36738.65084476371,
test,5036,0.5,RippleTwin,COMBINED,False,1.2814103309747698,39.99294167411538,0.1,58,0.6551724137931034,1.0,0.9473684210526315,0.9473684210526315,0.0,,1.0,1.0,0.2463768115942029,36738.65084476371,
test,5036,0.5,B2_observed_only_twin,COMBINED,False,1.2814103309747698,39.987745614480566,0.005,58,0.603448275862069,1.0,1.0,1.0,0.0,,1.0,1.0,0.043478260869565216,36738.65084476371,
test,5036,0.5,B2_observed_only_twin,COMBINED,False,1.2814103309747698,39.987745614480566,0.01,58,0.603448275862069,1.0,1.0,1.0,0.0,,1.0,1.0,0.07246376811594203,36738.65084476371,
test,5036,0.5,B2_observed_only_twin,COMBINED,False,1.2814103309747698,39.987745614480566,0.02,58,0.603448275862069,1.0,1.0,1.0,0.0,,1.0,1.0,0.09420289855072464,36738.65084476371,
test,5036,0.5,B2_observed_only_twin,COMBINED,False,1.2814103309747698,39.987745614480566,0.05,58,0.6206896551724138,1.0,1.0,1.0,0.0,,1.0,1.0,0.15942028985507245,36738.65084476371,
test,5036,0.5,B2_observed_only_twin,COMBINED,False,1.2814103309747698,39.987745614480566,0.1,58,0.6724137931034483,1.0,0.9487179487179487,0.9487179487179487,0.0,,1.0,1.0,0.2536231884057971,36738.65084476371,
test,5036,0.5,B0_SPC_observed,COMBINED,False,1.2814103309747698,5.012127239822025,0.005,58,0.5862068965517241,1.0,1.0,1.0,0.0,,1.0,1.0,0.10869565217391304,36738.65084476371,
test,5036,0.5,B0_SPC_observed,COMBINED,False,1.2814103309747698,5.012127239822025,0.01,58,0.5862068965517241,1.0,1.0,1.0,0.0,,1.0,1.0,0.10869565217391304,36738.65084476371,
test,5036,0.5,B0_SPC_observed,COMBINED,False,1.2814103309747698,5.012127239822025,0.02,58,0.5862068965517241,1.0,1.0,1.0,0.0,,1.0,1.0,0.10869565217391304,36738.65084476371,
test,5036,0.5,B0_SPC_observed,COMBINED,False,1.2814103309747698,5.012127239822025,0.05,58,0.5862068965517241,1.0,1.0,1.0,0.0,,1.0,1.0,0.13768115942028986,36738.65084476371,
test,5036,0.5,B0_SPC_observed,COMBINED,False,1.2814103309747698,5.012127239822025,0.1,58,0.6206896551724138,1.0,0.9444444444444444,0.9444444444444444,0.0,,1.0,1.0,0.14492753623188406,36738.65084476371,
test,5036,0.5,B1_IsolationForest,COMBINED,False,1.2814103309747698,0.7423023198141773,0.005,58,0.0,0.0,,,,,0.0,0.0,0.057971014492753624,,
test,5036,0.5,B1_IsolationForest,COMBINED,False,1.2814103309747698,0.7423023198141773,0.01,58,0.0,0.0,,,,,0.0,0.0,0.057971014492753624,,
test,5036,0.5,B1_IsolationForest,COMBINED,False,1.2814103309747698,0.7423023198141773,0.02,58,0.0,0.0,,,,,0.0,0.0,0.07246376811594203,,
test,5036,0.5,B1_IsolationForest,COMBINED,False,1.2814103309747698,0.7423023198141773,0.05,58,0.0,0.0,,,,,0.0,0.0,0.07246376811594203,,
test,5036,0.5,B1_IsolationForest,COMBINED,False,1.2814103309747698,0.7423023198141773,0.1,58,0.22413793103448276,1.0,0.0,0.0,5.0,,0.0,0.0,0.15217391304347827,37916.71856932043,
test,5036,0.25,RippleTwin,COMBINED,True,1.2814103309747698,23.87887940963418,0.005,58,0.5344827586206896,1.0,0.0,0.6129032258064516,1.0,,0.0,1.0,0.0,37022.634145647295,
test,5036,0.25,RippleTwin,COMBINED,True,1.2814103309747698,23.87887940963418,0.01,58,0.5344827586206896,1.0,0.0,0.6129032258064516,1.0,,0.0,1.0,0.0,37022.634145647295,
test,5036,0.25,RippleTwin,COMBINED,True,1.2814103309747698,23.87887940963418,0.02,58,0.6379310344827587,1.0,0.05405405405405406,0.6486486486486487,1.0,,0.0,1.0,0.043478260869565216,36738.65084476371,
test,5036,0.25,RippleTwin,COMBINED,True,1.2814103309747698,23.87887940963418,0.05,58,0.6379310344827587,1.0,0.05405405405405406,0.6486486486486487,1.0,,0.0,1.0,0.10144927536231885,36738.65084476371,
test,5036,0.25,RippleTwin,COMBINED,True,1.2814103309747698,23.87887940963418,0.1,58,0.6551724137931034,1.0,0.05263157894736842,0.631578947368421,1.0,,0.0,1.0,0.21739130434782608,36738.65084476371,
test,5036,0.25,B2_observed_only_twin,COMBINED,True,1.2814103309747698,23.87066583332845,0.005,58,0.5172413793103449,1.0,0.0,0.0,2.0,,0.0,0.0,0.0,39121.025532934036,
test,5036,0.25,B2_observed_only_twin,COMBINED,True,1.2814103309747698,23.87066583332845,0.01,58,0.5344827586206896,1.0,0.0,0.0,2.0,,0.0,0.0,0.0,37022.634145647295,
test,5036,0.25,B2_observed_only_twin,COMBINED,True,1.2814103309747698,23.87066583332845,0.02,58,0.6206896551724138,1.0,0.0,0.0,2.0,,0.0,0.0,0.036231884057971016,36738.65084476371,
test,5036,0.25,B2_observed_only_twin,COMBINED,True,1.2814103309747698,23.87066583332845,0.05,58,0.6379310344827587,1.0,0.0,0.0,2.0,,0.0,0.0,0.11594202898550725,36738.65084476371,
test,5036,0.25,B2_observed_only_twin,COMBINED,True,1.2814103309747698,23.87066583332845,0.1,58,0.6551724137931034,1.0,0.0,0.0,2.0,,0.0,0.0,0.2028985507246377,36738.65084476371,
test,5036,0.25,B0_SPC_observed,COMBINED,True,1.2814103309747698,4.674774997918179,0.005,58,0.0,0.0,,,,,0.0,0.0,0.0,,
test,5036,0.25,B0_SPC_observed,COMBINED,True,1.2814103309747698,4.674774997918179,0.01,58,0.0,0.0,,,,,0.0,0.0,0.0,,
test,5036,0.25,B0_SPC_observed,COMBINED,True,1.2814103309747698,4.674774997918179,0.02,58,0.0,0.0,,,,,0.0,0.0,0.007246376811594203,,
test,5036,0.25,B0_SPC_observed,COMBINED,True,1.2814103309747698,4.674774997918179,0.05,58,0.0,0.0,,,,,0.0,0.0,0.021739130434782608,,
test,5036,0.25,B0_SPC_observed,COMBINED,True,1.2814103309747698,4.674774997918179,0.1,58,0.0,0.0,,,,,0.0,0.0,0.036231884057971016,,
test,5036,0.25,B1_IsolationForest,COMBINED,True,1.2814103309747698,0.7158774793615637,0.005,58,0.3620689655172414,1.0,0.0,0.0,3.0,,0.0,0.0,0.0,40316.50682600439,
test,5036,0.25,B1_IsolationForest,COMBINED,True,1.2814103309747698,0.7158774793615637,0.01,58,0.46551724137931033,1.0,0.0,0.0,3.0,,0.0,0.0,0.014492753623188406,40316.50682600439,
test,5036,0.25,B1_IsolationForest,COMBINED,True,1.2814103309747698,0.7158774793615637,0.02,58,0.5517241379310345,1.0,0.0,0.0,3.0,,0.0,0.0,0.014492753623188406,37916.71856932043,
test,5036,0.25,B1_IsolationForest,COMBINED,True,1.2814103309747698,0.7158774793615637,0.05,58,0.603448275862069,1.0,0.0,0.0,3.0,,0.0,0.0,0.028985507246376812,37612.84400543472,
test,5036,0.25,B1_IsolationForest,COMBINED,True,1.2814103309747698,0.7158774793615637,0.1,58,0.6206896551724138,1.0,0.0,0.0,3.0,,0.0,0.0,0.036231884057971016,36738.65084476371,
test,5039,1.0,RippleTwin,SLOWDOWN,False,1.3911928852386626,42.5638498837417,0.005,62,0.6935483870967742,1.0,1.0,1.0,0.0,182.1160752468404,1.0,1.0,0.05384615384615385,18724.942089807824,18724.942089807824
test,5039,1.0,RippleTwin,SLOWDOWN,False,1.3911928852386626,42.5638498837417,0.01,62,0.7096774193548387,1.0,1.0,1.0,0.0,182.1160752468404,1.0,1.0,0.05384615384615385,18724.942089807824,18724.942089807824
test,5039,1.0,RippleTwin,SLOWDOWN,False,1.3911928852386626,42.5638498837417,0.02,62,0.7258064516129032,1.0,1.0,1.0,0.0,182.1160752468404,1.0,1.0,0.06153846153846154,18724.942089807824,18724.942089807824
test,5039,1.0,RippleTwin,SLOWDOWN,False,1.3911928852386626,42.5638498837417,0.05,62,0.7419354838709677,1.0,1.0,1.0,0.0,182.1160752468404,1.0,1.0,0.09230769230769231,18724.942089807824,18724.942089807824
test,5039,1.0,RippleTwin,SLOWDOWN,False,1.3911928852386626,42.5638498837417,0.1,62,0.8870967741935484,1.0,0.9636363636363636,0.9636363636363636,0.0,182.1160752468404,1.0,1.0,0.26153846153846155,18724.942089807824,18724.942089807824
test,5039,1.0,B2_observed_only_twin,SLOWDOWN,False,1.3911928852386626,42.5638498837417,0.005,62,0.6935483870967742,1.0,1.0,1.0,0.0,182.1160752468404,1.0,1.0,0.05384615384615385,18724.942089807824,18724.942089807824
test,5039,1.0,B2_observed_only_twin,SLOWDOWN,False,1.3911928852386626,42.5638498837417,0.01,62,0.7096774193548387,1.0,1.0,1.0,0.0,182.1160752468404,1.0,1.0,0.05384615384615385,18724.942089807824,18724.942089807824
test,5039,1.0,B2_observed_only_twin,SLOWDOWN,False,1.3911928852386626,42.5638498837417,0.02,62,0.7258064516129032,1.0,1.0,1.0,0.0,182.1160752468404,1.0,1.0,0.06153846153846154,18724.942089807824,18724.942089807824
test,5039,1.0,B2_observed_only_twin,SLOWDOWN,False,1.3911928852386626,42.5638498837417,0.05,62,0.7419354838709677,1.0,1.0,1.0,0.0,182.1160752468404,1.0,1.0,0.09230769230769231,18724.942089807824,18724.942089807824
test,5039,1.0,B2_observed_only_twin,SLOWDOWN,False,1.3911928852386626,42.5638498837417,0.1,62,0.8870967741935484,1.0,0.9636363636363636,0.9636363636363636,0.0,182.1160752468404,1.0,1.0,0.26153846153846155,18724.942089807824,18724.942089807824
test,5039,1.0,B0_SPC_observed,SLOWDOWN,False,1.3911928852386626,5.124273832797681,0.005,62,0.6612903225806451,1.0,1.0,1.0,0.0,182.1160752468404,1.0,1.0,0.05384615384615385,18724.942089807824,18724.942089807824
test,5039,1.0,B0_SPC_observed,SLOWDOWN,False,1.3911928852386626,5.124273832797681,0.01,62,0.6612903225806451,1.0,1.0,1.0,0.0,182.1160752468404,1.0,1.0,0.06153846153846154,18724.942089807824,18724.942089807824
test,5039,1.0,B0_SPC_observed,SLOWDOWN,False,1.3911928852386626,5.124273832797681,0.02,62,0.6612903225806451,1.0,1.0,1.0,0.0,182.1160752468404,1.0,1.0,0.06153846153846154,18724.942089807824,18724.942089807824
test,5039,1.0,B0_SPC_observed,SLOWDOWN,False,1.3911928852386626,5.124273832797681,0.05,62,0.6612903225806451,1.0,1.0,1.0,0.0,182.1160752468404,1.0,1.0,0.06153846153846154,18724.942089807824,18724.942089807824
test,5039,1.0,B0_SPC_observed,SLOWDOWN,False,1.3911928852386626,5.124273832797681,0.1,62,0.6774193548387096,1.0,1.0,1.0,0.0,182.1160752468404,1.0,1.0,0.09230769230769231,18724.942089807824,18724.942089807824
test,5039,1.0,B1_IsolationForest,SLOWDOWN,False,1.3911928852386626,0.7784702529546166,0.005,62,0.2903225806451613,1.0,0.0,0.0,7.0,,0.0,0.0,0.05384615384615385,18724.942089807824,
test,5039,1.0,B1_IsolationForest,SLOWDOWN,False,1.3911928852386626,0.7784702529546166,0.01,62,0.3225806451612903,1.0,0.0,0.0,7.0,,0.0,0.0,0.05384615384615385,18724.942089807824,
test,5039,1.0,B1_IsolationForest,SLOWDOWN,False,1.3911928852386626,0.7784702529546166,0.02,62,0.3709677419354839,1.0,0.0,0.0,7.0,,0.0,0.0,0.07692307692307693,18724.942089807824,
test,5039,1.0,B1_IsolationForest,SLOWDOWN,False,1.3911928852386626,0.7784702529546166,0.05,62,0.7741935483870968,1.0,0.0,0.0,7.0,,0.0,0.0,0.2076923076923077,18724.942089807824,
test,5039,1.0,B1_IsolationForest,SLOWDOWN,False,1.3911928852386626,0.7784702529546166,0.1,62,0.9032258064516129,1.0,0.0,0.0,7.0,,0.0,0.0,0.3,18724.942089807824,
test,5039,0.75,RippleTwin,SLOWDOWN,False,1.3911928852386626,31.30364205825687,0.005,62,0.7096774193548387,1.0,1.0,1.0,0.0,182.1160752468404,1.0,1.0,0.05384615384615385,18724.942089807824,18724.942089807824
test,5039,0.75,RippleTwin,SLOWDOWN,False,1.3911928852386626,31.30364205825687,0.01,62,0.7096774193548387,1.0,1.0,1.0,0.0,182.1160752468404,1.0,1.0,0.05384615384615385,18724.942089807824,18724.942089807824
test,5039,0.75,RippleTwin,SLOWDOWN,False,1.3911928852386626,31.30364205825687,0.02,62,0.7258064516129032,1.0,1.0,1.0,0.0,182.1160752468404,1.0,1.0,0.06153846153846154,18724.942089807824,18724.942089807824
test,5039,0.75,RippleTwin,SLOWDOWN,False,1.3911928852386626,31.30364205825687,0.05,62,0.7258064516129032,1.0,1.0,1.0,0.0,182.1160752468404,1.0,1.0,0.11538461538461539,18724.942089807824,18724.942089807824
test,5039,0.75,RippleTwin,SLOWDOWN,False,1.3911928852386626,31.30364205825687,0.1,62,0.8548387096774194,1.0,0.9811320754716981,0.9811320754716981,0.0,182.1160752468404,1.0,1.0,0.23846153846153847,18724.942089807824,18724.942089807824
test,5039,0.75,B2_observed_only_twin,SLOWDOWN,False,1.3911928852386626,31.30364205825687,0.005,62,0.7096774193548387,1.0,1.0,1.0,0.0,182.1160752468404,1.0,1.0,0.05384615384615385,18724.942089807824,18724.942089807824
test,5039,0.75,B2_observed_only_twin,SLOWDOWN,False,1.3911928852386626,31.30364205825687,0.01,62,0.7096774193548387,1.0,1.0,1.0,0.0,182.1160752468404,1.0,1.0,0.05384615384615385,18724.942089807824,18724.942089807824
test,5039,0.75,B2_observed_only_twin,SLOWDOWN,False,1.3911928852386626,31.30364205825687,0.02,62,0.7258064516129032,1.0,1.0,1.0,0.0,182.1160752468404,1.0,1.0,0.06153846153846154,18724.942089807824,18724.942089807824
test,5039,0.75,B2_observed_only_twin,SLOWDOWN,False,1.3911928852386626,31.30364205825687,0.05,62,0.7419354838709677,1.0,1.0,1.0,0.0,182.1160752468404,1.0,1.0,0.16153846153846155,18724.942089807824,18724.942089807824
test,5039,0.75,B2_observed_only_twin,SLOWDOWN,False,1.3911928852386626,31.30364205825687,0.1,62,0.8709677419354839,1.0,0.9629629629629629,0.9629629629629629,0.0,182.1160752468404,1.0,1.0,0.2846153846153846,18724.942089807824,18724.942089807824
test,5039,0.75,B0_SPC_observed,SLOWDOWN,False,1.3911928852386626,5.061702559429017,0.005,62,0.6612903225806451,1.0,1.0,1.0,0.0,182.1160752468404,1.0,1.0,0.06153846153846154,18724.942089807824,18724.942089807824
test,5039,0.75,B0_SPC_observed,SLOWDOWN,False,1.3911928852386626,5.061702559429017,0.01,62,0.6612903225806451,1.0,1.0,1.0,0.0,182.1160752468404,1.0,1.0,0.06153846153846154,18724.942089807824,18724.942089807824
test,5039,0.75,B0_SPC_observed,SLOWDOWN,False,1.3911928852386626,5.061702559429017,0.02,62,0.6612903225806451,1.0,1.0,1.0,0.0,182.1160752468404,1.0,1.0,0.06153846153846154,18724.942089807824,18724.942089807824
test,5039,0.75,B0_SPC_observed,SLOWDOWN,False,1.3911928852386626,5.061702559429017,0.05,62,0.6612903225806451,1.0,1.0,1.0,0.0,182.1160752468404,1.0,1.0,0.06153846153846154,18724.942089807824,18724.942089807824
test,5039,0.75,B0_SPC_observed,SLOWDOWN,False,1.3911928852386626,5.061702559429017,0.1,62,0.6774193548387096,1.0,1.0,1.0,0.0,182.1160752468404,1.0,1.0,0.09230769230769231,18724.942089807824,18724.942089807824
test,5039,0.75,B1_IsolationForest,SLOWDOWN,False,1.3911928852386626,0.7423023198141773,0.005,62,0.04838709677419355,1.0,0.0,1.0,1.0,112.21142804403334,0.0,1.0,0.015384615384615385,19617.95744431427,22919.220921976248
test,5039,0.75,B1_IsolationForest,SLOWDOWN,False,1.3911928852386626,0.7423023198141773,0.01,62,0.12903225806451613,1.0,0.0,0.375,3.0,112.21142804403334,0.0,1.0,0.015384615384615385,19617.95744431427,22919.220921976248
test,5039,0.75,B1_IsolationForest,SLOWDOWN,False,1.3911928852386626,0.7423023198141773,0.02,62,0.16129032258064516,1.0,0.0,0.3,3.0,112.21142804403334,0.0,1.0,0.015384615384615385,19617.95744431427,22919.220921976248
test,5039,0.75,B1_IsolationForest,SLOWDOWN,False,1.3911928852386626,0.7423023198141773,0.05,62,0.4032258064516129,1.0,0.0,0.12,4.0,112.21142804403334,0.0,0.0,0.06153846153846154,18724.942089807824,22919.220921976248
test,5039,0.75,B1_IsolationForest,SLOWDOWN,False,1.3911928852386626,0.7423023198141773,0.1,62,0.4838709677419355,1.0,0.0,0.1,4.0,112.21142804403334,0.0,0.0,0.1,18724.942089807824,22919.220921976248
test,5039,0.5,RippleTwin,SLOWDOWN,True,1.3911928852386626,39.99294167411538,0.005,62,0.7096774193548387,1.0,0.8863636363636364,1.0,0.0,182.1160752468404,1.0,1.0,0.05384615384615385,18724.942089807824,18724.942089807824
test,5039,0.5,RippleTwin,SLOWDOWN,True,1.3911928852386626,39.99294167411538,0.01,62,0.7096774193548387,1.0,0.8863636363636364,1.0,0.0,182.1160752468404,1.0,1.0,0.05384615384615385,18724.942089807824,18724.942089807824
test,5039,0.5,RippleTwin,SLOWDOWN,True,1.3911928852386626,39.99294167411538,0.02,62,0.7258064516129032,1.0,0.8666666666666667,1.0,0.0,182.1160752468404,1.0,1.0,0.1076923076923077,18724.942089807824,18724.942089807824
test,5039,0.5,RippleTwin,SLOWDOWN,True,1.3911928852386626,39.99294167411538,0.05,62,0.8225806451612904,1.0,0.8627450980392157,1.0,0.0,182.1160752468404,1.0,1.0,0.27692307692307694,18724.942089807824,18724.942089807824
test,5039,0.5,RippleTwin,SLOWDOWN,True,1.3911928852386626,39.99294167411538,0.1,62,1.0,1.0,0.8870967741935484,1.0,0.0,182.1160752468404,1.0,1.0,0.5153846153846153,18724.942089807824,18724.942089807824
test,5039,0.5,B2_observed_only_twin,SLOWDOWN,True,1.3911928852386626,39.987745614480566,0.005,62,0.7096774193548387,1.0,0.0,1.0,1.0,182.1160752468404,0.0,1.0,0.05384615384615385,18724.942089807824,18724.942089807824
test,5039,0.5,B2_observed_only_twin,SLOWDOWN,True,1.3911928852386626,39.987745614480566,0.01,62,0.7096774193548387,1.0,0.0,1.0,1.0,182.1160752468404,0.0,1.0,0.05384615384615385,18724.942089807824,18724.942089807824
test,5039,0.5,B2_observed_only_twin,SLOWDOWN,True,1.3911928852386626,39.987745614480566,0.02,62,0.7258064516129032,1.0,0.0,1.0,1.0,182.1160752468404,0.0,1.0,0.1076923076923077,18724.942089807824,18724.942089807824
test,5039,0.5,B2_observed_only_twin,SLOWDOWN,True,1.3911928852386626,39.987745614480566,0.05,62,0.8548387096774194,1.0,0.0,1.0,1.0,182.1160752468404,0.0,1.0,0.3230769230769231,18724.942089807824,18724.942089807824
test,5039,0.5,B2_observed_only_twin,SLOWDOWN,True,1.3911928852386626,39.987745614480566,0.1,62,1.0,1.0,0.0,1.0,1.0,182.1160752468404,0.0,1.0,0.5230769230769231,18724.942089807824,18724.942089807824
test,5039,0.5,B0_SPC_observed,SLOWDOWN,True,1.3911928852386626,5.012127239822025,0.005,62,0.04838709677419355,1.0,0.0,0.0,3.0,,0.0,0.0,0.0,28316.325283142596,
test,5039,0.5,B0_SPC_observed,SLOWDOWN,True,1.3911928852386626,5.012127239822025,0.01,62,0.04838709677419355,1.0,0.0,0.0,3.0,,0.0,0.0,0.0,28316.325283142596,
test,5039,0.5,B0_SPC_observed,SLOWDOWN,True,1.3911928852386626,5.012127239822025,0.02,62,0.04838709677419355,1.0,0.0,0.0,3.0,,0.0,0.0,0.0,28316.325283142596,
test,5039,0.5,B0_SPC_observed,SLOWDOWN,True,1.3911928852386626,5.012127239822025,0.05,62,0.04838709677419355,1.0,0.0,0.0,3.0,,0.0,0.0,0.015384615384615385,28316.325283142596,
test,5039,0.5,B0_SPC_observed,SLOWDOWN,True,1.3911928852386626,5.012127239822025,0.1,62,0.06451612903225806,1.0,0.0,0.0,3.0,,0.0,0.0,0.046153846153846156,19019.182470483138,
test,5039,0.5,B1_IsolationForest,SLOWDOWN,True,1.3911928852386626,0.7423023198141773,0.005,62,0.04838709677419355,1.0,0.0,1.0,1.0,112.21142804403334,0.0,1.0,0.0,19617.95744431427,22919.220921976248
test,5039,0.5,B1_IsolationForest,SLOWDOWN,True,1.3911928852386626,0.7423023198141773,0.01,62,0.11290322580645161,1.0,0.0,0.42857142857142855,3.0,112.21142804403334,0.0,1.0,0.0,19617.95744431427,22919.220921976248
test,5039,0.5,B1_IsolationForest,SLOWDOWN,True,1.3911928852386626,0.7423023198141773,0.02,62,0.11290322580645161,1.0,0.0,0.42857142857142855,3.0,112.21142804403334,0.0,1.0,0.0,19617.95744431427,22919.220921976248
test,5039,0.5,B1_IsolationForest,SLOWDOWN,True,1.3911928852386626,0.7423023198141773,0.05,62,0.27419354838709675,1.0,0.0,0.17647058823529413,6.0,157.2486883695001,0.0,0.0,0.0,19617.95744431427,20216.985302448244
test,5039,0.5,B1_IsolationForest,SLOWDOWN,True,1.3911928852386626,0.7423023198141773,0.1,62,0.4032258064516129,1.0,0.0,0.2,11.0,157.2486883695001,0.0,0.0,0.1076923076923077,18724.942089807824,20216.985302448244
test,5039,0.25,RippleTwin,SLOWDOWN,True,1.3911928852386626,23.87887940963418,0.005,62,0.6935483870967742,1.0,0.46511627906976744,1.0,1.0,182.1160752468404,1.0,1.0,0.05384615384615385,18724.942089807824,18724.942089807824
test,5039,0.25,RippleTwin,SLOWDOWN,True,1.3911928852386626,23.87887940963418,0.01,62,0.6935483870967742,1.0,0.46511627906976744,1.0,1.0,182.1160752468404,1.0,1.0,0.05384615384615385,18724.942089807824,18724.942089807824
test,5039,0.25,RippleTwin,SLOWDOWN,True,1.3911928852386626,23.87887940963418,0.02,62,0.8225806451612904,1.0,0.39215686274509803,0.9215686274509803,1.0,182.1160752468404,0.0,1.0,0.08461538461538462,18724.942089807824,18724.942089807824
test,5039,0.25,RippleTwin,SLOWDOWN,True,1.3911928852386626,23.87887940963418,0.05,62,0.8709677419354839,1.0,0.37037037037037035,0.8703703703703703,1.0,182.1160752468404,0.0,1.0,0.16923076923076924,18724.942089807824,18724.942089807824
test,5039,0.25,RippleTwin,SLOWDOWN,True,1.3911928852386626,23.87887940963418,0.1,62,0.9032258064516129,1.0,0.35714285714285715,0.8392857142857143,1.0,182.1160752468404,0.0,1.0,0.27692307692307694,18724.942089807824,18724.942089807824
test,5039,0.25,B2_observed_only_twin,SLOWDOWN,True,1.3911928852386626,23.87066583332845,0.005,62,0.7096774193548387,1.0,0.0,1.0,1.0,182.1160752468404,0.0,1.0,0.05384615384615385,18724.942089807824,18724.942089807824
test,5039,0.25,B2_observed_only_twin,SLOWDOWN,True,1.3911928852386626,23.87066583332845,0.01,62,0.7096774193548387,1.0,0.0,1.0,1.0,182.1160752468404,0.0,1.0,0.05384615384615385,18724.942089807824,18724.942089807824
test,5039,0.25,B2_observed_only_twin,SLOWDOWN,True,1.3911928852386626,23.87066583332845,0.02,62,0.8387096774193549,1.0,0.0,0.9230769230769231,1.0,182.1160752468404,0.0,1.0,0.07692307692307693,18724.942089807824,18724.942089807824
test,5039,0.25,B2_observed_only_twin,SLOWDOWN,True,1.3911928852386626,23.87066583332845,0.05,62,0.9032258064516129,1.0,0.0,0.8571428571428571,1.0,182.1160752468404,0.0,1.0,0.17692307692307693,18724.942089807824,18724.942089807824
test,5039,0.25,B2_observed_only_twin,SLOWDOWN,True,1.3911928852386626,23.87066583332845,0.1,62,0.9354838709677419,1.0,0.0,0.8275862068965517,1.0,182.1160752468404,0.0,1.0,0.3,18724.942089807824,18724.942089807824
test,5039,0.25,B0_SPC_observed,SLOWDOWN,True,1.3911928852386626,4.674774997918179,0.005,62,0.04838709677419355,1.0,0.0,0.0,3.0,,0.0,0.0,0.0,28316.325283142596,
test,5039,0.25,B0_SPC_observed,SLOWDOWN,True,1.3911928852386626,4.674774997918179,0.01,62,0.04838709677419355,1.0,0.0,0.0,3.0,,0.0,0.0,0.0,28316.325283142596,
test,5039,0.25,B0_SPC_observed,SLOWDOWN,True,1.3911928852386626,4.674774997918179,0.02,62,0.04838709677419355,1.0,0.0,0.0,3.0,,0.0,0.0,0.0,28316.325283142596,
test,5039,0.25,B0_SPC_observed,SLOWDOWN,True,1.3911928852386626,4.674774997918179,0.05,62,0.04838709677419355,1.0,0.0,0.0,3.0,,0.0,0.0,0.03076923076923077,19019.182470483138,
test,5039,0.25,B0_SPC_observed,SLOWDOWN,True,1.3911928852386626,4.674774997918179,0.1,62,0.12903225806451613,1.0,0.0,0.375,3.0,112.21142804403334,0.0,1.0,0.11538461538461539,19019.182470483138,22919.220921976248
test,5039,0.25,B1_IsolationForest,SLOWDOWN,True,1.3911928852386626,0.7158774793615637,0.005,62,0.43548387096774194,1.0,0.0,0.1111111111111111,4.0,112.21142804403334,0.0,0.0,0.03076923076923077,19322.02557207035,22919.220921976248
test,5039,0.25,B1_IsolationForest,SLOWDOWN,True,1.3911928852386626,0.7158774793615637,0.01,62,0.6774193548387096,1.0,0.0,0.07142857142857142,4.0,112.21142804403334,0.0,0.0,0.046153846153846156,18724.942089807824,22919.220921976248
test,5039,0.25,B1_IsolationForest,SLOWDOWN,True,1.3911928852386626,0.7158774793615637,0.02,62,0.7419354838709677,1.0,0.0,0.06521739130434782,4.0,112.21142804403334,0.0,0.0,0.06153846153846154,18724.942089807824,22919.220921976248
test,5039,0.25,B1_IsolationForest,SLOWDOWN,True,1.3911928852386626,0.7158774793615637,0.05,62,0.8064516129032258,1.0,0.0,0.06,4.0,112.21142804403334,0.0,0.0,0.09230769230769231,18724.942089807824,22919.220921976248
test,5039,0.25,B1_IsolationForest,SLOWDOWN,True,1.3911928852386626,0.7158774793615637,0.1,62,0.8225806451612904,1.0,0.0,0.058823529411764705,4.0,112.21142804403334,0.0,0.0,0.09230769230769231,18724.942089807824,22919.220921976248
test,5040,1.0,RippleTwin,QUALITY_DRIFT,False,13.765236214004174,42.5638498837417,0.005,72,0.027777777777777776,1.0,0.0,0.0,9.0,,0.0,0.0,0.0,26808.40363484474,
test,5040,1.0,RippleTwin,QUALITY_DRIFT,False,13.765236214004174,42.5638498837417,0.01,72,0.027777777777777776,1.0,0.0,0.0,9.0,,0.0,0.0,0.0,26808.40363484474,
test,5040,1.0,RippleTwin,QUALITY_DRIFT,False,13.765236214004174,42.5638498837417,0.02,72,0.041666666666666664,1.0,0.0,0.0,9.0,,0.0,0.0,0.008403361344537815,26808.40363484474,
test,5040,1.0,RippleTwin,QUALITY_DRIFT,False,13.765236214004174,42.5638498837417,0.05,72,0.05555555555555555,1.0,0.0,0.0,9.0,,0.0,0.0,0.01680672268907563,23820.213601690495,
test,5040,1.0,RippleTwin,QUALITY_DRIFT,False,13.765236214004174,42.5638498837417,0.1,72,0.18055555555555555,1.0,0.0,0.0,9.0,,0.0,0.0,0.058823529411764705,22017.426153084794,
test,5040,1.0,B2_observed_only_twin,QUALITY_DRIFT,False,13.765236214004174,42.5638498837417,0.005,72,0.027777777777777776,1.0,0.0,0.0,9.0,,0.0,0.0,0.0,26808.40363484474,
test,5040,1.0,B2_observed_only_twin,QUALITY_DRIFT,False,13.765236214004174,42.5638498837417,0.01,72,0.027777777777777776,1.0,0.0,0.0,9.0,,0.0,0.0,0.0,26808.40363484474,
test,5040,1.0,B2_observed_only_twin,QUALITY_DRIFT,False,13.765236214004174,42.5638498837417,0.02,72,0.041666666666666664,1.0,0.0,0.0,9.0,,0.0,0.0,0.008403361344537815,26808.40363484474,
test,5040,1.0,B2_observed_only_twin,QUALITY_DRIFT,False,13.765236214004174,42.5638498837417,0.05,72,0.05555555555555555,1.0,0.0,0.0,9.0,,0.0,0.0,0.01680672268907563,23820.213601690495,
test,5040,1.0,B2_observed_only_twin,QUALITY_DRIFT,False,13.765236214004174,42.5638498837417,0.1,72,0.18055555555555555,1.0,0.0,0.0,9.0,,0.0,0.0,0.058823529411764705,22017.426153084794,
test,5040,1.0,B0_SPC_observed,QUALITY_DRIFT,False,13.765236214004174,5.124273832797681,0.005,72,0.0,0.0,,,,,0.0,0.0,0.008403361344537815,,
test,5040,1.0,B0_SPC_observed,QUALITY_DRIFT,False,13.765236214004174,5.124273832797681,0.01,72,0.0,0.0,,,,,0.0,0.0,0.01680672268907563,,
test,5040,1.0,B0_SPC_observed,QUALITY_DRIFT,False,13.765236214004174,5.124273832797681,0.02,72,0.0,0.0,,,,,0.0,0.0,0.01680672268907563,,
test,5040,1.0,B0_SPC_observed,QUALITY_DRIFT,False,13.765236214004174,5.124273832797681,0.05,72,0.027777777777777776,1.0,0.0,0.0,16.5,,0.0,0.0,0.058823529411764705,30717.675555742215,
test,5040,1.0,B0_SPC_observed,QUALITY_DRIFT,False,13.765236214004174,5.124273832797681,0.1,72,0.027777777777777776,1.0,0.0,0.0,16.5,,0.0,0.0,0.058823529411764705,24138.37759476188,
test,5040,1.0,B1_IsolationForest,QUALITY_DRIFT,False,13.765236214004174,0.7784702529546166,0.005,72,0.0,0.0,,,,,0.0,0.0,0.0,,
test,5040,1.0,B1_IsolationForest,QUALITY_DRIFT,False,13.765236214004174,0.7784702529546166,0.01,72,0.0,0.0,,,,,0.0,0.0,0.0,,
test,5040,1.0,B1_IsolationForest,QUALITY_DRIFT,False,13.765236214004174,0.7784702529546166,0.02,72,0.0,0.0,,,,,0.0,0.0,0.0,,
test,5040,1.0,B1_IsolationForest,QUALITY_DRIFT,False,13.765236214004174,0.7784702529546166,0.05,72,0.0,0.0,,,,,0.0,0.0,0.0,,
test,5040,1.0,B1_IsolationForest,QUALITY_DRIFT,False,13.765236214004174,0.7784702529546166,0.1,72,0.0,0.0,,,,,0.0,0.0,0.01680672268907563,,
test,5040,0.75,RippleTwin,QUALITY_DRIFT,False,13.765236214004174,31.30364205825687,0.005,72,0.027777777777777776,1.0,0.0,0.0,10.0,,0.0,0.0,0.0,26808.40363484474,
test,5040,0.75,RippleTwin,QUALITY_DRIFT,False,13.765236214004174,31.30364205825687,0.01,72,0.027777777777777776,1.0,0.0,0.0,10.0,,0.0,0.0,0.0,26808.40363484474,
test,5040,0.75,RippleTwin,QUALITY_DRIFT,False,13.765236214004174,31.30364205825687,0.02,72,0.041666666666666664,1.0,0.0,0.0,10.0,,0.0,0.0,0.01680672268907563,26808.40363484474,
test,5040,0.75,RippleTwin,QUALITY_DRIFT,False,13.765236214004174,31.30364205825687,0.05,72,0.08333333333333333,1.0,0.0,0.0,16.0,,0.0,0.0,0.025210084033613446,26808.40363484474,
test,5040,0.75,RippleTwin,QUALITY_DRIFT,False,13.765236214004174,31.30364205825687,0.1,72,0.16666666666666666,1.0,0.0,0.0,10.0,,0.0,0.0,0.058823529411764705,22017.426153084794,
test,5040,0.75,B2_observed_only_twin,QUALITY_DRIFT,False,13.765236214004174,31.30364205825687,0.005,72,0.027777777777777776,1.0,0.0,0.0,9.0,,0.0,0.0,0.0,26808.40363484474,
test,5040,0.75,B2_observed_only_twin,QUALITY_DRIFT,False,13.765236214004174,31.30364205825687,0.01,72,0.027777777777777776,1.0,0.0,0.0,9.0,,0.0,0.0,0.0,26808.40363484474,
test,5040,0.75,B2_observed_only_twin,QUALITY_DRIFT,False,13.765236214004174,31.30364205825687,0.02,72,0.041666666666666664,1.0,0.0,0.0,9.0,,0.0,0.0,0.01680672268907563,26808.40363484474,
test,5040,0.75,B2_observed_only_twin,QUALITY_DRIFT,False,13.765236214004174,31.30364205825687,0.05,72,0.08333333333333333,1.0,0.0,0.0,15.5,,0.0,0.0,0.04201680672268908,26808.40363484474,
test,5040,0.75,B2_observed_only_twin,QUALITY_DRIFT,False,13.765236214004174,31.30364205825687,0.1,72,0.19444444444444445,1.0,0.0,0.0,9.0,,0.0,0.0,0.058823529411764705,22017.426153084794,
test,5040,0.75,B0_SPC_observed,QUALITY_DRIFT,False,13.765236214004174,5.061702559429017,0.005,72,0.0,0.0,,,,,0.0,0.0,0.01680672268907563,,
test,5040,0.75,B0_SPC_observed,QUALITY_DRIFT,False,13.765236214004174,5.061702559429017,0.01,72,0.0,0.0,,,,,0.0,0.0,0.01680672268907563,,
test,5040,0.75,B0_SPC_observed,QUALITY_DRIFT,False,13.765236214004174,5.061702559429017,0.02,72,0.0,0.0,,,,,0.0,0.0,0.025210084033613446,,
test,5040,0.75,B0_SPC_observed,QUALITY_DRIFT,False,13.765236214004174,5.061702559429017,0.05,72,0.027777777777777776,1.0,0.0,0.0,16.5,,0.0,0.0,0.058823529411764705,30717.675555742215,
test,5040,0.75,B0_SPC_observed,QUALITY_DRIFT,False,13.765236214004174,5.061702559429017,0.1,72,0.027777777777777776,1.0,0.0,0.0,16.5,,0.0,0.0,0.058823529411764705,24138.37759476188,
test,5040,0.75,B1_IsolationForest,QUALITY_DRIFT,False,13.765236214004174,0.7423023198141773,0.005,72,0.0,0.0,,,,,0.0,0.0,0.0,,
test,5040,0.75,B1_IsolationForest,QUALITY_DRIFT,False,13.765236214004174,0.7423023198141773,0.01,72,0.0,0.0,,,,,0.0,0.0,0.0,,
test,5040,0.75,B1_IsolationForest,QUALITY_DRIFT,False,13.765236214004174,0.7423023198141773,0.02,72,0.0,0.0,,,,,0.0,0.0,0.0,,
test,5040,0.75,B1_IsolationForest,QUALITY_DRIFT,False,13.765236214004174,0.7423023198141773,0.05,72,0.0,0.0,,,,,0.0,0.0,0.008403361344537815,,
test,5040,0.75,B1_IsolationForest,QUALITY_DRIFT,False,13.765236214004174,0.7423023198141773,0.1,72,0.0,0.0,,,,,0.0,0.0,0.08403361344537816,,
test,5040,0.5,RippleTwin,QUALITY_DRIFT,True,13.765236214004174,39.99294167411538,0.005,72,0.027777777777777776,1.0,0.0,0.0,10.0,,0.0,0.0,0.0,26808.40363484474,
test,5040,0.5,RippleTwin,QUALITY_DRIFT,True,13.765236214004174,39.99294167411538,0.01,72,0.027777777777777776,1.0,0.0,0.0,10.0,,0.0,0.0,0.0,26808.40363484474,
test,5040,0.5,RippleTwin,QUALITY_DRIFT,True,13.765236214004174,39.99294167411538,0.02,72,0.041666666666666664,1.0,0.0,0.0,10.0,,0.0,0.0,0.0,26808.40363484474,
test,5040,0.5,RippleTwin,QUALITY_DRIFT,True,13.765236214004174,39.99294167411538,0.05,72,0.041666666666666664,1.0,0.0,0.0,10.0,,0.0,0.0,0.01680672268907563,26808.40363484474,
test,5040,0.5,RippleTwin,QUALITY_DRIFT,True,13.765236214004174,39.99294167411538,0.1,72,0.125,1.0,0.0,0.0,10.0,,0.0,0.0,0.13445378151260504,23520.68553813387,
test,5040,0.5,B2_observed_only_twin,QUALITY_DRIFT,True,13.765236214004174,39.987745614480566,0.005,72,0.027777777777777776,1.0,0.0,0.0,9.0,,0.0,0.0,0.0,26808.40363484474,
test,5040,0.5,B2_observed_only_twin,QUALITY_DRIFT,True,13.765236214004174,39.987745614480566,0.01,72,0.027777777777777776,1.0,0.0,0.0,9.0,,0.0,0.0,0.0,26808.40363484474,
test,5040,0.5,B2_observed_only_twin,QUALITY_DRIFT,True,13.765236214004174,39.987745614480566,0.02,72,0.041666666666666664,1.0,0.0,0.0,9.0,,0.0,0.0,0.0,26808.40363484474,
test,5040,0.5,B2_observed_only_twin,QUALITY_DRIFT,True,13.765236214004174,39.987745614480566,0.05,72,0.05555555555555555,1.0,0.0,0.0,9.0,,0.0,0.0,0.01680672268907563,23820.213601690495,
test,5040,0.5,B2_observed_only_twin,QUALITY_DRIFT,True,13.765236214004174,39.987745614480566,0.1,72,0.16666666666666666,1.0,0.0,0.0,9.0,,0.0,0.0,0.15126050420168066,23520.68553813387,
test,5040,0.5,B0_SPC_observed,QUALITY_DRIFT,True,13.765236214004174,5.012127239822025,0.005,72,0.0,0.0,,,,,0.0,0.0,0.01680672268907563,,
test,5040,0.5,B0_SPC_observed,QUALITY_DRIFT,True,13.765236214004174,5.012127239822025,0.01,72,0.0,0.0,,,,,0.0,0.0,0.01680672268907563,,
test,5040,0.5,B0_SPC_observed,QUALITY_DRIFT,True,13.765236214004174,5.012127239822025,0.02,72,0.013888888888888888,1.0,0.0,0.0,11.0,,0.0,0.0,0.04201680672268908,39411.84039032305,
test,5040,0.5,B0_SPC_observed,QUALITY_DRIFT,True,13.765236214004174,5.012127239822025,0.05,72,0.027777777777777776,1.0,0.0,0.0,16.5,,0.0,0.0,0.058823529411764705,30717.675555742215,
test,5040,0.5,B0_SPC_observed,QUALITY_DRIFT,True,13.765236214004174,5.012127239822025,0.1,72,0.06944444444444445,1.0,0.0,0.0,22.0,,0.0,0.0,0.06722689075630252,24138.37759476188,
test,5040,0.5,B1_IsolationForest,QUALITY_DRIFT,True,13.765236214004174,0.7423023198141773,0.005,72,0.0,0.0,,,,,0.0,0.0,0.0,,
test,5040,0.5,B1_IsolationForest,QUALITY_DRIFT,True,13.765236214004174,0.7423023198141773,0.01,72,0.0,0.0,,,,,0.0,0.0,0.0,,
test,5040,0.5,B1_IsolationForest,QUALITY_DRIFT,True,13.765236214004174,0.7423023198141773,0.02,72,0.0,0.0,,,,,0.0,0.0,0.0,,
test,5040,0.5,B1_IsolationForest,QUALITY_DRIFT,True,13.765236214004174,0.7423023198141773,0.05,72,0.0,0.0,,,,,0.0,0.0,0.01680672268907563,,
test,5040,0.5,B1_IsolationForest,QUALITY_DRIFT,True,13.765236214004174,0.7423023198141773,0.1,72,0.0,0.0,,,,,0.0,0.0,0.08403361344537816,,
test,5040,0.25,RippleTwin,QUALITY_DRIFT,True,13.765236214004174,23.87887940963418,0.005,72,0.027777777777777776,1.0,0.0,0.0,10.0,,0.0,0.0,0.0,26808.40363484474,
test,5040,0.25,RippleTwin,QUALITY_DRIFT,True,13.765236214004174,23.87887940963418,0.01,72,0.027777777777777776,1.0,0.0,0.0,10.0,,0.0,0.0,0.0,26808.40363484474,
test,5040,0.25,RippleTwin,QUALITY_DRIFT,True,13.765236214004174,23.87887940963418,0.02,72,0.06944444444444445,1.0,0.0,0.0,10.0,,0.0,0.0,0.058823529411764705,22017.426153084794,
test,5040,0.25,RippleTwin,QUALITY_DRIFT,True,13.765236214004174,23.87887940963418,0.05,72,0.125,1.0,0.0,0.0,10.0,,0.0,0.0,0.12605042016806722,22017.426153084794,
test,5040,0.25,RippleTwin,QUALITY_DRIFT,True,13.765236214004174,23.87887940963418,0.1,72,0.1388888888888889,1.0,0.0,0.0,10.0,,0.0,0.0,0.19327731092436976,22017.426153084794,
test,5040,0.25,B2_observed_only_twin,QUALITY_DRIFT,True,13.765236214004174,23.87066583332845,0.005,72,0.027777777777777776,1.0,0.0,0.0,9.0,,0.0,0.0,0.0,26808.40363484474,
test,5040,0.25,B2_observed_only_twin,QUALITY_DRIFT,True,13.765236214004174,23.87066583332845,0.01,72,0.027777777777777776,1.0,0.0,0.0,9.0,,0.0,0.0,0.0,26808.40363484474,
test,5040,0.25,B2_observed_only_twin,QUALITY_DRIFT,True,13.765236214004174,23.87066583332845,0.02,72,0.05555555555555555,1.0,0.0,0.0,9.0,,0.0,0.0,0.04201680672268908,22017.426153084794,
test,5040,0.25,B2_observed_only_twin,QUALITY_DRIFT,True,13.765236214004174,23.87066583332845,0.05,72,0.125,1.0,0.0,0.0,9.0,,0.0,0.0,0.14285714285714285,22017.426153084794,
test,5040,0.25,B2_observed_only_twin,QUALITY_DRIFT,True,13.765236214004174,23.87066583332845,0.1,72,0.16666666666666666,1.0,0.0,0.0,9.0,,0.0,0.0,0.226890756302521,22017.426153084794,
test,5040,0.25,B0_SPC_observed,QUALITY_DRIFT,True,13.765236214004174,4.674774997918179,0.005,72,0.0,0.0,,,,,0.0,0.0,0.0,,
test,5040,0.25,B0_SPC_observed,QUALITY_DRIFT,True,13.765236214004174,4.674774997918179,0.01,72,0.013888888888888888,1.0,0.0,0.0,11.0,,0.0,0.0,0.008403361344537815,39411.84039032305,
test,5040,0.25,B0_SPC_observed,QUALITY_DRIFT,True,13.765236214004174,4.674774997918179,0.02,72,0.013888888888888888,1.0,0.0,0.0,11.0,,0.0,0.0,0.008403361344537815,39411.84039032305,
test,5040,0.25,B0_SPC_observed,QUALITY_DRIFT,True,13.765236214004174,4.674774997918179,0.05,72,0.027777777777777776,1.0,0.0,0.0,14.0,,0.0,0.0,0.03361344537815126,24138.37759476188,
test,5040,0.25,B0_SPC_observed,QUALITY_DRIFT,True,13.765236214004174,4.674774997918179,0.1,72,0.041666666666666664,1.0,0.0,0.0,17.0,,0.0,0.0,0.04201680672268908,24138.37759476188,
test,5040,0.25,B1_IsolationForest,QUALITY_DRIFT,True,13.765236214004174,0.7158774793615637,0.005,72,0.0,0.0,,,,,0.0,0.0,0.0,,
test,5040,0.25,B1_IsolationForest,QUALITY_DRIFT,True,13.765236214004174,0.7158774793615637,0.01,72,0.0,0.0,,,,,0.0,0.0,0.0,,
test,5040,0.25,B1_IsolationForest,QUALITY_DRIFT,True,13.765236214004174,0.7158774793615637,0.02,72,0.0,0.0,,,,,0.0,0.0,0.0,,
test,5040,0.25,B1_IsolationForest,QUALITY_DRIFT,True,13.765236214004174,0.7158774793615637,0.05,72,0.027777777777777776,1.0,0.0,0.0,9.0,,0.0,0.0,0.008403361344537815,26808.40363484474,
test,5040,0.25,B1_IsolationForest,QUALITY_DRIFT,True,13.765236214004174,0.7158774793615637,0.1,72,0.027777777777777776,1.0,0.0,0.0,9.0,,0.0,0.0,0.01680672268907563,26808.40363484474,
test,5041,1.0,RippleTwin,SLOWDOWN,False,1.4106346101364826,42.5638498837417,0.005,44,0.8863636363636364,1.0,1.0,1.0,0.0,,1.0,1.0,0.0,31918.96617421603,
test,5041,1.0,RippleTwin,SLOWDOWN,False,1.4106346101364826,42.5638498837417,0.01,44,0.8863636363636364,1.0,1.0,1.0,0.0,,1.0,1.0,0.0,31918.96617421603,
test,5041,1.0,RippleTwin,SLOWDOWN,False,1.4106346101364826,42.5638498837417,0.02,44,0.9090909090909091,1.0,1.0,1.0,0.0,,1.0,1.0,0.0,31318.692987046943,
test,5041,1.0,RippleTwin,SLOWDOWN,False,1.4106346101364826,42.5638498837417,0.05,44,0.9318181818181818,1.0,1.0,1.0,0.0,,1.0,1.0,0.006944444444444444,30722.854803662016,
test,5041,1.0,RippleTwin,SLOWDOWN,False,1.4106346101364826,42.5638498837417,0.1,44,0.9318181818181818,1.0,1.0,1.0,0.0,,1.0,1.0,0.0625,30416.09773529241,
test,5041,1.0,B2_observed_only_twin,SLOWDOWN,False,1.4106346101364826,42.5638498837417,0.005,44,0.8863636363636364,1.0,1.0,1.0,0.0,,1.0,1.0,0.0,31918.96617421603,
test,5041,1.0,B2_observed_only_twin,SLOWDOWN,False,1.4106346101364826,42.5638498837417,0.01,44,0.8863636363636364,1.0,1.0,1.0,0.0,,1.0,1.0,0.0,31918.96617421603,
test,5041,1.0,B2_observed_only_twin,SLOWDOWN,False,1.4106346101364826,42.5638498837417,0.02,44,0.9090909090909091,1.0,1.0,1.0,0.0,,1.0,1.0,0.0,31318.692987046943,
test,5041,1.0,B2_observed_only_twin,SLOWDOWN,False,1.4106346101364826,42.5638498837417,0.05,44,0.9318181818181818,1.0,1.0,1.0,0.0,,1.0,1.0,0.006944444444444444,30722.854803662016,
test,5041,1.0,B2_observed_only_twin,SLOWDOWN,False,1.4106346101364826,42.5638498837417,0.1,44,0.9318181818181818,1.0,1.0,1.0,0.0,,1.0,1.0,0.0625,30416.09773529241,
test,5041,1.0,B0_SPC_observed,SLOWDOWN,False,1.4106346101364826,5.124273832797681,0.005,44,0.8636363636363636,1.0,1.0,1.0,0.0,,1.0,1.0,0.0,31016.560444198585,
test,5041,1.0,B0_SPC_observed,SLOWDOWN,False,1.4106346101364826,5.124273832797681,0.01,44,0.8636363636363636,1.0,1.0,1.0,0.0,,1.0,1.0,0.0,30722.854803662016,
test,5041,1.0,B0_SPC_observed,SLOWDOWN,False,1.4106346101364826,5.124273832797681,0.02,44,0.8636363636363636,1.0,1.0,1.0,0.0,,1.0,1.0,0.0,30416.09773529241,
test,5041,1.0,B0_SPC_observed,SLOWDOWN,False,1.4106346101364826,5.124273832797681,0.05,44,0.8636363636363636,1.0,1.0,1.0,0.0,,1.0,1.0,0.013888888888888888,30416.09773529241,
test,5041,1.0,B0_SPC_observed,SLOWDOWN,False,1.4106346101364826,5.124273832797681,0.1,44,0.8863636363636364,1.0,0.9743589743589743,0.9743589743589743,0.0,,1.0,1.0,0.034722222222222224,30416.09773529241,
test,5041,1.0,B1_IsolationForest,SLOWDOWN,False,1.4106346101364826,0.7784702529546166,0.005,44,0.0,0.0,,,,,0.0,0.0,0.0,,
test,5041,1.0,B1_IsolationForest,SLOWDOWN,False,1.4106346101364826,0.7784702529546166,0.01,44,0.0,0.0,,,,,0.0,0.0,0.0,,
test,5041,1.0,B1_IsolationForest,SLOWDOWN,False,1.4106346101364826,0.7784702529546166,0.02,44,0.022727272727272728,1.0,0.0,0.0,5.0,,0.0,0.0,0.0,47177.286625214336,
test,5041,1.0,B1_IsolationForest,SLOWDOWN,False,1.4106346101364826,0.7784702529546166,0.05,44,0.29545454545454547,1.0,0.0,0.0,5.0,,0.0,0.0,0.034722222222222224,33719.21334663537,
test,5041,1.0,B1_IsolationForest,SLOWDOWN,False,1.4106346101364826,0.7784702529546166,0.1,44,0.7727272727272727,1.0,0.0,0.058823529411764705,5.0,,0.0,0.0,0.09027777777777778,31613.539539503145,
test,5041,0.75,RippleTwin,SLOWDOWN,True,1.4106346101364826,31.30364205825687,0.005,44,0.8863636363636364,1.0,1.0,1.0,0.0,,1.0,1.0,0.0,31918.96617421603,
test,5041,0.75,RippleTwin,SLOWDOWN,True,1.4106346101364826,31.30364205825687,0.01,44,0.8863636363636364,1.0,1.0,1.0,0.0,,1.0,1.0,0.0,31918.96617421603,
test,5041,0.75,RippleTwin,SLOWDOWN,True,1.4106346101364826,31.30364205825687,0.02,44,0.9090909090909091,1.0,1.0,1.0,0.0,,1.0,1.0,0.0,31918.96617421603,
test,5041,0.75,RippleTwin,SLOWDOWN,True,1.4106346101364826,31.30364205825687,0.05,44,0.9090909090909091,1.0,1.0,1.0,0.0,,1.0,1.0,0.006944444444444444,31016.560444198585,
test,5041,0.75,RippleTwin,SLOWDOWN,True,1.4106346101364826,31.30364205825687,0.1,44,0.9318181818181818,1.0,0.975609756097561,0.975609756097561,0.0,,1.0,1.0,0.09027777777777778,30722.854803662016,
test,5041,0.75,B2_observed_only_twin,SLOWDOWN,True,1.4106346101364826,31.30364205825687,0.005,44,0.8863636363636364,1.0,0.0,1.0,1.0,,0.0,1.0,0.0,31918.96617421603,
test,5041,0.75,B2_observed_only_twin,SLOWDOWN,True,1.4106346101364826,31.30364205825687,0.01,44,0.8863636363636364,1.0,0.0,1.0,1.0,,0.0,1.0,0.0,31918.96617421603,
test,5041,0.75,B2_observed_only_twin,SLOWDOWN,True,1.4106346101364826,31.30364205825687,0.02,44,0.8863636363636364,1.0,0.0,1.0,1.0,,0.0,1.0,0.0,31318.692987046943,
test,5041,0.75,B2_observed_only_twin,SLOWDOWN,True,1.4106346101364826,31.30364205825687,0.05,44,0.8863636363636364,1.0,0.0,1.0,1.0,,0.0,1.0,0.013888888888888888,31016.560444198585,
test,5041,0.75,B2_observed_only_twin,SLOWDOWN,True,1.4106346101364826,31.30364205825687,0.1,44,0.9090909090909091,1.0,0.0,0.975,1.0,,0.0,1.0,0.11805555555555555,30722.854803662016,
test,5041,0.75,B0_SPC_observed,SLOWDOWN,True,1.4106346101364826,5.061702559429017,0.005,44,0.0,0.0,,,,,0.0,0.0,0.0,,
test,5041,0.75,B0_SPC_observed,SLOWDOWN,True,1.4106346101364826,5.061702559429017,0.01,44,0.0,0.0,,,,,0.0,0.0,0.0,,
test,5041,0.75,B0_SPC_observed,SLOWDOWN,True,1.4106346101364826,5.061702559429017,0.02,44,0.0,0.0,,,,,0.0,0.0,0.0,,
test,5041,0.75,B0_SPC_observed,SLOWDOWN,True,1.4106346101364826,5.061702559429017,0.05,44,0.0,0.0,,,,,0.0,0.0,0.013888888888888888,,
test,5041,0.75,B0_SPC_observed,SLOWDOWN,True,1.4106346101364826,5.061702559429017,0.1,44,0.045454545454545456,1.0,0.0,0.0,13.5,,0.0,0.0,0.034722222222222224,34920.52774689034,
test,5041,0.75,B1_IsolationForest,SLOWDOWN,True,1.4106346101364826,0.7423023198141773,0.005,44,0.29545454545454547,1.0,0.0,0.0,5.0,,0.0,0.0,0.034722222222222224,33719.21334663537,
test,5041,0.75,B1_IsolationForest,SLOWDOWN,True,1.4106346101364826,0.7423023198141773,0.01,44,0.29545454545454547,1.0,0.0,0.0,5.0,,0.0,0.0,0.034722222222222224,33719.21334663537,
test,5041,0.75,B1_IsolationForest,SLOWDOWN,True,1.4106346101364826,0.7423023198141773,0.02,44,0.38636363636363635,1.0,0.0,0.058823529411764705,5.0,,0.0,0.0,0.041666666666666664,33719.21334663537,
test,5041,0.75,B1_IsolationForest,SLOWDOWN,True,1.4106346101364826,0.7423023198141773,0.05,44,0.7727272727272727,1.0,0.0,0.058823529411764705,5.0,,0.0,0.0,0.0763888888888889,31613.539539503145,
test,5041,0.75,B1_IsolationForest,SLOWDOWN,True,1.4106346101364826,0.7423023198141773,0.1,44,0.8863636363636364,1.0,0.0,0.05128205128205128,5.0,,0.0,0.0,0.1111111111111111,31318.692987046943,
test,5041,0.5,RippleTwin,SLOWDOWN,True,1.4106346101364826,39.99294167411538,0.005,44,0.8636363636363636,1.0,1.0,1.0,0.0,,1.0,1.0,0.0,32215.875579797404,
test,5041,0.5,RippleTwin,SLOWDOWN,True,1.4106346101364826,39.99294167411538,0.01,44,0.8863636363636364,1.0,1.0,1.0,0.0,,1.0,1.0,0.0,31918.96617421603,
test,5041,0.5,RippleTwin,SLOWDOWN,True,1.4106346101364826,39.99294167411538,0.02,44,0.8863636363636364,1.0,1.0,1.0,0.0,,1.0,1.0,0.0,31918.96617421603,
test,5041,0.5,RippleTwin,SLOWDOWN,True,1.4106346101364826,39.99294167411538,0.05,44,0.9090909090909091,1.0,1.0,1.0,0.0,,1.0,1.0,0.0,31613.539539503145,
test,5041,0.5,RippleTwin,SLOWDOWN,True,1.4106346101364826,39.99294167411538,0.1,44,0.9090909090909091,1.0,1.0,1.0,0.0,,1.0,1.0,0.006944444444444444,31613.539539503145,
test,5041,0.5,B2_observed_only_twin,SLOWDOWN,True,1.4106346101364826,39.987745614480566,0.005,44,0.8636363636363636,1.0,0.0,1.0,1.0,,0.0,1.0,0.0,32215.875579797404,
test,5041,0.5,B2_observed_only_twin,SLOWDOWN,True,1.4106346101364826,39.987745614480566,0.01,44,0.8863636363636364,1.0,0.0,1.0,1.0,,0.0,1.0,0.0,31918.96617421603,
test,5041,0.5,B2_observed_only_twin,SLOWDOWN,True,1.4106346101364826,39.987745614480566,0.02,44,0.8863636363636364,1.0,0.0,1.0,1.0,,0.0,1.0,0.0,31918.96617421603,
test,5041,0.5,B2_observed_only_twin,SLOWDOWN,True,1.4106346101364826,39.987745614480566,0.05,44,0.9090909090909091,1.0,0.0,1.0,1.0,,0.0,1.0,0.0,31918.96617421603,
test,5041,0.5,B2_observed_only_twin,SLOWDOWN,True,1.4106346101364826,39.987745614480566,0.1,44,0.9090909090909091,1.0,0.0,1.0,1.0,,0.0,1.0,0.020833333333333332,31016.560444198585,
test,5041,0.5,B0_SPC_observed,SLOWDOWN,True,1.4106346101364826,5.012127239822025,0.005,44,0.0,0.0,,,,,0.0,0.0,0.0,,
test,5041,0.5,B0_SPC_observed,SLOWDOWN,True,1.4106346101364826,5.012127239822025,0.01,44,0.0,0.0,,,,,0.0,0.0,0.0,,
test,5041,0.5,B0_SPC_observed,SLOWDOWN,True,1.4106346101364826,5.012127239822025,0.02,44,0.0,0.0,,,,,0.0,0.0,0.0,,
test,5041,0.5,B0_SPC_observed,SLOWDOWN,True,1.4106346101364826,5.012127239822025,0.05,44,0.0,0.0,,,,,0.0,0.0,0.027777777777777776,,
test,5041,0.5,B0_SPC_observed,SLOWDOWN,True,1.4106346101364826,5.012127239822025,0.1,44,0.045454545454545456,1.0,0.0,0.0,13.5,,0.0,0.0,0.034722222222222224,34920.52774689034,
test,5041,0.5,B1_IsolationForest,SLOWDOWN,True,1.4106346101364826,0.7423023198141773,0.005,44,0.022727272727272728,1.0,0.0,0.0,4.0,,0.0,0.0,0.034722222222222224,38640.12420123584,
test,5041,0.5,B1_IsolationForest,SLOWDOWN,True,1.4106346101364826,0.7423023198141773,0.01,44,0.022727272727272728,1.0,0.0,0.0,4.0,,0.0,0.0,0.034722222222222224,38640.12420123584,
test,5041,0.5,B1_IsolationForest,SLOWDOWN,True,1.4106346101364826,0.7423023198141773,0.02,44,0.045454545454545456,1.0,0.0,0.5,2.5,,0.0,1.0,0.04861111111111111,38640.12420123584,
test,5041,0.5,B1_IsolationForest,SLOWDOWN,True,1.4106346101364826,0.7423023198141773,0.05,44,0.36363636363636365,1.0,0.0,0.125,4.0,,0.0,0.0,0.0625,31613.539539503145,
test,5041,0.5,B1_IsolationForest,SLOWDOWN,True,1.4106346101364826,0.7423023198141773,0.1,44,0.75,1.0,0.0,0.06060606060606061,4.0,,0.0,0.0,0.14583333333333334,31318.692987046943,
test,5041,0.25,RippleTwin,SLOWDOWN,True,1.4106346101364826,23.87887940963418,0.005,44,0.9090909090909091,1.0,0.0,0.15,2.0,,0.0,0.0,0.0,31918.96617421603,
test,5041,0.25,RippleTwin,SLOWDOWN,True,1.4106346101364826,23.87887940963418,0.01,44,0.9090909090909091,1.0,0.0,0.15,2.0,,0.0,0.0,0.0,31918.96617421603,
test,5041,0.25,RippleTwin,SLOWDOWN,True,1.4106346101364826,23.87887940963418,0.02,44,0.9318181818181818,1.0,0.0,0.14634146341463414,2.0,,0.0,0.0,0.006944444444444444,30722.854803662016,
test,5041,0.25,RippleTwin,SLOWDOWN,True,1.4106346101364826,23.87887940963418,0.05,44,0.9318181818181818,1.0,0.0,0.14634146341463414,2.0,,0.0,0.0,0.05555555555555555,30722.854803662016,
test,5041,0.25,RippleTwin,SLOWDOWN,True,1.4106346101364826,23.87887940963418,0.1,44,0.9318181818181818,1.0,0.0,0.14634146341463414,2.0,,0.0,0.0,0.13194444444444445,30722.854803662016,
test,5041,0.25,B2_observed_only_twin,SLOWDOWN,True,1.4106346101364826,23.87066583332845,0.005,44,0.9090909090909091,1.0,0.0,0.0,3.0,,0.0,0.0,0.0,31918.96617421603,
test,5041,0.25,B2_observed_only_twin,SLOWDOWN,True,1.4106346101364826,23.87066583332845,0.01,44,0.9090909090909091,1.0,0.0,0.0,3.0,,0.0,0.0,0.0,31918.96617421603,
test,5041,0.25,B2_observed_only_twin,SLOWDOWN,True,1.4106346101364826,23.87066583332845,0.02,44,0.9318181818181818,1.0,0.0,0.0,3.0,,0.0,0.0,0.006944444444444444,30722.854803662016,
test,5041,0.25,B2_observed_only_twin,SLOWDOWN,True,1.4106346101364826,23.87066583332845,0.05,44,0.9318181818181818,1.0,0.0,0.0,3.0,,0.0,0.0,0.0763888888888889,30722.854803662016,
test,5041,0.25,B2_observed_only_twin,SLOWDOWN,True,1.4106346101364826,23.87066583332845,0.1,44,0.9318181818181818,1.0,0.0,0.0,3.0,,0.0,0.0,0.19444444444444445,30416.09773529241,
test,5041,0.25,B0_SPC_observed,SLOWDOWN,True,1.4106346101364826,4.674774997918179,0.005,44,0.0,0.0,,,,,0.0,0.0,0.0,,
test,5041,0.25,B0_SPC_observed,SLOWDOWN,True,1.4106346101364826,4.674774997918179,0.01,44,0.0,0.0,,,,,0.0,0.0,0.0,,
test,5041,0.25,B0_SPC_observed,SLOWDOWN,True,1.4106346101364826,4.674774997918179,0.02,44,0.0,0.0,,,,,0.0,0.0,0.020833333333333332,,
test,5041,0.25,B0_SPC_observed,SLOWDOWN,True,1.4106346101364826,4.674774997918179,0.05,44,0.022727272727272728,1.0,0.0,0.0,14.0,,0.0,0.0,0.034722222222222224,34920.52774689034,
test,5041,0.25,B0_SPC_observed,SLOWDOWN,True,1.4106346101364826,4.674774997918179,0.1,44,0.045454545454545456,1.0,0.0,0.0,14.0,,0.0,0.0,0.0763888888888889,34920.52774689034,
test,5041,0.25,B1_IsolationForest,SLOWDOWN,True,1.4106346101364826,0.7158774793615637,0.005,44,0.18181818181818182,1.0,0.0,0.25,4.0,,0.0,0.0,0.0,31613.539539503145,
test,5041,0.25,B1_IsolationForest,SLOWDOWN,True,1.4106346101364826,0.7158774793615637,0.01,44,0.36363636363636365,1.0,0.0,0.125,4.0,,0.0,0.0,0.006944444444444444,31613.539539503145,
test,5041,0.25,B1_IsolationForest,SLOWDOWN,True,1.4106346101364826,0.7158774793615637,0.02,44,0.45454545454545453,1.0,0.0,0.1,4.0,,0.0,0.0,0.006944444444444444,31318.692987046943,
test,5041,0.25,B1_IsolationForest,SLOWDOWN,True,1.4106346101364826,0.7158774793615637,0.05,44,0.75,1.0,0.0,0.06060606060606061,4.0,,0.0,0.0,0.06944444444444445,30722.854803662016,
test,5041,0.25,B1_IsolationForest,SLOWDOWN,True,1.4106346101364826,0.7158774793615637,0.1,44,0.75,1.0,0.0,0.06060606060606061,4.0,,0.0,0.0,0.08333333333333333,30722.854803662016,
test,5042,1.0,RippleTwin,COMBINED,False,1.2612598316952393,42.5638498837417,0.005,59,0.6949152542372882,1.0,1.0,1.0,0.0,,1.0,1.0,0.0,27711.81681187405,
test,5042,1.0,RippleTwin,COMBINED,False,1.2612598316952393,42.5638498837417,0.01,59,0.711864406779661,1.0,1.0,1.0,0.0,,1.0,1.0,0.0,27124.1929942759,
test,5042,1.0,RippleTwin,COMBINED,False,1.2612598316952393,42.5638498837417,0.02,59,0.711864406779661,1.0,1.0,1.0,0.0,,1.0,1.0,0.030303030303030304,26817.253436727708,
test,5042,1.0,RippleTwin,COMBINED,False,1.2612598316952393,42.5638498837417,0.05,59,0.7288135593220338,1.0,1.0,1.0,0.0,,1.0,1.0,0.045454545454545456,26817.253436727708,
test,5042,1.0,RippleTwin,COMBINED,False,1.2612598316952393,42.5638498837417,0.1,59,0.7627118644067796,1.0,0.9555555555555556,0.9555555555555556,0.0,,1.0,1.0,0.06060606060606061,26817.253436727708,
test,5042,1.0,B2_observed_only_twin,COMBINED,False,1.2612598316952393,42.5638498837417,0.005,59,0.6949152542372882,1.0,1.0,1.0,0.0,,1.0,1.0,0.0,27711.81681187405,
test,5042,1.0,B2_observed_only_twin,COMBINED,False,1.2612598316952393,42.5638498837417,0.01,59,0.711864406779661,1.0,1.0,1.0,0.0,,1.0,1.0,0.0,27124.1929942759,
test,5042,1.0,B2_observed_only_twin,COMBINED,False,1.2612598316952393,42.5638498837417,0.02,59,0.711864406779661,1.0,1.0,1.0,0.0,,1.0,1.0,0.030303030303030304,26817.253436727708,
test,5042,1.0,B2_observed_only_twin,COMBINED,False,1.2612598316952393,42.5638498837417,0.05,59,0.7288135593220338,1.0,1.0,1.0,0.0,,1.0,1.0,0.045454545454545456,26817.253436727708,
test,5042,1.0,B2_observed_only_twin,COMBINED,False,1.2612598316952393,42.5638498837417,0.1,59,0.7627118644067796,1.0,0.9555555555555556,0.9555555555555556,0.0,,1.0,1.0,0.06060606060606061,26817.253436727708,
test,5042,1.0,B0_SPC_observed,COMBINED,False,1.2612598316952393,5.124273832797681,0.005,59,0.6949152542372882,1.0,1.0,1.0,0.0,,1.0,1.0,0.030303030303030304,26817.253436727708,
test,5042,1.0,B0_SPC_observed,COMBINED,False,1.2612598316952393,5.124273832797681,0.01,59,0.711864406779661,1.0,1.0,1.0,0.0,,1.0,1.0,0.030303030303030304,26817.253436727708,
test,5042,1.0,B0_SPC_observed,COMBINED,False,1.2612598316952393,5.124273832797681,0.02,59,0.711864406779661,1.0,1.0,1.0,0.0,,1.0,1.0,0.030303030303030304,26817.253436727708,
test,5042,1.0,B0_SPC_observed,COMBINED,False,1.2612598316952393,5.124273832797681,0.05,59,0.711864406779661,1.0,1.0,1.0,0.0,,1.0,1.0,0.03787878787878788,26817.253436727708,
test,5042,1.0,B0_SPC_observed,COMBINED,False,1.2612598316952393,5.124273832797681,0.1,59,0.711864406779661,1.0,1.0,1.0,0.0,,1.0,1.0,0.045454545454545456,26817.253436727708,
test,5042,1.0,B1_IsolationForest,COMBINED,False,1.2612598316952393,0.7784702529546166,0.005,59,0.01694915254237288,1.0,0.0,0.0,2.0,,0.0,0.0,0.0,39723.39002120852,
test,5042,1.0,B1_IsolationForest,COMBINED,False,1.2612598316952393,0.7784702529546166,0.01,59,0.01694915254237288,1.0,0.0,0.0,2.0,,0.0,0.0,0.0,39723.39002120852,
test,5042,1.0,B1_IsolationForest,COMBINED,False,1.2612598316952393,0.7784702529546166,0.02,59,0.01694915254237288,1.0,0.0,0.0,2.0,,0.0,0.0,0.0,39723.39002120852,
test,5042,1.0,B1_IsolationForest,COMBINED,False,1.2612598316952393,0.7784702529546166,0.05,59,0.5423728813559322,1.0,0.0,0.0,2.0,,0.0,0.0,0.007575757575757576,32521.890157781785,
test,5042,1.0,B1_IsolationForest,COMBINED,False,1.2612598316952393,0.7784702529546166,0.1,59,0.6949152542372882,1.0,0.0,0.14634146341463414,2.0,,0.0,0.0,0.045454545454545456,30418.423646902702,
test,5042,0.75,RippleTwin,COMBINED,False,1.2612598316952393,31.30364205825687,0.005,59,0.711864406779661,1.0,1.0,1.0,0.0,,1.0,1.0,0.007575757575757576,26817.253436727708,
test,5042,0.75,RippleTwin,COMBINED,False,1.2612598316952393,31.30364205825687,0.01,59,0.711864406779661,1.0,1.0,1.0,0.0,,1.0,1.0,0.015151515151515152,26817.253436727708,
test,5042,0.75,RippleTwin,COMBINED,False,1.2612598316952393,31.30364205825687,0.02,59,0.711864406779661,1.0,1.0,1.0,0.0,,1.0,1.0,0.030303030303030304,26817.253436727708,
test,5042,0.75,RippleTwin,COMBINED,False,1.2612598316952393,31.30364205825687,0.05,59,0.7288135593220338,1.0,1.0,1.0,0.0,,1.0,1.0,0.03787878787878788,26817.253436727708,
test,5042,0.75,RippleTwin,COMBINED,False,1.2612598316952393,31.30364205825687,0.1,59,0.7288135593220338,1.0,1.0,1.0,0.0,,1.0,1.0,0.08333333333333333,26817.253436727708,
test,5042,0.75,B2_observed_only_twin,COMBINED,False,1.2612598316952393,31.30364205825687,0.005,59,0.711864406779661,1.0,1.0,1.0,0.0,,1.0,1.0,0.007575757575757576,26817.253436727708,
test,5042,0.75,B2_observed_only_twin,COMBINED,False,1.2612598316952393,31.30364205825687,0.01,59,0.711864406779661,1.0,1.0,1.0,0.0,,1.0,1.0,0.007575757575757576,26817.253436727708,
test,5042,0.75,B2_observed_only_twin,COMBINED,False,1.2612598316952393,31.30364205825687,0.02,59,0.7288135593220338,1.0,1.0,1.0,0.0,,1.0,1.0,0.030303030303030304,26817.253436727708,
test,5042,0.75,B2_observed_only_twin,COMBINED,False,1.2612598316952393,31.30364205825687,0.05,59,0.7288135593220338,1.0,1.0,1.0,0.0,,1.0,1.0,0.045454545454545456,26817.253436727708,
test,5042,0.75,B2_observed_only_twin,COMBINED,False,1.2612598316952393,31.30364205825687,0.1,59,0.7288135593220338,1.0,1.0,1.0,0.0,,1.0,1.0,0.08333333333333333,26817.253436727708,
test,5042,0.75,B0_SPC_observed,COMBINED,False,1.2612598316952393,5.061702559429017,0.005,59,0.711864406779661,1.0,1.0,1.0,0.0,,1.0,1.0,0.030303030303030304,26817.253436727708,
test,5042,0.75,B0_SPC_observed,COMBINED,False,1.2612598316952393,5.061702559429017,0.01,59,0.711864406779661,1.0,1.0,1.0,0.0,,1.0,1.0,0.030303030303030304,26817.253436727708,
test,5042,0.75,B0_SPC_observed,COMBINED,False,1.2612598316952393,5.061702559429017,0.02,59,0.711864406779661,1.0,1.0,1.0,0.0,,1.0,1.0,0.030303030303030304,26817.253436727708,
test,5042,0.75,B0_SPC_observed,COMBINED,False,1.2612598316952393,5.061702559429017,0.05,59,0.711864406779661,1.0,1.0,1.0,0.0,,1.0,1.0,0.03787878787878788,26817.253436727708,
test,5042,0.75,B0_SPC_observed,COMBINED,False,1.2612598316952393,5.061702559429017,0.1,59,0.711864406779661,1.0,1.0,1.0,0.0,,1.0,1.0,0.045454545454545456,26817.253436727708,
test,5042,0.75,B1_IsolationForest,COMBINED,False,1.2612598316952393,0.7423023198141773,0.005,59,0.5423728813559322,1.0,0.0,0.0,2.0,,0.0,0.0,0.0,32521.890157781785,
test,5042,0.75,B1_IsolationForest,COMBINED,False,1.2612598316952393,0.7423023198141773,0.01,59,0.5423728813559322,1.0,0.0,0.0,2.0,,0.0,0.0,0.007575757575757576,32521.890157781785,
test,5042,0.75,B1_IsolationForest,COMBINED,False,1.2612598316952393,0.7423023198141773,0.02,59,0.559322033898305,1.0,0.0,0.0,2.0,,0.0,0.0,0.022727272727272728,32216.52155602958,
test,5042,0.75,B1_IsolationForest,COMBINED,False,1.2612598316952393,0.7423023198141773,0.05,59,0.6949152542372882,1.0,0.0,0.14634146341463414,2.0,,0.0,0.0,0.030303030303030304,30418.423646902702,
test,5042,0.75,B1_IsolationForest,COMBINED,False,1.2612598316952393,0.7423023198141773,0.1,59,0.7627118644067796,1.0,0.0,0.2,2.0,,0.0,0.0,0.14393939393939395,26817.253436727708,
test,5042,0.5,RippleTwin,COMBINED,True,1.2612598316952393,39.99294167411538,0.005,59,0.11864406779661017,1.0,1.0,1.0,0.0,,1.0,1.0,0.0,38519.98024127979,
test,5042,0.5,RippleTwin,COMBINED,True,1.2612598316952393,39.99294167411538,0.01,59,0.15254237288135594,1.0,1.0,1.0,0.0,,1.0,1.0,0.0,38519.98024127979,
test,5042,0.5,RippleTwin,COMBINED,True,1.2612598316952393,39.99294167411538,0.02,59,0.2033898305084746,1.0,1.0,1.0,0.0,,1.0,1.0,0.015151515151515152,37920.317688720526,
test,5042,0.5,RippleTwin,COMBINED,True,1.2612598316952393,39.99294167411538,0.05,59,0.423728813559322,1.0,1.0,1.0,0.0,,1.0,1.0,0.022727272727272728,34355.18753425218,
test,5042,0.5,RippleTwin,COMBINED,True,1.2612598316952393,39.99294167411538,0.1,59,0.5084745762711864,1.0,0.9666666666666667,0.9666666666666667,0.0,,1.0,1.0,0.022727272727272728,33417.42228663746,
test,5042,0.5,B2_observed_only_twin,COMBINED,True,1.2612598316952393,39.987745614480566,0.005,59,0.0847457627118644,1.0,0.0,1.0,1.0,,0.0,1.0,0.0,38519.98024127979,
test,5042,0.5,B2_observed_only_twin,COMBINED,True,1.2612598316952393,39.987745614480566,0.01,59,0.15254237288135594,1.0,0.0,1.0,1.0,,0.0,1.0,0.0,38519.98024127979,
test,5042,0.5,B2_observed_only_twin,COMBINED,True,1.2612598316952393,39.987745614480566,0.02,59,0.2033898305084746,1.0,0.0,1.0,1.0,,0.0,1.0,0.007575757575757576,37920.317688720526,
test,5042,0.5,B2_observed_only_twin,COMBINED,True,1.2612598316952393,39.987745614480566,0.05,59,0.423728813559322,1.0,0.0,1.0,1.0,,0.0,1.0,0.007575757575757576,34355.18753425218,
test,5042,0.5,B2_observed_only_twin,COMBINED,True,1.2612598316952393,39.987745614480566,0.1,59,0.4915254237288136,1.0,0.0,1.0,1.0,,0.0,1.0,0.007575757575757576,33417.42228663746,
test,5042,0.5,B0_SPC_observed,COMBINED,True,1.2612598316952393,5.012127239822025,0.005,59,0.0,0.0,,,,,0.0,0.0,0.0,,
test,5042,0.5,B0_SPC_observed,COMBINED,True,1.2612598316952393,5.012127239822025,0.01,59,0.0,0.0,,,,,0.0,0.0,0.0,,
test,5042,0.5,B0_SPC_observed,COMBINED,True,1.2612598316952393,5.012127239822025,0.02,59,0.0,0.0,,,,,0.0,0.0,0.0,,
test,5042,0.5,B0_SPC_observed,COMBINED,True,1.2612598316952393,5.012127239822025,0.05,59,0.0,0.0,,,,,0.0,0.0,0.0,,
test,5042,0.5,B0_SPC_observed,COMBINED,True,1.2612598316952393,5.012127239822025,0.1,59,0.0,0.0,,,,,0.0,0.0,0.015151515151515152,,
test,5042,0.5,B1_IsolationForest,COMBINED,True,1.2612598316952393,0.7423023198141773,0.005,59,0.5423728813559322,1.0,0.0,0.0,2.0,,0.0,0.0,0.0,32521.890157781785,
test,5042,0.5,B1_IsolationForest,COMBINED,True,1.2612598316952393,0.7423023198141773,0.01,59,0.5423728813559322,1.0,0.0,0.0,2.0,,0.0,0.0,0.0,32521.890157781785,
test,5042,0.5,B1_IsolationForest,COMBINED,True,1.2612598316952393,0.7423023198141773,0.02,59,0.5932203389830508,1.0,0.0,0.05714285714285714,2.0,,0.0,0.0,0.015151515151515152,31021.093004135924,
test,5042,0.5,B1_IsolationForest,COMBINED,True,1.2612598316952393,0.7423023198141773,0.05,59,0.7457627118644068,1.0,0.0,0.18181818181818182,2.0,,0.0,0.0,0.045454545454545456,29816.466139264787,
test,5042,0.5,B1_IsolationForest,COMBINED,True,1.2612598316952393,0.7423023198141773,0.1,59,0.7627118644067796,1.0,0.0,0.2,2.0,,0.0,0.0,0.12878787878787878,28615.82441632364,
test,5042,0.25,RippleTwin,COMBINED,True,1.2612598316952393,23.87887940963418,0.005,59,0.01694915254237288,1.0,0.0,0.0,4.0,,0.0,0.0,0.007575757575757576,38819.417142140635,
test,5042,0.25,RippleTwin,COMBINED,True,1.2612598316952393,23.87887940963418,0.01,59,0.15254237288135594,1.0,0.0,0.0,4.0,,0.0,0.0,0.007575757575757576,38819.417142140635,
test,5042,0.25,RippleTwin,COMBINED,True,1.2612598316952393,23.87887940963418,0.02,59,0.2711864406779661,1.0,0.0,0.0,4.0,,0.0,0.0,0.022727272727272728,33417.42228663746,
test,5042,0.25,RippleTwin,COMBINED,True,1.2612598316952393,23.87887940963418,0.05,59,0.3220338983050847,1.0,0.0,0.0,4.0,,0.0,0.0,0.05303030303030303,33115.96882854344,
test,5042,0.25,RippleTwin,COMBINED,True,1.2612598316952393,23.87887940963418,0.1,59,0.3898305084745763,1.0,0.0,0.0,4.0,,0.0,0.0,0.09090909090909091,27711.81681187405,
test,5042,0.25,B2_observed_only_twin,COMBINED,True,1.2612598316952393,23.87066583332845,0.005,59,0.0,0.0,,,,,0.0,0.0,0.0,,
test,5042,0.25,B2_observed_only_twin,COMBINED,True,1.2612598316952393,23.87066583332845,0.01,59,0.0847457627118644,1.0,0.0,0.0,5.0,,0.0,0.0,0.007575757575757576,38819.417142140635,
test,5042,0.25,B2_observed_only_twin,COMBINED,True,1.2612598316952393,23.87066583332845,0.02,59,0.2711864406779661,1.0,0.0,0.0,5.0,,0.0,0.0,0.022727272727272728,33417.42228663746,
test,5042,0.25,B2_observed_only_twin,COMBINED,True,1.2612598316952393,23.87066583332845,0.05,59,0.3220338983050847,1.0,0.0,0.0,5.0,,0.0,0.0,0.06060606060606061,33115.96882854344,
test,5042,0.25,B2_observed_only_twin,COMBINED,True,1.2612598316952393,23.87066583332845,0.1,59,0.3559322033898305,1.0,0.0,0.0,5.0,,0.0,0.0,0.09090909090909091,27711.81681187405,
test,5042,0.25,B0_SPC_observed,COMBINED,True,1.2612598316952393,4.674774997918179,0.005,59,0.0,0.0,,,,,0.0,0.0,0.0,,
test,5042,0.25,B0_SPC_observed,COMBINED,True,1.2612598316952393,4.674774997918179,0.01,59,0.0,0.0,,,,,0.0,0.0,0.0,,
test,5042,0.25,B0_SPC_observed,COMBINED,True,1.2612598316952393,4.674774997918179,0.02,59,0.0,0.0,,,,,0.0,0.0,0.0,,
test,5042,0.25,B0_SPC_observed,COMBINED,True,1.2612598316952393,4.674774997918179,0.05,59,0.0,0.0,,,,,0.0,0.0,0.0,,
test,5042,0.25,B0_SPC_observed,COMBINED,True,1.2612598316952393,4.674774997918179,0.1,59,0.05084745762711865,1.0,0.0,0.0,21.0,,0.0,0.0,0.022727272727272728,34355.18753425218,
test,5042,0.25,B1_IsolationForest,COMBINED,True,1.2612598316952393,0.7158774793615637,0.005,59,0.01694915254237288,1.0,0.0,0.0,7.0,,0.0,0.0,0.0,33417.42228663746,
test,5042,0.25,B1_IsolationForest,COMBINED,True,1.2612598316952393,0.7158774793615637,0.01,59,0.05084745762711865,1.0,0.0,0.0,7.0,,0.0,0.0,0.0,31021.093004135924,
test,5042,0.25,B1_IsolationForest,COMBINED,True,1.2612598316952393,0.7158774793615637,0.02,59,0.05084745762711865,1.0,0.0,0.0,7.0,,0.0,0.0,0.0,31021.093004135924,
test,5042,0.25,B1_IsolationForest,COMBINED,True,1.2612598316952393,0.7158774793615637,0.05,59,0.11864406779661017,1.0,0.0,0.0,7.0,,0.0,0.0,0.015151515151515152,30418.423646902702,
test,5042,0.25,B1_IsolationForest,COMBINED,True,1.2612598316952393,0.7158774793615637,0.1,59,0.13559322033898305,1.0,0.0,0.0,7.0,,0.0,0.0,0.022727272727272728,27711.81681187405,
test,5043,1.0,RippleTwin,COMBINED,False,1.3308489462414401,42.5638498837417,0.005,40,0.85,1.0,1.0,1.0,0.0,,1.0,1.0,0.006535947712418301,22926.396046084585,
test,5043,1.0,RippleTwin,COMBINED,False,1.3308489462414401,42.5638498837417,0.01,40,0.85,1.0,1.0,1.0,0.0,,1.0,1.0,0.0196078431372549,22610.755502209424,
test,5043,1.0,RippleTwin,COMBINED,False,1.3308489462414401,42.5638498837417,0.02,40,0.85,1.0,1.0,1.0,0.0,,1.0,1.0,0.0196078431372549,22316.97776650487,
test,5043,1.0,RippleTwin,COMBINED,False,1.3308489462414401,42.5638498837417,0.05,40,0.875,1.0,0.9714285714285714,0.9714285714285714,0.0,,1.0,1.0,0.032679738562091505,22316.97776650487,
test,5043,1.0,RippleTwin,COMBINED,False,1.3308489462414401,42.5638498837417,0.1,40,0.9,1.0,0.9444444444444444,0.9444444444444444,0.0,,1.0,1.0,0.09803921568627451,22316.97776650487,
test,5043,1.0,B2_observed_only_twin,COMBINED,False,1.3308489462414401,42.5638498837417,0.005,40,0.85,1.0,1.0,1.0,0.0,,1.0,1.0,0.006535947712418301,22926.396046084585,
test,5043,1.0,B2_observed_only_twin,COMBINED,False,1.3308489462414401,42.5638498837417,0.01,40,0.85,1.0,1.0,1.0,0.0,,1.0,1.0,0.0196078431372549,22610.755502209424,
test,5043,1.0,B2_observed_only_twin,COMBINED,False,1.3308489462414401,42.5638498837417,0.02,40,0.85,1.0,1.0,1.0,0.0,,1.0,1.0,0.0196078431372549,22316.97776650487,
test,5043,1.0,B2_observed_only_twin,COMBINED,False,1.3308489462414401,42.5638498837417,0.05,40,0.875,1.0,0.9714285714285714,0.9714285714285714,0.0,,1.0,1.0,0.032679738562091505,22316.97776650487,
test,5043,1.0,B2_observed_only_twin,COMBINED,False,1.3308489462414401,42.5638498837417,0.1,40,0.9,1.0,0.9444444444444444,0.9444444444444444,0.0,,1.0,1.0,0.09803921568627451,22316.97776650487,
test,5043,1.0,B0_SPC_observed,COMBINED,False,1.3308489462414401,5.124273832797681,0.005,40,0.825,1.0,1.0,1.0,0.0,,1.0,1.0,0.013071895424836602,22316.97776650487,
test,5043,1.0,B0_SPC_observed,COMBINED,False,1.3308489462414401,5.124273832797681,0.01,40,0.825,1.0,1.0,1.0,0.0,,1.0,1.0,0.032679738562091505,22316.97776650487,
test,5043,1.0,B0_SPC_observed,COMBINED,False,1.3308489462414401,5.124273832797681,0.02,40,0.85,1.0,0.9705882352941176,0.9705882352941176,0.0,,1.0,1.0,0.032679738562091505,22316.97776650487,
test,5043,1.0,B0_SPC_observed,COMBINED,False,1.3308489462414401,5.124273832797681,0.05,40,0.85,1.0,0.9705882352941176,0.9705882352941176,0.0,,1.0,1.0,0.032679738562091505,22316.97776650487,
test,5043,1.0,B0_SPC_observed,COMBINED,False,1.3308489462414401,5.124273832797681,0.1,40,0.85,1.0,0.9705882352941176,0.9705882352941176,0.0,,1.0,1.0,0.058823529411764705,22316.97776650487,
test,5043,1.0,B1_IsolationForest,COMBINED,False,1.3308489462414401,0.7784702529546166,0.005,40,0.125,1.0,0.0,0.0,4.0,,0.0,0.0,0.0,27716.624441560485,
test,5043,1.0,B1_IsolationForest,COMBINED,False,1.3308489462414401,0.7784702529546166,0.01,40,0.125,1.0,0.0,0.0,4.0,,0.0,0.0,0.0,27716.624441560485,
test,5043,1.0,B1_IsolationForest,COMBINED,False,1.3308489462414401,0.7784702529546166,0.02,40,0.15,1.0,0.0,0.0,4.0,,0.0,0.0,0.0,24122.17157312191,
test,5043,1.0,B1_IsolationForest,COMBINED,False,1.3308489462414401,0.7784702529546166,0.05,40,0.7,1.0,0.0,0.0,4.0,,0.0,0.0,0.026143790849673203,23822.835132191813,
test,5043,1.0,B1_IsolationForest,COMBINED,False,1.3308489462414401,0.7784702529546166,0.1,40,0.825,1.0,0.0,0.0,4.0,,0.0,0.0,0.0784313725490196,22926.396046084585,
test,5043,0.75,RippleTwin,COMBINED,False,1.3308489462414401,31.30364205825687,0.005,40,0.85,1.0,1.0,1.0,0.0,,1.0,1.0,0.0196078431372549,22316.97776650487,
test,5043,0.75,RippleTwin,COMBINED,False,1.3308489462414401,31.30364205825687,0.01,40,0.85,1.0,1.0,1.0,0.0,,1.0,1.0,0.0196078431372549,22316.97776650487,
test,5043,0.75,RippleTwin,COMBINED,False,1.3308489462414401,31.30364205825687,0.02,40,0.875,1.0,0.9714285714285714,0.9714285714285714,0.0,,1.0,1.0,0.026143790849673203,22316.97776650487,
test,5043,0.75,RippleTwin,COMBINED,False,1.3308489462414401,31.30364205825687,0.05,40,0.9,1.0,0.9444444444444444,0.9444444444444444,0.0,,1.0,1.0,0.05228758169934641,22316.97776650487,
test,5043,0.75,RippleTwin,COMBINED,False,1.3308489462414401,31.30364205825687,0.1,40,0.9,1.0,0.9444444444444444,0.9444444444444444,0.0,,1.0,1.0,0.0915032679738562,22316.97776650487,
test,5043,0.75,B2_observed_only_twin,COMBINED,False,1.3308489462414401,31.30364205825687,0.005,40,0.85,1.0,1.0,1.0,0.0,,1.0,1.0,0.0196078431372549,22316.97776650487,
test,5043,0.75,B2_observed_only_twin,COMBINED,False,1.3308489462414401,31.30364205825687,0.01,40,0.85,1.0,1.0,1.0,0.0,,1.0,1.0,0.0196078431372549,22316.97776650487,
test,5043,0.75,B2_observed_only_twin,COMBINED,False,1.3308489462414401,31.30364205825687,0.02,40,0.875,1.0,0.9714285714285714,0.9714285714285714,0.0,,1.0,1.0,0.026143790849673203,22316.97776650487,
test,5043,0.75,B2_observed_only_twin,COMBINED,False,1.3308489462414401,31.30364205825687,0.05,40,0.9,1.0,0.9444444444444444,0.9444444444444444,0.0,,1.0,1.0,0.06535947712418301,22316.97776650487,
test,5043,0.75,B2_observed_only_twin,COMBINED,False,1.3308489462414401,31.30364205825687,0.1,40,0.925,1.0,0.918918918918919,0.918918918918919,0.0,,1.0,1.0,0.10457516339869281,22316.97776650487,
test,5043,0.75,B0_SPC_observed,COMBINED,False,1.3308489462414401,5.061702559429017,0.005,40,0.825,1.0,1.0,1.0,0.0,,1.0,1.0,0.026143790849673203,22316.97776650487,
test,5043,0.75,B0_SPC_observed,COMBINED,False,1.3308489462414401,5.061702559429017,0.01,40,0.825,1.0,1.0,1.0,0.0,,1.0,1.0,0.032679738562091505,22316.97776650487,
test,5043,0.75,B0_SPC_observed,COMBINED,False,1.3308489462414401,5.061702559429017,0.02,40,0.85,1.0,0.9705882352941176,0.9705882352941176,0.0,,1.0,1.0,0.032679738562091505,22316.97776650487,
test,5043,0.75,B0_SPC_observed,COMBINED,False,1.3308489462414401,5.061702559429017,0.05,40,0.85,1.0,0.9705882352941176,0.9705882352941176,0.0,,1.0,1.0,0.032679738562091505,22316.97776650487,
test,5043,0.75,B0_SPC_observed,COMBINED,False,1.3308489462414401,5.061702559429017,0.1,40,0.85,1.0,0.9705882352941176,0.9705882352941176,0.0,,1.0,1.0,0.058823529411764705,22316.97776650487,
test,5043,0.75,B1_IsolationForest,COMBINED,False,1.3308489462414401,0.7423023198141773,0.005,40,0.725,1.0,0.0,0.0,4.0,,0.0,0.0,0.026143790849673203,23822.835132191813,
test,5043,0.75,B1_IsolationForest,COMBINED,False,1.3308489462414401,0.7423023198141773,0.01,40,0.725,1.0,0.0,0.0,4.0,,0.0,0.0,0.026143790849673203,23822.835132191813,
test,5043,0.75,B1_IsolationForest,COMBINED,False,1.3308489462414401,0.7423023198141773,0.02,40,0.75,1.0,0.0,0.0,4.0,,0.0,0.0,0.032679738562091505,23521.603379358272,
test,5043,0.75,B1_IsolationForest,COMBINED,False,1.3308489462414401,0.7423023198141773,0.05,40,0.85,1.0,0.0,0.0,6.0,,0.0,0.0,0.0718954248366013,22926.396046084585,
test,5043,0.75,B1_IsolationForest,COMBINED,False,1.3308489462414401,0.7423023198141773,0.1,40,0.85,1.0,0.0,0.0,6.0,,0.0,0.0,0.13725490196078433,22316.97776650487,
test,5043,0.5,RippleTwin,COMBINED,False,1.3308489462414401,39.99294167411538,0.005,40,0.85,1.0,1.0,1.0,0.0,,1.0,1.0,0.013071895424836602,22610.755502209424,
test,5043,0.5,RippleTwin,COMBINED,False,1.3308489462414401,39.99294167411538,0.01,40,0.85,1.0,1.0,1.0,0.0,,1.0,1.0,0.0196078431372549,22610.755502209424,
test,5043,0.5,RippleTwin,COMBINED,False,1.3308489462414401,39.99294167411538,0.02,40,0.875,1.0,0.9714285714285714,0.9714285714285714,0.0,,1.0,1.0,0.0196078431372549,22316.97776650487,
test,5043,0.5,RippleTwin,COMBINED,False,1.3308489462414401,39.99294167411538,0.05,40,0.9,1.0,0.9444444444444444,0.9444444444444444,0.0,,1.0,1.0,0.032679738562091505,22316.97776650487,
test,5043,0.5,RippleTwin,COMBINED,False,1.3308489462414401,39.99294167411538,0.1,40,0.925,1.0,0.918918918918919,0.918918918918919,0.0,,1.0,1.0,0.08496732026143791,22316.97776650487,
test,5043,0.5,B2_observed_only_twin,COMBINED,False,1.3308489462414401,39.987745614480566,0.005,40,0.85,1.0,1.0,1.0,0.0,,1.0,1.0,0.013071895424836602,22610.755502209424,
test,5043,0.5,B2_observed_only_twin,COMBINED,False,1.3308489462414401,39.987745614480566,0.01,40,0.85,1.0,1.0,1.0,0.0,,1.0,1.0,0.0196078431372549,22610.755502209424,
test,5043,0.5,B2_observed_only_twin,COMBINED,False,1.3308489462414401,39.987745614480566,0.02,40,0.875,1.0,0.9714285714285714,0.9714285714285714,0.0,,1.0,1.0,0.0196078431372549,22316.97776650487,
test,5043,0.5,B2_observed_only_twin,COMBINED,False,1.3308489462414401,39.987745614480566,0.05,40,0.9,1.0,0.9444444444444444,0.9444444444444444,0.0,,1.0,1.0,0.0392156862745098,22316.97776650487,
test,5043,0.5,B2_observed_only_twin,COMBINED,False,1.3308489462414401,39.987745614480566,0.1,40,0.925,1.0,0.918918918918919,0.918918918918919,0.0,,1.0,1.0,0.0915032679738562,22316.97776650487,
test,5043,0.5,B0_SPC_observed,COMBINED,False,1.3308489462414401,5.012127239822025,0.005,40,0.825,1.0,1.0,1.0,0.0,,1.0,1.0,0.0196078431372549,22316.97776650487,
test,5043,0.5,B0_SPC_observed,COMBINED,False,1.3308489462414401,5.012127239822025,0.01,40,0.85,1.0,0.9705882352941176,0.9705882352941176,0.0,,1.0,1.0,0.026143790849673203,22316.97776650487,
test,5043,0.5,B0_SPC_observed,COMBINED,False,1.3308489462414401,5.012127239822025,0.02,40,0.85,1.0,0.9705882352941176,0.9705882352941176,0.0,,1.0,1.0,0.026143790849673203,22316.97776650487,
test,5043,0.5,B0_SPC_observed,COMBINED,False,1.3308489462414401,5.012127239822025,0.05,40,0.85,1.0,0.9705882352941176,0.9705882352941176,0.0,,1.0,1.0,0.0392156862745098,22316.97776650487,
test,5043,0.5,B0_SPC_observed,COMBINED,False,1.3308489462414401,5.012127239822025,0.1,40,0.9,1.0,0.9166666666666666,0.9166666666666666,0.0,,1.0,1.0,0.0718954248366013,22316.97776650487,
test,5043,0.5,B1_IsolationForest,COMBINED,False,1.3308489462414401,0.7423023198141773,0.005,40,0.325,1.0,0.0,0.0,12.0,,0.0,0.0,0.026143790849673203,31643.817647611133,
test,5043,0.5,B1_IsolationForest,COMBINED,False,1.3308489462414401,0.7423023198141773,0.01,40,0.325,1.0,0.0,0.0,12.0,,0.0,0.0,0.026143790849673203,31643.817647611133,
test,5043,0.5,B1_IsolationForest,COMBINED,False,1.3308489462414401,0.7423023198141773,0.02,40,0.375,1.0,0.0,0.0,12.0,,0.0,0.0,0.032679738562091505,31257.865071097807,
test,5043,0.5,B1_IsolationForest,COMBINED,False,1.3308489462414401,0.7423023198141773,0.05,40,0.7,1.0,0.0,0.0,11.0,,0.0,0.0,0.0718954248366013,22926.396046084585,
test,5043,0.5,B1_IsolationForest,COMBINED,False,1.3308489462414401,0.7423023198141773,0.1,40,0.725,1.0,0.0,0.0,11.0,,0.0,0.0,0.1111111111111111,22316.97776650487,
test,5043,0.25,RippleTwin,COMBINED,False,1.3308489462414401,23.87887940963418,0.005,40,0.85,1.0,1.0,1.0,0.0,,1.0,1.0,0.006535947712418301,22316.97776650487,
test,5043,0.25,RippleTwin,COMBINED,False,1.3308489462414401,23.87887940963418,0.01,40,0.875,1.0,1.0,1.0,0.0,,1.0,1.0,0.006535947712418301,22316.97776650487,
test,5043,0.25,RippleTwin,COMBINED,False,1.3308489462414401,23.87887940963418,0.02,40,0.875,1.0,1.0,1.0,0.0,,1.0,1.0,0.0392156862745098,22316.97776650487,
test,5043,0.25,RippleTwin,COMBINED,False,1.3308489462414401,23.87887940963418,0.05,40,0.9,1.0,0.9722222222222222,0.9722222222222222,0.0,,1.0,1.0,0.0784313725490196,22316.97776650487,
test,5043,0.25,RippleTwin,COMBINED,False,1.3308489462414401,23.87887940963418,0.1,40,0.9,1.0,0.9722222222222222,0.9722222222222222,0.0,,1.0,1.0,0.10457516339869281,22316.97776650487,
test,5043,0.25,B2_observed_only_twin,COMBINED,False,1.3308489462414401,23.87066583332845,0.005,40,0.875,1.0,1.0,1.0,0.0,,1.0,1.0,0.006535947712418301,22316.97776650487,
test,5043,0.25,B2_observed_only_twin,COMBINED,False,1.3308489462414401,23.87066583332845,0.01,40,0.875,1.0,1.0,1.0,0.0,,1.0,1.0,0.006535947712418301,22316.97776650487,
test,5043,0.25,B2_observed_only_twin,COMBINED,False,1.3308489462414401,23.87066583332845,0.02,40,0.875,1.0,1.0,1.0,0.0,,1.0,1.0,0.0392156862745098,22316.97776650487,
test,5043,0.25,B2_observed_only_twin,COMBINED,False,1.3308489462414401,23.87066583332845,0.05,40,0.9,1.0,0.9722222222222222,0.9722222222222222,0.0,,1.0,1.0,0.0784313725490196,22316.97776650487,
test,5043,0.25,B2_observed_only_twin,COMBINED,False,1.3308489462414401,23.87066583332845,0.1,40,0.925,1.0,0.9459459459459459,0.9459459459459459,0.0,,1.0,1.0,0.12418300653594772,22316.97776650487,
test,5043,0.25,B0_SPC_observed,COMBINED,False,1.3308489462414401,4.674774997918179,0.005,40,0.85,1.0,0.9705882352941176,0.9705882352941176,0.0,,1.0,1.0,0.026143790849673203,22316.97776650487,
test,5043,0.25,B0_SPC_observed,COMBINED,False,1.3308489462414401,4.674774997918179,0.01,40,0.85,1.0,0.9705882352941176,0.9705882352941176,0.0,,1.0,1.0,0.026143790849673203,22316.97776650487,
test,5043,0.25,B0_SPC_observed,COMBINED,False,1.3308489462414401,4.674774997918179,0.02,40,0.85,1.0,0.9705882352941176,0.9705882352941176,0.0,,1.0,1.0,0.032679738562091505,22316.97776650487,
test,5043,0.25,B0_SPC_observed,COMBINED,False,1.3308489462414401,4.674774997918179,0.05,40,0.9,1.0,0.9166666666666666,0.9166666666666666,0.0,,1.0,1.0,0.0718954248366013,22316.97776650487,
test,5043,0.25,B0_SPC_observed,COMBINED,False,1.3308489462414401,4.674774997918179,0.1,40,0.9,1.0,0.9166666666666666,0.9166666666666666,0.0,,1.0,1.0,0.1111111111111111,22316.97776650487,
test,5043,0.25,B1_IsolationForest,COMBINED,False,1.3308489462414401,0.7158774793615637,0.005,40,0.275,1.0,0.0,0.0,3.0,,0.0,0.0,0.0,23521.603379358272,
test,5043,0.25,B1_IsolationForest,COMBINED,False,1.3308489462414401,0.7158774793615637,0.01,40,0.5,1.0,0.0,0.0,3.0,,0.0,0.0,0.006535947712418301,22926.396046084585,
test,5043,0.25,B1_IsolationForest,COMBINED,False,1.3308489462414401,0.7158774793615637,0.02,40,0.55,1.0,0.0,0.0,3.0,,0.0,0.0,0.006535947712418301,22926.396046084585,
test,5043,0.25,B1_IsolationForest,COMBINED,False,1.3308489462414401,0.7158774793615637,0.05,40,0.85,1.0,0.0,0.0,3.0,,0.0,0.0,0.0196078431372549,22316.97776650487,
test,5043,0.25,B1_IsolationForest,COMBINED,False,1.3308489462414401,0.7158774793615637,0.1,40,0.875,1.0,0.0,0.0,3.0,,0.0,0.0,0.0457516339869281,22316.97776650487,
test,5044,1.0,RippleTwin,QUALITY_DRIFT,False,14.331232336449194,42.5638498837417,0.005,55,0.0,0.0,,,,,0.0,0.0,0.0,,
test,5044,1.0,RippleTwin,QUALITY_DRIFT,False,14.331232336449194,42.5638498837417,0.01,55,0.0,0.0,,,,,0.0,0.0,0.0,,
test,5044,1.0,RippleTwin,QUALITY_DRIFT,False,14.331232336449194,42.5638498837417,0.02,55,0.0,0.0,,,,,0.0,0.0,0.0,,
test,5044,1.0,RippleTwin,QUALITY_DRIFT,False,14.331232336449194,42.5638498837417,0.05,55,0.0,0.0,,,,,0.0,0.0,0.0,,
test,5044,1.0,RippleTwin,QUALITY_DRIFT,False,14.331232336449194,42.5638498837417,0.1,55,0.0,0.0,,,,,0.0,0.0,0.09022556390977443,,
test,5044,1.0,B2_observed_only_twin,QUALITY_DRIFT,False,14.331232336449194,42.5638498837417,0.005,55,0.0,0.0,,,,,0.0,0.0,0.0,,
test,5044,1.0,B2_observed_only_twin,QUALITY_DRIFT,False,14.331232336449194,42.5638498837417,0.01,55,0.0,0.0,,,,,0.0,0.0,0.0,,
test,5044,1.0,B2_observed_only_twin,QUALITY_DRIFT,False,14.331232336449194,42.5638498837417,0.02,55,0.0,0.0,,,,,0.0,0.0,0.0,,
test,5044,1.0,B2_observed_only_twin,QUALITY_DRIFT,False,14.331232336449194,42.5638498837417,0.05,55,0.0,0.0,,,,,0.0,0.0,0.0,,
test,5044,1.0,B2_observed_only_twin,QUALITY_DRIFT,False,14.331232336449194,42.5638498837417,0.1,55,0.0,0.0,,,,,0.0,0.0,0.09022556390977443,,
test,5044,1.0,B0_SPC_observed,QUALITY_DRIFT,False,14.331232336449194,5.124273832797681,0.005,55,0.0,0.0,,,,,0.0,0.0,0.0,,
test,5044,1.0,B0_SPC_observed,QUALITY_DRIFT,False,14.331232336449194,5.124273832797681,0.01,55,0.0,0.0,,,,,0.0,0.0,0.0,,
test,5044,1.0,B0_SPC_observed,QUALITY_DRIFT,False,14.331232336449194,5.124273832797681,0.02,55,0.0,0.0,,,,,0.0,0.0,0.0,,
test,5044,1.0,B0_SPC_observed,QUALITY_DRIFT,False,14.331232336449194,5.124273832797681,0.05,55,0.0,0.0,,,,,0.0,0.0,0.0,,
test,5044,1.0,B0_SPC_observed,QUALITY_DRIFT,False,14.331232336449194,5.124273832797681,0.1,55,0.01818181818181818,1.0,0.0,0.0,2.0,,0.0,0.0,0.015037593984962405,30407.701805434477,
test,5044,1.0,B1_IsolationForest,QUALITY_DRIFT,False,14.331232336449194,0.7784702529546166,0.005,55,0.0,0.0,,,,,0.0,0.0,0.015037593984962405,,
test,5044,1.0,B1_IsolationForest,QUALITY_DRIFT,False,14.331232336449194,0.7784702529546166,0.01,55,0.0,0.0,,,,,0.0,0.0,0.015037593984962405,,
test,5044,1.0,B1_IsolationForest,QUALITY_DRIFT,False,14.331232336449194,0.7784702529546166,0.02,55,0.0,0.0,,,,,0.0,0.0,0.015037593984962405,,
test,5044,1.0,B1_IsolationForest,QUALITY_DRIFT,False,14.331232336449194,0.7784702529546166,0.05,55,0.0,0.0,,,,,0.0,0.0,0.022556390977443608,,
test,5044,1.0,B1_IsolationForest,QUALITY_DRIFT,False,14.331232336449194,0.7784702529546166,0.1,55,0.0,0.0,,,,,0.0,0.0,0.09022556390977443,,
test,5044,0.75,RippleTwin,QUALITY_DRIFT,False,14.331232336449194,31.30364205825687,0.005,55,0.0,0.0,,,,,0.0,0.0,0.0,,
test,5044,0.75,RippleTwin,QUALITY_DRIFT,False,14.331232336449194,31.30364205825687,0.01,55,0.0,0.0,,,,,0.0,0.0,0.0,,
test,5044,0.75,RippleTwin,QUALITY_DRIFT,False,14.331232336449194,31.30364205825687,0.02,55,0.0,0.0,,,,,0.0,0.0,0.0,,
test,5044,0.75,RippleTwin,QUALITY_DRIFT,False,14.331232336449194,31.30364205825687,0.05,55,0.0,0.0,,,,,0.0,0.0,0.015037593984962405,,
test,5044,0.75,RippleTwin,QUALITY_DRIFT,False,14.331232336449194,31.30364205825687,0.1,55,0.0,0.0,,,,,0.0,0.0,0.09022556390977443,,
test,5044,0.75,B2_observed_only_twin,QUALITY_DRIFT,False,14.331232336449194,31.30364205825687,0.005,55,0.0,0.0,,,,,0.0,0.0,0.0,,
test,5044,0.75,B2_observed_only_twin,QUALITY_DRIFT,False,14.331232336449194,31.30364205825687,0.01,55,0.0,0.0,,,,,0.0,0.0,0.0,,
test,5044,0.75,B2_observed_only_twin,QUALITY_DRIFT,False,14.331232336449194,31.30364205825687,0.02,55,0.0,0.0,,,,,0.0,0.0,0.0,,
test,5044,0.75,B2_observed_only_twin,QUALITY_DRIFT,False,14.331232336449194,31.30364205825687,0.05,55,0.0,0.0,,,,,0.0,0.0,0.045112781954887216,,
test,5044,0.75,B2_observed_only_twin,QUALITY_DRIFT,False,14.331232336449194,31.30364205825687,0.1,55,0.0,0.0,,,,,0.0,0.0,0.10526315789473684,,
test,5044,0.75,B0_SPC_observed,QUALITY_DRIFT,False,14.331232336449194,5.061702559429017,0.005,55,0.0,0.0,,,,,0.0,0.0,0.0,,
test,5044,0.75,B0_SPC_observed,QUALITY_DRIFT,False,14.331232336449194,5.061702559429017,0.01,55,0.0,0.0,,,,,0.0,0.0,0.0,,
test,5044,0.75,B0_SPC_observed,QUALITY_DRIFT,False,14.331232336449194,5.061702559429017,0.02,55,0.0,0.0,,,,,0.0,0.0,0.0,,
test,5044,0.75,B0_SPC_observed,QUALITY_DRIFT,False,14.331232336449194,5.061702559429017,0.05,55,0.0,0.0,,,,,0.0,0.0,0.0,,
test,5044,0.75,B0_SPC_observed,QUALITY_DRIFT,False,14.331232336449194,5.061702559429017,0.1,55,0.01818181818181818,1.0,0.0,0.0,2.0,,0.0,0.0,0.007518796992481203,30407.701805434477,
test,5044,0.75,B1_IsolationForest,QUALITY_DRIFT,False,14.331232336449194,0.7423023198141773,0.005,55,0.0,0.0,,,,,0.0,0.0,0.015037593984962405,,
test,5044,0.75,B1_IsolationForest,QUALITY_DRIFT,False,14.331232336449194,0.7423023198141773,0.01,55,0.0,0.0,,,,,0.0,0.0,0.015037593984962405,,
test,5044,0.75,B1_IsolationForest,QUALITY_DRIFT,False,14.331232336449194,0.7423023198141773,0.02,55,0.0,0.0,,,,,0.0,0.0,0.03759398496240601,,
test,5044,0.75,B1_IsolationForest,QUALITY_DRIFT,False,14.331232336449194,0.7423023198141773,0.05,55,0.0,0.0,,,,,0.0,0.0,0.06766917293233082,,
test,5044,0.75,B1_IsolationForest,QUALITY_DRIFT,False,14.331232336449194,0.7423023198141773,0.1,55,0.01818181818181818,1.0,0.0,0.0,14.0,,0.0,0.0,0.08270676691729323,31625.969964615684,
test,5044,0.5,RippleTwin,QUALITY_DRIFT,True,14.331232336449194,39.99294167411538,0.005,55,0.0,0.0,,,,,0.0,0.0,0.0,,
test,5044,0.5,RippleTwin,QUALITY_DRIFT,True,14.331232336449194,39.99294167411538,0.01,55,0.0,0.0,,,,,0.0,0.0,0.0,,
test,5044,0.5,RippleTwin,QUALITY_DRIFT,True,14.331232336449194,39.99294167411538,0.02,55,0.0,0.0,,,,,0.0,0.0,0.0,,
test,5044,0.5,RippleTwin,QUALITY_DRIFT,True,14.331232336449194,39.99294167411538,0.05,55,0.0,0.0,,,,,0.0,0.0,0.07518796992481203,,
test,5044,0.5,RippleTwin,QUALITY_DRIFT,True,14.331232336449194,39.99294167411538,0.1,55,0.0,0.0,,,,,0.0,0.0,0.19548872180451127,,
test,5044,0.5,B2_observed_only_twin,QUALITY_DRIFT,True,14.331232336449194,39.987745614480566,0.005,55,0.0,0.0,,,,,0.0,0.0,0.0,,
test,5044,0.5,B2_observed_only_twin,QUALITY_DRIFT,True,14.331232336449194,39.987745614480566,0.01,55,0.0,0.0,,,,,0.0,0.0,0.0,,
test,5044,0.5,B2_observed_only_twin,QUALITY_DRIFT,True,14.331232336449194,39.987745614480566,0.02,55,0.0,0.0,,,,,0.0,0.0,0.0,,
test,5044,0.5,B2_observed_only_twin,QUALITY_DRIFT,True,14.331232336449194,39.987745614480566,0.05,55,0.0,0.0,,,,,0.0,0.0,0.09774436090225563,,
test,5044,0.5,B2_observed_only_twin,QUALITY_DRIFT,True,14.331232336449194,39.987745614480566,0.1,55,0.0,0.0,,,,,0.0,0.0,0.19548872180451127,,
test,5044,0.5,B0_SPC_observed,QUALITY_DRIFT,True,14.331232336449194,5.012127239822025,0.005,55,0.0,0.0,,,,,0.0,0.0,0.0,,
test,5044,0.5,B0_SPC_observed,QUALITY_DRIFT,True,14.331232336449194,5.012127239822025,0.01,55,0.0,0.0,,,,,0.0,0.0,0.0,,
test,5044,0.5,B0_SPC_observed,QUALITY_DRIFT,True,14.331232336449194,5.012127239822025,0.02,55,0.0,0.0,,,,,0.0,0.0,0.0,,
test,5044,0.5,B0_SPC_observed,QUALITY_DRIFT,True,14.331232336449194,5.012127239822025,0.05,55,0.0,0.0,,,,,0.0,0.0,0.0,,
test,5044,0.5,B0_SPC_observed,QUALITY_DRIFT,True,14.331232336449194,5.012127239822025,0.1,55,0.0,0.0,,,,,0.0,0.0,0.03007518796992481,,
test,5044,0.5,B1_IsolationForest,QUALITY_DRIFT,True,14.331232336449194,0.7423023198141773,0.005,55,0.0,0.0,,,,,0.0,0.0,0.015037593984962405,,
test,5044,0.5,B1_IsolationForest,QUALITY_DRIFT,True,14.331232336449194,0.7423023198141773,0.01,55,0.0,0.0,,,,,0.0,0.0,0.015037593984962405,,
test,5044,0.5,B1_IsolationForest,QUALITY_DRIFT,True,14.331232336449194,0.7423023198141773,0.02,55,0.0,0.0,,,,,0.0,0.0,0.05263157894736842,,
test,5044,0.5,B1_IsolationForest,QUALITY_DRIFT,True,14.331232336449194,0.7423023198141773,0.05,55,0.0,0.0,,,,,0.0,0.0,0.06766917293233082,,
test,5044,0.5,B1_IsolationForest,QUALITY_DRIFT,True,14.331232336449194,0.7423023198141773,0.1,55,0.05454545454545454,1.0,0.0,0.0,14.0,,0.0,0.0,0.12781954887218044,31625.969964615684,
test,5044,0.25,RippleTwin,QUALITY_DRIFT,True,14.331232336449194,23.87887940963418,0.005,55,0.0,0.0,,,,,0.0,0.0,0.0,,
test,5044,0.25,RippleTwin,QUALITY_DRIFT,True,14.331232336449194,23.87887940963418,0.01,55,0.0,0.0,,,,,0.0,0.0,0.0,,
test,5044,0.25,RippleTwin,QUALITY_DRIFT,True,14.331232336449194,23.87887940963418,0.02,55,0.0,0.0,,,,,0.0,0.0,0.13533834586466165,,
test,5044,0.25,RippleTwin,QUALITY_DRIFT,True,14.331232336449194,23.87887940963418,0.05,55,0.01818181818181818,1.0,0.0,0.0,12.0,,0.0,0.0,0.21052631578947367,28608.7522572019,
test,5044,0.25,RippleTwin,QUALITY_DRIFT,True,14.331232336449194,23.87887940963418,0.1,55,0.05454545454545454,1.0,0.0,0.0,12.0,,0.0,0.0,0.3007518796992481,28608.7522572019,
test,5044,0.25,B2_observed_only_twin,QUALITY_DRIFT,True,14.331232336449194,23.87066583332845,0.005,55,0.0,0.0,,,,,0.0,0.0,0.0,,
test,5044,0.25,B2_observed_only_twin,QUALITY_DRIFT,True,14.331232336449194,23.87066583332845,0.01,55,0.0,0.0,,,,,0.0,0.0,0.0,,
test,5044,0.25,B2_observed_only_twin,QUALITY_DRIFT,True,14.331232336449194,23.87066583332845,0.02,55,0.0,0.0,,,,,0.0,0.0,0.13533834586466165,,
test,5044,0.25,B2_observed_only_twin,QUALITY_DRIFT,True,14.331232336449194,23.87066583332845,0.05,55,0.01818181818181818,1.0,0.0,0.0,16.0,,0.0,0.0,0.20300751879699247,28608.7522572019,
test,5044,0.25,B2_observed_only_twin,QUALITY_DRIFT,True,14.331232336449194,23.87066583332845,0.1,55,0.05454545454545454,1.0,0.0,0.0,16.0,,0.0,0.0,0.3082706766917293,28608.7522572019,
test,5044,0.25,B0_SPC_observed,QUALITY_DRIFT,True,14.331232336449194,4.674774997918179,0.005,55,0.0,0.0,,,,,0.0,0.0,0.0,,
test,5044,0.25,B0_SPC_observed,QUALITY_DRIFT,True,14.331232336449194,4.674774997918179,0.01,55,0.0,0.0,,,,,0.0,0.0,0.0,,
test,5044,0.25,B0_SPC_observed,QUALITY_DRIFT,True,14.331232336449194,4.674774997918179,0.02,55,0.0,0.0,,,,,0.0,0.0,0.0,,
test,5044,0.25,B0_SPC_observed,QUALITY_DRIFT,True,14.331232336449194,4.674774997918179,0.05,55,0.0,0.0,,,,,0.0,0.0,0.022556390977443608,,
test,5044,0.25,B0_SPC_observed,QUALITY_DRIFT,True,14.331232336449194,4.674774997918179,0.1,55,0.0,0.0,,,,,0.0,0.0,0.022556390977443608,,
test,5044,0.25,B1_IsolationForest,QUALITY_DRIFT,True,14.331232336449194,0.7158774793615637,0.005,55,0.0,0.0,,,,,0.0,0.0,0.0,,
test,5044,0.25,B1_IsolationForest,QUALITY_DRIFT,True,14.331232336449194,0.7158774793615637,0.01,55,0.0,0.0,,,,,0.0,0.0,0.0,,
test,5044,0.25,B1_IsolationForest,QUALITY_DRIFT,True,14.331232336449194,0.7158774793615637,0.02,55,0.0,0.0,,,,,0.0,0.0,0.022556390977443608,,
test,5044,0.25,B1_IsolationForest,QUALITY_DRIFT,True,14.331232336449194,0.7158774793615637,0.05,55,0.0,0.0,,,,,0.0,0.0,0.06015037593984962,,
test,5044,0.25,B1_IsolationForest,QUALITY_DRIFT,True,14.331232336449194,0.7158774793615637,0.1,55,0.01818181818181818,1.0,0.0,0.0,6.0,,0.0,0.0,0.07518796992481203,31625.969964615684,
test,5045,1.0,RippleTwin,QUALITY_DRIFT,False,13.730986754209898,42.5638498837417,0.005,56,0.0,0.0,,,,,0.0,0.0,0.014705882352941176,,
test,5045,1.0,RippleTwin,QUALITY_DRIFT,False,13.730986754209898,42.5638498837417,0.01,56,0.0,0.0,,,,,0.0,0.0,0.022058823529411766,,
test,5045,1.0,RippleTwin,QUALITY_DRIFT,False,13.730986754209898,42.5638498837417,0.02,56,0.0,0.0,,,,,0.0,0.0,0.029411764705882353,,
test,5045,1.0,RippleTwin,QUALITY_DRIFT,False,13.730986754209898,42.5638498837417,0.05,56,0.0,0.0,,,,,0.0,0.0,0.03676470588235294,,
test,5045,1.0,RippleTwin,QUALITY_DRIFT,False,13.730986754209898,42.5638498837417,0.1,56,0.017857142857142856,1.0,0.0,0.0,13.0,,0.0,0.0,0.11029411764705882,43973.70471322899,
test,5045,1.0,B2_observed_only_twin,QUALITY_DRIFT,False,13.730986754209898,42.5638498837417,0.005,56,0.0,0.0,,,,,0.0,0.0,0.014705882352941176,,
test,5045,1.0,B2_observed_only_twin,QUALITY_DRIFT,False,13.730986754209898,42.5638498837417,0.01,56,0.0,0.0,,,,,0.0,0.0,0.022058823529411766,,
test,5045,1.0,B2_observed_only_twin,QUALITY_DRIFT,False,13.730986754209898,42.5638498837417,0.02,56,0.0,0.0,,,,,0.0,0.0,0.029411764705882353,,
test,5045,1.0,B2_observed_only_twin,QUALITY_DRIFT,False,13.730986754209898,42.5638498837417,0.05,56,0.0,0.0,,,,,0.0,0.0,0.03676470588235294,,
test,5045,1.0,B2_observed_only_twin,QUALITY_DRIFT,False,13.730986754209898,42.5638498837417,0.1,56,0.017857142857142856,1.0,0.0,0.0,13.0,,0.0,0.0,0.11029411764705882,43973.70471322899,
test,5045,1.0,B0_SPC_observed,QUALITY_DRIFT,False,13.730986754209898,5.124273832797681,0.005,56,0.017857142857142856,1.0,0.0,0.0,13.0,,0.0,0.0,0.0,43973.70471322899,
test,5045,1.0,B0_SPC_observed,QUALITY_DRIFT,False,13.730986754209898,5.124273832797681,0.01,56,0.017857142857142856,1.0,0.0,0.0,13.0,,0.0,0.0,0.0,43973.70471322899,
test,5045,1.0,B0_SPC_observed,QUALITY_DRIFT,False,13.730986754209898,5.124273832797681,0.02,56,0.017857142857142856,1.0,0.0,0.0,13.0,,0.0,0.0,0.0,43973.70471322899,
test,5045,1.0,B0_SPC_observed,QUALITY_DRIFT,False,13.730986754209898,5.124273832797681,0.05,56,0.017857142857142856,1.0,0.0,0.0,13.0,,0.0,0.0,0.0,43973.70471322899,
test,5045,1.0,B0_SPC_observed,QUALITY_DRIFT,False,13.730986754209898,5.124273832797681,0.1,56,0.03571428571428571,1.0,0.0,0.0,13.0,,0.0,0.0,0.014705882352941176,43973.70471322899,
test,5045,1.0,B1_IsolationForest,QUALITY_DRIFT,False,13.730986754209898,0.7784702529546166,0.005,56,0.0,0.0,,,,,0.0,0.0,0.0,,
test,5045,1.0,B1_IsolationForest,QUALITY_DRIFT,False,13.730986754209898,0.7784702529546166,0.01,56,0.0,0.0,,,,,0.0,0.0,0.0,,
test,5045,1.0,B1_IsolationForest,QUALITY_DRIFT,False,13.730986754209898,0.7784702529546166,0.02,56,0.0,0.0,,,,,0.0,0.0,0.0,,
test,5045,1.0,B1_IsolationForest,QUALITY_DRIFT,False,13.730986754209898,0.7784702529546166,0.05,56,0.0,0.0,,,,,0.0,0.0,0.007352941176470588,,
test,5045,1.0,B1_IsolationForest,QUALITY_DRIFT,False,13.730986754209898,0.7784702529546166,0.1,56,0.0,0.0,,,,,0.0,0.0,0.09558823529411764,,
test,5045,0.75,RippleTwin,QUALITY_DRIFT,True,13.730986754209898,31.30364205825687,0.005,56,0.0,0.0,,,,,0.0,0.0,0.022058823529411766,,
test,5045,0.75,RippleTwin,QUALITY_DRIFT,True,13.730986754209898,31.30364205825687,0.01,56,0.0,0.0,,,,,0.0,0.0,0.022058823529411766,,
test,5045,0.75,RippleTwin,QUALITY_DRIFT,True,13.730986754209898,31.30364205825687,0.02,56,0.0,0.0,,,,,0.0,0.0,0.029411764705882353,,
test,5045,0.75,RippleTwin,QUALITY_DRIFT,True,13.730986754209898,31.30364205825687,0.05,56,0.0,0.0,,,,,0.0,0.0,0.029411764705882353,,
test,5045,0.75,RippleTwin,QUALITY_DRIFT,True,13.730986754209898,31.30364205825687,0.1,56,0.03571428571428571,1.0,0.0,0.0,13.0,,0.0,0.0,0.11029411764705882,43973.70471322899,
test,5045,0.75,B2_observed_only_twin,QUALITY_DRIFT,True,13.730986754209898,31.30364205825687,0.005,56,0.0,0.0,,,,,0.0,0.0,0.022058823529411766,,
test,5045,0.75,B2_observed_only_twin,QUALITY_DRIFT,True,13.730986754209898,31.30364205825687,0.01,56,0.0,0.0,,,,,0.0,0.0,0.022058823529411766,,
test,5045,0.75,B2_observed_only_twin,QUALITY_DRIFT,True,13.730986754209898,31.30364205825687,0.02,56,0.0,0.0,,,,,0.0,0.0,0.029411764705882353,,
test,5045,0.75,B2_observed_only_twin,QUALITY_DRIFT,True,13.730986754209898,31.30364205825687,0.05,56,0.0,0.0,,,,,0.0,0.0,0.051470588235294115,,
test,5045,0.75,B2_observed_only_twin,QUALITY_DRIFT,True,13.730986754209898,31.30364205825687,0.1,56,0.03571428571428571,1.0,0.0,0.0,13.0,,0.0,0.0,0.09558823529411764,43973.70471322899,
test,5045,0.75,B0_SPC_observed,QUALITY_DRIFT,True,13.730986754209898,5.061702559429017,0.005,56,0.017857142857142856,1.0,0.0,0.0,13.0,,0.0,0.0,0.0,43973.70471322899,
test,5045,0.75,B0_SPC_observed,QUALITY_DRIFT,True,13.730986754209898,5.061702559429017,0.01,56,0.017857142857142856,1.0,0.0,0.0,13.0,,0.0,0.0,0.0,43973.70471322899,
test,5045,0.75,B0_SPC_observed,QUALITY_DRIFT,True,13.730986754209898,5.061702559429017,0.02,56,0.017857142857142856,1.0,0.0,0.0,13.0,,0.0,0.0,0.0,43973.70471322899,
test,5045,0.75,B0_SPC_observed,QUALITY_DRIFT,True,13.730986754209898,5.061702559429017,0.05,56,0.017857142857142856,1.0,0.0,0.0,13.0,,0.0,0.0,0.0,43973.70471322899,
test,5045,0.75,B0_SPC_observed,QUALITY_DRIFT,True,13.730986754209898,5.061702559429017,0.1,56,0.03571428571428571,1.0,0.0,0.0,13.0,,0.0,0.0,0.014705882352941176,43973.70471322899,
test,5045,0.75,B1_IsolationForest,QUALITY_DRIFT,True,13.730986754209898,0.7423023198141773,0.005,56,0.0,0.0,,,,,0.0,0.0,0.0,,
test,5045,0.75,B1_IsolationForest,QUALITY_DRIFT,True,13.730986754209898,0.7423023198141773,0.01,56,0.0,0.0,,,,,0.0,0.0,0.014705882352941176,,
test,5045,0.75,B1_IsolationForest,QUALITY_DRIFT,True,13.730986754209898,0.7423023198141773,0.02,56,0.0,0.0,,,,,0.0,0.0,0.022058823529411766,,
test,5045,0.75,B1_IsolationForest,QUALITY_DRIFT,True,13.730986754209898,0.7423023198141773,0.05,56,0.0,0.0,,,,,0.0,0.0,0.09558823529411764,,
test,5045,0.75,B1_IsolationForest,QUALITY_DRIFT,True,13.730986754209898,0.7423023198141773,0.1,56,0.0,0.0,,,,,0.0,0.0,0.13970588235294118,,
test,5045,0.5,RippleTwin,QUALITY_DRIFT,True,13.730986754209898,39.99294167411538,0.005,56,0.0,0.0,,,,,0.0,0.0,0.022058823529411766,,
test,5045,0.5,RippleTwin,QUALITY_DRIFT,True,13.730986754209898,39.99294167411538,0.01,56,0.0,0.0,,,,,0.0,0.0,0.022058823529411766,,
test,5045,0.5,RippleTwin,QUALITY_DRIFT,True,13.730986754209898,39.99294167411538,0.02,56,0.0,0.0,,,,,0.0,0.0,0.029411764705882353,,
test,5045,0.5,RippleTwin,QUALITY_DRIFT,True,13.730986754209898,39.99294167411538,0.05,56,0.0,0.0,,,,,0.0,0.0,0.03676470588235294,,
test,5045,0.5,RippleTwin,QUALITY_DRIFT,True,13.730986754209898,39.99294167411538,0.1,56,0.0,0.0,,,,,0.0,0.0,0.0661764705882353,,
test,5045,0.5,B2_observed_only_twin,QUALITY_DRIFT,True,13.730986754209898,39.987745614480566,0.005,56,0.0,0.0,,,,,0.0,0.0,0.022058823529411766,,
test,5045,0.5,B2_observed_only_twin,QUALITY_DRIFT,True,13.730986754209898,39.987745614480566,0.01,56,0.0,0.0,,,,,0.0,0.0,0.022058823529411766,,
test,5045,0.5,B2_observed_only_twin,QUALITY_DRIFT,True,13.730986754209898,39.987745614480566,0.02,56,0.0,0.0,,,,,0.0,0.0,0.029411764705882353,,
test,5045,0.5,B2_observed_only_twin,QUALITY_DRIFT,True,13.730986754209898,39.987745614480566,0.05,56,0.0,0.0,,,,,0.0,0.0,0.04411764705882353,,
test,5045,0.5,B2_observed_only_twin,QUALITY_DRIFT,True,13.730986754209898,39.987745614480566,0.1,56,0.0,0.0,,,,,0.0,0.0,0.0661764705882353,,
test,5045,0.5,B0_SPC_observed,QUALITY_DRIFT,True,13.730986754209898,5.012127239822025,0.005,56,0.017857142857142856,1.0,0.0,0.0,13.0,,0.0,0.0,0.0,43973.70471322899,
test,5045,0.5,B0_SPC_observed,QUALITY_DRIFT,True,13.730986754209898,5.012127239822025,0.01,56,0.017857142857142856,1.0,0.0,0.0,13.0,,0.0,0.0,0.0,43973.70471322899,
test,5045,0.5,B0_SPC_observed,QUALITY_DRIFT,True,13.730986754209898,5.012127239822025,0.02,56,0.017857142857142856,1.0,0.0,0.0,13.0,,0.0,0.0,0.0,43973.70471322899,
test,5045,0.5,B0_SPC_observed,QUALITY_DRIFT,True,13.730986754209898,5.012127239822025,0.05,56,0.03571428571428571,1.0,0.0,0.0,13.0,,0.0,0.0,0.0,43973.70471322899,
test,5045,0.5,B0_SPC_observed,QUALITY_DRIFT,True,13.730986754209898,5.012127239822025,0.1,56,0.03571428571428571,1.0,0.0,0.0,13.0,,0.0,0.0,0.0,43973.70471322899,
test,5045,0.5,B1_IsolationForest,QUALITY_DRIFT,True,13.730986754209898,0.7423023198141773,0.005,56,0.0,0.0,,,,,0.0,0.0,0.0,,
test,5045,0.5,B1_IsolationForest,QUALITY_DRIFT,True,13.730986754209898,0.7423023198141773,0.01,56,0.0,0.0,,,,,0.0,0.0,0.014705882352941176,,
test,5045,0.5,B1_IsolationForest,QUALITY_DRIFT,True,13.730986754209898,0.7423023198141773,0.02,56,0.0,0.0,,,,,0.0,0.0,0.022058823529411766,,
test,5045,0.5,B1_IsolationForest,QUALITY_DRIFT,True,13.730986754209898,0.7423023198141773,0.05,56,0.0,0.0,,,,,0.0,0.0,0.0661764705882353,,
test,5045,0.5,B1_IsolationForest,QUALITY_DRIFT,True,13.730986754209898,0.7423023198141773,0.1,56,0.0,0.0,,,,,0.0,0.0,0.09558823529411764,,
test,5045,0.25,RippleTwin,QUALITY_DRIFT,True,13.730986754209898,23.87887940963418,0.005,56,0.0,0.0,,,,,0.0,0.0,0.022058823529411766,,
test,5045,0.25,RippleTwin,QUALITY_DRIFT,True,13.730986754209898,23.87887940963418,0.01,56,0.0,0.0,,,,,0.0,0.0,0.022058823529411766,,
test,5045,0.25,RippleTwin,QUALITY_DRIFT,True,13.730986754209898,23.87887940963418,0.02,56,0.0,0.0,,,,,0.0,0.0,0.09558823529411764,,
test,5045,0.25,RippleTwin,QUALITY_DRIFT,True,13.730986754209898,23.87887940963418,0.05,56,0.0,0.0,,,,,0.0,0.0,0.125,,
test,5045,0.25,RippleTwin,QUALITY_DRIFT,True,13.730986754209898,23.87887940963418,0.1,56,0.0,0.0,,,,,0.0,0.0,0.17647058823529413,,
test,5045,0.25,B2_observed_only_twin,QUALITY_DRIFT,True,13.730986754209898,23.87066583332845,0.005,56,0.0,0.0,,,,,0.0,0.0,0.014705882352941176,,
test,5045,0.25,B2_observed_only_twin,QUALITY_DRIFT,True,13.730986754209898,23.87066583332845,0.01,56,0.0,0.0,,,,,0.0,0.0,0.022058823529411766,,
test,5045,0.25,B2_observed_only_twin,QUALITY_DRIFT,True,13.730986754209898,23.87066583332845,0.02,56,0.0,0.0,,,,,0.0,0.0,0.08823529411764706,,
test,5045,0.25,B2_observed_only_twin,QUALITY_DRIFT,True,13.730986754209898,23.87066583332845,0.05,56,0.0,0.0,,,,,0.0,0.0,0.125,,
test,5045,0.25,B2_observed_only_twin,QUALITY_DRIFT,True,13.730986754209898,23.87066583332845,0.1,56,0.0,0.0,,,,,0.0,0.0,0.21323529411764705,,
test,5045,0.25,B0_SPC_observed,QUALITY_DRIFT,True,13.730986754209898,4.674774997918179,0.005,56,0.0,0.0,,,,,0.0,0.0,0.0,,
test,5045,0.25,B0_SPC_observed,QUALITY_DRIFT,True,13.730986754209898,4.674774997918179,0.01,56,0.0,0.0,,,,,0.0,0.0,0.0,,
test,5045,0.25,B0_SPC_observed,QUALITY_DRIFT,True,13.730986754209898,4.674774997918179,0.02,56,0.0,0.0,,,,,0.0,0.0,0.0,,
test,5045,0.25,B0_SPC_observed,QUALITY_DRIFT,True,13.730986754209898,4.674774997918179,0.05,56,0.0,0.0,,,,,0.0,0.0,0.007352941176470588,,
test,5045,0.25,B0_SPC_observed,QUALITY_DRIFT,True,13.730986754209898,4.674774997918179,0.1,56,0.0,0.0,,,,,0.0,0.0,0.014705882352941176,,
test,5045,0.25,B1_IsolationForest,QUALITY_DRIFT,True,13.730986754209898,0.7158774793615637,0.005,56,0.0,0.0,,,,,0.0,0.0,0.0,,
test,5045,0.25,B1_IsolationForest,QUALITY_DRIFT,True,13.730986754209898,0.7158774793615637,0.01,56,0.0,0.0,,,,,0.0,0.0,0.0,,
test,5045,0.25,B1_IsolationForest,QUALITY_DRIFT,True,13.730986754209898,0.7158774793615637,0.02,56,0.0,0.0,,,,,0.0,0.0,0.007352941176470588,,
test,5045,0.25,B1_IsolationForest,QUALITY_DRIFT,True,13.730986754209898,0.7158774793615637,0.05,56,0.017857142857142856,1.0,0.0,0.0,32.0,,0.0,0.0,0.022058823529411766,39115.39894118186,
test,5045,0.25,B1_IsolationForest,QUALITY_DRIFT,True,13.730986754209898,0.7158774793615637,0.1,56,0.017857142857142856,1.0,0.0,0.0,32.0,,0.0,0.0,0.04411764705882353,39115.39894118186,
test,5046,1.0,RippleTwin,SLOWDOWN,False,1.3067344976587847,42.5638498837417,0.005,78,0.6538461538461539,1.0,1.0,1.0,0.0,451.860510857599,1.0,1.0,0.042735042735042736,18110.6174930336,18110.6174930336
test,5046,1.0,RippleTwin,SLOWDOWN,False,1.3067344976587847,42.5638498837417,0.01,78,0.6538461538461539,1.0,1.0,1.0,0.0,451.860510857599,1.0,1.0,0.06837606837606838,18110.6174930336,18110.6174930336
test,5046,1.0,RippleTwin,SLOWDOWN,False,1.3067344976587847,42.5638498837417,0.02,78,0.6666666666666666,1.0,1.0,1.0,0.0,451.860510857599,1.0,1.0,0.07692307692307693,18110.6174930336,18110.6174930336
test,5046,1.0,RippleTwin,SLOWDOWN,False,1.3067344976587847,42.5638498837417,0.05,78,0.6666666666666666,1.0,1.0,1.0,0.0,451.860510857599,1.0,1.0,0.1111111111111111,18110.6174930336,18110.6174930336
test,5046,1.0,RippleTwin,SLOWDOWN,False,1.3067344976587847,42.5638498837417,0.1,78,0.6666666666666666,1.0,1.0,1.0,0.0,451.860510857599,1.0,1.0,0.15384615384615385,18110.6174930336,18110.6174930336
test,5046,1.0,B2_observed_only_twin,SLOWDOWN,False,1.3067344976587847,42.5638498837417,0.005,78,0.6538461538461539,1.0,1.0,1.0,0.0,451.860510857599,1.0,1.0,0.042735042735042736,18110.6174930336,18110.6174930336
test,5046,1.0,B2_observed_only_twin,SLOWDOWN,False,1.3067344976587847,42.5638498837417,0.01,78,0.6538461538461539,1.0,1.0,1.0,0.0,451.860510857599,1.0,1.0,0.06837606837606838,18110.6174930336,18110.6174930336
test,5046,1.0,B2_observed_only_twin,SLOWDOWN,False,1.3067344976587847,42.5638498837417,0.02,78,0.6666666666666666,1.0,1.0,1.0,0.0,451.860510857599,1.0,1.0,0.07692307692307693,18110.6174930336,18110.6174930336
test,5046,1.0,B2_observed_only_twin,SLOWDOWN,False,1.3067344976587847,42.5638498837417,0.05,78,0.6666666666666666,1.0,1.0,1.0,0.0,451.860510857599,1.0,1.0,0.1111111111111111,18110.6174930336,18110.6174930336
test,5046,1.0,B2_observed_only_twin,SLOWDOWN,False,1.3067344976587847,42.5638498837417,0.1,78,0.6666666666666666,1.0,1.0,1.0,0.0,451.860510857599,1.0,1.0,0.15384615384615385,18110.6174930336,18110.6174930336
test,5046,1.0,B0_SPC_observed,SLOWDOWN,False,1.3067344976587847,5.124273832797681,0.005,78,0.6410256410256411,1.0,1.0,1.0,0.0,451.860510857599,1.0,1.0,0.09401709401709402,18110.6174930336,18110.6174930336
test,5046,1.0,B0_SPC_observed,SLOWDOWN,False,1.3067344976587847,5.124273832797681,0.01,78,0.6666666666666666,1.0,0.9615384615384616,0.9615384615384616,0.0,451.860510857599,1.0,1.0,0.10256410256410256,18110.6174930336,18110.6174930336
test,5046,1.0,B0_SPC_observed,SLOWDOWN,False,1.3067344976587847,5.124273832797681,0.02,78,0.6666666666666666,1.0,0.9615384615384616,0.9615384615384616,0.0,451.860510857599,1.0,1.0,0.1111111111111111,18110.6174930336,18110.6174930336
test,5046,1.0,B0_SPC_observed,SLOWDOWN,False,1.3067344976587847,5.124273832797681,0.05,78,0.7051282051282052,1.0,0.9090909090909091,0.9090909090909091,0.0,451.860510857599,1.0,1.0,0.1282051282051282,18110.6174930336,18110.6174930336
test,5046,1.0,B0_SPC_observed,SLOWDOWN,False,1.3067344976587847,5.124273832797681,0.1,78,0.717948717948718,1.0,0.8928571428571429,0.8928571428571429,0.0,451.860510857599,1.0,1.0,0.13675213675213677,18110.6174930336,18110.6174930336
test,5046,1.0,B1_IsolationForest,SLOWDOWN,False,1.3067344976587847,0.7784702529546166,0.005,78,0.0,0.0,,,,,0.0,0.0,0.008547008547008548,,
test,5046,1.0,B1_IsolationForest,SLOWDOWN,False,1.3067344976587847,0.7784702529546166,0.01,78,0.0,0.0,,,,,0.0,0.0,0.008547008547008548,,
test,5046,1.0,B1_IsolationForest,SLOWDOWN,False,1.3067344976587847,0.7784702529546166,0.02,78,0.0,0.0,,,,,0.0,0.0,0.02564102564102564,,
test,5046,1.0,B1_IsolationForest,SLOWDOWN,False,1.3067344976587847,0.7784702529546166,0.05,78,0.05128205128205128,1.0,0.0,0.0,17.0,,0.0,0.0,0.05128205128205128,25621.671848328588,
test,5046,1.0,B1_IsolationForest,SLOWDOWN,False,1.3067344976587847,0.7784702529546166,0.1,78,0.08974358974358974,1.0,0.0,0.0,17.0,,0.0,0.0,0.08547008547008547,24717.736148094937,
test,5046,0.75,RippleTwin,SLOWDOWN,True,1.3067344976587847,31.30364205825687,0.005,78,0.1282051282051282,1.0,0.0,0.0,3.0,,0.0,0.0,0.0,21717.45101762247,
test,5046,0.75,RippleTwin,SLOWDOWN,True,1.3067344976587847,31.30364205825687,0.01,78,0.14102564102564102,1.0,0.09090909090909091,0.09090909090909091,3.0,256.7585083792889,0.0,0.0,0.0,21717.45101762247,29816.737641732205
test,5046,0.75,RippleTwin,SLOWDOWN,True,1.3067344976587847,31.30364205825687,0.02,78,0.23076923076923078,1.0,0.1111111111111111,0.1111111111111111,3.0,451.860510857599,0.0,0.0,0.017094017094017096,18110.6174930336,18110.6174930336
test,5046,0.75,RippleTwin,SLOWDOWN,True,1.3067344976587847,31.30364205825687,0.05,78,0.3717948717948718,1.0,0.20689655172413793,0.20689655172413793,3.0,451.860510857599,0.0,0.0,0.03418803418803419,18110.6174930336,18110.6174930336
test,5046,0.75,RippleTwin,SLOWDOWN,True,1.3067344976587847,31.30364205825687,0.1,78,0.48717948717948717,1.0,0.15789473684210525,0.15789473684210525,3.0,451.860510857599,0.0,0.0,0.09401709401709402,18110.6174930336,18110.6174930336
test,5046,0.75,B2_observed_only_twin,SLOWDOWN,True,1.3067344976587847,31.30364205825687,0.005,78,0.1282051282051282,1.0,0.0,0.0,2.0,,0.0,0.0,0.0,21717.45101762247,
test,5046,0.75,B2_observed_only_twin,SLOWDOWN,True,1.3067344976587847,31.30364205825687,0.01,78,0.1282051282051282,1.0,0.0,0.0,2.0,,0.0,0.0,0.0,21717.45101762247,
test,5046,0.75,B2_observed_only_twin,SLOWDOWN,True,1.3067344976587847,31.30364205825687,0.02,78,0.28205128205128205,1.0,0.0,0.13636363636363635,2.0,451.860510857599,0.0,0.0,0.017094017094017096,18110.6174930336,18110.6174930336
test,5046,0.75,B2_observed_only_twin,SLOWDOWN,True,1.3067344976587847,31.30364205825687,0.05,78,0.4358974358974359,1.0,0.0,0.20588235294117646,2.0,451.860510857599,0.0,0.0,0.03418803418803419,18110.6174930336,18110.6174930336
test,5046,0.75,B2_observed_only_twin,SLOWDOWN,True,1.3067344976587847,31.30364205825687,0.1,78,0.5384615384615384,1.0,0.0,0.16666666666666666,2.0,451.860510857599,0.0,0.0,0.09401709401709402,18110.6174930336,18110.6174930336
test,5046,0.75,B0_SPC_observed,SLOWDOWN,True,1.3067344976587847,5.061702559429017,0.005,78,0.02564102564102564,1.0,0.0,0.0,2.0,,0.0,0.0,0.008547008547008548,19015.31107938965,
test,5046,0.75,B0_SPC_observed,SLOWDOWN,True,1.3067344976587847,5.061702559429017,0.01,78,0.038461538461538464,1.0,0.0,0.0,2.0,,0.0,0.0,0.017094017094017096,19015.31107938965,
test,5046,0.75,B0_SPC_observed,SLOWDOWN,True,1.3067344976587847,5.061702559429017,0.02,78,0.038461538461538464,1.0,0.0,0.0,2.0,,0.0,0.0,0.017094017094017096,19015.31107938965,
test,5046,0.75,B0_SPC_observed,SLOWDOWN,True,1.3067344976587847,5.061702559429017,0.05,78,0.07692307692307693,1.0,0.0,0.0,2.0,,0.0,0.0,0.03418803418803419,19015.31107938965,
test,5046,0.75,B0_SPC_observed,SLOWDOWN,True,1.3067344976587847,5.061702559429017,0.1,78,0.08974358974358974,1.0,0.0,0.0,2.0,,0.0,0.0,0.042735042735042736,19015.31107938965,
test,5046,0.75,B1_IsolationForest,SLOWDOWN,True,1.3067344976587847,0.7423023198141773,0.005,78,0.05128205128205128,1.0,0.0,0.0,17.0,,0.0,0.0,0.03418803418803419,25621.671848328588,
test,5046,0.75,B1_IsolationForest,SLOWDOWN,True,1.3067344976587847,0.7423023198141773,0.01,78,0.0641025641025641,1.0,0.0,0.0,17.0,,0.0,0.0,0.03418803418803419,25317.794362423017,
test,5046,0.75,B1_IsolationForest,SLOWDOWN,True,1.3067344976587847,0.7423023198141773,0.02,78,0.0641025641025641,1.0,0.0,0.0,17.0,,0.0,0.0,0.03418803418803419,25317.794362423017,
test,5046,0.75,B1_IsolationForest,SLOWDOWN,True,1.3067344976587847,0.7423023198141773,0.05,78,0.08974358974358974,1.0,0.0,0.0,17.0,,0.0,0.0,0.06837606837606838,24717.736148094937,
test,5046,0.75,B1_IsolationForest,SLOWDOWN,True,1.3067344976587847,0.7423023198141773,0.1,78,0.19230769230769232,1.0,0.0,0.0,17.0,,0.0,0.0,0.1282051282051282,22017.267329322203,
test,5046,0.5,RippleTwin,SLOWDOWN,True,1.3067344976587847,39.99294167411538,0.005,78,0.14102564102564102,1.0,0.09090909090909091,0.09090909090909091,3.0,256.7585083792889,0.0,0.0,0.0,21717.45101762247,29816.737641732205
test,5046,0.5,RippleTwin,SLOWDOWN,True,1.3067344976587847,39.99294167411538,0.01,78,0.14102564102564102,1.0,0.09090909090909091,0.09090909090909091,3.0,256.7585083792889,0.0,0.0,0.0,21717.45101762247,29816.737641732205
test,5046,0.5,RippleTwin,SLOWDOWN,True,1.3067344976587847,39.99294167411538,0.02,78,0.2564102564102564,1.0,0.25,0.25,3.0,451.860510857599,0.0,0.0,0.008547008547008548,18110.6174930336,18110.6174930336
test,5046,0.5,RippleTwin,SLOWDOWN,True,1.3067344976587847,39.99294167411538,0.05,78,0.41025641025641024,1.0,0.28125,0.28125,3.0,451.860510857599,0.0,0.0,0.017094017094017096,18110.6174930336,18110.6174930336
test,5046,0.5,RippleTwin,SLOWDOWN,True,1.3067344976587847,39.99294167411538,0.1,78,0.5,1.0,0.23076923076923078,0.23076923076923078,3.0,451.860510857599,0.0,0.0,0.03418803418803419,18110.6174930336,18110.6174930336
test,5046,0.5,B2_observed_only_twin,SLOWDOWN,True,1.3067344976587847,39.987745614480566,0.005,78,0.1282051282051282,1.0,0.0,0.0,2.0,,0.0,0.0,0.0,21717.45101762247,
test,5046,0.5,B2_observed_only_twin,SLOWDOWN,True,1.3067344976587847,39.987745614480566,0.01,78,0.14102564102564102,1.0,0.0,0.09090909090909091,2.0,256.7585083792889,0.0,0.0,0.0,21717.45101762247,29816.737641732205
test,5046,0.5,B2_observed_only_twin,SLOWDOWN,True,1.3067344976587847,39.987745614480566,0.02,78,0.2564102564102564,1.0,0.0,0.15,2.0,451.860510857599,0.0,0.0,0.008547008547008548,18110.6174930336,18110.6174930336
test,5046,0.5,B2_observed_only_twin,SLOWDOWN,True,1.3067344976587847,39.987745614480566,0.05,78,0.41025641025641024,1.0,0.0,0.21875,2.0,451.860510857599,0.0,0.0,0.017094017094017096,18110.6174930336,18110.6174930336
test,5046,0.5,B2_observed_only_twin,SLOWDOWN,True,1.3067344976587847,39.987745614480566,0.1,78,0.5256410256410257,1.0,0.0,0.17073170731707318,2.0,451.860510857599,0.0,0.0,0.03418803418803419,18110.6174930336,18110.6174930336
test,5046,0.5,B0_SPC_observed,SLOWDOWN,True,1.3067344976587847,5.012127239822025,0.005,78,0.02564102564102564,1.0,0.0,0.0,2.0,,0.0,0.0,0.0,19015.31107938965,
test,5046,0.5,B0_SPC_observed,SLOWDOWN,True,1.3067344976587847,5.012127239822025,0.01,78,0.038461538461538464,1.0,0.0,0.0,2.0,,0.0,0.0,0.0,19015.31107938965,
test,5046,0.5,B0_SPC_observed,SLOWDOWN,True,1.3067344976587847,5.012127239822025,0.02,78,0.0641025641025641,1.0,0.0,0.0,2.0,,0.0,0.0,0.008547008547008548,19015.31107938965,
test,5046,0.5,B0_SPC_observed,SLOWDOWN,True,1.3067344976587847,5.012127239822025,0.05,78,0.07692307692307693,1.0,0.0,0.0,2.0,,0.0,0.0,0.008547008547008548,19015.31107938965,
test,5046,0.5,B0_SPC_observed,SLOWDOWN,True,1.3067344976587847,5.012127239822025,0.1,78,0.10256410256410256,1.0,0.0,0.0,2.0,,0.0,0.0,0.02564102564102564,19015.31107938965,
test,5046,0.5,B1_IsolationForest,SLOWDOWN,True,1.3067344976587847,0.7423023198141773,0.005,78,0.01282051282051282,1.0,0.0,0.0,28.0,,0.0,0.0,0.0,26220.90326568182,
test,5046,0.5,B1_IsolationForest,SLOWDOWN,True,1.3067344976587847,0.7423023198141773,0.01,78,0.01282051282051282,1.0,0.0,0.0,28.0,,0.0,0.0,0.0,26220.90326568182,
test,5046,0.5,B1_IsolationForest,SLOWDOWN,True,1.3067344976587847,0.7423023198141773,0.02,78,0.01282051282051282,1.0,0.0,0.0,28.0,,0.0,0.0,0.0,26220.90326568182,
test,5046,0.5,B1_IsolationForest,SLOWDOWN,True,1.3067344976587847,0.7423023198141773,0.05,78,0.01282051282051282,1.0,0.0,0.0,28.0,,0.0,0.0,0.008547008547008548,26220.90326568182,
test,5046,0.5,B1_IsolationForest,SLOWDOWN,True,1.3067344976587847,0.7423023198141773,0.1,78,0.16666666666666666,1.0,0.0,0.0,25.0,,0.0,0.0,0.10256410256410256,19918.257905185375,
test,5046,0.25,RippleTwin,SLOWDOWN,True,1.3067344976587847,23.87887940963418,0.005,78,0.08974358974358974,1.0,0.0,0.0,3.0,,0.0,0.0,0.008547008547008548,18110.6174930336,
test,5046,0.25,RippleTwin,SLOWDOWN,True,1.3067344976587847,23.87887940963418,0.01,78,0.14102564102564102,1.0,0.0,0.0,3.0,,0.0,0.0,0.008547008547008548,18110.6174930336,
test,5046,0.25,RippleTwin,SLOWDOWN,True,1.3067344976587847,23.87887940963418,0.02,78,0.34615384615384615,1.0,0.0,0.0,2.0,,0.0,0.0,0.03418803418803419,18110.6174930336,
test,5046,0.25,RippleTwin,SLOWDOWN,True,1.3067344976587847,23.87887940963418,0.05,78,0.34615384615384615,1.0,0.0,0.0,2.0,,0.0,0.0,0.042735042735042736,18110.6174930336,
test,5046,0.25,RippleTwin,SLOWDOWN,True,1.3067344976587847,23.87887940963418,0.1,78,0.358974358974359,1.0,0.0,0.0,2.0,,0.0,0.0,0.09401709401709402,18110.6174930336,
test,5046,0.25,B2_observed_only_twin,SLOWDOWN,True,1.3067344976587847,23.87066583332845,0.005,78,0.10256410256410256,1.0,0.0,0.0,2.0,,0.0,0.0,0.008547008547008548,18110.6174930336,
test,5046,0.25,B2_observed_only_twin,SLOWDOWN,True,1.3067344976587847,23.87066583332845,0.01,78,0.10256410256410256,1.0,0.0,0.0,2.0,,0.0,0.0,0.008547008547008548,18110.6174930336,
test,5046,0.25,B2_observed_only_twin,SLOWDOWN,True,1.3067344976587847,23.87066583332845,0.02,78,0.34615384615384615,1.0,0.0,0.0,2.0,,0.0,0.0,0.02564102564102564,18110.6174930336,
test,5046,0.25,B2_observed_only_twin,SLOWDOWN,True,1.3067344976587847,23.87066583332845,0.05,78,0.358974358974359,1.0,0.0,0.0,2.0,,0.0,0.0,0.042735042735042736,18110.6174930336,
test,5046,0.25,B2_observed_only_twin,SLOWDOWN,True,1.3067344976587847,23.87066583332845,0.1,78,0.41025641025641024,1.0,0.0,0.0,2.0,,0.0,0.0,0.10256410256410256,18110.6174930336,
test,5046,0.25,B0_SPC_observed,SLOWDOWN,True,1.3067344976587847,4.674774997918179,0.005,78,0.0,0.0,,,,,0.0,0.0,0.0,,
test,5046,0.25,B0_SPC_observed,SLOWDOWN,True,1.3067344976587847,4.674774997918179,0.01,78,0.0,0.0,,,,,0.0,0.0,0.0,,
test,5046,0.25,B0_SPC_observed,SLOWDOWN,True,1.3067344976587847,4.674774997918179,0.02,78,0.0,0.0,,,,,0.0,0.0,0.017094017094017096,,
test,5046,0.25,B0_SPC_observed,SLOWDOWN,True,1.3067344976587847,4.674774997918179,0.05,78,0.0,0.0,,,,,0.0,0.0,0.02564102564102564,,
test,5046,0.25,B0_SPC_observed,SLOWDOWN,True,1.3067344976587847,4.674774997918179,0.1,78,0.0,0.0,,,,,0.0,0.0,0.03418803418803419,,
test,5046,0.25,B1_IsolationForest,SLOWDOWN,True,1.3067344976587847,0.7158774793615637,0.005,78,0.01282051282051282,1.0,0.0,0.0,16.0,,0.0,0.0,0.0,34016.88322090197,
test,5046,0.25,B1_IsolationForest,SLOWDOWN,True,1.3067344976587847,0.7158774793615637,0.01,78,0.01282051282051282,1.0,0.0,0.0,16.0,,0.0,0.0,0.0,34016.88322090197,
test,5046,0.25,B1_IsolationForest,SLOWDOWN,True,1.3067344976587847,0.7158774793615637,0.02,78,0.0641025641025641,1.0,0.0,0.0,16.0,,0.0,0.0,0.0,25005.284001730895,
test,5046,0.25,B1_IsolationForest,SLOWDOWN,True,1.3067344976587847,0.7158774793615637,0.05,78,0.1794871794871795,1.0,0.0,0.0,12.0,,0.0,0.0,0.02564102564102564,19918.257905185375,
test,5046,0.25,B1_IsolationForest,SLOWDOWN,True,1.3067344976587847,0.7158774793615637,0.1,78,0.20512820512820512,1.0,0.0,0.0,12.0,,0.0,0.0,0.02564102564102564,19918.257905185375,
test,5047,1.0,RippleTwin,QUALITY_DRIFT,False,6.1184600243400515,42.5638498837417,0.005,57,0.0,0.0,,,,,0.0,0.0,0.0,,
test,5047,1.0,RippleTwin,QUALITY_DRIFT,False,6.1184600243400515,42.5638498837417,0.01,57,0.017543859649122806,1.0,0.0,0.0,20.0,,0.0,0.0,0.0,47802.80518789337,
test,5047,1.0,RippleTwin,QUALITY_DRIFT,False,6.1184600243400515,42.5638498837417,0.02,57,0.03508771929824561,1.0,0.0,0.0,19.5,,0.0,0.0,0.014925373134328358,37618.926387292864,
test,5047,1.0,RippleTwin,QUALITY_DRIFT,False,6.1184600243400515,42.5638498837417,0.05,57,0.05263157894736842,1.0,0.0,0.0,20.0,,0.0,0.0,0.03731343283582089,37618.926387292864,
test,5047,1.0,RippleTwin,QUALITY_DRIFT,False,6.1184600243400515,42.5638498837417,0.1,57,0.07017543859649122,1.0,0.0,0.0,19.5,,0.0,0.0,0.05970149253731343,37618.926387292864,
test,5047,1.0,B2_observed_only_twin,QUALITY_DRIFT,False,6.1184600243400515,42.5638498837417,0.005,57,0.0,0.0,,,,,0.0,0.0,0.0,,
test,5047,1.0,B2_observed_only_twin,QUALITY_DRIFT,False,6.1184600243400515,42.5638498837417,0.01,57,0.017543859649122806,1.0,0.0,0.0,20.0,,0.0,0.0,0.0,47802.80518789337,
test,5047,1.0,B2_observed_only_twin,QUALITY_DRIFT,False,6.1184600243400515,42.5638498837417,0.02,57,0.03508771929824561,1.0,0.0,0.0,19.5,,0.0,0.0,0.014925373134328358,37618.926387292864,
test,5047,1.0,B2_observed_only_twin,QUALITY_DRIFT,False,6.1184600243400515,42.5638498837417,0.05,57,0.05263157894736842,1.0,0.0,0.0,20.0,,0.0,0.0,0.03731343283582089,37618.926387292864,
test,5047,1.0,B2_observed_only_twin,QUALITY_DRIFT,False,6.1184600243400515,42.5638498837417,0.1,57,0.07017543859649122,1.0,0.0,0.0,19.5,,0.0,0.0,0.05970149253731343,37618.926387292864,
test,5047,1.0,B0_SPC_observed,QUALITY_DRIFT,False,6.1184600243400515,5.124273832797681,0.005,57,0.0,0.0,,,,,0.0,0.0,0.0,,
test,5047,1.0,B0_SPC_observed,QUALITY_DRIFT,False,6.1184600243400515,5.124273832797681,0.01,57,0.0,0.0,,,,,0.0,0.0,0.0,,
test,5047,1.0,B0_SPC_observed,QUALITY_DRIFT,False,6.1184600243400515,5.124273832797681,0.02,57,0.0,0.0,,,,,0.0,0.0,0.007462686567164179,,
test,5047,1.0,B0_SPC_observed,QUALITY_DRIFT,False,6.1184600243400515,5.124273832797681,0.05,57,0.017543859649122806,1.0,0.0,0.0,27.0,,0.0,0.0,0.022388059701492536,39119.97453348438,
test,5047,1.0,B0_SPC_observed,QUALITY_DRIFT,False,6.1184600243400515,5.124273832797681,0.1,57,0.017543859649122806,1.0,0.0,0.0,27.0,,0.0,0.0,0.04477611940298507,36420.670062174846,
test,5047,1.0,B1_IsolationForest,QUALITY_DRIFT,False,6.1184600243400515,0.7784702529546166,0.005,57,0.0,0.0,,,,,0.0,0.0,0.0,,
test,5047,1.0,B1_IsolationForest,QUALITY_DRIFT,False,6.1184600243400515,0.7784702529546166,0.01,57,0.0,0.0,,,,,0.0,0.0,0.0,,
test,5047,1.0,B1_IsolationForest,QUALITY_DRIFT,False,6.1184600243400515,0.7784702529546166,0.02,57,0.0,0.0,,,,,0.0,0.0,0.0,,
test,5047,1.0,B1_IsolationForest,QUALITY_DRIFT,False,6.1184600243400515,0.7784702529546166,0.05,57,0.0,0.0,,,,,0.0,0.0,0.07462686567164178,,
test,5047,1.0,B1_IsolationForest,QUALITY_DRIFT,False,6.1184600243400515,0.7784702529546166,0.1,57,0.0,0.0,,,,,0.0,0.0,0.13432835820895522,,
test,5047,0.75,RippleTwin,QUALITY_DRIFT,False,6.1184600243400515,31.30364205825687,0.005,57,0.0,0.0,,,,,0.0,0.0,0.0,,
test,5047,0.75,RippleTwin,QUALITY_DRIFT,False,6.1184600243400515,31.30364205825687,0.01,57,0.017543859649122806,1.0,0.0,0.0,20.0,,0.0,0.0,0.0,37926.939412352374,
test,5047,0.75,RippleTwin,QUALITY_DRIFT,False,6.1184600243400515,31.30364205825687,0.02,57,0.017543859649122806,1.0,0.0,0.0,20.0,,0.0,0.0,0.014925373134328358,37618.926387292864,
test,5047,0.75,RippleTwin,QUALITY_DRIFT,False,6.1184600243400515,31.30364205825687,0.05,57,0.03508771929824561,1.0,0.0,0.0,20.0,,0.0,0.0,0.03731343283582089,37618.926387292864,
test,5047,0.75,RippleTwin,QUALITY_DRIFT,False,6.1184600243400515,31.30364205825687,0.1,57,0.07017543859649122,1.0,0.0,0.0,20.0,,0.0,0.0,0.08955223880597014,37618.926387292864,
test,5047,0.75,B2_observed_only_twin,QUALITY_DRIFT,False,6.1184600243400515,31.30364205825687,0.005,57,0.0,0.0,,,,,0.0,0.0,0.0,,
test,5047,0.75,B2_observed_only_twin,QUALITY_DRIFT,False,6.1184600243400515,31.30364205825687,0.01,57,0.017543859649122806,1.0,0.0,0.0,19.0,,0.0,0.0,0.0,47802.80518789337,
test,5047,0.75,B2_observed_only_twin,QUALITY_DRIFT,False,6.1184600243400515,31.30364205825687,0.02,57,0.017543859649122806,1.0,0.0,0.0,19.0,,0.0,0.0,0.0,37618.926387292864,
test,5047,0.75,B2_observed_only_twin,QUALITY_DRIFT,False,6.1184600243400515,31.30364205825687,0.05,57,0.03508771929824561,1.0,0.0,0.0,19.0,,0.0,0.0,0.05223880597014925,37618.926387292864,
test,5047,0.75,B2_observed_only_twin,QUALITY_DRIFT,False,6.1184600243400515,31.30364205825687,0.1,57,0.07017543859649122,1.0,0.0,0.0,19.0,,0.0,0.0,0.1044776119402985,37618.926387292864,
test,5047,0.75,B0_SPC_observed,QUALITY_DRIFT,False,6.1184600243400515,5.061702559429017,0.005,57,0.0,0.0,,,,,0.0,0.0,0.0,,
test,5047,0.75,B0_SPC_observed,QUALITY_DRIFT,False,6.1184600243400515,5.061702559429017,0.01,57,0.0,0.0,,,,,0.0,0.0,0.007462686567164179,,
test,5047,0.75,B0_SPC_observed,QUALITY_DRIFT,False,6.1184600243400515,5.061702559429017,0.02,57,0.0,0.0,,,,,0.0,0.0,0.007462686567164179,,
test,5047,0.75,B0_SPC_observed,QUALITY_DRIFT,False,6.1184600243400515,5.061702559429017,0.05,57,0.017543859649122806,1.0,0.0,0.0,27.0,,0.0,0.0,0.022388059701492536,39119.97453348438,
test,5047,0.75,B0_SPC_observed,QUALITY_DRIFT,False,6.1184600243400515,5.061702559429017,0.1,57,0.017543859649122806,1.0,0.0,0.0,27.0,,0.0,0.0,0.04477611940298507,36420.670062174846,
test,5047,0.75,B1_IsolationForest,QUALITY_DRIFT,False,6.1184600243400515,0.7423023198141773,0.005,57,0.0,0.0,,,,,0.0,0.0,0.07462686567164178,,
test,5047,0.75,B1_IsolationForest,QUALITY_DRIFT,False,6.1184600243400515,0.7423023198141773,0.01,57,0.0,0.0,,,,,0.0,0.0,0.07462686567164178,,
test,5047,0.75,B1_IsolationForest,QUALITY_DRIFT,False,6.1184600243400515,0.7423023198141773,0.02,57,0.0,0.0,,,,,0.0,0.0,0.09701492537313433,,
test,5047,0.75,B1_IsolationForest,QUALITY_DRIFT,False,6.1184600243400515,0.7423023198141773,0.05,57,0.017543859649122806,1.0,0.0,0.0,3.0,,0.0,0.0,0.13432835820895522,40016.06997659065,
test,5047,0.75,B1_IsolationForest,QUALITY_DRIFT,False,6.1184600243400515,0.7423023198141773,0.1,57,0.017543859649122806,1.0,0.0,0.0,3.0,,0.0,0.0,0.17164179104477612,36420.670062174846,
test,5047,0.5,RippleTwin,QUALITY_DRIFT,True,6.1184600243400515,39.99294167411538,0.005,57,0.017543859649122806,1.0,0.0,0.0,20.0,,0.0,0.0,0.0,47802.80518789337,
test,5047,0.5,RippleTwin,QUALITY_DRIFT,True,6.1184600243400515,39.99294167411538,0.01,57,0.017543859649122806,1.0,0.0,0.0,20.0,,0.0,0.0,0.0,37926.939412352374,
test,5047,0.5,RippleTwin,QUALITY_DRIFT,True,6.1184600243400515,39.99294167411538,0.02,57,0.03508771929824561,1.0,0.0,0.0,20.0,,0.0,0.0,0.014925373134328358,37618.926387292864,
test,5047,0.5,RippleTwin,QUALITY_DRIFT,True,6.1184600243400515,39.99294167411538,0.05,57,0.05263157894736842,1.0,0.0,0.0,20.0,,0.0,0.0,0.03731343283582089,37618.926387292864,
test,5047,0.5,RippleTwin,QUALITY_DRIFT,True,6.1184600243400515,39.99294167411538,0.1,57,0.07017543859649122,1.0,0.0,0.0,20.0,,0.0,0.0,0.15671641791044777,37618.926387292864,
test,5047,0.5,B2_observed_only_twin,QUALITY_DRIFT,True,6.1184600243400515,39.987745614480566,0.005,57,0.017543859649122806,1.0,0.0,0.0,19.0,,0.0,0.0,0.0,47802.80518789337,
test,5047,0.5,B2_observed_only_twin,QUALITY_DRIFT,True,6.1184600243400515,39.987745614480566,0.01,57,0.017543859649122806,1.0,0.0,0.0,19.0,,0.0,0.0,0.0,47802.80518789337,
test,5047,0.5,B2_observed_only_twin,QUALITY_DRIFT,True,6.1184600243400515,39.987745614480566,0.02,57,0.03508771929824561,1.0,0.0,0.0,19.0,,0.0,0.0,0.007462686567164179,37618.926387292864,
test,5047,0.5,B2_observed_only_twin,QUALITY_DRIFT,True,6.1184600243400515,39.987745614480566,0.05,57,0.05263157894736842,1.0,0.0,0.0,19.0,,0.0,0.0,0.03731343283582089,37618.926387292864,
test,5047,0.5,B2_observed_only_twin,QUALITY_DRIFT,True,6.1184600243400515,39.987745614480566,0.1,57,0.07017543859649122,1.0,0.0,0.0,19.0,,0.0,0.0,0.1791044776119403,37618.926387292864,
test,5047,0.5,B0_SPC_observed,QUALITY_DRIFT,True,6.1184600243400515,5.012127239822025,0.005,57,0.0,0.0,,,,,0.0,0.0,0.0,,
test,5047,0.5,B0_SPC_observed,QUALITY_DRIFT,True,6.1184600243400515,5.012127239822025,0.01,57,0.0,0.0,,,,,0.0,0.0,0.0,,
test,5047,0.5,B0_SPC_observed,QUALITY_DRIFT,True,6.1184600243400515,5.012127239822025,0.02,57,0.0,0.0,,,,,0.0,0.0,0.0,,
test,5047,0.5,B0_SPC_observed,QUALITY_DRIFT,True,6.1184600243400515,5.012127239822025,0.05,57,0.017543859649122806,1.0,0.0,0.0,27.0,,0.0,0.0,0.007462686567164179,39119.97453348438,
test,5047,0.5,B0_SPC_observed,QUALITY_DRIFT,True,6.1184600243400515,5.012127239822025,0.1,57,0.03508771929824561,1.0,0.0,0.0,27.0,,0.0,0.0,0.06716417910447761,39119.97453348438,
test,5047,0.5,B1_IsolationForest,QUALITY_DRIFT,True,6.1184600243400515,0.7423023198141773,0.005,57,0.0,0.0,,,,,0.0,0.0,0.07462686567164178,,
test,5047,0.5,B1_IsolationForest,QUALITY_DRIFT,True,6.1184600243400515,0.7423023198141773,0.01,57,0.0,0.0,,,,,0.0,0.0,0.07462686567164178,,
test,5047,0.5,B1_IsolationForest,QUALITY_DRIFT,True,6.1184600243400515,0.7423023198141773,0.02,57,0.0,0.0,,,,,0.0,0.0,0.11194029850746269,,
test,5047,0.5,B1_IsolationForest,QUALITY_DRIFT,True,6.1184600243400515,0.7423023198141773,0.05,57,0.0,0.0,,,,,0.0,0.0,0.13432835820895522,,
test,5047,0.5,B1_IsolationForest,QUALITY_DRIFT,True,6.1184600243400515,0.7423023198141773,0.1,57,0.0,0.0,,,,,0.0,0.0,0.1865671641791045,,
test,5047,0.25,RippleTwin,QUALITY_DRIFT,True,6.1184600243400515,23.87887940963418,0.005,57,0.0,0.0,,,,,0.0,0.0,0.0,,
test,5047,0.25,RippleTwin,QUALITY_DRIFT,True,6.1184600243400515,23.87887940963418,0.01,57,0.0,0.0,,,,,0.0,0.0,0.0,,
test,5047,0.25,RippleTwin,QUALITY_DRIFT,True,6.1184600243400515,23.87887940963418,0.02,57,0.0,0.0,,,,,0.0,0.0,0.014925373134328358,,
test,5047,0.25,RippleTwin,QUALITY_DRIFT,True,6.1184600243400515,23.87887940963418,0.05,57,0.017543859649122806,1.0,0.0,0.0,20.0,,0.0,0.0,0.04477611940298507,37926.939412352374,
test,5047,0.25,RippleTwin,QUALITY_DRIFT,True,6.1184600243400515,23.87887940963418,0.1,57,0.07017543859649122,1.0,0.0,0.0,25.5,,0.0,0.0,0.16417910447761194,37926.939412352374,
test,5047,0.25,B2_observed_only_twin,QUALITY_DRIFT,True,6.1184600243400515,23.87066583332845,0.005,57,0.0,0.0,,,,,0.0,0.0,0.0,,
test,5047,0.25,B2_observed_only_twin,QUALITY_DRIFT,True,6.1184600243400515,23.87066583332845,0.01,57,0.0,0.0,,,,,0.0,0.0,0.0,,
test,5047,0.25,B2_observed_only_twin,QUALITY_DRIFT,True,6.1184600243400515,23.87066583332845,0.02,57,0.017543859649122806,1.0,0.0,0.0,19.0,,0.0,0.0,0.007462686567164179,47802.80518789337,
test,5047,0.25,B2_observed_only_twin,QUALITY_DRIFT,True,6.1184600243400515,23.87066583332845,0.05,57,0.05263157894736842,1.0,0.0,0.0,19.0,,0.0,0.0,0.022388059701492536,37926.939412352374,
test,5047,0.25,B2_observed_only_twin,QUALITY_DRIFT,True,6.1184600243400515,23.87066583332845,0.1,57,0.07017543859649122,1.0,0.0,0.0,23.0,,0.0,0.0,0.12686567164179105,37926.939412352374,
test,5047,0.25,B0_SPC_observed,QUALITY_DRIFT,True,6.1184600243400515,4.674774997918179,0.005,57,0.0,0.0,,,,,0.0,0.0,0.0,,
test,5047,0.25,B0_SPC_observed,QUALITY_DRIFT,True,6.1184600243400515,4.674774997918179,0.01,57,0.0,0.0,,,,,0.0,0.0,0.0,,
test,5047,0.25,B0_SPC_observed,QUALITY_DRIFT,True,6.1184600243400515,4.674774997918179,0.02,57,0.017543859649122806,1.0,0.0,0.0,27.0,,0.0,0.0,0.0,39119.97453348438,
test,5047,0.25,B0_SPC_observed,QUALITY_DRIFT,True,6.1184600243400515,4.674774997918179,0.05,57,0.03508771929824561,1.0,0.0,0.0,27.0,,0.0,0.0,0.0,39119.97453348438,
test,5047,0.25,B0_SPC_observed,QUALITY_DRIFT,True,6.1184600243400515,4.674774997918179,0.1,57,0.08771929824561403,1.0,0.0,0.0,9.0,,0.0,0.0,0.0,39119.97453348438,
test,5047,0.25,B1_IsolationForest,QUALITY_DRIFT,True,6.1184600243400515,0.7158774793615637,0.005,57,0.0,0.0,,,,,0.0,0.0,0.0,,
test,5047,0.25,B1_IsolationForest,QUALITY_DRIFT,True,6.1184600243400515,0.7158774793615637,0.01,57,0.0,0.0,,,,,0.0,0.0,0.0,,
test,5047,0.25,B1_IsolationForest,QUALITY_DRIFT,True,6.1184600243400515,0.7158774793615637,0.02,57,0.0,0.0,,,,,0.0,0.0,0.0,,
test,5047,0.25,B1_IsolationForest,QUALITY_DRIFT,True,6.1184600243400515,0.7158774793615637,0.05,57,0.0,0.0,,,,,0.0,0.0,0.007462686567164179,,
test,5047,0.25,B1_IsolationForest,QUALITY_DRIFT,True,6.1184600243400515,0.7158774793615637,0.1,57,0.0,0.0,,,,,0.0,0.0,0.022388059701492536,,
test,5048,1.0,RippleTwin,COMBINED,False,1.167618339699741,42.5638498837417,0.005,67,0.0,0.0,,,,,0.0,0.0,0.0,,
test,5048,1.0,RippleTwin,COMBINED,False,1.167618339699741,42.5638498837417,0.01,67,0.0,0.0,,,,,0.0,0.0,0.0,,
test,5048,1.0,RippleTwin,COMBINED,False,1.167618339699741,42.5638498837417,0.02,67,0.029850746268656716,1.0,1.0,1.0,0.0,,1.0,1.0,0.0,31024.59922049445,
test,5048,1.0,RippleTwin,COMBINED,False,1.167618339699741,42.5638498837417,0.05,67,0.417910447761194,1.0,0.8928571428571429,0.8928571428571429,0.0,,1.0,1.0,0.008264462809917356,24720.683040024796,
test,5048,1.0,RippleTwin,COMBINED,False,1.167618339699741,42.5638498837417,0.1,67,0.6716417910447762,1.0,0.9333333333333333,0.9333333333333333,0.0,,1.0,1.0,0.049586776859504134,24412.631271067545,
test,5048,1.0,B2_observed_only_twin,COMBINED,False,1.167618339699741,42.5638498837417,0.005,67,0.0,0.0,,,,,0.0,0.0,0.0,,
test,5048,1.0,B2_observed_only_twin,COMBINED,False,1.167618339699741,42.5638498837417,0.01,67,0.0,0.0,,,,,0.0,0.0,0.0,,
test,5048,1.0,B2_observed_only_twin,COMBINED,False,1.167618339699741,42.5638498837417,0.02,67,0.029850746268656716,1.0,1.0,1.0,0.0,,1.0,1.0,0.0,31024.59922049445,
test,5048,1.0,B2_observed_only_twin,COMBINED,False,1.167618339699741,42.5638498837417,0.05,67,0.417910447761194,1.0,0.8928571428571429,0.8928571428571429,0.0,,1.0,1.0,0.008264462809917356,24720.683040024796,
test,5048,1.0,B2_observed_only_twin,COMBINED,False,1.167618339699741,42.5638498837417,0.1,67,0.6716417910447762,1.0,0.9333333333333333,0.9333333333333333,0.0,,1.0,1.0,0.049586776859504134,24412.631271067545,
test,5048,1.0,B0_SPC_observed,COMBINED,False,1.167618339699741,5.124273832797681,0.005,67,0.5223880597014925,1.0,1.0,1.0,0.0,,1.0,1.0,0.008264462809917356,24412.631271067545,
test,5048,1.0,B0_SPC_observed,COMBINED,False,1.167618339699741,5.124273832797681,0.01,67,0.6268656716417911,1.0,1.0,1.0,0.0,,1.0,1.0,0.01652892561983471,24412.631271067545,
test,5048,1.0,B0_SPC_observed,COMBINED,False,1.167618339699741,5.124273832797681,0.02,67,0.6268656716417911,1.0,1.0,1.0,0.0,,1.0,1.0,0.03305785123966942,24412.631271067545,
test,5048,1.0,B0_SPC_observed,COMBINED,False,1.167618339699741,5.124273832797681,0.05,67,0.7313432835820896,1.0,1.0,1.0,0.0,,1.0,1.0,0.049586776859504134,24112.552237822485,
test,5048,1.0,B0_SPC_observed,COMBINED,False,1.167618339699741,5.124273832797681,0.1,67,0.746268656716418,1.0,0.98,0.98,0.0,,1.0,1.0,0.0743801652892562,24112.552237822485,
test,5048,1.0,B1_IsolationForest,COMBINED,False,1.167618339699741,0.7784702529546166,0.005,67,0.0,0.0,,,,,0.0,0.0,0.0,,
test,5048,1.0,B1_IsolationForest,COMBINED,False,1.167618339699741,0.7784702529546166,0.01,67,0.0,0.0,,,,,0.0,0.0,0.0,,
test,5048,1.0,B1_IsolationForest,COMBINED,False,1.167618339699741,0.7784702529546166,0.02,67,0.0,0.0,,,,,0.0,0.0,0.0,,
test,5048,1.0,B1_IsolationForest,COMBINED,False,1.167618339699741,0.7784702529546166,0.05,67,0.0,0.0,,,,,0.0,0.0,0.049586776859504134,,
test,5048,1.0,B1_IsolationForest,COMBINED,False,1.167618339699741,0.7784702529546166,0.1,67,0.0,0.0,,,,,0.0,0.0,0.09090909090909091,,
test,5048,0.75,RippleTwin,COMBINED,False,1.167618339699741,31.30364205825687,0.005,67,0.0,0.0,,,,,0.0,0.0,0.0,,
test,5048,0.75,RippleTwin,COMBINED,False,1.167618339699741,31.30364205825687,0.01,67,0.0,0.0,,,,,0.0,0.0,0.0,,
test,5048,0.75,RippleTwin,COMBINED,False,1.167618339699741,31.30364205825687,0.02,67,0.16417910447761194,1.0,1.0,1.0,0.0,,1.0,1.0,0.0,25010.68886675591,
test,5048,0.75,RippleTwin,COMBINED,False,1.167618339699741,31.30364205825687,0.05,67,0.5223880597014925,1.0,0.9714285714285714,0.9714285714285714,0.0,,1.0,1.0,0.01652892561983471,24720.683040024796,
test,5048,0.75,RippleTwin,COMBINED,False,1.167618339699741,31.30364205825687,0.1,67,0.6865671641791045,1.0,0.9347826086956522,0.9347826086956522,0.0,,1.0,1.0,0.06611570247933884,24412.631271067545,
test,5048,0.75,B2_observed_only_twin,COMBINED,False,1.167618339699741,31.30364205825687,0.005,67,0.0,0.0,,,,,0.0,0.0,0.0,,
test,5048,0.75,B2_observed_only_twin,COMBINED,False,1.167618339699741,31.30364205825687,0.01,67,0.0,0.0,,,,,0.0,0.0,0.0,,
test,5048,0.75,B2_observed_only_twin,COMBINED,False,1.167618339699741,31.30364205825687,0.02,67,0.23880597014925373,1.0,1.0,1.0,0.0,,1.0,1.0,0.0,25010.68886675591,
test,5048,0.75,B2_observed_only_twin,COMBINED,False,1.167618339699741,31.30364205825687,0.05,67,0.5970149253731343,1.0,0.975,0.975,0.0,,1.0,1.0,0.024793388429752067,24412.631271067545,
test,5048,0.75,B2_observed_only_twin,COMBINED,False,1.167618339699741,31.30364205825687,0.1,67,0.7164179104477612,1.0,0.9791666666666666,0.9791666666666666,0.0,,1.0,1.0,0.0743801652892562,24412.631271067545,
test,5048,0.75,B0_SPC_observed,COMBINED,False,1.167618339699741,5.061702559429017,0.005,67,0.6268656716417911,1.0,1.0,1.0,0.0,,1.0,1.0,0.008264462809917356,24412.631271067545,
test,5048,0.75,B0_SPC_observed,COMBINED,False,1.167618339699741,5.061702559429017,0.01,67,0.6268656716417911,1.0,1.0,1.0,0.0,,1.0,1.0,0.024793388429752067,24412.631271067545,
test,5048,0.75,B0_SPC_observed,COMBINED,False,1.167618339699741,5.061702559429017,0.02,67,0.6865671641791045,1.0,1.0,1.0,0.0,,1.0,1.0,0.03305785123966942,24112.552237822485,
test,5048,0.75,B0_SPC_observed,COMBINED,False,1.167618339699741,5.061702559429017,0.05,67,0.7313432835820896,1.0,1.0,1.0,0.0,,1.0,1.0,0.049586776859504134,24112.552237822485,
test,5048,0.75,B0_SPC_observed,COMBINED,False,1.167618339699741,5.061702559429017,0.1,67,0.746268656716418,1.0,0.98,0.98,0.0,,1.0,1.0,0.0743801652892562,24112.552237822485,
test,5048,0.75,B1_IsolationForest,COMBINED,False,1.167618339699741,0.7423023198141773,0.005,67,0.0,0.0,,,,,0.0,0.0,0.049586776859504134,,
test,5048,0.75,B1_IsolationForest,COMBINED,False,1.167618339699741,0.7423023198141773,0.01,67,0.0,0.0,,,,,0.0,0.0,0.06611570247933884,,
test,5048,0.75,B1_IsolationForest,COMBINED,False,1.167618339699741,0.7423023198141773,0.02,67,0.0,0.0,,,,,0.0,0.0,0.0743801652892562,,
test,5048,0.75,B1_IsolationForest,COMBINED,False,1.167618339699741,0.7423023198141773,0.05,67,0.0,0.0,,,,,0.0,0.0,0.09090909090909091,,
test,5048,0.75,B1_IsolationForest,COMBINED,False,1.167618339699741,0.7423023198141773,0.1,67,0.0,0.0,,,,,0.0,0.0,0.1322314049586777,,
test,5048,0.5,RippleTwin,COMBINED,False,1.167618339699741,39.99294167411538,0.005,67,0.0,0.0,,,,,0.0,0.0,0.0,,
test,5048,0.5,RippleTwin,COMBINED,False,1.167618339699741,39.99294167411538,0.01,67,0.0,0.0,,,,,0.0,0.0,0.0,,
test,5048,0.5,RippleTwin,COMBINED,False,1.167618339699741,39.99294167411538,0.02,67,0.029850746268656716,1.0,1.0,1.0,0.0,,1.0,1.0,0.0,31024.59922049445,
test,5048,0.5,RippleTwin,COMBINED,False,1.167618339699741,39.99294167411538,0.05,67,0.3582089552238806,1.0,0.875,0.875,0.0,,1.0,1.0,0.0,24720.683040024796,
test,5048,0.5,RippleTwin,COMBINED,False,1.167618339699741,39.99294167411538,0.1,67,0.582089552238806,1.0,0.9230769230769231,0.9230769230769231,0.0,,1.0,1.0,0.06611570247933884,24412.631271067545,
test,5048,0.5,B2_observed_only_twin,COMBINED,False,1.167618339699741,39.987745614480566,0.005,67,0.0,0.0,,,,,0.0,0.0,0.0,,
test,5048,0.5,B2_observed_only_twin,COMBINED,False,1.167618339699741,39.987745614480566,0.01,67,0.0,0.0,,,,,0.0,0.0,0.0,,
test,5048,0.5,B2_observed_only_twin,COMBINED,False,1.167618339699741,39.987745614480566,0.02,67,0.05970149253731343,1.0,1.0,1.0,0.0,,1.0,1.0,0.0,31024.59922049445,
test,5048,0.5,B2_observed_only_twin,COMBINED,False,1.167618339699741,39.987745614480566,0.05,67,0.4925373134328358,1.0,0.9090909090909091,0.9090909090909091,0.0,,1.0,1.0,0.008264462809917356,24720.683040024796,
test,5048,0.5,B2_observed_only_twin,COMBINED,False,1.167618339699741,39.987745614480566,0.1,67,0.6716417910447762,1.0,0.9333333333333333,0.9333333333333333,0.0,,1.0,1.0,0.06611570247933884,24412.631271067545,
test,5048,0.5,B0_SPC_observed,COMBINED,False,1.167618339699741,5.012127239822025,0.005,67,0.6268656716417911,1.0,1.0,1.0,0.0,,1.0,1.0,0.008264462809917356,24412.631271067545,
test,5048,0.5,B0_SPC_observed,COMBINED,False,1.167618339699741,5.012127239822025,0.01,67,0.6268656716417911,1.0,1.0,1.0,0.0,,1.0,1.0,0.03305785123966942,24412.631271067545,
test,5048,0.5,B0_SPC_observed,COMBINED,False,1.167618339699741,5.012127239822025,0.02,67,0.6865671641791045,1.0,1.0,1.0,0.0,,1.0,1.0,0.04132231404958678,24112.552237822485,
test,5048,0.5,B0_SPC_observed,COMBINED,False,1.167618339699741,5.012127239822025,0.05,67,0.7313432835820896,1.0,1.0,1.0,0.0,,1.0,1.0,0.05785123966942149,24112.552237822485,
test,5048,0.5,B0_SPC_observed,COMBINED,False,1.167618339699741,5.012127239822025,0.1,67,0.7313432835820896,1.0,1.0,1.0,0.0,,1.0,1.0,0.08264462809917356,24112.552237822485,
test,5048,0.5,B1_IsolationForest,COMBINED,False,1.167618339699741,0.7423023198141773,0.005,67,0.0,0.0,,,,,0.0,0.0,0.049586776859504134,,
test,5048,0.5,B1_IsolationForest,COMBINED,False,1.167618339699741,0.7423023198141773,0.01,67,0.0,0.0,,,,,0.0,0.0,0.06611570247933884,,
test,5048,0.5,B1_IsolationForest,COMBINED,False,1.167618339699741,0.7423023198141773,0.02,67,0.0,0.0,,,,,0.0,0.0,0.0743801652892562,,
test,5048,0.5,B1_IsolationForest,COMBINED,False,1.167618339699741,0.7423023198141773,0.05,67,0.0,0.0,,,,,0.0,0.0,0.10743801652892562,,
test,5048,0.5,B1_IsolationForest,COMBINED,False,1.167618339699741,0.7423023198141773,0.1,67,0.4626865671641791,1.0,1.0,1.0,0.0,,1.0,1.0,0.19008264462809918,27111.34963954072,
test,5048,0.25,RippleTwin,COMBINED,True,1.167618339699741,23.87887940963418,0.005,67,0.0,0.0,,,,,0.0,0.0,0.0,,
test,5048,0.25,RippleTwin,COMBINED,True,1.167618339699741,23.87887940963418,0.01,67,0.0,0.0,,,,,0.0,0.0,0.0,,
test,5048,0.25,RippleTwin,COMBINED,True,1.167618339699741,23.87887940963418,0.02,67,0.014925373134328358,1.0,0.0,0.0,15.0,,0.0,0.0,0.01652892561983471,28026.38888357457,
test,5048,0.25,RippleTwin,COMBINED,True,1.167618339699741,23.87887940963418,0.05,67,0.04477611940298507,1.0,0.0,0.0,15.0,,0.0,0.0,0.08264462809917356,28026.38888357457,
test,5048,0.25,RippleTwin,COMBINED,True,1.167618339699741,23.87887940963418,0.1,67,0.13432835820895522,1.0,0.0,0.0,15.0,,0.0,0.0,0.17355371900826447,28026.38888357457,
test,5048,0.25,B2_observed_only_twin,COMBINED,True,1.167618339699741,23.87066583332845,0.005,67,0.0,0.0,,,,,0.0,0.0,0.0,,
test,5048,0.25,B2_observed_only_twin,COMBINED,True,1.167618339699741,23.87066583332845,0.01,67,0.0,0.0,,,,,0.0,0.0,0.0,,
test,5048,0.25,B2_observed_only_twin,COMBINED,True,1.167618339699741,23.87066583332845,0.02,67,0.0,0.0,,,,,0.0,0.0,0.03305785123966942,,
test,5048,0.25,B2_observed_only_twin,COMBINED,True,1.167618339699741,23.87066583332845,0.05,67,0.04477611940298507,1.0,0.0,0.0,14.0,,0.0,0.0,0.12396694214876033,28026.38888357457,
test,5048,0.25,B2_observed_only_twin,COMBINED,True,1.167618339699741,23.87066583332845,0.1,67,0.14925373134328357,1.0,0.0,0.0,14.0,,0.0,0.0,0.21487603305785125,28026.38888357457,
test,5048,0.25,B0_SPC_observed,COMBINED,True,1.167618339699741,4.674774997918179,0.005,67,0.0,0.0,,,,,0.0,0.0,0.03305785123966942,,
test,5048,0.25,B0_SPC_observed,COMBINED,True,1.167618339699741,4.674774997918179,0.01,67,0.014925373134328358,1.0,0.0,0.0,9.0,,0.0,0.0,0.04132231404958678,35217.26666127076,
test,5048,0.25,B0_SPC_observed,COMBINED,True,1.167618339699741,4.674774997918179,0.02,67,0.014925373134328358,1.0,0.0,0.0,9.0,,0.0,0.0,0.049586776859504134,35217.26666127076,
test,5048,0.25,B0_SPC_observed,COMBINED,True,1.167618339699741,4.674774997918179,0.05,67,0.07462686567164178,1.0,0.0,0.0,9.0,,0.0,0.0,0.10743801652892562,34921.02949386536,
test,5048,0.25,B0_SPC_observed,COMBINED,True,1.167618339699741,4.674774997918179,0.1,67,0.07462686567164178,1.0,0.0,0.0,9.0,,0.0,0.0,0.15702479338842976,34921.02949386536,
test,5048,0.25,B1_IsolationForest,COMBINED,True,1.167618339699741,0.7158774793615637,0.005,67,0.0,0.0,,,,,0.0,0.0,0.0,,
test,5048,0.25,B1_IsolationForest,COMBINED,True,1.167618339699741,0.7158774793615637,0.01,67,0.0,0.0,,,,,0.0,0.0,0.0,,
test,5048,0.25,B1_IsolationForest,COMBINED,True,1.167618339699741,0.7158774793615637,0.02,67,0.0,0.0,,,,,0.0,0.0,0.008264462809917356,,
test,5048,0.25,B1_IsolationForest,COMBINED,True,1.167618339699741,0.7158774793615637,0.05,67,0.0,0.0,,,,,0.0,0.0,0.049586776859504134,,
test,5048,0.25,B1_IsolationForest,COMBINED,True,1.167618339699741,0.7158774793615637,0.1,67,0.014925373134328358,1.0,0.0,0.0,9.0,,0.0,0.0,0.05785123966942149,30719.737877343137,
test,5049,1.0,RippleTwin,MICROSTOP_BURST,False,11.192055204709195,42.5638498837417,0.005,74,0.0,0.0,,,,,0.0,0.0,0.0,,
test,5049,1.0,RippleTwin,MICROSTOP_BURST,False,11.192055204709195,42.5638498837417,0.01,74,0.0,0.0,,,,,0.0,0.0,0.0,,
test,5049,1.0,RippleTwin,MICROSTOP_BURST,False,11.192055204709195,42.5638498837417,0.02,74,0.16216216216216217,1.0,1.0,1.0,0.0,,1.0,1.0,0.03418803418803419,29224.73673575638,
test,5049,1.0,RippleTwin,MICROSTOP_BURST,False,11.192055204709195,42.5638498837417,0.05,74,0.3783783783783784,1.0,0.9642857142857143,0.9642857142857143,0.0,,1.0,1.0,0.05982905982905983,28927.42687377253,
test,5049,1.0,RippleTwin,MICROSTOP_BURST,False,11.192055204709195,42.5638498837417,0.1,74,0.5540540540540541,1.0,0.926829268292683,0.926829268292683,0.0,,1.0,1.0,0.06837606837606838,28640.323825494608,
test,5049,1.0,B2_observed_only_twin,MICROSTOP_BURST,False,11.192055204709195,42.5638498837417,0.005,74,0.0,0.0,,,,,0.0,0.0,0.0,,
test,5049,1.0,B2_observed_only_twin,MICROSTOP_BURST,False,11.192055204709195,42.5638498837417,0.01,74,0.0,0.0,,,,,0.0,0.0,0.0,,
test,5049,1.0,B2_observed_only_twin,MICROSTOP_BURST,False,11.192055204709195,42.5638498837417,0.02,74,0.16216216216216217,1.0,1.0,1.0,0.0,,1.0,1.0,0.03418803418803419,29224.73673575638,
test,5049,1.0,B2_observed_only_twin,MICROSTOP_BURST,False,11.192055204709195,42.5638498837417,0.05,74,0.3783783783783784,1.0,0.9642857142857143,0.9642857142857143,0.0,,1.0,1.0,0.05982905982905983,28927.42687377253,
test,5049,1.0,B2_observed_only_twin,MICROSTOP_BURST,False,11.192055204709195,42.5638498837417,0.1,74,0.5540540540540541,1.0,0.926829268292683,0.926829268292683,0.0,,1.0,1.0,0.06837606837606838,28640.323825494608,
test,5049,1.0,B0_SPC_observed,MICROSTOP_BURST,False,11.192055204709195,5.124273832797681,0.005,74,0.0,0.0,,,,,0.0,0.0,0.0,,
test,5049,1.0,B0_SPC_observed,MICROSTOP_BURST,False,11.192055204709195,5.124273832797681,0.01,74,0.0,0.0,,,,,0.0,0.0,0.0,,
test,5049,1.0,B0_SPC_observed,MICROSTOP_BURST,False,11.192055204709195,5.124273832797681,0.02,74,0.0,0.0,,,,,0.0,0.0,0.0,,
test,5049,1.0,B0_SPC_observed,MICROSTOP_BURST,False,11.192055204709195,5.124273832797681,0.05,74,0.0,0.0,,,,,0.0,0.0,0.0,,
test,5049,1.0,B0_SPC_observed,MICROSTOP_BURST,False,11.192055204709195,5.124273832797681,0.1,74,0.06756756756756757,1.0,0.8,0.8,0.0,,1.0,1.0,0.008547008547008548,31616.555027687315,
test,5049,1.0,B1_IsolationForest,MICROSTOP_BURST,False,11.192055204709195,0.7784702529546166,0.005,74,0.0,0.0,,,,,0.0,0.0,0.0,,
test,5049,1.0,B1_IsolationForest,MICROSTOP_BURST,False,11.192055204709195,0.7784702529546166,0.01,74,0.0,0.0,,,,,0.0,0.0,0.0,,
test,5049,1.0,B1_IsolationForest,MICROSTOP_BURST,False,11.192055204709195,0.7784702529546166,0.02,74,0.0,0.0,,,,,0.0,0.0,0.0,,
test,5049,1.0,B1_IsolationForest,MICROSTOP_BURST,False,11.192055204709195,0.7784702529546166,0.05,74,0.013513513513513514,1.0,0.0,0.0,7.0,,0.0,0.0,0.008547008547008548,34921.99689251168,
test,5049,1.0,B1_IsolationForest,MICROSTOP_BURST,False,11.192055204709195,0.7784702529546166,0.1,74,0.06756756756756757,1.0,0.0,0.0,6.0,,0.0,0.0,0.10256410256410256,27427.516651891045,
test,5049,0.75,RippleTwin,MICROSTOP_BURST,True,11.192055204709195,31.30364205825687,0.005,74,0.0,0.0,,,,,0.0,0.0,0.0,,
test,5049,0.75,RippleTwin,MICROSTOP_BURST,True,11.192055204709195,31.30364205825687,0.01,74,0.0,0.0,,,,,0.0,0.0,0.0,,
test,5049,0.75,RippleTwin,MICROSTOP_BURST,True,11.192055204709195,31.30364205825687,0.02,74,0.12162162162162163,1.0,0.7777777777777778,1.0,0.0,,1.0,1.0,0.008547008547008548,29224.73673575638,
test,5049,0.75,RippleTwin,MICROSTOP_BURST,True,11.192055204709195,31.30364205825687,0.05,74,0.3783783783783784,1.0,0.5714285714285714,1.0,0.0,,1.0,1.0,0.042735042735042736,28927.42687377253,
test,5049,0.75,RippleTwin,MICROSTOP_BURST,True,11.192055204709195,31.30364205825687,0.1,74,0.5,1.0,0.6486486486486487,0.972972972972973,0.0,,1.0,1.0,0.06837606837606838,28640.323825494608,
test,5049,0.75,B2_observed_only_twin,MICROSTOP_BURST,True,11.192055204709195,31.30364205825687,0.005,74,0.0,0.0,,,,,0.0,0.0,0.0,,
test,5049,0.75,B2_observed_only_twin,MICROSTOP_BURST,True,11.192055204709195,31.30364205825687,0.01,74,0.0,0.0,,,,,0.0,0.0,0.0,,
test,5049,0.75,B2_observed_only_twin,MICROSTOP_BURST,True,11.192055204709195,31.30364205825687,0.02,74,0.13513513513513514,1.0,0.0,1.0,1.0,,0.0,1.0,0.008547008547008548,29224.73673575638,
test,5049,0.75,B2_observed_only_twin,MICROSTOP_BURST,True,11.192055204709195,31.30364205825687,0.05,74,0.40540540540540543,1.0,0.0,1.0,1.0,,0.0,1.0,0.03418803418803419,28927.42687377253,
test,5049,0.75,B2_observed_only_twin,MICROSTOP_BURST,True,11.192055204709195,31.30364205825687,0.1,74,0.5405405405405406,1.0,0.0,0.95,1.0,,0.0,1.0,0.05982905982905983,27713.465695258437,
test,5049,0.75,B0_SPC_observed,MICROSTOP_BURST,True,11.192055204709195,5.061702559429017,0.005,74,0.0,0.0,,,,,0.0,0.0,0.0,,
test,5049,0.75,B0_SPC_observed,MICROSTOP_BURST,True,11.192055204709195,5.061702559429017,0.01,74,0.0,0.0,,,,,0.0,0.0,0.0,,
test,5049,0.75,B0_SPC_observed,MICROSTOP_BURST,True,11.192055204709195,5.061702559429017,0.02,74,0.0,0.0,,,,,0.0,0.0,0.0,,
test,5049,0.75,B0_SPC_observed,MICROSTOP_BURST,True,11.192055204709195,5.061702559429017,0.05,74,0.0,0.0,,,,,0.0,0.0,0.0,,
test,5049,0.75,B0_SPC_observed,MICROSTOP_BURST,True,11.192055204709195,5.061702559429017,0.1,74,0.013513513513513514,1.0,0.0,0.0,6.0,,0.0,0.0,0.008547008547008548,38315.779411246156,
test,5049,0.75,B1_IsolationForest,MICROSTOP_BURST,True,11.192055204709195,0.7423023198141773,0.005,74,0.013513513513513514,1.0,0.0,0.0,7.0,,0.0,0.0,0.0,34921.99689251168,
test,5049,0.75,B1_IsolationForest,MICROSTOP_BURST,True,11.192055204709195,0.7423023198141773,0.01,74,0.02702702702702703,1.0,0.0,0.0,7.0,,0.0,0.0,0.008547008547008548,34921.99689251168,
test,5049,0.75,B1_IsolationForest,MICROSTOP_BURST,True,11.192055204709195,0.7423023198141773,0.02,74,0.02702702702702703,1.0,0.0,0.0,7.0,,0.0,0.0,0.03418803418803419,34921.99689251168,
test,5049,0.75,B1_IsolationForest,MICROSTOP_BURST,True,11.192055204709195,0.7423023198141773,0.05,74,0.06756756756756757,1.0,0.0,0.0,6.0,,0.0,0.0,0.10256410256410256,27427.516651891045,
test,5049,0.75,B1_IsolationForest,MICROSTOP_BURST,True,11.192055204709195,0.7423023198141773,0.1,74,0.1891891891891892,1.0,0.0,0.0,6.0,,0.0,0.0,0.1794871794871795,27427.516651891045,
test,5049,0.5,RippleTwin,MICROSTOP_BURST,True,11.192055204709195,39.99294167411538,0.005,74,0.0,0.0,,,,,0.0,0.0,0.0,,
test,5049,0.5,RippleTwin,MICROSTOP_BURST,True,11.192055204709195,39.99294167411538,0.01,74,0.0,0.0,,,,,0.0,0.0,0.0,,
test,5049,0.5,RippleTwin,MICROSTOP_BURST,True,11.192055204709195,39.99294167411538,0.02,74,0.12162162162162163,1.0,0.7777777777777778,1.0,0.0,,1.0,1.0,0.0,29224.73673575638,
test,5049,0.5,RippleTwin,MICROSTOP_BURST,True,11.192055204709195,39.99294167411538,0.05,74,0.36486486486486486,1.0,0.6296296296296297,1.0,0.0,,1.0,1.0,0.042735042735042736,28927.42687377253,
test,5049,0.5,RippleTwin,MICROSTOP_BURST,True,11.192055204709195,39.99294167411538,0.1,74,0.4594594594594595,1.0,0.6470588235294118,1.0,0.0,,1.0,1.0,0.08547008547008547,28640.323825494608,
test,5049,0.5,B2_observed_only_twin,MICROSTOP_BURST,True,11.192055204709195,39.987745614480566,0.005,74,0.0,0.0,,,,,0.0,0.0,0.0,,
test,5049,0.5,B2_observed_only_twin,MICROSTOP_BURST,True,11.192055204709195,39.987745614480566,0.01,74,0.0,0.0,,,,,0.0,0.0,0.0,,
test,5049,0.5,B2_observed_only_twin,MICROSTOP_BURST,True,11.192055204709195,39.987745614480566,0.02,74,0.12162162162162163,1.0,0.0,1.0,1.0,,0.0,1.0,0.0,29224.73673575638,
test,5049,0.5,B2_observed_only_twin,MICROSTOP_BURST,True,11.192055204709195,39.987745614480566,0.05,74,0.4189189189189189,1.0,0.0,1.0,1.0,,0.0,1.0,0.06837606837606838,28927.42687377253,
test,5049,0.5,B2_observed_only_twin,MICROSTOP_BURST,True,11.192055204709195,39.987745614480566,0.1,74,0.5405405405405406,1.0,0.0,1.0,1.0,,0.0,1.0,0.09401709401709402,28640.323825494608,
test,5049,0.5,B0_SPC_observed,MICROSTOP_BURST,True,11.192055204709195,5.012127239822025,0.005,74,0.0,0.0,,,,,0.0,0.0,0.0,,
test,5049,0.5,B0_SPC_observed,MICROSTOP_BURST,True,11.192055204709195,5.012127239822025,0.01,74,0.0,0.0,,,,,0.0,0.0,0.0,,
test,5049,0.5,B0_SPC_observed,MICROSTOP_BURST,True,11.192055204709195,5.012127239822025,0.02,74,0.0,0.0,,,,,0.0,0.0,0.0,,
test,5049,0.5,B0_SPC_observed,MICROSTOP_BURST,True,11.192055204709195,5.012127239822025,0.05,74,0.013513513513513514,1.0,0.0,0.0,6.0,,0.0,0.0,0.0,38315.779411246156,
test,5049,0.5,B0_SPC_observed,MICROSTOP_BURST,True,11.192055204709195,5.012127239822025,0.1,74,0.04054054054054054,1.0,0.0,0.0,6.0,,0.0,0.0,0.0,38315.779411246156,
test,5049,0.5,B1_IsolationForest,MICROSTOP_BURST,True,11.192055204709195,0.7423023198141773,0.005,74,0.0,0.0,,,,,0.0,0.0,0.0,,
test,5049,0.5,B1_IsolationForest,MICROSTOP_BURST,True,11.192055204709195,0.7423023198141773,0.01,74,0.0,0.0,,,,,0.0,0.0,0.008547008547008548,,
test,5049,0.5,B1_IsolationForest,MICROSTOP_BURST,True,11.192055204709195,0.7423023198141773,0.02,74,0.0,0.0,,,,,0.0,0.0,0.042735042735042736,,
test,5049,0.5,B1_IsolationForest,MICROSTOP_BURST,True,11.192055204709195,0.7423023198141773,0.05,74,0.04054054054054054,1.0,0.0,0.0,6.0,,0.0,0.0,0.10256410256410256,27427.516651891045,
test,5049,0.5,B1_IsolationForest,MICROSTOP_BURST,True,11.192055204709195,0.7423023198141773,0.1,74,0.20270270270270271,1.0,0.0,0.0,6.0,,0.0,0.0,0.17094017094017094,26853.95547510532,
test,5049,0.25,RippleTwin,MICROSTOP_BURST,True,11.192055204709195,23.87887940963418,0.005,74,0.0,0.0,,,,,0.0,0.0,0.0,,
test,5049,0.25,RippleTwin,MICROSTOP_BURST,True,11.192055204709195,23.87887940963418,0.01,74,0.0,0.0,,,,,0.0,0.0,0.0,,
test,5049,0.25,RippleTwin,MICROSTOP_BURST,True,11.192055204709195,23.87887940963418,0.02,74,0.1891891891891892,1.0,0.35714285714285715,0.8571428571428571,1.0,,0.0,1.0,0.0,29224.73673575638,
test,5049,0.25,RippleTwin,MICROSTOP_BURST,True,11.192055204709195,23.87887940963418,0.05,74,0.25675675675675674,1.0,0.3157894736842105,0.7894736842105263,1.0,,0.0,1.0,0.05128205128205128,29224.73673575638,
test,5049,0.25,RippleTwin,MICROSTOP_BURST,True,11.192055204709195,23.87887940963418,0.1,74,0.3918918918918919,1.0,0.3448275862068966,0.6896551724137931,1.0,,1.0,1.0,0.10256410256410256,28927.42687377253,
test,5049,0.25,B2_observed_only_twin,MICROSTOP_BURST,True,11.192055204709195,23.87066583332845,0.005,74,0.0,0.0,,,,,0.0,0.0,0.0,,
test,5049,0.25,B2_observed_only_twin,MICROSTOP_BURST,True,11.192055204709195,23.87066583332845,0.01,74,0.0,0.0,,,,,0.0,0.0,0.0,,
test,5049,0.25,B2_observed_only_twin,MICROSTOP_BURST,True,11.192055204709195,23.87066583332845,0.02,74,0.22972972972972974,1.0,0.0,1.0,1.0,,0.0,1.0,0.017094017094017096,29224.73673575638,
test,5049,0.25,B2_observed_only_twin,MICROSTOP_BURST,True,11.192055204709195,23.87066583332845,0.05,74,0.3108108108108108,1.0,0.0,0.8260869565217391,1.0,,0.0,1.0,0.042735042735042736,29224.73673575638,
test,5049,0.25,B2_observed_only_twin,MICROSTOP_BURST,True,11.192055204709195,23.87066583332845,0.1,74,0.44594594594594594,1.0,0.0,0.8181818181818182,1.0,,0.0,1.0,0.11965811965811966,28927.42687377253,
test,5049,0.25,B0_SPC_observed,MICROSTOP_BURST,True,11.192055204709195,4.674774997918179,0.005,74,0.0,0.0,,,,,0.0,0.0,0.0,,
test,5049,0.25,B0_SPC_observed,MICROSTOP_BURST,True,11.192055204709195,4.674774997918179,0.01,74,0.0,0.0,,,,,0.0,0.0,0.0,,
test,5049,0.25,B0_SPC_observed,MICROSTOP_BURST,True,11.192055204709195,4.674774997918179,0.02,74,0.0,0.0,,,,,0.0,0.0,0.0,,
test,5049,0.25,B0_SPC_observed,MICROSTOP_BURST,True,11.192055204709195,4.674774997918179,0.05,74,0.02702702702702703,1.0,0.0,0.0,6.0,,0.0,0.0,0.0,38315.779411246156,
test,5049,0.25,B0_SPC_observed,MICROSTOP_BURST,True,11.192055204709195,4.674774997918179,0.1,74,0.06756756756756757,1.0,0.0,0.0,8.0,,0.0,0.0,0.017094017094017096,38315.779411246156,
test,5049,0.25,B1_IsolationForest,MICROSTOP_BURST,True,11.192055204709195,0.7158774793615637,0.005,74,0.013513513513513514,1.0,0.0,0.0,6.0,,0.0,0.0,0.0,32221.18375034125,
test,5049,0.25,B1_IsolationForest,MICROSTOP_BURST,True,11.192055204709195,0.7158774793615637,0.01,74,0.013513513513513514,1.0,0.0,0.0,6.0,,0.0,0.0,0.0,32221.18375034125,
test,5049,0.25,B1_IsolationForest,MICROSTOP_BURST,True,11.192055204709195,0.7158774793615637,0.02,74,0.08108108108108109,1.0,0.0,0.0,6.0,,0.0,0.0,0.008547008547008548,31616.555027687315,
test,5049,0.25,B1_IsolationForest,MICROSTOP_BURST,True,11.192055204709195,0.7158774793615637,0.05,74,0.24324324324324326,1.0,0.0,0.0,6.0,,0.0,0.0,0.008547008547008548,28927.42687377253,
test,5049,0.25,B1_IsolationForest,MICROSTOP_BURST,True,11.192055204709195,0.7158774793615637,0.1,74,0.2972972972972973,1.0,0.0,0.0,6.0,,0.0,0.0,0.008547008547008548,28927.42687377253,
test,5050,1.0,RippleTwin,MICROSTOP_BURST,False,5.147778469217321,42.5638498837417,0.005,58,0.0,0.0,,,,,0.0,0.0,0.0,,
test,5050,1.0,RippleTwin,MICROSTOP_BURST,False,5.147778469217321,42.5638498837417,0.01,58,0.0,0.0,,,,,0.0,0.0,0.0,,
test,5050,1.0,RippleTwin,MICROSTOP_BURST,False,5.147778469217321,42.5638498837417,0.02,58,0.0,0.0,,,,,0.0,0.0,0.03007518796992481,,
test,5050,1.0,RippleTwin,MICROSTOP_BURST,False,5.147778469217321,42.5638498837417,0.05,58,0.0,0.0,,,,,0.0,0.0,0.06766917293233082,,
test,5050,1.0,RippleTwin,MICROSTOP_BURST,False,5.147778469217321,42.5638498837417,0.1,58,0.10344827586206896,1.0,0.0,0.0,10.0,,0.0,0.0,0.13533834586466165,33117.74663970835,
test,5050,1.0,B2_observed_only_twin,MICROSTOP_BURST,False,5.147778469217321,42.5638498837417,0.005,58,0.0,0.0,,,,,0.0,0.0,0.0,,
test,5050,1.0,B2_observed_only_twin,MICROSTOP_BURST,False,5.147778469217321,42.5638498837417,0.01,58,0.0,0.0,,,,,0.0,0.0,0.0,,
test,5050,1.0,B2_observed_only_twin,MICROSTOP_BURST,False,5.147778469217321,42.5638498837417,0.02,58,0.0,0.0,,,,,0.0,0.0,0.03007518796992481,,
test,5050,1.0,B2_observed_only_twin,MICROSTOP_BURST,False,5.147778469217321,42.5638498837417,0.05,58,0.0,0.0,,,,,0.0,0.0,0.06766917293233082,,
test,5050,1.0,B2_observed_only_twin,MICROSTOP_BURST,False,5.147778469217321,42.5638498837417,0.1,58,0.10344827586206896,1.0,0.0,0.0,10.0,,0.0,0.0,0.13533834586466165,33117.74663970835,
test,5050,1.0,B0_SPC_observed,MICROSTOP_BURST,False,5.147778469217321,5.124273832797681,0.005,58,0.0,0.0,,,,,0.0,0.0,0.0,,
test,5050,1.0,B0_SPC_observed,MICROSTOP_BURST,False,5.147778469217321,5.124273832797681,0.01,58,0.0,0.0,,,,,0.0,0.0,0.0,,
test,5050,1.0,B0_SPC_observed,MICROSTOP_BURST,False,5.147778469217321,5.124273832797681,0.02,58,0.0,0.0,,,,,0.0,0.0,0.0,,
test,5050,1.0,B0_SPC_observed,MICROSTOP_BURST,False,5.147778469217321,5.124273832797681,0.05,58,0.0,0.0,,,,,0.0,0.0,0.007518796992481203,,
test,5050,1.0,B0_SPC_observed,MICROSTOP_BURST,False,5.147778469217321,5.124273832797681,0.1,58,0.0,0.0,,,,,0.0,0.0,0.022556390977443608,,
test,5050,1.0,B1_IsolationForest,MICROSTOP_BURST,False,5.147778469217321,0.7784702529546166,0.005,58,0.0,0.0,,,,,0.0,0.0,0.0,,
test,5050,1.0,B1_IsolationForest,MICROSTOP_BURST,False,5.147778469217321,0.7784702529546166,0.01,58,0.0,0.0,,,,,0.0,0.0,0.0,,
test,5050,1.0,B1_IsolationForest,MICROSTOP_BURST,False,5.147778469217321,0.7784702529546166,0.02,58,0.0,0.0,,,,,0.0,0.0,0.0,,
test,5050,1.0,B1_IsolationForest,MICROSTOP_BURST,False,5.147778469217321,0.7784702529546166,0.05,58,0.0,0.0,,,,,0.0,0.0,0.022556390977443608,,
test,5050,1.0,B1_IsolationForest,MICROSTOP_BURST,False,5.147778469217321,0.7784702529546166,0.1,58,0.017241379310344827,1.0,0.0,0.0,23.0,,0.0,0.0,0.11278195488721804,51700.01972833009,
test,5050,0.75,RippleTwin,MICROSTOP_BURST,True,5.147778469217321,31.30364205825687,0.005,58,0.0,0.0,,,,,0.0,0.0,0.0,,
test,5050,0.75,RippleTwin,MICROSTOP_BURST,True,5.147778469217321,31.30364205825687,0.01,58,0.0,0.0,,,,,0.0,0.0,0.0,,
test,5050,0.75,RippleTwin,MICROSTOP_BURST,True,5.147778469217321,31.30364205825687,0.02,58,0.0,0.0,,,,,0.0,0.0,0.022556390977443608,,
test,5050,0.75,RippleTwin,MICROSTOP_BURST,True,5.147778469217321,31.30364205825687,0.05,58,0.0,0.0,,,,,0.0,0.0,0.07518796992481203,,
test,5050,0.75,RippleTwin,MICROSTOP_BURST,True,5.147778469217321,31.30364205825687,0.1,58,0.10344827586206896,1.0,0.0,0.0,10.0,,0.0,0.0,0.13533834586466165,33117.74663970835,
test,5050,0.75,B2_observed_only_twin,MICROSTOP_BURST,True,5.147778469217321,31.30364205825687,0.005,58,0.0,0.0,,,,,0.0,0.0,0.0,,
test,5050,0.75,B2_observed_only_twin,MICROSTOP_BURST,True,5.147778469217321,31.30364205825687,0.01,58,0.0,0.0,,,,,0.0,0.0,0.0,,
test,5050,0.75,B2_observed_only_twin,MICROSTOP_BURST,True,5.147778469217321,31.30364205825687,0.02,58,0.0,0.0,,,,,0.0,0.0,0.022556390977443608,,
test,5050,0.75,B2_observed_only_twin,MICROSTOP_BURST,True,5.147778469217321,31.30364205825687,0.05,58,0.017241379310344827,1.0,0.0,0.0,11.0,,0.0,0.0,0.08270676691729323,33419.828697369805,
test,5050,0.75,B2_observed_only_twin,MICROSTOP_BURST,True,5.147778469217321,31.30364205825687,0.1,58,0.10344827586206896,1.0,0.0,0.0,11.0,,0.0,0.0,0.15789473684210525,33419.828697369805,
test,5050,0.75,B0_SPC_observed,MICROSTOP_BURST,True,5.147778469217321,5.061702559429017,0.005,58,0.0,0.0,,,,,0.0,0.0,0.0,,
test,5050,0.75,B0_SPC_observed,MICROSTOP_BURST,True,5.147778469217321,5.061702559429017,0.01,58,0.0,0.0,,,,,0.0,0.0,0.0,,
test,5050,0.75,B0_SPC_observed,MICROSTOP_BURST,True,5.147778469217321,5.061702559429017,0.02,58,0.0,0.0,,,,,0.0,0.0,0.0,,
test,5050,0.75,B0_SPC_observed,MICROSTOP_BURST,True,5.147778469217321,5.061702559429017,0.05,58,0.0,0.0,,,,,0.0,0.0,0.007518796992481203,,
test,5050,0.75,B0_SPC_observed,MICROSTOP_BURST,True,5.147778469217321,5.061702559429017,0.1,58,0.0,0.0,,,,,0.0,0.0,0.022556390977443608,,
test,5050,0.75,B1_IsolationForest,MICROSTOP_BURST,True,5.147778469217321,0.7423023198141773,0.005,58,0.0,0.0,,,,,0.0,0.0,0.015037593984962405,,
test,5050,0.75,B1_IsolationForest,MICROSTOP_BURST,True,5.147778469217321,0.7423023198141773,0.01,58,0.0,0.0,,,,,0.0,0.0,0.022556390977443608,,
test,5050,0.75,B1_IsolationForest,MICROSTOP_BURST,True,5.147778469217321,0.7423023198141773,0.02,58,0.0,0.0,,,,,0.0,0.0,0.03007518796992481,,
test,5050,0.75,B1_IsolationForest,MICROSTOP_BURST,True,5.147778469217321,0.7423023198141773,0.05,58,0.017241379310344827,1.0,0.0,0.0,23.0,,0.0,0.0,0.09022556390977443,51700.01972833009,
test,5050,0.75,B1_IsolationForest,MICROSTOP_BURST,True,5.147778469217321,0.7423023198141773,0.1,58,0.10344827586206896,1.0,0.0,0.0,12.5,,0.0,0.0,0.13533834586466165,37065.33868665413,
test,5050,0.5,RippleTwin,MICROSTOP_BURST,True,5.147778469217321,39.99294167411538,0.005,58,0.0,0.0,,,,,0.0,0.0,0.0,,
test,5050,0.5,RippleTwin,MICROSTOP_BURST,True,5.147778469217321,39.99294167411538,0.01,58,0.0,0.0,,,,,0.0,0.0,0.0,,
test,5050,0.5,RippleTwin,MICROSTOP_BURST,True,5.147778469217321,39.99294167411538,0.02,58,0.0,0.0,,,,,0.0,0.0,0.022556390977443608,,
test,5050,0.5,RippleTwin,MICROSTOP_BURST,True,5.147778469217321,39.99294167411538,0.05,58,0.017241379310344827,1.0,0.0,0.0,10.0,,0.0,0.0,0.06015037593984962,33117.74663970835,
test,5050,0.5,RippleTwin,MICROSTOP_BURST,True,5.147778469217321,39.99294167411538,0.1,58,0.10344827586206896,1.0,0.0,0.0,10.0,,0.0,0.0,0.15789473684210525,33117.74663970835,
test,5050,0.5,B2_observed_only_twin,MICROSTOP_BURST,True,5.147778469217321,39.987745614480566,0.005,58,0.0,0.0,,,,,0.0,0.0,0.0,,
test,5050,0.5,B2_observed_only_twin,MICROSTOP_BURST,True,5.147778469217321,39.987745614480566,0.01,58,0.0,0.0,,,,,0.0,0.0,0.0,,
test,5050,0.5,B2_observed_only_twin,MICROSTOP_BURST,True,5.147778469217321,39.987745614480566,0.02,58,0.0,0.0,,,,,0.0,0.0,0.022556390977443608,,
test,5050,0.5,B2_observed_only_twin,MICROSTOP_BURST,True,5.147778469217321,39.987745614480566,0.05,58,0.017241379310344827,1.0,0.0,0.0,11.0,,0.0,0.0,0.07518796992481203,33117.74663970835,
test,5050,0.5,B2_observed_only_twin,MICROSTOP_BURST,True,5.147778469217321,39.987745614480566,0.1,58,0.10344827586206896,1.0,0.0,0.0,11.0,,0.0,0.0,0.16541353383458646,33117.74663970835,
test,5050,0.5,B0_SPC_observed,MICROSTOP_BURST,True,5.147778469217321,5.012127239822025,0.005,58,0.0,0.0,,,,,0.0,0.0,0.0,,
test,5050,0.5,B0_SPC_observed,MICROSTOP_BURST,True,5.147778469217321,5.012127239822025,0.01,58,0.0,0.0,,,,,0.0,0.0,0.0,,
test,5050,0.5,B0_SPC_observed,MICROSTOP_BURST,True,5.147778469217321,5.012127239822025,0.02,58,0.0,0.0,,,,,0.0,0.0,0.0,,
test,5050,0.5,B0_SPC_observed,MICROSTOP_BURST,True,5.147778469217321,5.012127239822025,0.05,58,0.0,0.0,,,,,0.0,0.0,0.007518796992481203,,
test,5050,0.5,B0_SPC_observed,MICROSTOP_BURST,True,5.147778469217321,5.012127239822025,0.1,58,0.0,0.0,,,,,0.0,0.0,0.06015037593984962,,
test,5050,0.5,B1_IsolationForest,MICROSTOP_BURST,True,5.147778469217321,0.7423023198141773,0.005,58,0.0,0.0,,,,,0.0,0.0,0.015037593984962405,,
test,5050,0.5,B1_IsolationForest,MICROSTOP_BURST,True,5.147778469217321,0.7423023198141773,0.01,58,0.0,0.0,,,,,0.0,0.0,0.022556390977443608,,
test,5050,0.5,B1_IsolationForest,MICROSTOP_BURST,True,5.147778469217321,0.7423023198141773,0.02,58,0.0,0.0,,,,,0.0,0.0,0.03007518796992481,,
test,5050,0.5,B1_IsolationForest,MICROSTOP_BURST,True,5.147778469217321,0.7423023198141773,0.05,58,0.034482758620689655,1.0,0.0,0.0,23.0,,0.0,0.0,0.06766917293233082,51360.58652333416,
test,5050,0.5,B1_IsolationForest,MICROSTOP_BURST,True,5.147778469217321,0.7423023198141773,0.1,58,0.08620689655172414,1.0,0.0,0.0,23.0,,0.0,0.0,0.09774436090225563,37065.33868665413,
test,5050,0.25,RippleTwin,MICROSTOP_BURST,True,5.147778469217321,23.87887940963418,0.005,58,0.0,0.0,,,,,0.0,0.0,0.0,,
test,5050,0.25,RippleTwin,MICROSTOP_BURST,True,5.147778469217321,23.87887940963418,0.01,58,0.0,0.0,,,,,0.0,0.0,0.0,,
test,5050,0.25,RippleTwin,MICROSTOP_BURST,True,5.147778469217321,23.87887940963418,0.02,58,0.0,0.0,,,,,0.0,0.0,0.08270676691729323,,
test,5050,0.25,RippleTwin,MICROSTOP_BURST,True,5.147778469217321,23.87887940963418,0.05,58,0.034482758620689655,1.0,0.0,0.0,9.5,,0.0,0.0,0.17293233082706766,33117.74663970835,
test,5050,0.25,RippleTwin,MICROSTOP_BURST,True,5.147778469217321,23.87887940963418,0.1,58,0.05172413793103448,1.0,0.0,0.0,10.0,,0.0,0.0,0.2932330827067669,33117.74663970835,
test,5050,0.25,B2_observed_only_twin,MICROSTOP_BURST,True,5.147778469217321,23.87066583332845,0.005,58,0.0,0.0,,,,,0.0,0.0,0.0,,
test,5050,0.25,B2_observed_only_twin,MICROSTOP_BURST,True,5.147778469217321,23.87066583332845,0.01,58,0.0,0.0,,,,,0.0,0.0,0.0,,
test,5050,0.25,B2_observed_only_twin,MICROSTOP_BURST,True,5.147778469217321,23.87066583332845,0.02,58,0.0,0.0,,,,,0.0,0.0,0.07518796992481203,,
test,5050,0.25,B2_observed_only_twin,MICROSTOP_BURST,True,5.147778469217321,23.87066583332845,0.05,58,0.017241379310344827,1.0,0.0,0.0,11.0,,0.0,0.0,0.19548872180451127,33117.74663970835,
test,5050,0.25,B2_observed_only_twin,MICROSTOP_BURST,True,5.147778469217321,23.87066583332845,0.1,58,0.05172413793103448,1.0,0.0,0.0,11.0,,0.0,0.0,0.3082706766917293,33117.74663970835,
test,5050,0.25,B0_SPC_observed,MICROSTOP_BURST,True,5.147778469217321,4.674774997918179,0.005,58,0.0,0.0,,,,,0.0,0.0,0.0,,
test,5050,0.25,B0_SPC_observed,MICROSTOP_BURST,True,5.147778469217321,4.674774997918179,0.01,58,0.0,0.0,,,,,0.0,0.0,0.0,,
test,5050,0.25,B0_SPC_observed,MICROSTOP_BURST,True,5.147778469217321,4.674774997918179,0.02,58,0.0,0.0,,,,,0.0,0.0,0.0,,
test,5050,0.25,B0_SPC_observed,MICROSTOP_BURST,True,5.147778469217321,4.674774997918179,0.05,58,0.0,0.0,,,,,0.0,0.0,0.03759398496240601,,
test,5050,0.25,B0_SPC_observed,MICROSTOP_BURST,True,5.147778469217321,4.674774997918179,0.1,58,0.05172413793103448,1.0,0.0,0.0,6.0,,0.0,0.0,0.06766917293233082,37914.14166095301,
test,5050,0.25,B1_IsolationForest,MICROSTOP_BURST,True,5.147778469217321,0.7158774793615637,0.005,58,0.0,0.0,,,,,0.0,0.0,0.0,,
test,5050,0.25,B1_IsolationForest,MICROSTOP_BURST,True,5.147778469217321,0.7158774793615637,0.01,58,0.0,0.0,,,,,0.0,0.0,0.007518796992481203,,
test,5050,0.25,B1_IsolationForest,MICROSTOP_BURST,True,5.147778469217321,0.7158774793615637,0.02,58,0.0,0.0,,,,,0.0,0.0,0.007518796992481203,,
test,5050,0.25,B1_IsolationForest,MICROSTOP_BURST,True,5.147778469217321,0.7158774793615637,0.05,58,0.05172413793103448,1.0,0.0,0.0,2.0,,0.0,0.0,0.007518796992481203,35518.879768625244,
test,5050,0.25,B1_IsolationForest,MICROSTOP_BURST,True,5.147778469217321,0.7158774793615637,0.1,58,0.05172413793103448,1.0,0.0,0.0,2.0,,0.0,0.0,0.015037593984962405,35518.879768625244,
test,5051,1.0,RippleTwin,SLOWDOWN,False,1.3070556122301205,42.5638498837417,0.005,34,0.9705882352941176,1.0,1.0,1.0,0.0,,1.0,1.0,0.0,20520.075713266837,
test,5051,1.0,RippleTwin,SLOWDOWN,False,1.3070556122301205,42.5638498837417,0.01,34,0.9705882352941176,1.0,1.0,1.0,0.0,,1.0,1.0,0.0,20520.075713266837,
test,5051,1.0,RippleTwin,SLOWDOWN,False,1.3070556122301205,42.5638498837417,0.02,34,1.0,1.0,1.0,1.0,0.0,,1.0,1.0,0.0,20226.240128343758,
test,5051,1.0,RippleTwin,SLOWDOWN,False,1.3070556122301205,42.5638498837417,0.05,34,1.0,1.0,1.0,1.0,0.0,,1.0,1.0,0.03184713375796178,19928.01061735121,
test,5051,1.0,RippleTwin,SLOWDOWN,False,1.3070556122301205,42.5638498837417,0.1,34,1.0,1.0,1.0,1.0,0.0,,1.0,1.0,0.08917197452229299,19928.01061735121,
test,5051,1.0,B2_observed_only_twin,SLOWDOWN,False,1.3070556122301205,42.5638498837417,0.005,34,0.9705882352941176,1.0,1.0,1.0,0.0,,1.0,1.0,0.0,20520.075713266837,
test,5051,1.0,B2_observed_only_twin,SLOWDOWN,False,1.3070556122301205,42.5638498837417,0.01,34,0.9705882352941176,1.0,1.0,1.0,0.0,,1.0,1.0,0.0,20520.075713266837,
test,5051,1.0,B2_observed_only_twin,SLOWDOWN,False,1.3070556122301205,42.5638498837417,0.02,34,1.0,1.0,1.0,1.0,0.0,,1.0,1.0,0.0,20226.240128343758,
test,5051,1.0,B2_observed_only_twin,SLOWDOWN,False,1.3070556122301205,42.5638498837417,0.05,34,1.0,1.0,1.0,1.0,0.0,,1.0,1.0,0.03184713375796178,19928.01061735121,
test,5051,1.0,B2_observed_only_twin,SLOWDOWN,False,1.3070556122301205,42.5638498837417,0.1,34,1.0,1.0,1.0,1.0,0.0,,1.0,1.0,0.08917197452229299,19928.01061735121,
test,5051,1.0,B0_SPC_observed,SLOWDOWN,False,1.3070556122301205,5.124273832797681,0.005,34,0.9117647058823529,1.0,1.0,1.0,0.0,,1.0,1.0,0.0,20520.075713266837,
test,5051,1.0,B0_SPC_observed,SLOWDOWN,False,1.3070556122301205,5.124273832797681,0.01,34,0.9117647058823529,1.0,1.0,1.0,0.0,,1.0,1.0,0.0,20226.240128343758,
test,5051,1.0,B0_SPC_observed,SLOWDOWN,False,1.3070556122301205,5.124273832797681,0.02,34,0.9117647058823529,1.0,1.0,1.0,0.0,,1.0,1.0,0.0,20226.240128343758,
test,5051,1.0,B0_SPC_observed,SLOWDOWN,False,1.3070556122301205,5.124273832797681,0.05,34,0.9411764705882353,1.0,1.0,1.0,0.0,,1.0,1.0,0.0,20226.240128343758,
test,5051,1.0,B0_SPC_observed,SLOWDOWN,False,1.3070556122301205,5.124273832797681,0.1,34,0.9411764705882353,1.0,1.0,1.0,0.0,,1.0,1.0,0.0,20226.240128343758,
test,5051,1.0,B1_IsolationForest,SLOWDOWN,False,1.3070556122301205,0.7784702529546166,0.005,34,0.0,0.0,,,,,0.0,0.0,0.0,,
test,5051,1.0,B1_IsolationForest,SLOWDOWN,False,1.3070556122301205,0.7784702529546166,0.01,34,0.0,0.0,,,,,0.0,0.0,0.0,,
test,5051,1.0,B1_IsolationForest,SLOWDOWN,False,1.3070556122301205,0.7784702529546166,0.02,34,0.058823529411764705,1.0,0.0,0.0,13.0,,0.0,0.0,0.025477707006369428,25151.65951914672,
test,5051,1.0,B1_IsolationForest,SLOWDOWN,False,1.3070556122301205,0.7784702529546166,0.05,34,0.7058823529411765,1.0,0.0,0.0,13.0,,0.0,0.0,0.14012738853503184,21141.301246221316,
test,5051,1.0,B1_IsolationForest,SLOWDOWN,False,1.3070556122301205,0.7784702529546166,0.1,34,0.7941176470588235,1.0,0.0,0.0,13.0,,0.0,0.0,0.20382165605095542,19637.649238458995,
test,5051,0.75,RippleTwin,SLOWDOWN,True,1.3070556122301205,31.30364205825687,0.005,34,0.9705882352941176,1.0,0.9696969696969697,1.0,0.0,,1.0,1.0,0.0,20520.075713266837,
test,5051,0.75,RippleTwin,SLOWDOWN,True,1.3070556122301205,31.30364205825687,0.01,34,0.9705882352941176,1.0,0.9696969696969697,1.0,0.0,,1.0,1.0,0.0,20520.075713266837,
test,5051,0.75,RippleTwin,SLOWDOWN,True,1.3070556122301205,31.30364205825687,0.02,34,0.9705882352941176,1.0,0.9696969696969697,1.0,0.0,,1.0,1.0,0.006369426751592357,20226.240128343758,
test,5051,0.75,RippleTwin,SLOWDOWN,True,1.3070556122301205,31.30364205825687,0.05,34,0.9705882352941176,1.0,0.9696969696969697,1.0,0.0,,1.0,1.0,0.03821656050955414,19928.01061735121,
test,5051,0.75,RippleTwin,SLOWDOWN,True,1.3070556122301205,31.30364205825687,0.1,34,0.9705882352941176,1.0,0.9696969696969697,1.0,0.0,,1.0,1.0,0.11464968152866242,19637.649238458995,
test,5051,0.75,B2_observed_only_twin,SLOWDOWN,True,1.3070556122301205,31.30364205825687,0.005,34,0.9705882352941176,1.0,0.0,0.9696969696969697,1.0,,0.0,1.0,0.0,20520.075713266837,
test,5051,0.75,B2_observed_only_twin,SLOWDOWN,True,1.3070556122301205,31.30364205825687,0.01,34,0.9705882352941176,1.0,0.0,0.9696969696969697,1.0,,0.0,1.0,0.0,20520.075713266837,
test,5051,0.75,B2_observed_only_twin,SLOWDOWN,True,1.3070556122301205,31.30364205825687,0.02,34,0.9705882352941176,1.0,0.0,0.9696969696969697,1.0,,0.0,1.0,0.012738853503184714,20226.240128343758,
test,5051,0.75,B2_observed_only_twin,SLOWDOWN,True,1.3070556122301205,31.30364205825687,0.05,34,0.9705882352941176,1.0,0.0,0.9696969696969697,1.0,,0.0,1.0,0.044585987261146494,19928.01061735121,
test,5051,0.75,B2_observed_only_twin,SLOWDOWN,True,1.3070556122301205,31.30364205825687,0.1,34,0.9705882352941176,1.0,0.0,0.9696969696969697,1.0,,0.0,1.0,0.09554140127388536,19637.649238458995,
test,5051,0.75,B0_SPC_observed,SLOWDOWN,True,1.3070556122301205,5.061702559429017,0.005,34,0.0,0.0,,,,,0.0,0.0,0.0,,
test,5051,0.75,B0_SPC_observed,SLOWDOWN,True,1.3070556122301205,5.061702559429017,0.01,34,0.0,0.0,,,,,0.0,0.0,0.0,,
test,5051,0.75,B0_SPC_observed,SLOWDOWN,True,1.3070556122301205,5.061702559429017,0.02,34,0.0,0.0,,,,,0.0,0.0,0.0,,
test,5051,0.75,B0_SPC_observed,SLOWDOWN,True,1.3070556122301205,5.061702559429017,0.05,34,0.0,0.0,,,,,0.0,0.0,0.0,,
test,5051,0.75,B0_SPC_observed,SLOWDOWN,True,1.3070556122301205,5.061702559429017,0.1,34,0.0,0.0,,,,,0.0,0.0,0.0,,
test,5051,0.75,B1_IsolationForest,SLOWDOWN,True,1.3070556122301205,0.7423023198141773,0.005,34,0.7058823529411765,1.0,0.0,0.0,13.0,,0.0,0.0,0.1337579617834395,21141.301246221316,
test,5051,0.75,B1_IsolationForest,SLOWDOWN,True,1.3070556122301205,0.7423023198141773,0.01,34,0.7058823529411765,1.0,0.0,0.0,13.0,,0.0,0.0,0.14012738853503184,21141.301246221316,
test,5051,0.75,B1_IsolationForest,SLOWDOWN,True,1.3070556122301205,0.7423023198141773,0.02,34,0.7941176470588235,1.0,0.0,0.0,13.0,,0.0,0.0,0.1592356687898089,21141.301246221316,
test,5051,0.75,B1_IsolationForest,SLOWDOWN,True,1.3070556122301205,0.7423023198141773,0.05,34,0.7941176470588235,1.0,0.0,0.0,13.0,,0.0,0.0,0.20382165605095542,19637.649238458995,
test,5051,0.75,B1_IsolationForest,SLOWDOWN,True,1.3070556122301205,0.7423023198141773,0.1,34,0.7941176470588235,1.0,0.0,0.0,13.0,,0.0,0.0,0.3057324840764331,19637.649238458995,
test,5051,0.5,RippleTwin,SLOWDOWN,True,1.3070556122301205,39.99294167411538,0.005,34,0.9705882352941176,1.0,0.9090909090909091,0.9393939393939394,0.0,,1.0,1.0,0.0,20520.075713266837,
test,5051,0.5,RippleTwin,SLOWDOWN,True,1.3070556122301205,39.99294167411538,0.01,34,0.9705882352941176,1.0,0.9090909090909091,0.9393939393939394,0.0,,1.0,1.0,0.0,20520.075713266837,
test,5051,0.5,RippleTwin,SLOWDOWN,True,1.3070556122301205,39.99294167411538,0.02,34,0.9705882352941176,1.0,0.9090909090909091,0.9393939393939394,0.0,,1.0,1.0,0.006369426751592357,20520.075713266837,
test,5051,0.5,RippleTwin,SLOWDOWN,True,1.3070556122301205,39.99294167411538,0.05,34,0.9705882352941176,1.0,0.9090909090909091,0.9393939393939394,0.0,,1.0,1.0,0.050955414012738856,20226.240128343758,
test,5051,0.5,RippleTwin,SLOWDOWN,True,1.3070556122301205,39.99294167411538,0.1,34,0.9705882352941176,1.0,0.9090909090909091,0.9393939393939394,0.0,,1.0,1.0,0.15286624203821655,19928.01061735121,
test,5051,0.5,B2_observed_only_twin,SLOWDOWN,True,1.3070556122301205,39.987745614480566,0.005,34,0.9705882352941176,1.0,0.0,0.9393939393939394,1.0,,0.0,1.0,0.0,20520.075713266837,
test,5051,0.5,B2_observed_only_twin,SLOWDOWN,True,1.3070556122301205,39.987745614480566,0.01,34,0.9705882352941176,1.0,0.0,0.9393939393939394,1.0,,0.0,1.0,0.0,20520.075713266837,
test,5051,0.5,B2_observed_only_twin,SLOWDOWN,True,1.3070556122301205,39.987745614480566,0.02,34,0.9705882352941176,1.0,0.0,0.9393939393939394,1.0,,0.0,1.0,0.0,20520.075713266837,
test,5051,0.5,B2_observed_only_twin,SLOWDOWN,True,1.3070556122301205,39.987745614480566,0.05,34,0.9705882352941176,1.0,0.0,0.9393939393939394,1.0,,0.0,1.0,0.06369426751592357,20226.240128343758,
test,5051,0.5,B2_observed_only_twin,SLOWDOWN,True,1.3070556122301205,39.987745614480566,0.1,34,0.9705882352941176,1.0,0.0,0.9393939393939394,1.0,,0.0,1.0,0.17834394904458598,19928.01061735121,
test,5051,0.5,B0_SPC_observed,SLOWDOWN,True,1.3070556122301205,5.012127239822025,0.005,34,0.0,0.0,,,,,0.0,0.0,0.0,,
test,5051,0.5,B0_SPC_observed,SLOWDOWN,True,1.3070556122301205,5.012127239822025,0.01,34,0.0,0.0,,,,,0.0,0.0,0.0,,
test,5051,0.5,B0_SPC_observed,SLOWDOWN,True,1.3070556122301205,5.012127239822025,0.02,34,0.0,0.0,,,,,0.0,0.0,0.0,,
test,5051,0.5,B0_SPC_observed,SLOWDOWN,True,1.3070556122301205,5.012127239822025,0.05,34,0.0,0.0,,,,,0.0,0.0,0.0,,
test,5051,0.5,B0_SPC_observed,SLOWDOWN,True,1.3070556122301205,5.012127239822025,0.1,34,0.0,0.0,,,,,0.0,0.0,0.0,,
test,5051,0.5,B1_IsolationForest,SLOWDOWN,True,1.3070556122301205,0.7423023198141773,0.005,34,0.2647058823529412,1.0,0.0,0.0,21.0,,0.0,0.0,0.07643312101910828,31082.256466165913,
test,5051,0.5,B1_IsolationForest,SLOWDOWN,True,1.3070556122301205,0.7423023198141773,0.01,34,0.2647058823529412,1.0,0.0,0.0,21.0,,0.0,0.0,0.08280254777070063,21504.921755285148,
test,5051,0.5,B1_IsolationForest,SLOWDOWN,True,1.3070556122301205,0.7423023198141773,0.02,34,0.2647058823529412,1.0,0.0,0.0,21.0,,0.0,0.0,0.10191082802547771,21504.921755285148,
test,5051,0.5,B1_IsolationForest,SLOWDOWN,True,1.3070556122301205,0.7423023198141773,0.05,34,0.5588235294117647,1.0,0.0,0.0,12.0,,0.0,0.0,0.17197452229299362,19637.649238458995,
test,5051,0.5,B1_IsolationForest,SLOWDOWN,True,1.3070556122301205,0.7423023198141773,0.1,34,0.5588235294117647,1.0,0.0,0.0,12.0,,0.0,0.0,0.22929936305732485,19041.302511253038,
test,5051,0.25,RippleTwin,SLOWDOWN,True,1.3070556122301205,23.87887940963418,0.005,34,0.8235294117647058,1.0,0.6071428571428571,0.9285714285714286,0.0,,1.0,1.0,0.006369426751592357,20520.075713266837,
test,5051,0.25,RippleTwin,SLOWDOWN,True,1.3070556122301205,23.87887940963418,0.01,34,0.8235294117647058,1.0,0.6071428571428571,0.9285714285714286,0.0,,1.0,1.0,0.012738853503184714,20520.075713266837,
test,5051,0.25,RippleTwin,SLOWDOWN,True,1.3070556122301205,23.87887940963418,0.02,34,0.8235294117647058,1.0,0.6071428571428571,0.9285714285714286,0.0,,1.0,1.0,0.03821656050955414,20226.240128343758,
test,5051,0.25,RippleTwin,SLOWDOWN,True,1.3070556122301205,23.87887940963418,0.05,34,0.8235294117647058,1.0,0.6071428571428571,0.9285714285714286,0.0,,1.0,1.0,0.07006369426751592,19928.01061735121,
test,5051,0.25,RippleTwin,SLOWDOWN,True,1.3070556122301205,23.87887940963418,0.1,34,0.8235294117647058,1.0,0.6071428571428571,0.9285714285714286,0.0,,1.0,1.0,0.21656050955414013,19928.01061735121,
test,5051,0.25,B2_observed_only_twin,SLOWDOWN,True,1.3070556122301205,23.87066583332845,0.005,34,1.0,1.0,0.0,1.0,1.0,,0.0,1.0,0.0,20520.075713266837,
test,5051,0.25,B2_observed_only_twin,SLOWDOWN,True,1.3070556122301205,23.87066583332845,0.01,34,1.0,1.0,0.0,1.0,1.0,,0.0,1.0,0.006369426751592357,20520.075713266837,
test,5051,0.25,B2_observed_only_twin,SLOWDOWN,True,1.3070556122301205,23.87066583332845,0.02,34,1.0,1.0,0.0,1.0,1.0,,0.0,1.0,0.044585987261146494,20226.240128343758,
test,5051,0.25,B2_observed_only_twin,SLOWDOWN,True,1.3070556122301205,23.87066583332845,0.05,34,1.0,1.0,0.0,1.0,1.0,,0.0,1.0,0.08917197452229299,19928.01061735121,
test,5051,0.25,B2_observed_only_twin,SLOWDOWN,True,1.3070556122301205,23.87066583332845,0.1,34,1.0,1.0,0.0,1.0,1.0,,0.0,1.0,0.22929936305732485,19637.649238458995,
test,5051,0.25,B0_SPC_observed,SLOWDOWN,True,1.3070556122301205,4.674774997918179,0.005,34,0.0,0.0,,,,,0.0,0.0,0.0,,
test,5051,0.25,B0_SPC_observed,SLOWDOWN,True,1.3070556122301205,4.674774997918179,0.01,34,0.0,0.0,,,,,0.0,0.0,0.0,,
test,5051,0.25,B0_SPC_observed,SLOWDOWN,True,1.3070556122301205,4.674774997918179,0.02,34,0.0,0.0,,,,,0.0,0.0,0.0,,
test,5051,0.25,B0_SPC_observed,SLOWDOWN,True,1.3070556122301205,4.674774997918179,0.05,34,0.0,0.0,,,,,0.0,0.0,0.0,,
test,5051,0.25,B0_SPC_observed,SLOWDOWN,True,1.3070556122301205,4.674774997918179,0.1,34,0.029411764705882353,1.0,0.0,0.0,12.0,,0.0,0.0,0.0,24798.134866311582,
test,5051,0.25,B1_IsolationForest,SLOWDOWN,True,1.3070556122301205,0.7158774793615637,0.005,34,0.38235294117647056,1.0,0.0,0.0,12.0,,0.0,0.0,0.0,21859.898897948147,
test,5051,0.25,B1_IsolationForest,SLOWDOWN,True,1.3070556122301205,0.7158774793615637,0.01,34,0.5882352941176471,1.0,0.0,0.0,12.0,,0.0,0.0,0.0,21859.898897948147,
test,5051,0.25,B1_IsolationForest,SLOWDOWN,True,1.3070556122301205,0.7158774793615637,0.02,34,0.6176470588235294,1.0,0.0,0.0,12.0,,0.0,0.0,0.0,21859.898897948147,
test,5051,0.25,B1_IsolationForest,SLOWDOWN,True,1.3070556122301205,0.7158774793615637,0.05,34,0.8823529411764706,1.0,0.0,0.0,12.0,,0.0,0.0,0.03821656050955414,21859.898897948147,
test,5051,0.25,B1_IsolationForest,SLOWDOWN,True,1.3070556122301205,0.7158774793615637,0.1,34,0.9411764705882353,1.0,0.0,0.0,12.0,,0.0,0.0,0.08280254777070063,21859.898897948147,
test,5053,1.0,RippleTwin,COMBINED,False,1.300812052213753,42.5638498837417,0.005,40,0.825,1.0,1.0,1.0,0.0,,1.0,1.0,0.0,31313.273615152455,
test,5053,1.0,RippleTwin,COMBINED,False,1.300812052213753,42.5638498837417,0.01,40,0.825,1.0,1.0,1.0,0.0,,1.0,1.0,0.0,31015.148944037388,
test,5053,1.0,RippleTwin,COMBINED,False,1.300812052213753,42.5638498837417,0.02,40,0.85,1.0,1.0,1.0,0.0,,1.0,1.0,0.0,30706.777402696905,
test,5053,1.0,RippleTwin,COMBINED,False,1.300812052213753,42.5638498837417,0.05,40,0.85,1.0,1.0,1.0,0.0,,1.0,1.0,0.0,30120.447363714553,
test,5053,1.0,RippleTwin,COMBINED,False,1.300812052213753,42.5638498837417,0.1,40,0.875,1.0,1.0,1.0,0.0,,1.0,1.0,0.052980132450331126,29815.638940472694,
test,5053,1.0,B2_observed_only_twin,COMBINED,False,1.300812052213753,42.5638498837417,0.005,40,0.825,1.0,1.0,1.0,0.0,,1.0,1.0,0.0,31313.273615152455,
test,5053,1.0,B2_observed_only_twin,COMBINED,False,1.300812052213753,42.5638498837417,0.01,40,0.825,1.0,1.0,1.0,0.0,,1.0,1.0,0.0,31015.148944037388,
test,5053,1.0,B2_observed_only_twin,COMBINED,False,1.300812052213753,42.5638498837417,0.02,40,0.85,1.0,1.0,1.0,0.0,,1.0,1.0,0.0,30706.777402696905,
test,5053,1.0,B2_observed_only_twin,COMBINED,False,1.300812052213753,42.5638498837417,0.05,40,0.85,1.0,1.0,1.0,0.0,,1.0,1.0,0.0,30120.447363714553,
test,5053,1.0,B2_observed_only_twin,COMBINED,False,1.300812052213753,42.5638498837417,0.1,40,0.875,1.0,1.0,1.0,0.0,,1.0,1.0,0.052980132450331126,29815.638940472694,
test,5053,1.0,B0_SPC_observed,COMBINED,False,1.300812052213753,5.124273832797681,0.005,40,0.825,1.0,1.0,1.0,0.0,,1.0,1.0,0.013245033112582781,30120.447363714553,
test,5053,1.0,B0_SPC_observed,COMBINED,False,1.300812052213753,5.124273832797681,0.01,40,0.825,1.0,1.0,1.0,0.0,,1.0,1.0,0.019867549668874173,30120.447363714553,
test,5053,1.0,B0_SPC_observed,COMBINED,False,1.300812052213753,5.124273832797681,0.02,40,0.825,1.0,1.0,1.0,0.0,,1.0,1.0,0.019867549668874173,30120.447363714553,
test,5053,1.0,B0_SPC_observed,COMBINED,False,1.300812052213753,5.124273832797681,0.05,40,0.825,1.0,1.0,1.0,0.0,,1.0,1.0,0.019867549668874173,29815.638940472694,
test,5053,1.0,B0_SPC_observed,COMBINED,False,1.300812052213753,5.124273832797681,0.1,40,0.825,1.0,1.0,1.0,0.0,,1.0,1.0,0.059602649006622516,29815.638940472694,
test,5053,1.0,B1_IsolationForest,COMBINED,False,1.300812052213753,0.7784702529546166,0.005,40,0.0,0.0,,,,,0.0,0.0,0.0,,
test,5053,1.0,B1_IsolationForest,COMBINED,False,1.300812052213753,0.7784702529546166,0.01,40,0.0,0.0,,,,,0.0,0.0,0.0,,
test,5053,1.0,B1_IsolationForest,COMBINED,False,1.300812052213753,0.7784702529546166,0.02,40,0.0,0.0,,,,,0.0,0.0,0.0,,
test,5053,1.0,B1_IsolationForest,COMBINED,False,1.300812052213753,0.7784702529546166,0.05,40,0.2,1.0,0.0,0.0,5.0,,0.0,0.0,0.11258278145695365,29815.638940472694,
test,5053,1.0,B1_IsolationForest,COMBINED,False,1.300812052213753,0.7784702529546166,0.1,40,0.625,1.0,0.0,0.0,5.0,,0.0,0.0,0.17880794701986755,29815.638940472694,
test,5053,0.75,RippleTwin,COMBINED,True,1.300812052213753,31.30364205825687,0.005,40,0.775,1.0,1.0,1.0,0.0,,1.0,1.0,0.0,31313.273615152455,
test,5053,0.75,RippleTwin,COMBINED,True,1.300812052213753,31.30364205825687,0.01,40,0.825,1.0,1.0,1.0,0.0,,1.0,1.0,0.0,31313.273615152455,
test,5053,0.75,RippleTwin,COMBINED,True,1.300812052213753,31.30364205825687,0.02,40,0.85,1.0,1.0,1.0,0.0,,1.0,1.0,0.0,31313.273615152455,
test,5053,0.75,RippleTwin,COMBINED,True,1.300812052213753,31.30364205825687,0.05,40,0.85,1.0,1.0,1.0,0.0,,1.0,1.0,0.013245033112582781,31015.148944037388,
test,5053,0.75,RippleTwin,COMBINED,True,1.300812052213753,31.30364205825687,0.1,40,0.875,1.0,1.0,1.0,0.0,,1.0,1.0,0.07947019867549669,29815.638940472694,
test,5053,0.75,B2_observed_only_twin,COMBINED,True,1.300812052213753,31.30364205825687,0.005,40,0.775,1.0,0.0,1.0,1.0,,0.0,1.0,0.0,31313.273615152455,
test,5053,0.75,B2_observed_only_twin,COMBINED,True,1.300812052213753,31.30364205825687,0.01,40,0.775,1.0,0.0,1.0,1.0,,0.0,1.0,0.0,31313.273615152455,
test,5053,0.75,B2_observed_only_twin,COMBINED,True,1.300812052213753,31.30364205825687,0.02,40,0.85,1.0,0.0,1.0,1.0,,0.0,1.0,0.0,31313.273615152455,
test,5053,0.75,B2_observed_only_twin,COMBINED,True,1.300812052213753,31.30364205825687,0.05,40,0.85,1.0,0.0,1.0,1.0,,0.0,1.0,0.019867549668874173,29815.638940472694,
test,5053,0.75,B2_observed_only_twin,COMBINED,True,1.300812052213753,31.30364205825687,0.1,40,0.875,1.0,0.0,1.0,1.0,,0.0,1.0,0.08609271523178808,29815.638940472694,
test,5053,0.75,B0_SPC_observed,COMBINED,True,1.300812052213753,5.061702559429017,0.005,40,0.0,0.0,,,,,0.0,0.0,0.019867549668874173,,
test,5053,0.75,B0_SPC_observed,COMBINED,True,1.300812052213753,5.061702559429017,0.01,40,0.0,0.0,,,,,0.0,0.0,0.019867549668874173,,
test,5053,0.75,B0_SPC_observed,COMBINED,True,1.300812052213753,5.061702559429017,0.02,40,0.0,0.0,,,,,0.0,0.0,0.019867549668874173,,
test,5053,0.75,B0_SPC_observed,COMBINED,True,1.300812052213753,5.061702559429017,0.05,40,0.0,0.0,,,,,0.0,0.0,0.019867549668874173,,
test,5053,0.75,B0_SPC_observed,COMBINED,True,1.300812052213753,5.061702559429017,0.1,40,0.025,1.0,0.0,0.0,7.0,,0.0,0.0,0.059602649006622516,32214.25425344522,
test,5053,0.75,B1_IsolationForest,COMBINED,True,1.300812052213753,0.7423023198141773,0.005,40,0.2,1.0,0.0,0.0,5.0,,0.0,0.0,0.11258278145695365,33411.79117902374,
test,5053,0.75,B1_IsolationForest,COMBINED,True,1.300812052213753,0.7423023198141773,0.01,40,0.2,1.0,0.0,0.0,5.0,,0.0,0.0,0.12582781456953643,29815.638940472694,
test,5053,0.75,B1_IsolationForest,COMBINED,True,1.300812052213753,0.7423023198141773,0.02,40,0.225,1.0,0.0,0.0,5.0,,0.0,0.0,0.1456953642384106,29815.638940472694,
test,5053,0.75,B1_IsolationForest,COMBINED,True,1.300812052213753,0.7423023198141773,0.05,40,0.65,1.0,0.0,0.0,5.0,,0.0,0.0,0.18543046357615894,29815.638940472694,
test,5053,0.75,B1_IsolationForest,COMBINED,True,1.300812052213753,0.7423023198141773,0.1,40,0.775,1.0,0.0,0.0,5.0,,0.0,0.0,0.2251655629139073,29815.638940472694,
test,5053,0.5,RippleTwin,COMBINED,True,1.300812052213753,39.99294167411538,0.005,40,0.625,1.0,1.0,1.0,0.0,,1.0,1.0,0.0,31618.291339053863,
test,5053,0.5,RippleTwin,COMBINED,True,1.300812052213753,39.99294167411538,0.01,40,0.65,1.0,1.0,1.0,0.0,,1.0,1.0,0.0,31313.273615152455,
test,5053,0.5,RippleTwin,COMBINED,True,1.300812052213753,39.99294167411538,0.02,40,0.75,1.0,1.0,1.0,0.0,,1.0,1.0,0.0,31313.273615152455,
test,5053,0.5,RippleTwin,COMBINED,True,1.300812052213753,39.99294167411538,0.05,40,0.825,1.0,1.0,1.0,0.0,,1.0,1.0,0.033112582781456956,31015.148944037388,
test,5053,0.5,RippleTwin,COMBINED,True,1.300812052213753,39.99294167411538,0.1,40,0.85,1.0,1.0,1.0,0.0,,1.0,1.0,0.12582781456953643,31015.148944037388,
test,5053,0.5,B2_observed_only_twin,COMBINED,True,1.300812052213753,39.987745614480566,0.005,40,0.625,1.0,0.0,1.0,1.0,,0.0,1.0,0.0,31618.291339053863,
test,5053,0.5,B2_observed_only_twin,COMBINED,True,1.300812052213753,39.987745614480566,0.01,40,0.625,1.0,0.0,1.0,1.0,,0.0,1.0,0.0,31618.291339053863,
test,5053,0.5,B2_observed_only_twin,COMBINED,True,1.300812052213753,39.987745614480566,0.02,40,0.725,1.0,0.0,1.0,1.0,,0.0,1.0,0.0,31313.273615152455,
test,5053,0.5,B2_observed_only_twin,COMBINED,True,1.300812052213753,39.987745614480566,0.05,40,0.825,1.0,0.0,1.0,1.0,,0.0,1.0,0.046357615894039736,31015.148944037388,
test,5053,0.5,B2_observed_only_twin,COMBINED,True,1.300812052213753,39.987745614480566,0.1,40,0.85,1.0,0.0,1.0,1.0,,0.0,1.0,0.16556291390728478,29815.638940472694,
test,5053,0.5,B0_SPC_observed,COMBINED,True,1.300812052213753,5.012127239822025,0.005,40,0.0,0.0,,,,,0.0,0.0,0.019867549668874173,,
test,5053,0.5,B0_SPC_observed,COMBINED,True,1.300812052213753,5.012127239822025,0.01,40,0.0,0.0,,,,,0.0,0.0,0.019867549668874173,,
test,5053,0.5,B0_SPC_observed,COMBINED,True,1.300812052213753,5.012127239822025,0.02,40,0.0,0.0,,,,,0.0,0.0,0.019867549668874173,,
test,5053,0.5,B0_SPC_observed,COMBINED,True,1.300812052213753,5.012127239822025,0.05,40,0.025,1.0,0.0,0.0,7.0,,0.0,0.0,0.059602649006622516,32214.25425344522,
test,5053,0.5,B0_SPC_observed,COMBINED,True,1.300812052213753,5.012127239822025,0.1,40,0.025,1.0,0.0,0.0,7.0,,0.0,0.0,0.06622516556291391,32214.25425344522,
test,5053,0.5,B1_IsolationForest,COMBINED,True,1.300812052213753,0.7423023198141773,0.005,40,0.025,1.0,0.0,0.0,4.0,,0.0,0.0,0.11258278145695365,38505.68461082943,
test,5053,0.5,B1_IsolationForest,COMBINED,True,1.300812052213753,0.7423023198141773,0.01,40,0.025,1.0,0.0,0.0,4.0,,0.0,0.0,0.12582781456953643,29815.638940472694,
test,5053,0.5,B1_IsolationForest,COMBINED,True,1.300812052213753,0.7423023198141773,0.02,40,0.05,1.0,0.0,0.0,4.0,,0.0,0.0,0.1456953642384106,29815.638940472694,
test,5053,0.5,B1_IsolationForest,COMBINED,True,1.300812052213753,0.7423023198141773,0.05,40,0.4,1.0,0.0,0.0,4.0,,0.0,0.0,0.1986754966887417,29815.638940472694,
test,5053,0.5,B1_IsolationForest,COMBINED,True,1.300812052213753,0.7423023198141773,0.1,40,0.725,1.0,0.0,0.0,4.0,,0.0,0.0,0.271523178807947,29815.638940472694,
test,5053,0.25,RippleTwin,COMBINED,True,1.300812052213753,23.87887940963418,0.005,40,0.7,1.0,0.07142857142857142,0.21428571428571427,2.0,,0.0,0.0,0.0,31313.273615152455,
test,5053,0.25,RippleTwin,COMBINED,True,1.300812052213753,23.87887940963418,0.01,40,0.7,1.0,0.07142857142857142,0.21428571428571427,2.0,,0.0,0.0,0.0,31313.273615152455,
test,5053,0.25,RippleTwin,COMBINED,True,1.300812052213753,23.87887940963418,0.02,40,0.725,1.0,0.06896551724137931,0.20689655172413793,2.0,,0.0,0.0,0.046357615894039736,31015.148944037388,
test,5053,0.25,RippleTwin,COMBINED,True,1.300812052213753,23.87887940963418,0.05,40,0.725,1.0,0.06896551724137931,0.20689655172413793,2.0,,0.0,0.0,0.08609271523178808,30706.777402696905,
test,5053,0.25,RippleTwin,COMBINED,True,1.300812052213753,23.87887940963418,0.1,40,0.75,1.0,0.06666666666666667,0.2,2.0,,0.0,0.0,0.1986754966887417,30422.97343057779,
test,5053,0.25,B2_observed_only_twin,COMBINED,True,1.300812052213753,23.87066583332845,0.005,40,0.775,1.0,0.0,0.0,3.0,,0.0,0.0,0.0,31313.273615152455,
test,5053,0.25,B2_observed_only_twin,COMBINED,True,1.300812052213753,23.87066583332845,0.01,40,0.775,1.0,0.0,0.0,3.0,,0.0,0.0,0.0,31313.273615152455,
test,5053,0.25,B2_observed_only_twin,COMBINED,True,1.300812052213753,23.87066583332845,0.02,40,0.8,1.0,0.0,0.0,3.0,,0.0,0.0,0.046357615894039736,31015.148944037388,
test,5053,0.25,B2_observed_only_twin,COMBINED,True,1.300812052213753,23.87066583332845,0.05,40,0.8,1.0,0.0,0.0,3.0,,0.0,0.0,0.11258278145695365,30706.777402696905,
test,5053,0.25,B2_observed_only_twin,COMBINED,True,1.300812052213753,23.87066583332845,0.1,40,0.825,1.0,0.0,0.0,3.0,,0.0,0.0,0.23178807947019867,29815.638940472694,
test,5053,0.25,B0_SPC_observed,COMBINED,True,1.300812052213753,4.674774997918179,0.005,40,0.0,0.0,,,,,0.0,0.0,0.019867549668874173,,
test,5053,0.25,B0_SPC_observed,COMBINED,True,1.300812052213753,4.674774997918179,0.01,40,0.0,0.0,,,,,0.0,0.0,0.019867549668874173,,
test,5053,0.25,B0_SPC_observed,COMBINED,True,1.300812052213753,4.674774997918179,0.02,40,0.0,0.0,,,,,0.0,0.0,0.026490066225165563,,
test,5053,0.25,B0_SPC_observed,COMBINED,True,1.300812052213753,4.674774997918179,0.05,40,0.0,0.0,,,,,0.0,0.0,0.052980132450331126,,
test,5053,0.25,B0_SPC_observed,COMBINED,True,1.300812052213753,4.674774997918179,0.1,40,0.025,1.0,0.0,0.0,32.0,,0.0,0.0,0.0728476821192053,34317.741413485775,
test,5053,0.25,B1_IsolationForest,COMBINED,True,1.300812052213753,0.7158774793615637,0.005,40,0.15,1.0,0.0,0.0,4.0,,0.0,0.0,0.0,36410.71909415074,
test,5053,0.25,B1_IsolationForest,COMBINED,True,1.300812052213753,0.7158774793615637,0.01,40,0.375,1.0,0.0,0.0,4.0,,0.0,0.0,0.006622516556291391,31015.148944037388,
test,5053,0.25,B1_IsolationForest,COMBINED,True,1.300812052213753,0.7158774793615637,0.02,40,0.475,1.0,0.0,0.0,4.0,,0.0,0.0,0.013245033112582781,31015.148944037388,
test,5053,0.25,B1_IsolationForest,COMBINED,True,1.300812052213753,0.7158774793615637,0.05,40,0.7,1.0,0.0,0.03571428571428571,4.0,,0.0,0.0,0.033112582781456956,31015.148944037388,
test,5053,0.25,B1_IsolationForest,COMBINED,True,1.300812052213753,0.7158774793615637,0.1,40,0.725,1.0,0.0,0.06896551724137931,4.0,,0.0,0.0,0.059602649006622516,30120.447363714553,
test,5054,1.0,RippleTwin,SLOWDOWN,False,1.2351127769475707,42.5638498837417,0.005,59,0.0,0.0,,,,,0.0,0.0,0.014492753623188406,,
test,5054,1.0,RippleTwin,SLOWDOWN,False,1.2351127769475707,42.5638498837417,0.01,59,0.06779661016949153,1.0,0.75,1.0,0.0,,1.0,1.0,0.014492753623188406,24114.303813489852,
test,5054,1.0,RippleTwin,SLOWDOWN,False,1.2351127769475707,42.5638498837417,0.02,59,0.2033898305084746,1.0,0.9166666666666666,1.0,0.0,,1.0,1.0,0.028985507246376812,22317.46029640585,
test,5054,1.0,RippleTwin,SLOWDOWN,False,1.2351127769475707,42.5638498837417,0.05,59,0.3898305084745763,1.0,0.9565217391304348,1.0,0.0,,1.0,1.0,0.13043478260869565,21721.593510335213,
test,5054,1.0,RippleTwin,SLOWDOWN,False,1.2351127769475707,42.5638498837417,0.1,59,0.4915254237288136,1.0,0.9655172413793104,1.0,0.0,,1.0,1.0,0.2028985507246377,21721.593510335213,
test,5054,1.0,B2_observed_only_twin,SLOWDOWN,False,1.2351127769475707,42.5638498837417,0.005,59,0.0,0.0,,,,,0.0,0.0,0.014492753623188406,,
test,5054,1.0,B2_observed_only_twin,SLOWDOWN,False,1.2351127769475707,42.5638498837417,0.01,59,0.06779661016949153,1.0,0.75,1.0,0.0,,1.0,1.0,0.014492753623188406,24114.303813489852,
test,5054,1.0,B2_observed_only_twin,SLOWDOWN,False,1.2351127769475707,42.5638498837417,0.02,59,0.2033898305084746,1.0,0.9166666666666666,1.0,0.0,,1.0,1.0,0.028985507246376812,22317.46029640585,
test,5054,1.0,B2_observed_only_twin,SLOWDOWN,False,1.2351127769475707,42.5638498837417,0.05,59,0.3898305084745763,1.0,0.9565217391304348,1.0,0.0,,1.0,1.0,0.13043478260869565,21721.593510335213,
test,5054,1.0,B2_observed_only_twin,SLOWDOWN,False,1.2351127769475707,42.5638498837417,0.1,59,0.4915254237288136,1.0,0.9655172413793104,1.0,0.0,,1.0,1.0,0.2028985507246377,21721.593510335213,
test,5054,1.0,B0_SPC_observed,SLOWDOWN,False,1.2351127769475707,5.124273832797681,0.005,59,0.3898305084745763,1.0,1.0,1.0,0.0,,1.0,1.0,0.10869565217391304,21721.593510335213,
test,5054,1.0,B0_SPC_observed,SLOWDOWN,False,1.2351127769475707,5.124273832797681,0.01,59,0.4067796610169492,1.0,1.0,1.0,0.0,,1.0,1.0,0.13768115942028986,21721.593510335213,
test,5054,1.0,B0_SPC_observed,SLOWDOWN,False,1.2351127769475707,5.124273832797681,0.02,59,0.423728813559322,1.0,1.0,1.0,0.0,,1.0,1.0,0.13768115942028986,21721.593510335213,
test,5054,1.0,B0_SPC_observed,SLOWDOWN,False,1.2351127769475707,5.124273832797681,0.05,59,0.4745762711864407,1.0,1.0,1.0,0.0,,1.0,1.0,0.14492753623188406,21721.593510335213,
test,5054,1.0,B0_SPC_observed,SLOWDOWN,False,1.2351127769475707,5.124273832797681,0.1,59,0.4745762711864407,1.0,1.0,1.0,0.0,,1.0,1.0,0.15942028985507245,21721.593510335213,
test,5054,1.0,B1_IsolationForest,SLOWDOWN,False,1.2351127769475707,0.7784702529546166,0.005,59,0.0,0.0,,,,,0.0,0.0,0.007246376811594203,,
test,5054,1.0,B1_IsolationForest,SLOWDOWN,False,1.2351127769475707,0.7784702529546166,0.01,59,0.0,0.0,,,,,0.0,0.0,0.007246376811594203,,
test,5054,1.0,B1_IsolationForest,SLOWDOWN,False,1.2351127769475707,0.7784702529546166,0.02,59,0.0,0.0,,,,,0.0,0.0,0.021739130434782608,,
test,5054,1.0,B1_IsolationForest,SLOWDOWN,False,1.2351127769475707,0.7784702529546166,0.05,59,0.01694915254237288,1.0,0.0,0.0,6.0,,0.0,0.0,0.10144927536231885,24114.303813489852,
test,5054,1.0,B1_IsolationForest,SLOWDOWN,False,1.2351127769475707,0.7784702529546166,0.1,59,0.4067796610169492,1.0,0.9166666666666666,0.9166666666666666,0.0,,1.0,1.0,0.18115942028985507,22317.46029640585,
test,5054,0.75,RippleTwin,SLOWDOWN,True,1.2351127769475707,31.30364205825687,0.005,59,0.0,0.0,,,,,0.0,0.0,0.014492753623188406,,
test,5054,0.75,RippleTwin,SLOWDOWN,True,1.2351127769475707,31.30364205825687,0.01,59,0.01694915254237288,1.0,0.0,0.0,2.0,,0.0,0.0,0.021739130434782608,24426.159358102337,
test,5054,0.75,RippleTwin,SLOWDOWN,True,1.2351127769475707,31.30364205825687,0.02,59,0.06779661016949153,1.0,0.0,0.0,2.0,,0.0,0.0,0.021739130434782608,24114.303813489852,
test,5054,0.75,RippleTwin,SLOWDOWN,True,1.2351127769475707,31.30364205825687,0.05,59,0.11864406779661017,1.0,0.0,0.0,2.0,,0.0,0.0,0.028985507246376812,23516.327228961527,
test,5054,0.75,RippleTwin,SLOWDOWN,True,1.2351127769475707,31.30364205825687,0.1,59,0.1864406779661017,1.0,0.0,0.0,2.0,,0.0,0.0,0.09420289855072464,23516.327228961527,
test,5054,0.75,B2_observed_only_twin,SLOWDOWN,True,1.2351127769475707,31.30364205825687,0.005,59,0.0,0.0,,,,,0.0,0.0,0.014492753623188406,,
test,5054,0.75,B2_observed_only_twin,SLOWDOWN,True,1.2351127769475707,31.30364205825687,0.01,59,0.0,0.0,,,,,0.0,0.0,0.021739130434782608,,
test,5054,0.75,B2_observed_only_twin,SLOWDOWN,True,1.2351127769475707,31.30364205825687,0.02,59,0.06779661016949153,1.0,0.0,1.0,1.0,,0.0,1.0,0.021739130434782608,24114.303813489852,
test,5054,0.75,B2_observed_only_twin,SLOWDOWN,True,1.2351127769475707,31.30364205825687,0.05,59,0.11864406779661017,1.0,0.0,1.0,1.0,,0.0,1.0,0.043478260869565216,23516.327228961527,
test,5054,0.75,B2_observed_only_twin,SLOWDOWN,True,1.2351127769475707,31.30364205825687,0.1,59,0.23728813559322035,1.0,0.0,0.5,13.5,,0.0,1.0,0.10869565217391304,23516.327228961527,
test,5054,0.75,B0_SPC_observed,SLOWDOWN,True,1.2351127769475707,5.061702559429017,0.005,59,0.0,0.0,,,,,0.0,0.0,0.021739130434782608,,
test,5054,0.75,B0_SPC_observed,SLOWDOWN,True,1.2351127769475707,5.061702559429017,0.01,59,0.0,0.0,,,,,0.0,0.0,0.028985507246376812,,
test,5054,0.75,B0_SPC_observed,SLOWDOWN,True,1.2351127769475707,5.061702559429017,0.02,59,0.0,0.0,,,,,0.0,0.0,0.028985507246376812,,
test,5054,0.75,B0_SPC_observed,SLOWDOWN,True,1.2351127769475707,5.061702559429017,0.05,59,0.0,0.0,,,,,0.0,0.0,0.036231884057971016,,
test,5054,0.75,B0_SPC_observed,SLOWDOWN,True,1.2351127769475707,5.061702559429017,0.1,59,0.0,0.0,,,,,0.0,0.0,0.050724637681159424,,
test,5054,0.75,B1_IsolationForest,SLOWDOWN,True,1.2351127769475707,0.7423023198141773,0.005,59,0.01694915254237288,1.0,0.0,0.0,6.0,,0.0,0.0,0.10144927536231885,24114.303813489852,
test,5054,0.75,B1_IsolationForest,SLOWDOWN,True,1.2351127769475707,0.7423023198141773,0.01,59,0.01694915254237288,1.0,0.0,0.0,6.0,,0.0,0.0,0.10869565217391304,24114.303813489852,
test,5054,0.75,B1_IsolationForest,SLOWDOWN,True,1.2351127769475707,0.7423023198141773,0.02,59,0.01694915254237288,1.0,0.0,0.0,6.0,,0.0,0.0,0.10869565217391304,24114.303813489852,
test,5054,0.75,B1_IsolationForest,SLOWDOWN,True,1.2351127769475707,0.7423023198141773,0.05,59,0.06779661016949153,1.0,0.0,0.0,6.0,,0.0,0.0,0.11594202898550725,23516.327228961527,
test,5054,0.75,B1_IsolationForest,SLOWDOWN,True,1.2351127769475707,0.7423023198141773,0.1,59,0.11864406779661017,1.0,0.0,0.0,6.0,,0.0,0.0,0.16666666666666666,23516.327228961527,
test,5054,0.5,RippleTwin,SLOWDOWN,True,1.2351127769475707,39.99294167411538,0.005,59,0.0,0.0,,,,,0.0,0.0,0.014492753623188406,,
test,5054,0.5,RippleTwin,SLOWDOWN,True,1.2351127769475707,39.99294167411538,0.01,59,0.01694915254237288,1.0,0.0,0.0,2.0,,0.0,0.0,0.021739130434782608,24114.303813489852,
test,5054,0.5,RippleTwin,SLOWDOWN,True,1.2351127769475707,39.99294167411538,0.02,59,0.06779661016949153,1.0,0.0,0.0,2.0,,0.0,0.0,0.028985507246376812,24114.303813489852,
test,5054,0.5,RippleTwin,SLOWDOWN,True,1.2351127769475707,39.99294167411538,0.05,59,0.11864406779661017,1.0,0.0,0.0,2.0,,0.0,0.0,0.036231884057971016,23516.327228961527,
test,5054,0.5,RippleTwin,SLOWDOWN,True,1.2351127769475707,39.99294167411538,0.1,59,0.11864406779661017,1.0,0.0,0.0,2.0,,0.0,0.0,0.06521739130434782,23516.327228961527,
test,5054,0.5,B2_observed_only_twin,SLOWDOWN,True,1.2351127769475707,39.987745614480566,0.005,59,0.0,0.0,,,,,0.0,0.0,0.014492753623188406,,
test,5054,0.5,B2_observed_only_twin,SLOWDOWN,True,1.2351127769475707,39.987745614480566,0.01,59,0.0,0.0,,,,,0.0,0.0,0.021739130434782608,,
test,5054,0.5,B2_observed_only_twin,SLOWDOWN,True,1.2351127769475707,39.987745614480566,0.02,59,0.06779661016949153,1.0,0.0,1.0,1.0,,0.0,1.0,0.021739130434782608,24114.303813489852,
test,5054,0.5,B2_observed_only_twin,SLOWDOWN,True,1.2351127769475707,39.987745614480566,0.05,59,0.11864406779661017,1.0,0.0,1.0,1.0,,0.0,1.0,0.043478260869565216,23516.327228961527,
test,5054,0.5,B2_observed_only_twin,SLOWDOWN,True,1.2351127769475707,39.987745614480566,0.1,59,0.11864406779661017,1.0,0.0,1.0,1.0,,0.0,1.0,0.07971014492753623,23516.327228961527,
test,5054,0.5,B0_SPC_observed,SLOWDOWN,True,1.2351127769475707,5.012127239822025,0.005,59,0.0,0.0,,,,,0.0,0.0,0.021739130434782608,,
test,5054,0.5,B0_SPC_observed,SLOWDOWN,True,1.2351127769475707,5.012127239822025,0.01,59,0.0,0.0,,,,,0.0,0.0,0.028985507246376812,,
test,5054,0.5,B0_SPC_observed,SLOWDOWN,True,1.2351127769475707,5.012127239822025,0.02,59,0.0,0.0,,,,,0.0,0.0,0.036231884057971016,,
test,5054,0.5,B0_SPC_observed,SLOWDOWN,True,1.2351127769475707,5.012127239822025,0.05,59,0.0,0.0,,,,,0.0,0.0,0.036231884057971016,,
test,5054,0.5,B0_SPC_observed,SLOWDOWN,True,1.2351127769475707,5.012127239822025,0.1,59,0.0,0.0,,,,,0.0,0.0,0.057971014492753624,,
test,5054,0.5,B1_IsolationForest,SLOWDOWN,True,1.2351127769475707,0.7423023198141773,0.005,59,0.01694915254237288,1.0,0.0,0.0,6.0,,0.0,0.0,0.10144927536231885,24114.303813489852,
test,5054,0.5,B1_IsolationForest,SLOWDOWN,True,1.2351127769475707,0.7423023198141773,0.01,59,0.01694915254237288,1.0,0.0,0.0,6.0,,0.0,0.0,0.10869565217391304,24114.303813489852,
test,5054,0.5,B1_IsolationForest,SLOWDOWN,True,1.2351127769475707,0.7423023198141773,0.02,59,0.01694915254237288,1.0,0.0,0.0,6.0,,0.0,0.0,0.10869565217391304,24114.303813489852,
test,5054,0.5,B1_IsolationForest,SLOWDOWN,True,1.2351127769475707,0.7423023198141773,0.05,59,0.06779661016949153,1.0,0.0,0.0,6.0,,0.0,0.0,0.10869565217391304,23516.327228961527,
test,5054,0.5,B1_IsolationForest,SLOWDOWN,True,1.2351127769475707,0.7423023198141773,0.1,59,0.11864406779661017,1.0,0.0,0.0,6.0,,0.0,0.0,0.18115942028985507,23516.327228961527,
test,5054,0.25,RippleTwin,SLOWDOWN,True,1.2351127769475707,23.87887940963418,0.005,59,0.0,0.0,,,,,0.0,0.0,0.014492753623188406,,
test,5054,0.25,RippleTwin,SLOWDOWN,True,1.2351127769475707,23.87887940963418,0.01,59,0.0,0.0,,,,,0.0,0.0,0.014492753623188406,,
test,5054,0.25,RippleTwin,SLOWDOWN,True,1.2351127769475707,23.87887940963418,0.02,59,0.03389830508474576,1.0,0.0,0.0,31.0,,0.0,0.0,0.07246376811594203,26825.529113319342,
test,5054,0.25,RippleTwin,SLOWDOWN,True,1.2351127769475707,23.87887940963418,0.05,59,0.05084745762711865,1.0,0.0,0.0,31.0,,0.0,0.0,0.08695652173913043,26825.529113319342,
test,5054,0.25,RippleTwin,SLOWDOWN,True,1.2351127769475707,23.87887940963418,0.1,59,0.13559322033898305,1.0,0.0,0.0,31.0,,0.0,0.0,0.11594202898550725,25327.874383354734,
test,5054,0.25,B2_observed_only_twin,SLOWDOWN,True,1.2351127769475707,23.87066583332845,0.005,59,0.0,0.0,,,,,0.0,0.0,0.014492753623188406,,
test,5054,0.25,B2_observed_only_twin,SLOWDOWN,True,1.2351127769475707,23.87066583332845,0.01,59,0.0,0.0,,,,,0.0,0.0,0.014492753623188406,,
test,5054,0.25,B2_observed_only_twin,SLOWDOWN,True,1.2351127769475707,23.87066583332845,0.02,59,0.0,0.0,,,,,0.0,0.0,0.06521739130434782,,
test,5054,0.25,B2_observed_only_twin,SLOWDOWN,True,1.2351127769475707,23.87066583332845,0.05,59,0.05084745762711865,1.0,0.0,0.0,32.0,,0.0,0.0,0.09420289855072464,26825.529113319342,
test,5054,0.25,B2_observed_only_twin,SLOWDOWN,True,1.2351127769475707,23.87066583332845,0.1,59,0.1016949152542373,1.0,0.0,0.0,32.0,,0.0,0.0,0.15217391304347827,25019.93056492403,
test,5054,0.25,B0_SPC_observed,SLOWDOWN,True,1.2351127769475707,4.674774997918179,0.005,59,0.0,0.0,,,,,0.0,0.0,0.014492753623188406,,
test,5054,0.25,B0_SPC_observed,SLOWDOWN,True,1.2351127769475707,4.674774997918179,0.01,59,0.0,0.0,,,,,0.0,0.0,0.014492753623188406,,
test,5054,0.25,B0_SPC_observed,SLOWDOWN,True,1.2351127769475707,4.674774997918179,0.02,59,0.0,0.0,,,,,0.0,0.0,0.014492753623188406,,
test,5054,0.25,B0_SPC_observed,SLOWDOWN,True,1.2351127769475707,4.674774997918179,0.05,59,0.0,0.0,,,,,0.0,0.0,0.021739130434782608,,
test,5054,0.25,B0_SPC_observed,SLOWDOWN,True,1.2351127769475707,4.674774997918179,0.1,59,0.01694915254237288,1.0,0.0,0.0,26.0,,0.0,0.0,0.043478260869565216,30121.272589497737,
test,5054,0.25,B1_IsolationForest,SLOWDOWN,True,1.2351127769475707,0.7158774793615637,0.005,59,0.0,0.0,,,,,0.0,0.0,0.0,,
test,5054,0.25,B1_IsolationForest,SLOWDOWN,True,1.2351127769475707,0.7158774793615637,0.01,59,0.0,0.0,,,,,0.0,0.0,0.0,,
test,5054,0.25,B1_IsolationForest,SLOWDOWN,True,1.2351127769475707,0.7158774793615637,0.02,59,0.0,0.0,,,,,0.0,0.0,0.014492753623188406,,
test,5054,0.25,B1_IsolationForest,SLOWDOWN,True,1.2351127769475707,0.7158774793615637,0.05,59,0.01694915254237288,1.0,0.0,0.0,9.0,,0.0,0.0,0.050724637681159424,33117.11252396297,
test,5054,0.25,B1_IsolationForest,SLOWDOWN,True,1.2351127769475707,0.7158774793615637,0.1,59,0.03389830508474576,1.0,0.0,0.0,9.0,,0.0,0.0,0.057971014492753624,32812.341945045126,
test,5055,1.0,RippleTwin,SLOWDOWN,False,1.1700154409010246,42.5638498837417,0.005,60,0.0,0.0,,,,,0.0,0.0,0.0,,
test,5055,1.0,RippleTwin,SLOWDOWN,False,1.1700154409010246,42.5638498837417,0.01,60,0.0,0.0,,,,,0.0,0.0,0.0,,
test,5055,1.0,RippleTwin,SLOWDOWN,False,1.1700154409010246,42.5638498837417,0.02,60,0.2,1.0,1.0,1.0,0.0,,1.0,1.0,0.0,18419.695574206777,
test,5055,1.0,RippleTwin,SLOWDOWN,False,1.1700154409010246,42.5638498837417,0.05,60,0.6666666666666666,1.0,1.0,1.0,0.0,,1.0,1.0,0.015267175572519083,17222.09784054045,
test,5055,1.0,RippleTwin,SLOWDOWN,False,1.1700154409010246,42.5638498837417,0.1,60,0.8333333333333334,1.0,0.98,0.98,0.0,,1.0,1.0,0.061068702290076333,16922.838033926055,
test,5055,1.0,B2_observed_only_twin,SLOWDOWN,False,1.1700154409010246,42.5638498837417,0.005,60,0.0,0.0,,,,,0.0,0.0,0.0,,
test,5055,1.0,B2_observed_only_twin,SLOWDOWN,False,1.1700154409010246,42.5638498837417,0.01,60,0.0,0.0,,,,,0.0,0.0,0.0,,
test,5055,1.0,B2_observed_only_twin,SLOWDOWN,False,1.1700154409010246,42.5638498837417,0.02,60,0.2,1.0,1.0,1.0,0.0,,1.0,1.0,0.0,18419.695574206777,
test,5055,1.0,B2_observed_only_twin,SLOWDOWN,False,1.1700154409010246,42.5638498837417,0.05,60,0.6666666666666666,1.0,1.0,1.0,0.0,,1.0,1.0,0.015267175572519083,17222.09784054045,
test,5055,1.0,B2_observed_only_twin,SLOWDOWN,False,1.1700154409010246,42.5638498837417,0.1,60,0.8333333333333334,1.0,0.98,0.98,0.0,,1.0,1.0,0.061068702290076333,16922.838033926055,
test,5055,1.0,B0_SPC_observed,SLOWDOWN,False,1.1700154409010246,5.124273832797681,0.005,60,0.6666666666666666,1.0,1.0,1.0,0.0,,1.0,1.0,0.0,16922.838033926055,
test,5055,1.0,B0_SPC_observed,SLOWDOWN,False,1.1700154409010246,5.124273832797681,0.01,60,0.8333333333333334,1.0,0.98,0.98,0.0,,1.0,1.0,0.007633587786259542,16922.838033926055,
test,5055,1.0,B0_SPC_observed,SLOWDOWN,False,1.1700154409010246,5.124273832797681,0.02,60,0.8333333333333334,1.0,0.98,0.98,0.0,,1.0,1.0,0.007633587786259542,16922.838033926055,
test,5055,1.0,B0_SPC_observed,SLOWDOWN,False,1.1700154409010246,5.124273832797681,0.05,60,0.8333333333333334,1.0,0.98,0.98,0.0,,1.0,1.0,0.022900763358778626,16922.838033926055,
test,5055,1.0,B0_SPC_observed,SLOWDOWN,False,1.1700154409010246,5.124273832797681,0.1,60,0.8666666666666667,1.0,0.9423076923076923,0.9423076923076923,0.0,,1.0,1.0,0.030534351145038167,16922.838033926055,
test,5055,1.0,B1_IsolationForest,SLOWDOWN,False,1.1700154409010246,0.7784702529546166,0.005,60,0.0,0.0,,,,,0.0,0.0,0.0,,
test,5055,1.0,B1_IsolationForest,SLOWDOWN,False,1.1700154409010246,0.7784702529546166,0.01,60,0.0,0.0,,,,,0.0,0.0,0.0,,
test,5055,1.0,B1_IsolationForest,SLOWDOWN,False,1.1700154409010246,0.7784702529546166,0.02,60,0.0,0.0,,,,,0.0,0.0,0.0,,
test,5055,1.0,B1_IsolationForest,SLOWDOWN,False,1.1700154409010246,0.7784702529546166,0.05,60,0.03333333333333333,1.0,0.0,0.0,3.0,,0.0,0.0,0.03816793893129771,18113.905281317027,
test,5055,1.0,B1_IsolationForest,SLOWDOWN,False,1.1700154409010246,0.7784702529546166,0.1,60,0.06666666666666667,1.0,0.0,0.0,3.0,,0.0,0.0,0.08396946564885496,18113.905281317027,
test,5055,0.75,RippleTwin,SLOWDOWN,False,1.1700154409010246,31.30364205825687,0.005,60,0.0,0.0,,,,,0.0,0.0,0.0,,
test,5055,0.75,RippleTwin,SLOWDOWN,False,1.1700154409010246,31.30364205825687,0.01,60,0.03333333333333333,1.0,1.0,1.0,0.0,,1.0,1.0,0.0,18419.695574206777,
test,5055,0.75,RippleTwin,SLOWDOWN,False,1.1700154409010246,31.30364205825687,0.02,60,0.5,1.0,1.0,1.0,0.0,,1.0,1.0,0.0,17222.09784054045,
test,5055,0.75,RippleTwin,SLOWDOWN,False,1.1700154409010246,31.30364205825687,0.05,60,0.7666666666666667,1.0,0.9782608695652174,0.9782608695652174,0.0,,1.0,1.0,0.022900763358778626,17222.09784054045,
test,5055,0.75,RippleTwin,SLOWDOWN,False,1.1700154409010246,31.30364205825687,0.1,60,0.85,1.0,0.9607843137254902,0.9607843137254902,0.0,,1.0,1.0,0.06870229007633588,16922.838033926055,
test,5055,0.75,B2_observed_only_twin,SLOWDOWN,False,1.1700154409010246,31.30364205825687,0.005,60,0.0,0.0,,,,,0.0,0.0,0.0,,
test,5055,0.75,B2_observed_only_twin,SLOWDOWN,False,1.1700154409010246,31.30364205825687,0.01,60,0.03333333333333333,1.0,1.0,1.0,0.0,,1.0,1.0,0.0,18419.695574206777,
test,5055,0.75,B2_observed_only_twin,SLOWDOWN,False,1.1700154409010246,31.30364205825687,0.02,60,0.5333333333333333,1.0,1.0,1.0,0.0,,1.0,1.0,0.0,17222.09784054045,
test,5055,0.75,B2_observed_only_twin,SLOWDOWN,False,1.1700154409010246,31.30364205825687,0.05,60,0.8333333333333334,1.0,0.98,0.98,0.0,,1.0,1.0,0.022900763358778626,16922.838033926055,
test,5055,0.75,B2_observed_only_twin,SLOWDOWN,False,1.1700154409010246,31.30364205825687,0.1,60,0.8666666666666667,1.0,0.9615384615384616,0.9615384615384616,0.0,,1.0,1.0,0.07633587786259542,16922.838033926055,
test,5055,0.75,B0_SPC_observed,SLOWDOWN,False,1.1700154409010246,5.061702559429017,0.005,60,0.8,1.0,0.9791666666666666,0.9791666666666666,0.0,,1.0,1.0,0.007633587786259542,16922.838033926055,
test,5055,0.75,B0_SPC_observed,SLOWDOWN,False,1.1700154409010246,5.061702559429017,0.01,60,0.8333333333333334,1.0,0.98,0.98,0.0,,1.0,1.0,0.007633587786259542,16922.838033926055,
test,5055,0.75,B0_SPC_observed,SLOWDOWN,False,1.1700154409010246,5.061702559429017,0.02,60,0.8333333333333334,1.0,0.98,0.98,0.0,,1.0,1.0,0.015267175572519083,16922.838033926055,
test,5055,0.75,B0_SPC_observed,SLOWDOWN,False,1.1700154409010246,5.061702559429017,0.05,60,0.8333333333333334,1.0,0.98,0.98,0.0,,1.0,1.0,0.022900763358778626,16922.838033926055,
test,5055,0.75,B0_SPC_observed,SLOWDOWN,False,1.1700154409010246,5.061702559429017,0.1,60,0.8666666666666667,1.0,0.9423076923076923,0.9423076923076923,0.0,,1.0,1.0,0.030534351145038167,16922.838033926055,
test,5055,0.75,B1_IsolationForest,SLOWDOWN,False,1.1700154409010246,0.7423023198141773,0.005,60,0.0,0.0,,,,,0.0,0.0,0.03816793893129771,,
test,5055,0.75,B1_IsolationForest,SLOWDOWN,False,1.1700154409010246,0.7423023198141773,0.01,60,0.0,0.0,,,,,0.0,0.0,0.03816793893129771,,
test,5055,0.75,B1_IsolationForest,SLOWDOWN,False,1.1700154409010246,0.7423023198141773,0.02,60,0.0,0.0,,,,,0.0,0.0,0.061068702290076333,,
test,5055,0.75,B1_IsolationForest,SLOWDOWN,False,1.1700154409010246,0.7423023198141773,0.05,60,0.016666666666666666,1.0,0.0,0.0,17.0,,0.0,0.0,0.0916030534351145,17222.09784054045,
test,5055,0.75,B1_IsolationForest,SLOWDOWN,False,1.1700154409010246,0.7423023198141773,0.1,60,0.7166666666666667,1.0,0.9534883720930233,0.9534883720930233,0.0,,1.0,1.0,0.09923664122137404,17222.09784054045,
test,5055,0.5,RippleTwin,SLOWDOWN,True,1.1700154409010246,39.99294167411538,0.005,60,0.0,0.0,,,,,0.0,0.0,0.0,,
test,5055,0.5,RippleTwin,SLOWDOWN,True,1.1700154409010246,39.99294167411538,0.01,60,0.0,0.0,,,,,0.0,0.0,0.0,,
test,5055,0.5,RippleTwin,SLOWDOWN,True,1.1700154409010246,39.99294167411538,0.02,60,0.0,0.0,,,,,0.0,0.0,0.015267175572519083,,
test,5055,0.5,RippleTwin,SLOWDOWN,True,1.1700154409010246,39.99294167411538,0.05,60,0.0,0.0,,,,,0.0,0.0,0.06870229007633588,,
test,5055,0.5,RippleTwin,SLOWDOWN,True,1.1700154409010246,39.99294167411538,0.1,60,0.016666666666666666,1.0,0.0,0.0,18.0,,0.0,0.0,0.08396946564885496,17222.09784054045,
test,5055,0.5,B2_observed_only_twin,SLOWDOWN,True,1.1700154409010246,39.987745614480566,0.005,60,0.0,0.0,,,,,0.0,0.0,0.0,,
test,5055,0.5,B2_observed_only_twin,SLOWDOWN,True,1.1700154409010246,39.987745614480566,0.01,60,0.0,0.0,,,,,0.0,0.0,0.0,,
test,5055,0.5,B2_observed_only_twin,SLOWDOWN,True,1.1700154409010246,39.987745614480566,0.02,60,0.0,0.0,,,,,0.0,0.0,0.015267175572519083,,
test,5055,0.5,B2_observed_only_twin,SLOWDOWN,True,1.1700154409010246,39.987745614480566,0.05,60,0.0,0.0,,,,,0.0,0.0,0.06870229007633588,,
test,5055,0.5,B2_observed_only_twin,SLOWDOWN,True,1.1700154409010246,39.987745614480566,0.1,60,0.016666666666666666,1.0,0.0,0.0,18.0,,0.0,0.0,0.0916030534351145,17222.09784054045,
test,5055,0.5,B0_SPC_observed,SLOWDOWN,True,1.1700154409010246,5.012127239822025,0.005,60,0.016666666666666666,1.0,0.0,0.0,18.0,,0.0,0.0,0.0,37323.600186186,
test,5055,0.5,B0_SPC_observed,SLOWDOWN,True,1.1700154409010246,5.012127239822025,0.01,60,0.016666666666666666,1.0,0.0,0.0,18.0,,0.0,0.0,0.0,37323.600186186,
test,5055,0.5,B0_SPC_observed,SLOWDOWN,True,1.1700154409010246,5.012127239822025,0.02,60,0.016666666666666666,1.0,0.0,0.0,18.0,,0.0,0.0,0.015267175572519083,37323.600186186,
test,5055,0.5,B0_SPC_observed,SLOWDOWN,True,1.1700154409010246,5.012127239822025,0.05,60,0.08333333333333333,1.0,0.0,0.0,18.0,,0.0,0.0,0.015267175572519083,27717.060346662533,
test,5055,0.5,B0_SPC_observed,SLOWDOWN,True,1.1700154409010246,5.012127239822025,0.1,60,0.1,1.0,0.0,0.0,13.5,,0.0,0.0,0.022900763358778626,27717.060346662533,
test,5055,0.5,B1_IsolationForest,SLOWDOWN,True,1.1700154409010246,0.7423023198141773,0.005,60,0.0,0.0,,,,,0.0,0.0,0.03816793893129771,,
test,5055,0.5,B1_IsolationForest,SLOWDOWN,True,1.1700154409010246,0.7423023198141773,0.01,60,0.0,0.0,,,,,0.0,0.0,0.03816793893129771,,
test,5055,0.5,B1_IsolationForest,SLOWDOWN,True,1.1700154409010246,0.7423023198141773,0.02,60,0.0,0.0,,,,,0.0,0.0,0.061068702290076333,,
test,5055,0.5,B1_IsolationForest,SLOWDOWN,True,1.1700154409010246,0.7423023198141773,0.05,60,0.03333333333333333,1.0,0.0,0.0,17.0,,0.0,0.0,0.061068702290076333,18113.905281317027,
test,5055,0.5,B1_IsolationForest,SLOWDOWN,True,1.1700154409010246,0.7423023198141773,0.1,60,0.05,1.0,0.0,0.0,17.0,,0.0,0.0,0.06870229007633588,18113.905281317027,
test,5055,0.25,RippleTwin,SLOWDOWN,True,1.1700154409010246,23.87887940963418,0.005,60,0.0,0.0,,,,,0.0,0.0,0.0,,
test,5055,0.25,RippleTwin,SLOWDOWN,True,1.1700154409010246,23.87887940963418,0.01,60,0.0,0.0,,,,,0.0,0.0,0.0,,
test,5055,0.25,RippleTwin,SLOWDOWN,True,1.1700154409010246,23.87887940963418,0.02,60,0.0,0.0,,,,,0.0,0.0,0.022900763358778626,,
test,5055,0.25,RippleTwin,SLOWDOWN,True,1.1700154409010246,23.87887940963418,0.05,60,0.0,0.0,,,,,0.0,0.0,0.07633587786259542,,
test,5055,0.25,RippleTwin,SLOWDOWN,True,1.1700154409010246,23.87887940963418,0.1,60,0.0,0.0,,,,,0.0,0.0,0.1297709923664122,,
test,5055,0.25,B2_observed_only_twin,SLOWDOWN,True,1.1700154409010246,23.87066583332845,0.005,60,0.0,0.0,,,,,0.0,0.0,0.0,,
test,5055,0.25,B2_observed_only_twin,SLOWDOWN,True,1.1700154409010246,23.87066583332845,0.01,60,0.0,0.0,,,,,0.0,0.0,0.0,,
test,5055,0.25,B2_observed_only_twin,SLOWDOWN,True,1.1700154409010246,23.87066583332845,0.02,60,0.0,0.0,,,,,0.0,0.0,0.030534351145038167,,
test,5055,0.25,B2_observed_only_twin,SLOWDOWN,True,1.1700154409010246,23.87066583332845,0.05,60,0.0,0.0,,,,,0.0,0.0,0.06870229007633588,,
test,5055,0.25,B2_observed_only_twin,SLOWDOWN,True,1.1700154409010246,23.87066583332845,0.1,60,0.03333333333333333,1.0,0.0,0.0,14.0,,0.0,0.0,0.1297709923664122,19620.567913949897,
test,5055,0.25,B0_SPC_observed,SLOWDOWN,True,1.1700154409010246,4.674774997918179,0.005,60,0.0,0.0,,,,,0.0,0.0,0.0,,
test,5055,0.25,B0_SPC_observed,SLOWDOWN,True,1.1700154409010246,4.674774997918179,0.01,60,0.0,0.0,,,,,0.0,0.0,0.0,,
test,5055,0.25,B0_SPC_observed,SLOWDOWN,True,1.1700154409010246,4.674774997918179,0.02,60,0.0,0.0,,,,,0.0,0.0,0.0,,
test,5055,0.25,B0_SPC_observed,SLOWDOWN,True,1.1700154409010246,4.674774997918179,0.05,60,0.0,0.0,,,,,0.0,0.0,0.0,,
test,5055,0.25,B0_SPC_observed,SLOWDOWN,True,1.1700154409010246,4.674774997918179,0.1,60,0.0,0.0,,,,,0.0,0.0,0.007633587786259542,,
test,5055,0.25,B1_IsolationForest,SLOWDOWN,True,1.1700154409010246,0.7158774793615637,0.005,60,0.0,0.0,,,,,0.0,0.0,0.0,,
test,5055,0.25,B1_IsolationForest,SLOWDOWN,True,1.1700154409010246,0.7158774793615637,0.01,60,0.0,0.0,,,,,0.0,0.0,0.0,,
test,5055,0.25,B1_IsolationForest,SLOWDOWN,True,1.1700154409010246,0.7158774793615637,0.02,60,0.0,0.0,,,,,0.0,0.0,0.0,,
test,5055,0.25,B1_IsolationForest,SLOWDOWN,True,1.1700154409010246,0.7158774793615637,0.05,60,0.016666666666666666,1.0,0.0,0.0,7.0,,0.0,0.0,0.0,25922.993707554248,
test,5055,0.25,B1_IsolationForest,SLOWDOWN,True,1.1700154409010246,0.7158774793615637,0.1,60,0.03333333333333333,1.0,0.0,0.0,8.5,,0.0,0.0,0.0,21113.828067929586,
test,5056,1.0,RippleTwin,SLOWDOWN,False,1.4145830916116453,42.5638498837417,0.005,65,0.7846153846153846,1.0,1.0,1.0,0.0,117.77281927262108,1.0,1.0,0.0390625,29816.996002766275,29816.996002766275
test,5056,1.0,RippleTwin,SLOWDOWN,False,1.4145830916116453,42.5638498837417,0.01,65,0.8,1.0,1.0,1.0,0.0,117.77281927262108,1.0,1.0,0.046875,29816.996002766275,29816.996002766275
test,5056,1.0,RippleTwin,SLOWDOWN,False,1.4145830916116453,42.5638498837417,0.02,65,0.8,1.0,1.0,1.0,0.0,117.77281927262108,1.0,1.0,0.078125,29816.996002766275,29816.996002766275
test,5056,1.0,RippleTwin,SLOWDOWN,False,1.4145830916116453,42.5638498837417,0.05,65,0.8153846153846154,1.0,1.0,1.0,0.0,117.77281927262108,1.0,1.0,0.078125,29816.996002766275,29816.996002766275
test,5056,1.0,RippleTwin,SLOWDOWN,False,1.4145830916116453,42.5638498837417,0.1,65,0.8153846153846154,1.0,1.0,1.0,0.0,117.77281927262108,1.0,1.0,0.109375,29816.996002766275,29816.996002766275
test,5056,1.0,B2_observed_only_twin,SLOWDOWN,False,1.4145830916116453,42.5638498837417,0.005,65,0.7846153846153846,1.0,1.0,1.0,0.0,117.77281927262108,1.0,1.0,0.0390625,29816.996002766275,29816.996002766275
test,5056,1.0,B2_observed_only_twin,SLOWDOWN,False,1.4145830916116453,42.5638498837417,0.01,65,0.8,1.0,1.0,1.0,0.0,117.77281927262108,1.0,1.0,0.046875,29816.996002766275,29816.996002766275
test,5056,1.0,B2_observed_only_twin,SLOWDOWN,False,1.4145830916116453,42.5638498837417,0.02,65,0.8,1.0,1.0,1.0,0.0,117.77281927262108,1.0,1.0,0.078125,29816.996002766275,29816.996002766275
test,5056,1.0,B2_observed_only_twin,SLOWDOWN,False,1.4145830916116453,42.5638498837417,0.05,65,0.8153846153846154,1.0,1.0,1.0,0.0,117.77281927262108,1.0,1.0,0.078125,29816.996002766275,29816.996002766275
test,5056,1.0,B2_observed_only_twin,SLOWDOWN,False,1.4145830916116453,42.5638498837417,0.1,65,0.8153846153846154,1.0,1.0,1.0,0.0,117.77281927262108,1.0,1.0,0.109375,29816.996002766275,29816.996002766275
test,5056,1.0,B0_SPC_observed,SLOWDOWN,False,1.4145830916116453,5.124273832797681,0.005,65,0.7692307692307693,1.0,1.0,1.0,0.0,117.77281927262108,1.0,1.0,0.03125,29816.996002766275,29816.996002766275
test,5056,1.0,B0_SPC_observed,SLOWDOWN,False,1.4145830916116453,5.124273832797681,0.01,65,0.7692307692307693,1.0,1.0,1.0,0.0,117.77281927262108,1.0,1.0,0.03125,29816.996002766275,29816.996002766275
test,5056,1.0,B0_SPC_observed,SLOWDOWN,False,1.4145830916116453,5.124273832797681,0.02,65,0.7692307692307693,1.0,1.0,1.0,0.0,117.77281927262108,1.0,1.0,0.03125,29816.996002766275,29816.996002766275
test,5056,1.0,B0_SPC_observed,SLOWDOWN,False,1.4145830916116453,5.124273832797681,0.05,65,0.7846153846153846,1.0,1.0,1.0,0.0,117.77281927262108,1.0,1.0,0.0625,29816.996002766275,29816.996002766275
test,5056,1.0,B0_SPC_observed,SLOWDOWN,False,1.4145830916116453,5.124273832797681,0.1,65,0.7846153846153846,1.0,1.0,1.0,0.0,117.77281927262108,1.0,1.0,0.125,29816.996002766275,29816.996002766275
test,5056,1.0,B1_IsolationForest,SLOWDOWN,False,1.4145830916116453,0.7784702529546166,0.005,65,0.0,0.0,,,,,0.0,0.0,0.0,,
test,5056,1.0,B1_IsolationForest,SLOWDOWN,False,1.4145830916116453,0.7784702529546166,0.01,65,0.0,0.0,,,,,0.0,0.0,0.0,,
test,5056,1.0,B1_IsolationForest,SLOWDOWN,False,1.4145830916116453,0.7784702529546166,0.02,65,0.0,0.0,,,,,0.0,0.0,0.0,,
test,5056,1.0,B1_IsolationForest,SLOWDOWN,False,1.4145830916116453,0.7784702529546166,0.05,65,0.6307692307692307,1.0,0.0,0.0,5.0,,0.0,0.0,0.0234375,36412.31861023569,
test,5056,1.0,B1_IsolationForest,SLOWDOWN,False,1.4145830916116453,0.7784702529546166,0.1,65,0.8461538461538461,1.0,0.0,0.16363636363636364,5.0,82.64131810417463,0.0,0.0,0.140625,31924.88607287306,31924.88607287306
test,5056,0.75,RippleTwin,SLOWDOWN,True,1.4145830916116453,31.30364205825687,0.005,65,0.8,1.0,0.8269230769230769,1.0,0.0,82.64131810417463,1.0,1.0,0.0390625,31924.88607287306,31924.88607287306
test,5056,0.75,RippleTwin,SLOWDOWN,True,1.4145830916116453,31.30364205825687,0.01,65,0.8,1.0,0.8269230769230769,1.0,0.0,87.79466204574425,1.0,1.0,0.0390625,31615.685436378884,31615.685436378884
test,5056,0.75,RippleTwin,SLOWDOWN,True,1.4145830916116453,31.30364205825687,0.02,65,0.8,1.0,0.8269230769230769,1.0,0.0,87.79466204574425,1.0,1.0,0.0546875,31615.685436378884,31615.685436378884
test,5056,0.75,RippleTwin,SLOWDOWN,True,1.4145830916116453,31.30364205825687,0.05,65,0.8,1.0,0.8269230769230769,1.0,0.0,92.75405955954326,1.0,1.0,0.0546875,31318.121585550944,31318.121585550944
test,5056,0.75,RippleTwin,SLOWDOWN,True,1.4145830916116453,31.30364205825687,0.1,65,0.8,1.0,0.8269230769230769,1.0,0.0,92.75405955954326,1.0,1.0,0.0703125,29816.996002766275,31318.121585550944
test,5056,0.75,B2_observed_only_twin,SLOWDOWN,True,1.4145830916116453,31.30364205825687,0.005,65,0.7538461538461538,1.0,0.0,1.0,1.0,82.64131810417463,0.0,1.0,0.0390625,31924.88607287306,31924.88607287306
test,5056,0.75,B2_observed_only_twin,SLOWDOWN,True,1.4145830916116453,31.30364205825687,0.01,65,0.7538461538461538,1.0,0.0,1.0,1.0,82.64131810417463,0.0,1.0,0.0390625,31924.88607287306,31924.88607287306
test,5056,0.75,B2_observed_only_twin,SLOWDOWN,True,1.4145830916116453,31.30364205825687,0.02,65,0.7692307692307693,1.0,0.0,0.98,1.0,87.79466204574425,0.0,1.0,0.0546875,31615.685436378884,31615.685436378884
test,5056,0.75,B2_observed_only_twin,SLOWDOWN,True,1.4145830916116453,31.30364205825687,0.05,65,0.7692307692307693,1.0,0.0,0.98,1.0,92.75405955954326,0.0,1.0,0.0625,31318.121585550944,31318.121585550944
test,5056,0.75,B2_observed_only_twin,SLOWDOWN,True,1.4145830916116453,31.30364205825687,0.1,65,0.7846153846153846,1.0,0.0,0.9607843137254902,1.0,92.75405955954326,0.0,1.0,0.1015625,29816.996002766275,31318.121585550944
test,5056,0.75,B0_SPC_observed,SLOWDOWN,True,1.4145830916116453,5.061702559429017,0.005,65,0.0,0.0,,,,,0.0,0.0,0.0,,
test,5056,0.75,B0_SPC_observed,SLOWDOWN,True,1.4145830916116453,5.061702559429017,0.01,65,0.0,0.0,,,,,0.0,0.0,0.0,,
test,5056,0.75,B0_SPC_observed,SLOWDOWN,True,1.4145830916116453,5.061702559429017,0.02,65,0.0,0.0,,,,,0.0,0.0,0.0,,
test,5056,0.75,B0_SPC_observed,SLOWDOWN,True,1.4145830916116453,5.061702559429017,0.05,65,0.0,0.0,,,,,0.0,0.0,0.03125,,
test,5056,0.75,B0_SPC_observed,SLOWDOWN,True,1.4145830916116453,5.061702559429017,0.1,65,0.0,0.0,,,,,0.0,0.0,0.09375,,
test,5056,0.75,B1_IsolationForest,SLOWDOWN,True,1.4145830916116453,0.7423023198141773,0.005,65,0.6307692307692307,1.0,0.0,0.0,5.0,,0.0,0.0,0.015625,36412.31861023569,
test,5056,0.75,B1_IsolationForest,SLOWDOWN,True,1.4145830916116453,0.7423023198141773,0.01,65,0.6307692307692307,1.0,0.0,0.0,5.0,,0.0,0.0,0.015625,36412.31861023569,
test,5056,0.75,B1_IsolationForest,SLOWDOWN,True,1.4145830916116453,0.7423023198141773,0.02,65,0.676923076923077,1.0,0.0,0.045454545454545456,5.0,62.73656915147415,0.0,0.0,0.015625,33119.17101003509,33119.17101003509
test,5056,0.75,B1_IsolationForest,SLOWDOWN,True,1.4145830916116453,0.7423023198141773,0.05,65,0.8461538461538461,1.0,0.0,0.16363636363636364,5.0,82.64131810417463,0.0,0.0,0.0859375,31924.88607287306,31924.88607287306
test,5056,0.75,B1_IsolationForest,SLOWDOWN,True,1.4145830916116453,0.7423023198141773,0.1,65,0.8615384615384616,1.0,0.0,0.16071428571428573,5.0,97.62983213441221,0.0,0.0,0.1484375,29816.996002766275,31025.575231058807
test,5056,0.5,RippleTwin,SLOWDOWN,True,1.4145830916116453,39.99294167411538,0.005,65,0.6615384615384615,1.0,0.046511627906976744,0.09302325581395349,3.0,17.8550545033943,0.0,0.0,0.0390625,32219.219712983315,35812.06188891988
test,5056,0.5,RippleTwin,SLOWDOWN,True,1.4145830916116453,39.99294167411538,0.01,65,0.6615384615384615,1.0,0.046511627906976744,0.09302325581395349,3.0,17.8550545033943,0.0,0.0,0.0390625,32219.219712983315,35812.06188891988
test,5056,0.5,RippleTwin,SLOWDOWN,True,1.4145830916116453,39.99294167411538,0.02,65,0.7230769230769231,1.0,0.0425531914893617,0.0851063829787234,3.0,17.8550545033943,0.0,0.0,0.0546875,31924.88607287306,35812.06188891988
test,5056,0.5,RippleTwin,SLOWDOWN,True,1.4145830916116453,39.99294167411538,0.05,65,0.7230769230769231,1.0,0.0425531914893617,0.0851063829787234,3.0,17.8550545033943,0.0,0.0,0.0625,31924.88607287306,35812.06188891988
test,5056,0.5,RippleTwin,SLOWDOWN,True,1.4145830916116453,39.99294167411538,0.1,65,0.7384615384615385,1.0,0.041666666666666664,0.08333333333333333,3.0,17.8550545033943,0.0,0.0,0.1015625,31615.685436378884,35812.06188891988
test,5056,0.5,B2_observed_only_twin,SLOWDOWN,True,1.4145830916116453,39.987745614480566,0.005,65,0.6923076923076923,1.0,0.0,0.0,4.0,,0.0,0.0,0.0390625,34019.067803359,
test,5056,0.5,B2_observed_only_twin,SLOWDOWN,True,1.4145830916116453,39.987745614480566,0.01,65,0.7230769230769231,1.0,0.0,0.0,4.0,,0.0,0.0,0.0390625,32219.219712983315,
test,5056,0.5,B2_observed_only_twin,SLOWDOWN,True,1.4145830916116453,39.987745614480566,0.02,65,0.8,1.0,0.0,0.0,4.0,,0.0,0.0,0.0546875,31924.88607287306,
test,5056,0.5,B2_observed_only_twin,SLOWDOWN,True,1.4145830916116453,39.987745614480566,0.05,65,0.8153846153846154,1.0,0.0,0.0,4.0,,0.0,0.0,0.0625,31924.88607287306,
test,5056,0.5,B2_observed_only_twin,SLOWDOWN,True,1.4145830916116453,39.987745614480566,0.1,65,0.8153846153846154,1.0,0.0,0.0,4.0,,0.0,0.0,0.1015625,31615.685436378884,
test,5056,0.5,B0_SPC_observed,SLOWDOWN,True,1.4145830916116453,5.012127239822025,0.005,65,0.0,0.0,,,,,0.0,0.0,0.0,,
test,5056,0.5,B0_SPC_observed,SLOWDOWN,True,1.4145830916116453,5.012127239822025,0.01,65,0.0,0.0,,,,,0.0,0.0,0.0,,
test,5056,0.5,B0_SPC_observed,SLOWDOWN,True,1.4145830916116453,5.012127239822025,0.02,65,0.0,0.0,,,,,0.0,0.0,0.0,,
test,5056,0.5,B0_SPC_observed,SLOWDOWN,True,1.4145830916116453,5.012127239822025,0.05,65,0.0,0.0,,,,,0.0,0.0,0.03125,,
test,5056,0.5,B0_SPC_observed,SLOWDOWN,True,1.4145830916116453,5.012127239822025,0.1,65,0.0,0.0,,,,,0.0,0.0,0.0546875,,
test,5056,0.5,B1_IsolationForest,SLOWDOWN,True,1.4145830916116453,0.7423023198141773,0.005,65,0.6307692307692307,1.0,0.0,0.0,5.0,,0.0,0.0,0.015625,36412.31861023569,
test,5056,0.5,B1_IsolationForest,SLOWDOWN,True,1.4145830916116453,0.7423023198141773,0.01,65,0.6307692307692307,1.0,0.0,0.0,5.0,,0.0,0.0,0.015625,36412.31861023569,
test,5056,0.5,B1_IsolationForest,SLOWDOWN,True,1.4145830916116453,0.7423023198141773,0.02,65,0.6923076923076923,1.0,0.0,0.0,5.0,,0.0,0.0,0.0234375,33119.17101003509,
test,5056,0.5,B1_IsolationForest,SLOWDOWN,True,1.4145830916116453,0.7423023198141773,0.05,65,0.8,1.0,0.0,0.0,5.0,,0.0,0.0,0.0859375,32514.99908289314,
test,5056,0.5,B1_IsolationForest,SLOWDOWN,True,1.4145830916116453,0.7423023198141773,0.1,65,0.9384615384615385,1.0,0.0,0.0,5.0,,0.0,0.0,0.15625,31318.121585550944,
test,5056,0.25,RippleTwin,SLOWDOWN,True,1.4145830916116453,23.87887940963418,0.005,65,0.46153846153846156,1.0,0.0,0.16666666666666666,2.0,-34.580935078023685,0.0,0.0,0.0234375,38958.22126380496,38958.22126380496
test,5056,0.25,RippleTwin,SLOWDOWN,True,1.4145830916116453,23.87887940963418,0.01,65,0.46153846153846156,1.0,0.0,0.16666666666666666,2.0,-34.580935078023685,0.0,0.0,0.0234375,38958.22126380496,38958.22126380496
test,5056,0.25,RippleTwin,SLOWDOWN,True,1.4145830916116453,23.87887940963418,0.02,65,0.5076923076923077,1.0,0.0,0.15151515151515152,2.0,-34.580935078023685,0.0,0.0,0.03125,38091.19667865537,38958.22126380496
test,5056,0.25,RippleTwin,SLOWDOWN,True,1.4145830916116453,23.87887940963418,0.05,65,0.5076923076923077,1.0,0.0,0.15151515151515152,2.0,-34.580935078023685,0.0,0.0,0.0625,38091.19667865537,38958.22126380496
test,5056,0.25,RippleTwin,SLOWDOWN,True,1.4145830916116453,23.87887940963418,0.1,65,0.5384615384615384,1.0,0.0,0.14285714285714285,2.0,-34.580935078023685,0.0,0.0,0.125,30112.359552913505,38958.22126380496
test,5056,0.25,B2_observed_only_twin,SLOWDOWN,True,1.4145830916116453,23.87066583332845,0.005,65,0.46153846153846156,1.0,0.0,0.0,2.0,,0.0,0.0,0.015625,38958.22126380496,
test,5056,0.25,B2_observed_only_twin,SLOWDOWN,True,1.4145830916116453,23.87066583332845,0.01,65,0.46153846153846156,1.0,0.0,0.0,2.0,,0.0,0.0,0.015625,38958.22126380496,
test,5056,0.25,B2_observed_only_twin,SLOWDOWN,True,1.4145830916116453,23.87066583332845,0.02,65,0.5076923076923077,1.0,0.0,0.0,2.0,,0.0,0.0,0.03125,38527.10124572558,
test,5056,0.25,B2_observed_only_twin,SLOWDOWN,True,1.4145830916116453,23.87066583332845,0.05,65,0.5230769230769231,1.0,0.0,0.0,2.0,,0.0,0.0,0.0546875,38527.10124572558,
test,5056,0.25,B2_observed_only_twin,SLOWDOWN,True,1.4145830916116453,23.87066583332845,0.1,65,0.5230769230769231,1.0,0.0,0.0,2.0,,0.0,0.0,0.15625,38527.10124572558,
test,5056,0.25,B0_SPC_observed,SLOWDOWN,True,1.4145830916116453,4.674774997918179,0.005,65,0.0,0.0,,,,,0.0,0.0,0.0,,
test,5056,0.25,B0_SPC_observed,SLOWDOWN,True,1.4145830916116453,4.674774997918179,0.01,65,0.0,0.0,,,,,0.0,0.0,0.0,,
test,5056,0.25,B0_SPC_observed,SLOWDOWN,True,1.4145830916116453,4.674774997918179,0.02,65,0.0,0.0,,,,,0.0,0.0,0.0234375,,
test,5056,0.25,B0_SPC_observed,SLOWDOWN,True,1.4145830916116453,4.674774997918179,0.05,65,0.0,0.0,,,,,0.0,0.0,0.046875,,
test,5056,0.25,B0_SPC_observed,SLOWDOWN,True,1.4145830916116453,4.674774997918179,0.1,65,0.0,0.0,,,,,0.0,0.0,0.078125,,
test,5056,0.25,B1_IsolationForest,SLOWDOWN,True,1.4145830916116453,0.7158774793615637,0.005,65,0.0,0.0,,,,,0.0,0.0,0.0234375,,
test,5056,0.25,B1_IsolationForest,SLOWDOWN,True,1.4145830916116453,0.7158774793615637,0.01,65,0.0,0.0,,,,,0.0,0.0,0.0234375,,
test,5056,0.25,B1_IsolationForest,SLOWDOWN,True,1.4145830916116453,0.7158774793615637,0.02,65,0.015384615384615385,1.0,0.0,0.0,2.0,,0.0,0.0,0.03125,29816.996002766275,
test,5056,0.25,B1_IsolationForest,SLOWDOWN,True,1.4145830916116453,0.7158774793615637,0.05,65,0.12307692307692308,1.0,0.0,0.0,2.0,,0.0,0.0,0.0546875,29816.996002766275,
test,5056,0.25,B1_IsolationForest,SLOWDOWN,True,1.4145830916116453,0.7158774793615637,0.1,65,0.23076923076923078,1.0,0.0,0.0,2.0,,0.0,0.0,0.0703125,29816.996002766275,
test,5057,1.0,RippleTwin,QUALITY_DRIFT,False,9.035219451778552,42.5638498837417,0.005,66,0.0,0.0,,,,,0.0,0.0,0.0,,
test,5057,1.0,RippleTwin,QUALITY_DRIFT,False,9.035219451778552,42.5638498837417,0.01,66,0.0,0.0,,,,,0.0,0.0,0.0,,
test,5057,1.0,RippleTwin,QUALITY_DRIFT,False,9.035219451778552,42.5638498837417,0.02,66,0.0,0.0,,,,,0.0,0.0,0.0,,
test,5057,1.0,RippleTwin,QUALITY_DRIFT,False,9.035219451778552,42.5638498837417,0.05,66,0.030303030303030304,1.0,0.0,0.0,16.0,,0.0,0.0,0.0,33111.75997063474,
test,5057,1.0,RippleTwin,QUALITY_DRIFT,False,9.035219451778552,42.5638498837417,0.1,66,0.045454545454545456,1.0,0.0,0.0,16.0,,0.0,0.0,0.064,33111.75997063474,
test,5057,1.0,B2_observed_only_twin,QUALITY_DRIFT,False,9.035219451778552,42.5638498837417,0.005,66,0.0,0.0,,,,,0.0,0.0,0.0,,
test,5057,1.0,B2_observed_only_twin,QUALITY_DRIFT,False,9.035219451778552,42.5638498837417,0.01,66,0.0,0.0,,,,,0.0,0.0,0.0,,
test,5057,1.0,B2_observed_only_twin,QUALITY_DRIFT,False,9.035219451778552,42.5638498837417,0.02,66,0.0,0.0,,,,,0.0,0.0,0.0,,
test,5057,1.0,B2_observed_only_twin,QUALITY_DRIFT,False,9.035219451778552,42.5638498837417,0.05,66,0.030303030303030304,1.0,0.0,0.0,16.0,,0.0,0.0,0.0,33111.75997063474,
test,5057,1.0,B2_observed_only_twin,QUALITY_DRIFT,False,9.035219451778552,42.5638498837417,0.1,66,0.045454545454545456,1.0,0.0,0.0,16.0,,0.0,0.0,0.064,33111.75997063474,
test,5057,1.0,B0_SPC_observed,QUALITY_DRIFT,False,9.035219451778552,5.124273832797681,0.005,66,0.0,0.0,,,,,0.0,0.0,0.0,,
test,5057,1.0,B0_SPC_observed,QUALITY_DRIFT,False,9.035219451778552,5.124273832797681,0.01,66,0.0,0.0,,,,,0.0,0.0,0.0,,
test,5057,1.0,B0_SPC_observed,QUALITY_DRIFT,False,9.035219451778552,5.124273832797681,0.02,66,0.0,0.0,,,,,0.0,0.0,0.0,,
test,5057,1.0,B0_SPC_observed,QUALITY_DRIFT,False,9.035219451778552,5.124273832797681,0.05,66,0.0,0.0,,,,,0.0,0.0,0.0,,
test,5057,1.0,B0_SPC_observed,QUALITY_DRIFT,False,9.035219451778552,5.124273832797681,0.1,66,0.030303030303030304,1.0,0.0,0.0,13.0,,0.0,0.0,0.0,53300.54359142292,
test,5057,1.0,B1_IsolationForest,QUALITY_DRIFT,False,9.035219451778552,0.7784702529546166,0.005,66,0.0,0.0,,,,,0.0,0.0,0.232,,
test,5057,1.0,B1_IsolationForest,QUALITY_DRIFT,False,9.035219451778552,0.7784702529546166,0.01,66,0.0,0.0,,,,,0.0,0.0,0.248,,
test,5057,1.0,B1_IsolationForest,QUALITY_DRIFT,False,9.035219451778552,0.7784702529546166,0.02,66,0.0,0.0,,,,,0.0,0.0,0.256,,
test,5057,1.0,B1_IsolationForest,QUALITY_DRIFT,False,9.035219451778552,0.7784702529546166,0.05,66,0.0,0.0,,,,,0.0,0.0,0.36,,
test,5057,1.0,B1_IsolationForest,QUALITY_DRIFT,False,9.035219451778552,0.7784702529546166,0.1,66,0.0,0.0,,,,,0.0,0.0,0.36,,
test,5057,0.75,RippleTwin,QUALITY_DRIFT,True,9.035219451778552,31.30364205825687,0.005,66,0.0,0.0,,,,,0.0,0.0,0.0,,
test,5057,0.75,RippleTwin,QUALITY_DRIFT,True,9.035219451778552,31.30364205825687,0.01,66,0.0,0.0,,,,,0.0,0.0,0.0,,
test,5057,0.75,RippleTwin,QUALITY_DRIFT,True,9.035219451778552,31.30364205825687,0.02,66,0.0,0.0,,,,,0.0,0.0,0.0,,
test,5057,0.75,RippleTwin,QUALITY_DRIFT,True,9.035219451778552,31.30364205825687,0.05,66,0.0,0.0,,,,,0.0,0.0,0.008,,
test,5057,0.75,RippleTwin,QUALITY_DRIFT,True,9.035219451778552,31.30364205825687,0.1,66,0.015151515151515152,1.0,0.0,0.0,17.0,,0.0,0.0,0.072,33111.75997063474,
test,5057,0.75,B2_observed_only_twin,QUALITY_DRIFT,True,9.035219451778552,31.30364205825687,0.005,66,0.0,0.0,,,,,0.0,0.0,0.0,,
test,5057,0.75,B2_observed_only_twin,QUALITY_DRIFT,True,9.035219451778552,31.30364205825687,0.01,66,0.0,0.0,,,,,0.0,0.0,0.0,,
test,5057,0.75,B2_observed_only_twin,QUALITY_DRIFT,True,9.035219451778552,31.30364205825687,0.02,66,0.0,0.0,,,,,0.0,0.0,0.0,,
test,5057,0.75,B2_observed_only_twin,QUALITY_DRIFT,True,9.035219451778552,31.30364205825687,0.05,66,0.0,0.0,,,,,0.0,0.0,0.032,,
test,5057,0.75,B2_observed_only_twin,QUALITY_DRIFT,True,9.035219451778552,31.30364205825687,0.1,66,0.045454545454545456,1.0,0.0,0.0,15.0,,0.0,0.0,0.088,33111.75997063474,
test,5057,0.75,B0_SPC_observed,QUALITY_DRIFT,True,9.035219451778552,5.061702559429017,0.005,66,0.0,0.0,,,,,0.0,0.0,0.0,,
test,5057,0.75,B0_SPC_observed,QUALITY_DRIFT,True,9.035219451778552,5.061702559429017,0.01,66,0.0,0.0,,,,,0.0,0.0,0.0,,
test,5057,0.75,B0_SPC_observed,QUALITY_DRIFT,True,9.035219451778552,5.061702559429017,0.02,66,0.0,0.0,,,,,0.0,0.0,0.0,,
test,5057,0.75,B0_SPC_observed,QUALITY_DRIFT,True,9.035219451778552,5.061702559429017,0.05,66,0.0,0.0,,,,,0.0,0.0,0.0,,
test,5057,0.75,B0_SPC_observed,QUALITY_DRIFT,True,9.035219451778552,5.061702559429017,0.1,66,0.030303030303030304,1.0,0.0,0.0,13.0,,0.0,0.0,0.0,53300.54359142292,
test,5057,0.75,B1_IsolationForest,QUALITY_DRIFT,True,9.035219451778552,0.7423023198141773,0.005,66,0.0,0.0,,,,,0.0,0.0,0.024,,
test,5057,0.75,B1_IsolationForest,QUALITY_DRIFT,True,9.035219451778552,0.7423023198141773,0.01,66,0.0,0.0,,,,,0.0,0.0,0.04,,
test,5057,0.75,B1_IsolationForest,QUALITY_DRIFT,True,9.035219451778552,0.7423023198141773,0.02,66,0.0,0.0,,,,,0.0,0.0,0.04,,
test,5057,0.75,B1_IsolationForest,QUALITY_DRIFT,True,9.035219451778552,0.7423023198141773,0.05,66,0.0,0.0,,,,,0.0,0.0,0.064,,
test,5057,0.75,B1_IsolationForest,QUALITY_DRIFT,True,9.035219451778552,0.7423023198141773,0.1,66,0.045454545454545456,1.0,0.0,0.0,14.0,,0.0,0.0,0.136,42713.263268412724,
test,5057,0.5,RippleTwin,QUALITY_DRIFT,True,9.035219451778552,39.99294167411538,0.005,66,0.0,0.0,,,,,0.0,0.0,0.0,,
test,5057,0.5,RippleTwin,QUALITY_DRIFT,True,9.035219451778552,39.99294167411538,0.01,66,0.0,0.0,,,,,0.0,0.0,0.0,,
test,5057,0.5,RippleTwin,QUALITY_DRIFT,True,9.035219451778552,39.99294167411538,0.02,66,0.0,0.0,,,,,0.0,0.0,0.0,,
test,5057,0.5,RippleTwin,QUALITY_DRIFT,True,9.035219451778552,39.99294167411538,0.05,66,0.0,0.0,,,,,0.0,0.0,0.04,,
test,5057,0.5,RippleTwin,QUALITY_DRIFT,True,9.035219451778552,39.99294167411538,0.1,66,0.015151515151515152,1.0,0.0,0.0,17.0,,0.0,0.0,0.168,33111.75997063474,
test,5057,0.5,B2_observed_only_twin,QUALITY_DRIFT,True,9.035219451778552,39.987745614480566,0.005,66,0.0,0.0,,,,,0.0,0.0,0.0,,
test,5057,0.5,B2_observed_only_twin,QUALITY_DRIFT,True,9.035219451778552,39.987745614480566,0.01,66,0.0,0.0,,,,,0.0,0.0,0.0,,
test,5057,0.5,B2_observed_only_twin,QUALITY_DRIFT,True,9.035219451778552,39.987745614480566,0.02,66,0.0,0.0,,,,,0.0,0.0,0.0,,
test,5057,0.5,B2_observed_only_twin,QUALITY_DRIFT,True,9.035219451778552,39.987745614480566,0.05,66,0.0,0.0,,,,,0.0,0.0,0.056,,
test,5057,0.5,B2_observed_only_twin,QUALITY_DRIFT,True,9.035219451778552,39.987745614480566,0.1,66,0.030303030303030304,1.0,0.0,0.0,11.0,,0.0,0.0,0.208,33715.76612760209,
test,5057,0.5,B0_SPC_observed,QUALITY_DRIFT,True,9.035219451778552,5.012127239822025,0.005,66,0.0,0.0,,,,,0.0,0.0,0.0,,
test,5057,0.5,B0_SPC_observed,QUALITY_DRIFT,True,9.035219451778552,5.012127239822025,0.01,66,0.0,0.0,,,,,0.0,0.0,0.0,,
test,5057,0.5,B0_SPC_observed,QUALITY_DRIFT,True,9.035219451778552,5.012127239822025,0.02,66,0.0,0.0,,,,,0.0,0.0,0.0,,
test,5057,0.5,B0_SPC_observed,QUALITY_DRIFT,True,9.035219451778552,5.012127239822025,0.05,66,0.0,0.0,,,,,0.0,0.0,0.0,,
test,5057,0.5,B0_SPC_observed,QUALITY_DRIFT,True,9.035219451778552,5.012127239822025,0.1,66,0.0,0.0,,,,,0.0,0.0,0.0,,
test,5057,0.5,B1_IsolationForest,QUALITY_DRIFT,True,9.035219451778552,0.7423023198141773,0.005,66,0.0,0.0,,,,,0.0,0.0,0.024,,
test,5057,0.5,B1_IsolationForest,QUALITY_DRIFT,True,9.035219451778552,0.7423023198141773,0.01,66,0.0,0.0,,,,,0.0,0.0,0.024,,
test,5057,0.5,B1_IsolationForest,QUALITY_DRIFT,True,9.035219451778552,0.7423023198141773,0.02,66,0.0,0.0,,,,,0.0,0.0,0.024,,
test,5057,0.5,B1_IsolationForest,QUALITY_DRIFT,True,9.035219451778552,0.7423023198141773,0.05,66,0.0,0.0,,,,,0.0,0.0,0.064,,
test,5057,0.5,B1_IsolationForest,QUALITY_DRIFT,True,9.035219451778552,0.7423023198141773,0.1,66,0.045454545454545456,1.0,0.0,0.0,14.0,,0.0,0.0,0.144,42713.263268412724,
test,5057,0.25,RippleTwin,QUALITY_DRIFT,True,9.035219451778552,23.87887940963418,0.005,66,0.0,0.0,,,,,0.0,0.0,0.0,,
test,5057,0.25,RippleTwin,QUALITY_DRIFT,True,9.035219451778552,23.87887940963418,0.01,66,0.0,0.0,,,,,0.0,0.0,0.0,,
test,5057,0.25,RippleTwin,QUALITY_DRIFT,True,9.035219451778552,23.87887940963418,0.02,66,0.0,0.0,,,,,0.0,0.0,0.08,,
test,5057,0.25,RippleTwin,QUALITY_DRIFT,True,9.035219451778552,23.87887940963418,0.05,66,0.0,0.0,,,,,0.0,0.0,0.136,,
test,5057,0.25,RippleTwin,QUALITY_DRIFT,True,9.035219451778552,23.87887940963418,0.1,66,0.045454545454545456,1.0,0.0,0.0,7.0,,0.0,0.0,0.224,33111.75997063474,
test,5057,0.25,B2_observed_only_twin,QUALITY_DRIFT,True,9.035219451778552,23.87066583332845,0.005,66,0.0,0.0,,,,,0.0,0.0,0.0,,
test,5057,0.25,B2_observed_only_twin,QUALITY_DRIFT,True,9.035219451778552,23.87066583332845,0.01,66,0.0,0.0,,,,,0.0,0.0,0.0,,
test,5057,0.25,B2_observed_only_twin,QUALITY_DRIFT,True,9.035219451778552,23.87066583332845,0.02,66,0.0,0.0,,,,,0.0,0.0,0.088,,
test,5057,0.25,B2_observed_only_twin,QUALITY_DRIFT,True,9.035219451778552,23.87066583332845,0.05,66,0.0,0.0,,,,,0.0,0.0,0.128,,
test,5057,0.25,B2_observed_only_twin,QUALITY_DRIFT,True,9.035219451778552,23.87066583332845,0.1,66,0.07575757575757576,1.0,0.0,0.0,6.0,,0.0,0.0,0.24,33111.75997063474,
test,5057,0.25,B0_SPC_observed,QUALITY_DRIFT,True,9.035219451778552,4.674774997918179,0.005,66,0.0,0.0,,,,,0.0,0.0,0.0,,
test,5057,0.25,B0_SPC_observed,QUALITY_DRIFT,True,9.035219451778552,4.674774997918179,0.01,66,0.0,0.0,,,,,0.0,0.0,0.0,,
test,5057,0.25,B0_SPC_observed,QUALITY_DRIFT,True,9.035219451778552,4.674774997918179,0.02,66,0.0,0.0,,,,,0.0,0.0,0.0,,
test,5057,0.25,B0_SPC_observed,QUALITY_DRIFT,True,9.035219451778552,4.674774997918179,0.05,66,0.0,0.0,,,,,0.0,0.0,0.008,,
test,5057,0.25,B0_SPC_observed,QUALITY_DRIFT,True,9.035219451778552,4.674774997918179,0.1,66,0.0,0.0,,,,,0.0,0.0,0.032,,
test,5057,0.25,B1_IsolationForest,QUALITY_DRIFT,True,9.035219451778552,0.7158774793615637,0.005,66,0.0,0.0,,,,,0.0,0.0,0.0,,
test,5057,0.25,B1_IsolationForest,QUALITY_DRIFT,True,9.035219451778552,0.7158774793615637,0.01,66,0.0,0.0,,,,,0.0,0.0,0.0,,
test,5057,0.25,B1_IsolationForest,QUALITY_DRIFT,True,9.035219451778552,0.7158774793615637,0.02,66,0.0,0.0,,,,,0.0,0.0,0.032,,
test,5057,0.25,B1_IsolationForest,QUALITY_DRIFT,True,9.035219451778552,0.7158774793615637,0.05,66,0.0,0.0,,,,,0.0,0.0,0.064,,
test,5057,0.25,B1_IsolationForest,QUALITY_DRIFT,True,9.035219451778552,0.7158774793615637,0.1,66,0.015151515151515152,1.0,0.0,0.0,16.0,,0.0,0.0,0.088,34915.48065437247,
test,5058,1.0,RippleTwin,SLOWDOWN,False,1.2528500393887334,42.5638498837417,0.005,57,0.2631578947368421,1.0,1.0,1.0,0.0,,1.0,1.0,0.0,35212.88357089787,
test,5058,1.0,RippleTwin,SLOWDOWN,False,1.2528500393887334,42.5638498837417,0.01,57,0.543859649122807,1.0,1.0,1.0,0.0,,1.0,1.0,0.0,34317.572263515176,
test,5058,1.0,RippleTwin,SLOWDOWN,False,1.2528500393887334,42.5638498837417,0.02,57,0.7543859649122807,1.0,1.0,1.0,0.0,,1.0,1.0,0.0,30114.56668093285,
test,5058,1.0,RippleTwin,SLOWDOWN,False,1.2528500393887334,42.5638498837417,0.05,57,0.7719298245614035,1.0,1.0,1.0,0.0,,1.0,1.0,0.022222222222222223,29515.73874490123,
test,5058,1.0,RippleTwin,SLOWDOWN,False,1.2528500393887334,42.5638498837417,0.1,57,0.7719298245614035,1.0,1.0,1.0,0.0,,1.0,1.0,0.06666666666666667,29515.73874490123,
test,5058,1.0,B2_observed_only_twin,SLOWDOWN,False,1.2528500393887334,42.5638498837417,0.005,57,0.2631578947368421,1.0,1.0,1.0,0.0,,1.0,1.0,0.0,35212.88357089787,
test,5058,1.0,B2_observed_only_twin,SLOWDOWN,False,1.2528500393887334,42.5638498837417,0.01,57,0.543859649122807,1.0,1.0,1.0,0.0,,1.0,1.0,0.0,34317.572263515176,
test,5058,1.0,B2_observed_only_twin,SLOWDOWN,False,1.2528500393887334,42.5638498837417,0.02,57,0.7543859649122807,1.0,1.0,1.0,0.0,,1.0,1.0,0.0,30114.56668093285,
test,5058,1.0,B2_observed_only_twin,SLOWDOWN,False,1.2528500393887334,42.5638498837417,0.05,57,0.7719298245614035,1.0,1.0,1.0,0.0,,1.0,1.0,0.022222222222222223,29515.73874490123,
test,5058,1.0,B2_observed_only_twin,SLOWDOWN,False,1.2528500393887334,42.5638498837417,0.1,57,0.7719298245614035,1.0,1.0,1.0,0.0,,1.0,1.0,0.06666666666666667,29515.73874490123,
test,5058,1.0,B0_SPC_observed,SLOWDOWN,False,1.2528500393887334,5.124273832797681,0.005,57,0.7368421052631579,1.0,1.0,1.0,0.0,,1.0,1.0,0.007407407407407408,29515.73874490123,
test,5058,1.0,B0_SPC_observed,SLOWDOWN,False,1.2528500393887334,5.124273832797681,0.01,57,0.7368421052631579,1.0,1.0,1.0,0.0,,1.0,1.0,0.014814814814814815,29515.73874490123,
test,5058,1.0,B0_SPC_observed,SLOWDOWN,False,1.2528500393887334,5.124273832797681,0.02,57,0.7368421052631579,1.0,1.0,1.0,0.0,,1.0,1.0,0.014814814814814815,29515.73874490123,
test,5058,1.0,B0_SPC_observed,SLOWDOWN,False,1.2528500393887334,5.124273832797681,0.05,57,0.7543859649122807,1.0,0.9767441860465116,0.9767441860465116,0.0,,1.0,1.0,0.022222222222222223,29515.73874490123,
test,5058,1.0,B0_SPC_observed,SLOWDOWN,False,1.2528500393887334,5.124273832797681,0.1,57,0.8070175438596491,1.0,0.9130434782608695,0.9130434782608695,0.0,,1.0,1.0,0.037037037037037035,29515.73874490123,
test,5058,1.0,B1_IsolationForest,SLOWDOWN,False,1.2528500393887334,0.7784702529546166,0.005,57,0.0,0.0,,,,,0.0,0.0,0.007407407407407408,,
test,5058,1.0,B1_IsolationForest,SLOWDOWN,False,1.2528500393887334,0.7784702529546166,0.01,57,0.0,0.0,,,,,0.0,0.0,0.007407407407407408,,
test,5058,1.0,B1_IsolationForest,SLOWDOWN,False,1.2528500393887334,0.7784702529546166,0.02,57,0.0,0.0,,,,,0.0,0.0,0.007407407407407408,,
test,5058,1.0,B1_IsolationForest,SLOWDOWN,False,1.2528500393887334,0.7784702529546166,0.05,57,0.07017543859649122,1.0,0.0,1.0,1.0,,0.0,1.0,0.044444444444444446,35820.81290020347,
test,5058,1.0,B1_IsolationForest,SLOWDOWN,False,1.2528500393887334,0.7784702529546166,0.1,57,0.7368421052631579,1.0,0.0,1.0,1.0,,0.0,1.0,0.0962962962962963,29515.73874490123,
test,5058,0.75,RippleTwin,SLOWDOWN,True,1.2528500393887334,31.30364205825687,0.005,57,0.12280701754385964,1.0,1.0,1.0,0.0,,1.0,1.0,0.0,41818.64411630331,
test,5058,0.75,RippleTwin,SLOWDOWN,True,1.2528500393887334,31.30364205825687,0.01,57,0.17543859649122806,1.0,1.0,1.0,0.0,,1.0,1.0,0.0,41515.53992693032,
test,5058,0.75,RippleTwin,SLOWDOWN,True,1.2528500393887334,31.30364205825687,0.02,57,0.3508771929824561,1.0,1.0,1.0,0.0,,1.0,1.0,0.0,38818.23529814265,
test,5058,0.75,RippleTwin,SLOWDOWN,True,1.2528500393887334,31.30364205825687,0.05,57,0.5263157894736842,1.0,0.9666666666666667,0.9666666666666667,0.0,,1.0,1.0,0.022222222222222223,33729.62604922834,
test,5058,0.75,RippleTwin,SLOWDOWN,True,1.2528500393887334,31.30364205825687,0.1,57,0.631578947368421,1.0,0.9166666666666666,0.9166666666666666,0.0,,1.0,1.0,0.05185185185185185,30114.56668093285,
test,5058,0.75,B2_observed_only_twin,SLOWDOWN,True,1.2528500393887334,31.30364205825687,0.005,57,0.10526315789473684,1.0,0.0,1.0,1.0,,0.0,1.0,0.0,41818.64411630331,
test,5058,0.75,B2_observed_only_twin,SLOWDOWN,True,1.2528500393887334,31.30364205825687,0.01,57,0.12280701754385964,1.0,0.0,1.0,1.0,,0.0,1.0,0.0,41818.64411630331,
test,5058,0.75,B2_observed_only_twin,SLOWDOWN,True,1.2528500393887334,31.30364205825687,0.02,57,0.3508771929824561,1.0,0.0,1.0,1.0,,0.0,1.0,0.0,38818.23529814265,
test,5058,0.75,B2_observed_only_twin,SLOWDOWN,True,1.2528500393887334,31.30364205825687,0.05,57,0.543859649122807,1.0,0.0,0.9354838709677419,1.0,,0.0,1.0,0.02962962962962963,30421.32774595273,
test,5058,0.75,B2_observed_only_twin,SLOWDOWN,True,1.2528500393887334,31.30364205825687,0.1,57,0.631578947368421,1.0,0.0,0.9166666666666666,1.0,,0.0,1.0,0.08148148148148149,30114.56668093285,
test,5058,0.75,B0_SPC_observed,SLOWDOWN,True,1.2528500393887334,5.061702559429017,0.005,57,0.0,0.0,,,,,0.0,0.0,0.0,,
test,5058,0.75,B0_SPC_observed,SLOWDOWN,True,1.2528500393887334,5.061702559429017,0.01,57,0.0,0.0,,,,,0.0,0.0,0.0,,
test,5058,0.75,B0_SPC_observed,SLOWDOWN,True,1.2528500393887334,5.061702559429017,0.02,57,0.0,0.0,,,,,0.0,0.0,0.0,,
test,5058,0.75,B0_SPC_observed,SLOWDOWN,True,1.2528500393887334,5.061702559429017,0.05,57,0.017543859649122806,1.0,0.0,0.0,10.0,,0.0,0.0,0.007407407407407408,45444.033407799914,
test,5058,0.75,B0_SPC_observed,SLOWDOWN,True,1.2528500393887334,5.061702559429017,0.1,57,0.07017543859649122,1.0,0.0,0.0,10.0,,0.0,0.0,0.014814814814814815,45444.033407799914,
test,5058,0.75,B1_IsolationForest,SLOWDOWN,True,1.2528500393887334,0.7423023198141773,0.005,57,0.05263157894736842,1.0,0.0,1.0,1.0,,0.0,1.0,0.044444444444444446,35820.81290020347,
test,5058,0.75,B1_IsolationForest,SLOWDOWN,True,1.2528500393887334,0.7423023198141773,0.01,57,0.14035087719298245,1.0,0.0,1.0,1.0,,0.0,1.0,0.044444444444444446,33414.39217827073,
test,5058,0.75,B1_IsolationForest,SLOWDOWN,True,1.2528500393887334,0.7423023198141773,0.02,57,0.543859649122807,1.0,0.0,1.0,1.0,,0.0,1.0,0.044444444444444446,33114.54568686009,
test,5058,0.75,B1_IsolationForest,SLOWDOWN,True,1.2528500393887334,0.7423023198141773,0.05,57,0.7368421052631579,1.0,0.0,1.0,1.0,,0.0,1.0,0.08888888888888889,29515.73874490123,
test,5058,0.75,B1_IsolationForest,SLOWDOWN,True,1.2528500393887334,0.7423023198141773,0.1,57,0.7368421052631579,1.0,0.0,1.0,1.0,,0.0,1.0,0.14814814814814814,29515.73874490123,
test,5058,0.5,RippleTwin,SLOWDOWN,True,1.2528500393887334,39.99294167411538,0.005,57,0.0,0.0,,,,,0.0,0.0,0.0,,
test,5058,0.5,RippleTwin,SLOWDOWN,True,1.2528500393887334,39.99294167411538,0.01,57,0.0,0.0,,,,,0.0,0.0,0.0,,
test,5058,0.5,RippleTwin,SLOWDOWN,True,1.2528500393887334,39.99294167411538,0.02,57,0.0,0.0,,,,,0.0,0.0,0.0,,
test,5058,0.5,RippleTwin,SLOWDOWN,True,1.2528500393887334,39.99294167411538,0.05,57,0.15789473684210525,1.0,0.0,0.4444444444444444,2.0,,0.0,0.0,0.007407407407407408,36124.51437277165,
test,5058,0.5,RippleTwin,SLOWDOWN,True,1.2528500393887334,39.99294167411538,0.1,57,0.42105263157894735,1.0,0.0,0.16666666666666666,2.0,,0.0,0.0,0.022222222222222223,30114.56668093285,
test,5058,0.5,B2_observed_only_twin,SLOWDOWN,True,1.2528500393887334,39.987745614480566,0.005,57,0.0,0.0,,,,,0.0,0.0,0.0,,
test,5058,0.5,B2_observed_only_twin,SLOWDOWN,True,1.2528500393887334,39.987745614480566,0.01,57,0.0,0.0,,,,,0.0,0.0,0.0,,
test,5058,0.5,B2_observed_only_twin,SLOWDOWN,True,1.2528500393887334,39.987745614480566,0.02,57,0.0,0.0,,,,,0.0,0.0,0.0,,
test,5058,0.5,B2_observed_only_twin,SLOWDOWN,True,1.2528500393887334,39.987745614480566,0.05,57,0.24561403508771928,1.0,0.0,0.0,4.0,,0.0,0.0,0.007407407407407408,33414.39217827073,
test,5058,0.5,B2_observed_only_twin,SLOWDOWN,True,1.2528500393887334,39.987745614480566,0.1,57,0.5263157894736842,1.0,0.0,0.0,4.0,,0.0,0.0,0.02962962962962963,30114.56668093285,
test,5058,0.5,B0_SPC_observed,SLOWDOWN,True,1.2528500393887334,5.012127239822025,0.005,57,0.0,0.0,,,,,0.0,0.0,0.0,,
test,5058,0.5,B0_SPC_observed,SLOWDOWN,True,1.2528500393887334,5.012127239822025,0.01,57,0.0,0.0,,,,,0.0,0.0,0.0,,
test,5058,0.5,B0_SPC_observed,SLOWDOWN,True,1.2528500393887334,5.012127239822025,0.02,57,0.017543859649122806,1.0,0.0,0.0,10.0,,0.0,0.0,0.0,45444.033407799914,
test,5058,0.5,B0_SPC_observed,SLOWDOWN,True,1.2528500393887334,5.012127239822025,0.05,57,0.05263157894736842,1.0,0.0,0.0,10.0,,0.0,0.0,0.014814814814814815,45444.033407799914,
test,5058,0.5,B0_SPC_observed,SLOWDOWN,True,1.2528500393887334,5.012127239822025,0.1,57,0.05263157894736842,1.0,0.0,0.0,10.0,,0.0,0.0,0.037037037037037035,45444.033407799914,
test,5058,0.5,B1_IsolationForest,SLOWDOWN,True,1.2528500393887334,0.7423023198141773,0.005,57,0.0,0.0,,,,,0.0,0.0,0.05925925925925926,,
test,5058,0.5,B1_IsolationForest,SLOWDOWN,True,1.2528500393887334,0.7423023198141773,0.01,57,0.0,0.0,,,,,0.0,0.0,0.05925925925925926,,
test,5058,0.5,B1_IsolationForest,SLOWDOWN,True,1.2528500393887334,0.7423023198141773,0.02,57,0.0,0.0,,,,,0.0,0.0,0.05925925925925926,,
test,5058,0.5,B1_IsolationForest,SLOWDOWN,True,1.2528500393887334,0.7423023198141773,0.05,57,0.07017543859649122,1.0,0.0,0.0,4.0,,0.0,0.0,0.06666666666666667,37318.26438192328,
test,5058,0.5,B1_IsolationForest,SLOWDOWN,True,1.2528500393887334,0.7423023198141773,0.1,57,0.2631578947368421,1.0,0.0,0.0,2.0,,0.0,0.0,0.11851851851851852,34919.86388370426,
test,5058,0.25,RippleTwin,SLOWDOWN,True,1.2528500393887334,23.87887940963418,0.005,57,0.0,0.0,,,,,0.0,0.0,0.0,,
test,5058,0.25,RippleTwin,SLOWDOWN,True,1.2528500393887334,23.87887940963418,0.01,57,0.0,0.0,,,,,0.0,0.0,0.0,,
test,5058,0.25,RippleTwin,SLOWDOWN,True,1.2528500393887334,23.87887940963418,0.02,57,0.017543859649122806,1.0,0.0,0.0,11.0,,0.0,0.0,0.022222222222222223,33729.62604922834,
test,5058,0.25,RippleTwin,SLOWDOWN,True,1.2528500393887334,23.87887940963418,0.05,57,0.05263157894736842,1.0,0.0,0.0,11.0,,0.0,0.0,0.022222222222222223,30114.56668093285,
test,5058,0.25,RippleTwin,SLOWDOWN,True,1.2528500393887334,23.87887940963418,0.1,57,0.10526315789473684,1.0,0.0,0.0,10.0,,0.0,0.0,0.06666666666666667,30114.56668093285,
test,5058,0.25,B2_observed_only_twin,SLOWDOWN,True,1.2528500393887334,23.87066583332845,0.005,57,0.0,0.0,,,,,0.0,0.0,0.0,,
test,5058,0.25,B2_observed_only_twin,SLOWDOWN,True,1.2528500393887334,23.87066583332845,0.01,57,0.0,0.0,,,,,0.0,0.0,0.0,,
test,5058,0.25,B2_observed_only_twin,SLOWDOWN,True,1.2528500393887334,23.87066583332845,0.02,57,0.017543859649122806,1.0,0.0,0.0,11.0,,0.0,0.0,0.0,33729.62604922834,
test,5058,0.25,B2_observed_only_twin,SLOWDOWN,True,1.2528500393887334,23.87066583332845,0.05,57,0.10526315789473684,1.0,0.0,0.0,10.5,,0.0,0.0,0.02962962962962963,30114.56668093285,
test,5058,0.25,B2_observed_only_twin,SLOWDOWN,True,1.2528500393887334,23.87066583332845,0.1,57,0.10526315789473684,1.0,0.0,0.0,10.5,,0.0,0.0,0.07407407407407407,30114.56668093285,
test,5058,0.25,B0_SPC_observed,SLOWDOWN,True,1.2528500393887334,4.674774997918179,0.005,57,0.0,0.0,,,,,0.0,0.0,0.0,,
test,5058,0.25,B0_SPC_observed,SLOWDOWN,True,1.2528500393887334,4.674774997918179,0.01,57,0.017543859649122806,1.0,0.0,0.0,10.0,,0.0,0.0,0.0,45444.033407799914,
test,5058,0.25,B0_SPC_observed,SLOWDOWN,True,1.2528500393887334,4.674774997918179,0.02,57,0.017543859649122806,1.0,0.0,0.0,10.0,,0.0,0.0,0.0,45444.033407799914,
test,5058,0.25,B0_SPC_observed,SLOWDOWN,True,1.2528500393887334,4.674774997918179,0.05,57,0.05263157894736842,1.0,0.0,0.0,10.0,,0.0,0.0,0.007407407407407408,45444.033407799914,
test,5058,0.25,B0_SPC_observed,SLOWDOWN,True,1.2528500393887334,4.674774997918179,0.1,57,0.05263157894736842,1.0,0.0,0.0,10.0,,0.0,0.0,0.022222222222222223,45444.033407799914,
test,5058,0.25,B1_IsolationForest,SLOWDOWN,True,1.2528500393887334,0.7158774793615637,0.005,57,0.0,0.0,,,,,0.0,0.0,0.0,,
test,5058,0.25,B1_IsolationForest,SLOWDOWN,True,1.2528500393887334,0.7158774793615637,0.01,57,0.0,0.0,,,,,0.0,0.0,0.0,,
test,5058,0.25,B1_IsolationForest,SLOWDOWN,True,1.2528500393887334,0.7158774793615637,0.02,57,0.0,0.0,,,,,0.0,0.0,0.007407407407407408,,
test,5058,0.25,B1_IsolationForest,SLOWDOWN,True,1.2528500393887334,0.7158774793615637,0.05,57,0.05263157894736842,1.0,0.0,0.0,10.0,,0.0,0.0,0.007407407407407408,38515.243109575415,
test,5058,0.25,B1_IsolationForest,SLOWDOWN,True,1.2528500393887334,0.7158774793615637,0.1,57,0.08771929824561403,1.0,0.0,0.0,6.0,,0.0,0.0,0.014814814814814815,33414.39217827073,
test,5060,1.0,RippleTwin,MICROSTOP_BURST,False,4.450428989353843,42.5638498837417,0.005,45,0.0,0.0,,,,,0.0,0.0,0.0,,
test,5060,1.0,RippleTwin,MICROSTOP_BURST,False,4.450428989353843,42.5638498837417,0.01,45,0.022222222222222223,1.0,0.0,0.0,16.0,,0.0,0.0,0.0,37919.60709738787,
test,5060,1.0,RippleTwin,MICROSTOP_BURST,False,4.450428989353843,42.5638498837417,0.02,45,0.06666666666666667,1.0,0.0,0.0,16.0,,0.0,0.0,0.013793103448275862,37919.60709738787,
test,5060,1.0,RippleTwin,MICROSTOP_BURST,False,4.450428989353843,42.5638498837417,0.05,45,0.1111111111111111,1.0,0.0,0.0,16.0,,0.0,0.0,0.034482758620689655,37623.11871418888,
test,5060,1.0,RippleTwin,MICROSTOP_BURST,False,4.450428989353843,42.5638498837417,0.1,45,0.13333333333333333,1.0,0.0,0.0,16.0,,0.0,0.0,0.09655172413793103,37623.11871418888,
test,5060,1.0,B2_observed_only_twin,MICROSTOP_BURST,False,4.450428989353843,42.5638498837417,0.005,45,0.0,0.0,,,,,0.0,0.0,0.0,,
test,5060,1.0,B2_observed_only_twin,MICROSTOP_BURST,False,4.450428989353843,42.5638498837417,0.01,45,0.022222222222222223,1.0,0.0,0.0,16.0,,0.0,0.0,0.0,37919.60709738787,
test,5060,1.0,B2_observed_only_twin,MICROSTOP_BURST,False,4.450428989353843,42.5638498837417,0.02,45,0.06666666666666667,1.0,0.0,0.0,16.0,,0.0,0.0,0.013793103448275862,37919.60709738787,
test,5060,1.0,B2_observed_only_twin,MICROSTOP_BURST,False,4.450428989353843,42.5638498837417,0.05,45,0.1111111111111111,1.0,0.0,0.0,16.0,,0.0,0.0,0.034482758620689655,37623.11871418888,
test,5060,1.0,B2_observed_only_twin,MICROSTOP_BURST,False,4.450428989353843,42.5638498837417,0.1,45,0.13333333333333333,1.0,0.0,0.0,16.0,,0.0,0.0,0.09655172413793103,37623.11871418888,
test,5060,1.0,B0_SPC_observed,MICROSTOP_BURST,False,4.450428989353843,5.124273832797681,0.005,45,0.0,0.0,,,,,0.0,0.0,0.006896551724137931,,
test,5060,1.0,B0_SPC_observed,MICROSTOP_BURST,False,4.450428989353843,5.124273832797681,0.01,45,0.0,0.0,,,,,0.0,0.0,0.013793103448275862,,
test,5060,1.0,B0_SPC_observed,MICROSTOP_BURST,False,4.450428989353843,5.124273832797681,0.02,45,0.0,0.0,,,,,0.0,0.0,0.020689655172413793,,
test,5060,1.0,B0_SPC_observed,MICROSTOP_BURST,False,4.450428989353843,5.124273832797681,0.05,45,0.0,0.0,,,,,0.0,0.0,0.027586206896551724,,
test,5060,1.0,B0_SPC_observed,MICROSTOP_BURST,False,4.450428989353843,5.124273832797681,0.1,45,0.0,0.0,,,,,0.0,0.0,0.04827586206896552,,
test,5060,1.0,B1_IsolationForest,MICROSTOP_BURST,False,4.450428989353843,0.7784702529546166,0.005,45,0.0,0.0,,,,,0.0,0.0,0.0,,
test,5060,1.0,B1_IsolationForest,MICROSTOP_BURST,False,4.450428989353843,0.7784702529546166,0.01,45,0.0,0.0,,,,,0.0,0.0,0.0,,
test,5060,1.0,B1_IsolationForest,MICROSTOP_BURST,False,4.450428989353843,0.7784702529546166,0.02,45,0.0,0.0,,,,,0.0,0.0,0.0,,
test,5060,1.0,B1_IsolationForest,MICROSTOP_BURST,False,4.450428989353843,0.7784702529546166,0.05,45,0.0,0.0,,,,,0.0,0.0,0.020689655172413793,,
test,5060,1.0,B1_IsolationForest,MICROSTOP_BURST,False,4.450428989353843,0.7784702529546166,0.1,45,0.0,0.0,,,,,0.0,0.0,0.04827586206896552,,
test,5060,0.75,RippleTwin,MICROSTOP_BURST,True,4.450428989353843,31.30364205825687,0.005,45,0.0,0.0,,,,,0.0,0.0,0.0,,
test,5060,0.75,RippleTwin,MICROSTOP_BURST,True,4.450428989353843,31.30364205825687,0.01,45,0.0,0.0,,,,,0.0,0.0,0.0,,
test,5060,0.75,RippleTwin,MICROSTOP_BURST,True,4.450428989353843,31.30364205825687,0.02,45,0.044444444444444446,1.0,0.0,0.0,17.0,,0.0,0.0,0.0,37919.60709738787,
test,5060,0.75,RippleTwin,MICROSTOP_BURST,True,4.450428989353843,31.30364205825687,0.05,45,0.044444444444444446,1.0,0.0,0.0,17.0,,0.0,0.0,0.04827586206896552,37919.60709738787,
test,5060,0.75,RippleTwin,MICROSTOP_BURST,True,4.450428989353843,31.30364205825687,0.1,45,0.1111111111111111,1.0,0.0,0.0,17.0,,0.0,0.0,0.0896551724137931,37623.11871418888,
test,5060,0.75,B2_observed_only_twin,MICROSTOP_BURST,True,4.450428989353843,31.30364205825687,0.005,45,0.0,0.0,,,,,0.0,0.0,0.0,,
test,5060,0.75,B2_observed_only_twin,MICROSTOP_BURST,True,4.450428989353843,31.30364205825687,0.01,45,0.0,0.0,,,,,0.0,0.0,0.0,,
test,5060,0.75,B2_observed_only_twin,MICROSTOP_BURST,True,4.450428989353843,31.30364205825687,0.02,45,0.044444444444444446,1.0,0.0,0.0,16.0,,0.0,0.0,0.0,37919.60709738787,
test,5060,0.75,B2_observed_only_twin,MICROSTOP_BURST,True,4.450428989353843,31.30364205825687,0.05,45,0.044444444444444446,1.0,0.0,0.0,16.0,,0.0,0.0,0.06896551724137931,37919.60709738787,
test,5060,0.75,B2_observed_only_twin,MICROSTOP_BURST,True,4.450428989353843,31.30364205825687,0.1,45,0.1111111111111111,1.0,0.0,0.0,16.0,,0.0,0.0,0.11724137931034483,37623.11871418888,
test,5060,0.75,B0_SPC_observed,MICROSTOP_BURST,True,4.450428989353843,5.061702559429017,0.005,45,0.0,0.0,,,,,0.0,0.0,0.013793103448275862,,
test,5060,0.75,B0_SPC_observed,MICROSTOP_BURST,True,4.450428989353843,5.061702559429017,0.01,45,0.0,0.0,,,,,0.0,0.0,0.020689655172413793,,
test,5060,0.75,B0_SPC_observed,MICROSTOP_BURST,True,4.450428989353843,5.061702559429017,0.02,45,0.0,0.0,,,,,0.0,0.0,0.020689655172413793,,
test,5060,0.75,B0_SPC_observed,MICROSTOP_BURST,True,4.450428989353843,5.061702559429017,0.05,45,0.0,0.0,,,,,0.0,0.0,0.027586206896551724,,
test,5060,0.75,B0_SPC_observed,MICROSTOP_BURST,True,4.450428989353843,5.061702559429017,0.1,45,0.0,0.0,,,,,0.0,0.0,0.04827586206896552,,
test,5060,0.75,B1_IsolationForest,MICROSTOP_BURST,True,4.450428989353843,0.7423023198141773,0.005,45,0.0,0.0,,,,,0.0,0.0,0.020689655172413793,,
test,5060,0.75,B1_IsolationForest,MICROSTOP_BURST,True,4.450428989353843,0.7423023198141773,0.01,45,0.0,0.0,,,,,0.0,0.0,0.020689655172413793,,
test,5060,0.75,B1_IsolationForest,MICROSTOP_BURST,True,4.450428989353843,0.7423023198141773,0.02,45,0.0,0.0,,,,,0.0,0.0,0.020689655172413793,,
test,5060,0.75,B1_IsolationForest,MICROSTOP_BURST,True,4.450428989353843,0.7423023198141773,0.05,45,0.0,0.0,,,,,0.0,0.0,0.04827586206896552,,
test,5060,0.75,B1_IsolationForest,MICROSTOP_BURST,True,4.450428989353843,0.7423023198141773,0.1,45,0.06666666666666667,1.0,0.0,0.0,17.0,,0.0,0.0,0.0896551724137931,31620.562896729232,
test,5060,0.5,RippleTwin,MICROSTOP_BURST,True,4.450428989353843,39.99294167411538,0.005,45,0.0,0.0,,,,,0.0,0.0,0.0,,
test,5060,0.5,RippleTwin,MICROSTOP_BURST,True,4.450428989353843,39.99294167411538,0.01,45,0.0,0.0,,,,,0.0,0.0,0.0,,
test,5060,0.5,RippleTwin,MICROSTOP_BURST,True,4.450428989353843,39.99294167411538,0.02,45,0.044444444444444446,1.0,0.0,0.0,17.0,,0.0,0.0,0.013793103448275862,37919.60709738787,
test,5060,0.5,RippleTwin,MICROSTOP_BURST,True,4.450428989353843,39.99294167411538,0.05,45,0.06666666666666667,1.0,0.0,0.0,17.0,,0.0,0.0,0.020689655172413793,37919.60709738787,
test,5060,0.5,RippleTwin,MICROSTOP_BURST,True,4.450428989353843,39.99294167411538,0.1,45,0.08888888888888889,1.0,0.0,0.0,16.5,,0.0,0.0,0.05517241379310345,37919.60709738787,
test,5060,0.5,B2_observed_only_twin,MICROSTOP_BURST,True,4.450428989353843,39.987745614480566,0.005,45,0.0,0.0,,,,,0.0,0.0,0.0,,
test,5060,0.5,B2_observed_only_twin,MICROSTOP_BURST,True,4.450428989353843,39.987745614480566,0.01,45,0.0,0.0,,,,,0.0,0.0,0.0,,
test,5060,0.5,B2_observed_only_twin,MICROSTOP_BURST,True,4.450428989353843,39.987745614480566,0.02,45,0.044444444444444446,1.0,0.0,0.0,16.0,,0.0,0.0,0.006896551724137931,37919.60709738787,
test,5060,0.5,B2_observed_only_twin,MICROSTOP_BURST,True,4.450428989353843,39.987745614480566,0.05,45,0.06666666666666667,1.0,0.0,0.0,16.0,,0.0,0.0,0.020689655172413793,37919.60709738787,
test,5060,0.5,B2_observed_only_twin,MICROSTOP_BURST,True,4.450428989353843,39.987745614480566,0.1,45,0.08888888888888889,1.0,0.0,0.0,16.5,,0.0,0.0,0.06206896551724138,37919.60709738787,
test,5060,0.5,B0_SPC_observed,MICROSTOP_BURST,True,4.450428989353843,5.012127239822025,0.005,45,0.0,0.0,,,,,0.0,0.0,0.013793103448275862,,
test,5060,0.5,B0_SPC_observed,MICROSTOP_BURST,True,4.450428989353843,5.012127239822025,0.01,45,0.0,0.0,,,,,0.0,0.0,0.020689655172413793,,
test,5060,0.5,B0_SPC_observed,MICROSTOP_BURST,True,4.450428989353843,5.012127239822025,0.02,45,0.0,0.0,,,,,0.0,0.0,0.020689655172413793,,
test,5060,0.5,B0_SPC_observed,MICROSTOP_BURST,True,4.450428989353843,5.012127239822025,0.05,45,0.0,0.0,,,,,0.0,0.0,0.04827586206896552,,
test,5060,0.5,B0_SPC_observed,MICROSTOP_BURST,True,4.450428989353843,5.012127239822025,0.1,45,0.0,0.0,,,,,0.0,0.0,0.05517241379310345,,
test,5060,0.5,B1_IsolationForest,MICROSTOP_BURST,True,4.450428989353843,0.7423023198141773,0.005,45,0.0,0.0,,,,,0.0,0.0,0.020689655172413793,,
test,5060,0.5,B1_IsolationForest,MICROSTOP_BURST,True,4.450428989353843,0.7423023198141773,0.01,45,0.0,0.0,,,,,0.0,0.0,0.020689655172413793,,
test,5060,0.5,B1_IsolationForest,MICROSTOP_BURST,True,4.450428989353843,0.7423023198141773,0.02,45,0.0,0.0,,,,,0.0,0.0,0.020689655172413793,,
test,5060,0.5,B1_IsolationForest,MICROSTOP_BURST,True,4.450428989353843,0.7423023198141773,0.05,45,0.022222222222222223,1.0,0.0,0.0,16.0,,0.0,0.0,0.041379310344827586,31620.562896729232,
test,5060,0.5,B1_IsolationForest,MICROSTOP_BURST,True,4.450428989353843,0.7423023198141773,0.1,45,0.06666666666666667,1.0,0.0,0.0,17.0,,0.0,0.0,0.0896551724137931,31620.562896729232,
test,5060,0.25,RippleTwin,MICROSTOP_BURST,True,4.450428989353843,23.87887940963418,0.005,45,0.0,0.0,,,,,0.0,0.0,0.0,,
test,5060,0.25,RippleTwin,MICROSTOP_BURST,True,4.450428989353843,23.87887940963418,0.01,45,0.0,0.0,,,,,0.0,0.0,0.0,,
test,5060,0.25,RippleTwin,MICROSTOP_BURST,True,4.450428989353843,23.87887940963418,0.02,45,0.0,0.0,,,,,0.0,0.0,0.020689655172413793,,
test,5060,0.25,RippleTwin,MICROSTOP_BURST,True,4.450428989353843,23.87887940963418,0.05,45,0.0,0.0,,,,,0.0,0.0,0.04827586206896552,,
test,5060,0.25,RippleTwin,MICROSTOP_BURST,True,4.450428989353843,23.87887940963418,0.1,45,0.0,0.0,,,,,0.0,0.0,0.1310344827586207,,
test,5060,0.25,B2_observed_only_twin,MICROSTOP_BURST,True,4.450428989353843,23.87066583332845,0.005,45,0.0,0.0,,,,,0.0,0.0,0.0,,
test,5060,0.25,B2_observed_only_twin,MICROSTOP_BURST,True,4.450428989353843,23.87066583332845,0.01,45,0.0,0.0,,,,,0.0,0.0,0.0,,
test,5060,0.25,B2_observed_only_twin,MICROSTOP_BURST,True,4.450428989353843,23.87066583332845,0.02,45,0.0,0.0,,,,,0.0,0.0,0.006896551724137931,,
test,5060,0.25,B2_observed_only_twin,MICROSTOP_BURST,True,4.450428989353843,23.87066583332845,0.05,45,0.0,0.0,,,,,0.0,0.0,0.06206896551724138,,
test,5060,0.25,B2_observed_only_twin,MICROSTOP_BURST,True,4.450428989353843,23.87066583332845,0.1,45,0.0,0.0,,,,,0.0,0.0,0.1310344827586207,,
test,5060,0.25,B0_SPC_observed,MICROSTOP_BURST,True,4.450428989353843,4.674774997918179,0.005,45,0.0,0.0,,,,,0.0,0.0,0.0,,
test,5060,0.25,B0_SPC_observed,MICROSTOP_BURST,True,4.450428989353843,4.674774997918179,0.01,45,0.0,0.0,,,,,0.0,0.0,0.0,,
test,5060,0.25,B0_SPC_observed,MICROSTOP_BURST,True,4.450428989353843,4.674774997918179,0.02,45,0.0,0.0,,,,,0.0,0.0,0.006896551724137931,,
test,5060,0.25,B0_SPC_observed,MICROSTOP_BURST,True,4.450428989353843,4.674774997918179,0.05,45,0.0,0.0,,,,,0.0,0.0,0.027586206896551724,,
test,5060,0.25,B0_SPC_observed,MICROSTOP_BURST,True,4.450428989353843,4.674774997918179,0.1,45,0.022222222222222223,1.0,0.0,0.0,10.0,,0.0,0.0,0.034482758620689655,46321.489070702686,
test,5060,0.25,B1_IsolationForest,MICROSTOP_BURST,True,4.450428989353843,0.7158774793615637,0.005,45,0.0,0.0,,,,,0.0,0.0,0.020689655172413793,,
test,5060,0.25,B1_IsolationForest,MICROSTOP_BURST,True,4.450428989353843,0.7158774793615637,0.01,45,0.022222222222222223,1.0,0.0,0.0,16.0,,0.0,0.0,0.020689655172413793,37623.11871418888,
test,5060,0.25,B1_IsolationForest,MICROSTOP_BURST,True,4.450428989353843,0.7158774793615637,0.02,45,0.06666666666666667,1.0,0.0,0.0,17.0,,0.0,0.0,0.020689655172413793,37623.11871418888,
test,5060,0.25,B1_IsolationForest,MICROSTOP_BURST,True,4.450428989353843,0.7158774793615637,0.05,45,0.06666666666666667,1.0,0.0,0.0,17.0,,0.0,0.0,0.04827586206896552,37623.11871418888,
test,5060,0.25,B1_IsolationForest,MICROSTOP_BURST,True,4.450428989353843,0.7158774793615637,0.1,45,0.06666666666666667,1.0,0.0,0.0,17.0,,0.0,0.0,0.06206896551724138,37623.11871418888,
test,5061,1.0,RippleTwin,MICROSTOP_BURST,False,10.260598170292266,42.5638498837417,0.005,59,0.03389830508474576,1.0,0.0,0.0,7.0,,0.0,0.0,0.007751937984496124,33726.63494664521,
test,5061,1.0,RippleTwin,MICROSTOP_BURST,False,10.260598170292266,42.5638498837417,0.01,59,0.05084745762711865,1.0,0.0,0.0,7.0,,0.0,0.0,0.03875968992248062,21716.630051015858,
test,5061,1.0,RippleTwin,MICROSTOP_BURST,False,10.260598170292266,42.5638498837417,0.02,59,0.1016949152542373,1.0,0.0,0.0,7.0,,0.0,0.0,0.06976744186046512,21418.358803483003,
test,5061,1.0,RippleTwin,MICROSTOP_BURST,False,10.260598170292266,42.5638498837417,0.05,59,0.1694915254237288,1.0,0.0,0.0,7.0,,0.0,0.0,0.10077519379844961,21418.358803483003,
test,5061,1.0,RippleTwin,MICROSTOP_BURST,False,10.260598170292266,42.5638498837417,0.1,59,0.2033898305084746,1.0,0.0,0.0,7.0,,0.0,0.0,0.15503875968992248,18118.011479405122,
test,5061,1.0,B2_observed_only_twin,MICROSTOP_BURST,False,10.260598170292266,42.5638498837417,0.005,59,0.03389830508474576,1.0,0.0,0.0,7.0,,0.0,0.0,0.007751937984496124,33726.63494664521,
test,5061,1.0,B2_observed_only_twin,MICROSTOP_BURST,False,10.260598170292266,42.5638498837417,0.01,59,0.05084745762711865,1.0,0.0,0.0,7.0,,0.0,0.0,0.03875968992248062,21716.630051015858,
test,5061,1.0,B2_observed_only_twin,MICROSTOP_BURST,False,10.260598170292266,42.5638498837417,0.02,59,0.1016949152542373,1.0,0.0,0.0,7.0,,0.0,0.0,0.06976744186046512,21418.358803483003,
test,5061,1.0,B2_observed_only_twin,MICROSTOP_BURST,False,10.260598170292266,42.5638498837417,0.05,59,0.1694915254237288,1.0,0.0,0.0,7.0,,0.0,0.0,0.10077519379844961,21418.358803483003,
test,5061,1.0,B2_observed_only_twin,MICROSTOP_BURST,False,10.260598170292266,42.5638498837417,0.1,59,0.2033898305084746,1.0,0.0,0.0,7.0,,0.0,0.0,0.15503875968992248,18118.011479405122,
test,5061,1.0,B0_SPC_observed,MICROSTOP_BURST,False,10.260598170292266,5.124273832797681,0.005,59,0.0,0.0,,,,,0.0,0.0,0.023255813953488372,,
test,5061,1.0,B0_SPC_observed,MICROSTOP_BURST,False,10.260598170292266,5.124273832797681,0.01,59,0.0,0.0,,,,,0.0,0.0,0.031007751937984496,,
test,5061,1.0,B0_SPC_observed,MICROSTOP_BURST,False,10.260598170292266,5.124273832797681,0.02,59,0.0,0.0,,,,,0.0,0.0,0.031007751937984496,,
test,5061,1.0,B0_SPC_observed,MICROSTOP_BURST,False,10.260598170292266,5.124273832797681,0.05,59,0.01694915254237288,1.0,0.0,0.0,28.0,,0.0,0.0,0.046511627906976744,36416.38731127504,
test,5061,1.0,B0_SPC_observed,MICROSTOP_BURST,False,10.260598170292266,5.124273832797681,0.1,59,0.03389830508474576,1.0,0.0,0.0,28.0,,0.0,0.0,0.06201550387596899,36138.02567806531,
test,5061,1.0,B1_IsolationForest,MICROSTOP_BURST,False,10.260598170292266,0.7784702529546166,0.005,59,0.0,0.0,,,,,0.0,0.0,0.0,,
test,5061,1.0,B1_IsolationForest,MICROSTOP_BURST,False,10.260598170292266,0.7784702529546166,0.01,59,0.0,0.0,,,,,0.0,0.0,0.0,,
test,5061,1.0,B1_IsolationForest,MICROSTOP_BURST,False,10.260598170292266,0.7784702529546166,0.02,59,0.0,0.0,,,,,0.0,0.0,0.0,,
test,5061,1.0,B1_IsolationForest,MICROSTOP_BURST,False,10.260598170292266,0.7784702529546166,0.05,59,0.0,0.0,,,,,0.0,0.0,0.015503875968992248,,
test,5061,1.0,B1_IsolationForest,MICROSTOP_BURST,False,10.260598170292266,0.7784702529546166,0.1,59,0.03389830508474576,1.0,0.0,0.0,10.5,,0.0,0.0,0.023255813953488372,21418.358803483003,
test,5061,0.75,RippleTwin,MICROSTOP_BURST,False,10.260598170292266,31.30364205825687,0.005,59,0.03389830508474576,1.0,0.0,0.0,6.0,,0.0,0.0,0.03875968992248062,33726.63494664521,
test,5061,0.75,RippleTwin,MICROSTOP_BURST,False,10.260598170292266,31.30364205825687,0.01,59,0.06779661016949153,1.0,0.0,0.0,6.0,,0.0,0.0,0.03875968992248062,21716.630051015858,
test,5061,0.75,RippleTwin,MICROSTOP_BURST,False,10.260598170292266,31.30364205825687,0.02,59,0.1016949152542373,1.0,0.0,0.0,6.0,,0.0,0.0,0.08527131782945736,21418.358803483003,
test,5061,0.75,RippleTwin,MICROSTOP_BURST,False,10.260598170292266,31.30364205825687,0.05,59,0.15254237288135594,1.0,0.0,0.0,6.0,,0.0,0.0,0.10077519379844961,21418.358803483003,
test,5061,0.75,RippleTwin,MICROSTOP_BURST,False,10.260598170292266,31.30364205825687,0.1,59,0.1864406779661017,1.0,0.0,0.0,6.0,,0.0,0.0,0.13953488372093023,18118.011479405122,
test,5061,0.75,B2_observed_only_twin,MICROSTOP_BURST,False,10.260598170292266,31.30364205825687,0.005,59,0.03389830508474576,1.0,0.0,0.0,7.0,,0.0,0.0,0.03875968992248062,33726.63494664521,
test,5061,0.75,B2_observed_only_twin,MICROSTOP_BURST,False,10.260598170292266,31.30364205825687,0.01,59,0.03389830508474576,1.0,0.0,0.0,7.0,,0.0,0.0,0.03875968992248062,33726.63494664521,
test,5061,0.75,B2_observed_only_twin,MICROSTOP_BURST,False,10.260598170292266,31.30364205825687,0.02,59,0.1016949152542373,1.0,0.0,0.0,7.0,,0.0,0.0,0.09302325581395349,21418.358803483003,
test,5061,0.75,B2_observed_only_twin,MICROSTOP_BURST,False,10.260598170292266,31.30364205825687,0.05,59,0.15254237288135594,1.0,0.0,0.0,7.0,,0.0,0.0,0.10852713178294573,21418.358803483003,
test,5061,0.75,B2_observed_only_twin,MICROSTOP_BURST,False,10.260598170292266,31.30364205825687,0.1,59,0.1694915254237288,1.0,0.0,0.0,7.0,,0.0,0.0,0.15503875968992248,18118.011479405122,
test,5061,0.75,B0_SPC_observed,MICROSTOP_BURST,False,10.260598170292266,5.061702559429017,0.005,59,0.0,0.0,,,,,0.0,0.0,0.023255813953488372,,
test,5061,0.75,B0_SPC_observed,MICROSTOP_BURST,False,10.260598170292266,5.061702559429017,0.01,59,0.0,0.0,,,,,0.0,0.0,0.023255813953488372,,
test,5061,0.75,B0_SPC_observed,MICROSTOP_BURST,False,10.260598170292266,5.061702559429017,0.02,59,0.0,0.0,,,,,0.0,0.0,0.023255813953488372,,
test,5061,0.75,B0_SPC_observed,MICROSTOP_BURST,False,10.260598170292266,5.061702559429017,0.05,59,0.01694915254237288,1.0,0.0,0.0,28.0,,0.0,0.0,0.03875968992248062,36416.38731127504,
test,5061,0.75,B0_SPC_observed,MICROSTOP_BURST,False,10.260598170292266,5.061702559429017,0.1,59,0.03389830508474576,1.0,0.0,0.0,28.0,,0.0,0.0,0.05426356589147287,36138.02567806531,
test,5061,0.75,B1_IsolationForest,MICROSTOP_BURST,False,10.260598170292266,0.7423023198141773,0.005,59,0.0,0.0,,,,,0.0,0.0,0.015503875968992248,,
test,5061,0.75,B1_IsolationForest,MICROSTOP_BURST,False,10.260598170292266,0.7423023198141773,0.01,59,0.0,0.0,,,,,0.0,0.0,0.015503875968992248,,
test,5061,0.75,B1_IsolationForest,MICROSTOP_BURST,False,10.260598170292266,0.7423023198141773,0.02,59,0.01694915254237288,1.0,0.0,0.0,7.0,,0.0,0.0,0.015503875968992248,33726.63494664521,
test,5061,0.75,B1_IsolationForest,MICROSTOP_BURST,False,10.260598170292266,0.7423023198141773,0.05,59,0.01694915254237288,1.0,0.0,0.0,7.0,,0.0,0.0,0.023255813953488372,33726.63494664521,
test,5061,0.75,B1_IsolationForest,MICROSTOP_BURST,False,10.260598170292266,0.7423023198141773,0.1,59,0.03389830508474576,1.0,0.0,0.0,11.0,,0.0,0.0,0.05426356589147287,33726.63494664521,
test,5061,0.5,RippleTwin,MICROSTOP_BURST,False,10.260598170292266,39.99294167411538,0.005,59,0.03389830508474576,1.0,0.0,0.0,6.0,,0.0,0.0,0.03875968992248062,33726.63494664521,
test,5061,0.5,RippleTwin,MICROSTOP_BURST,False,10.260598170292266,39.99294167411538,0.01,59,0.06779661016949153,1.0,0.0,0.0,6.0,,0.0,0.0,0.03875968992248062,21716.630051015858,
test,5061,0.5,RippleTwin,MICROSTOP_BURST,False,10.260598170292266,39.99294167411538,0.02,59,0.1016949152542373,1.0,0.0,0.0,6.0,,0.0,0.0,0.07751937984496124,21418.358803483003,
test,5061,0.5,RippleTwin,MICROSTOP_BURST,False,10.260598170292266,39.99294167411538,0.05,59,0.15254237288135594,1.0,0.0,0.0,6.0,,0.0,0.0,0.13953488372093023,18118.011479405122,
test,5061,0.5,RippleTwin,MICROSTOP_BURST,False,10.260598170292266,39.99294167411538,0.1,59,0.1864406779661017,1.0,0.0,0.0,6.0,,0.0,0.0,0.17054263565891473,17821.49981734417,
test,5061,0.5,B2_observed_only_twin,MICROSTOP_BURST,False,10.260598170292266,39.987745614480566,0.005,59,0.03389830508474576,1.0,0.0,0.0,7.0,,0.0,0.0,0.03875968992248062,33726.63494664521,
test,5061,0.5,B2_observed_only_twin,MICROSTOP_BURST,False,10.260598170292266,39.987745614480566,0.01,59,0.06779661016949153,1.0,0.0,0.0,7.0,,0.0,0.0,0.03875968992248062,21716.630051015858,
test,5061,0.5,B2_observed_only_twin,MICROSTOP_BURST,False,10.260598170292266,39.987745614480566,0.02,59,0.1016949152542373,1.0,0.0,0.0,7.0,,0.0,0.0,0.07751937984496124,21418.358803483003,
test,5061,0.5,B2_observed_only_twin,MICROSTOP_BURST,False,10.260598170292266,39.987745614480566,0.05,59,0.1694915254237288,1.0,0.0,0.0,7.0,,0.0,0.0,0.13953488372093023,18118.011479405122,
test,5061,0.5,B2_observed_only_twin,MICROSTOP_BURST,False,10.260598170292266,39.987745614480566,0.1,59,0.2033898305084746,1.0,0.0,0.0,7.0,,0.0,0.0,0.17829457364341086,17821.49981734417,
test,5061,0.5,B0_SPC_observed,MICROSTOP_BURST,False,10.260598170292266,5.012127239822025,0.005,59,0.0,0.0,,,,,0.0,0.0,0.023255813953488372,,
test,5061,0.5,B0_SPC_observed,MICROSTOP_BURST,False,10.260598170292266,5.012127239822025,0.01,59,0.0,0.0,,,,,0.0,0.0,0.023255813953488372,,
test,5061,0.5,B0_SPC_observed,MICROSTOP_BURST,False,10.260598170292266,5.012127239822025,0.02,59,0.0,0.0,,,,,0.0,0.0,0.031007751937984496,,
test,5061,0.5,B0_SPC_observed,MICROSTOP_BURST,False,10.260598170292266,5.012127239822025,0.05,59,0.01694915254237288,1.0,0.0,0.0,28.0,,0.0,0.0,0.046511627906976744,36416.38731127504,
test,5061,0.5,B0_SPC_observed,MICROSTOP_BURST,False,10.260598170292266,5.012127239822025,0.1,59,0.03389830508474576,1.0,0.0,0.0,28.0,,0.0,0.0,0.06201550387596899,36138.02567806531,
test,5061,0.5,B1_IsolationForest,MICROSTOP_BURST,False,10.260598170292266,0.7423023198141773,0.005,59,0.0,0.0,,,,,0.0,0.0,0.015503875968992248,,
test,5061,0.5,B1_IsolationForest,MICROSTOP_BURST,False,10.260598170292266,0.7423023198141773,0.01,59,0.0,0.0,,,,,0.0,0.0,0.015503875968992248,,
test,5061,0.5,B1_IsolationForest,MICROSTOP_BURST,False,10.260598170292266,0.7423023198141773,0.02,59,0.01694915254237288,1.0,0.0,0.0,7.0,,0.0,0.0,0.015503875968992248,33726.63494664521,
test,5061,0.5,B1_IsolationForest,MICROSTOP_BURST,False,10.260598170292266,0.7423023198141773,0.05,59,0.01694915254237288,1.0,0.0,0.0,7.0,,0.0,0.0,0.031007751937984496,33726.63494664521,
test,5061,0.5,B1_IsolationForest,MICROSTOP_BURST,False,10.260598170292266,0.7423023198141773,0.1,59,0.05084745762711865,1.0,0.0,0.0,7.0,,0.0,0.0,0.05426356589147287,33426.45920290802,
test,5061,0.25,RippleTwin,MICROSTOP_BURST,True,10.260598170292266,23.87887940963418,0.005,59,0.05084745762711865,1.0,0.0,0.0,6.0,,0.0,0.0,0.031007751937984496,21716.630051015858,
test,5061,0.25,RippleTwin,MICROSTOP_BURST,True,10.260598170292266,23.87887940963418,0.01,59,0.06779661016949153,1.0,0.0,0.0,6.0,,0.0,0.0,0.03875968992248062,21418.358803483003,
test,5061,0.25,RippleTwin,MICROSTOP_BURST,True,10.260598170292266,23.87887940963418,0.02,59,0.22033898305084745,1.0,0.0,0.0,6.0,,0.0,0.0,0.10852713178294573,18416.61295565718,
test,5061,0.25,RippleTwin,MICROSTOP_BURST,True,10.260598170292266,23.87887940963418,0.05,59,0.2542372881355932,1.0,0.0,0.0,6.0,,0.0,0.0,0.13178294573643412,18118.011479405122,
test,5061,0.25,RippleTwin,MICROSTOP_BURST,True,10.260598170292266,23.87887940963418,0.1,59,0.423728813559322,1.0,0.0,0.0,15.0,,0.0,0.0,0.18604651162790697,18118.011479405122,
test,5061,0.25,B2_observed_only_twin,MICROSTOP_BURST,True,10.260598170292266,23.87066583332845,0.005,59,0.03389830508474576,1.0,0.0,0.0,7.0,,0.0,0.0,0.023255813953488372,33726.63494664521,
test,5061,0.25,B2_observed_only_twin,MICROSTOP_BURST,True,10.260598170292266,23.87066583332845,0.01,59,0.05084745762711865,1.0,0.0,0.0,7.0,,0.0,0.0,0.023255813953488372,21716.630051015858,
test,5061,0.25,B2_observed_only_twin,MICROSTOP_BURST,True,10.260598170292266,23.87066583332845,0.02,59,0.2033898305084746,1.0,0.0,0.0,7.0,,0.0,0.0,0.09302325581395349,18416.61295565718,
test,5061,0.25,B2_observed_only_twin,MICROSTOP_BURST,True,10.260598170292266,23.87066583332845,0.05,59,0.2711864406779661,1.0,0.0,0.0,7.0,,0.0,0.0,0.13953488372093023,18118.011479405122,
test,5061,0.25,B2_observed_only_twin,MICROSTOP_BURST,True,10.260598170292266,23.87066583332845,0.1,59,0.4067796610169492,1.0,0.0,0.0,17.0,,0.0,0.0,0.18604651162790697,18118.011479405122,
test,5061,0.25,B0_SPC_observed,MICROSTOP_BURST,True,10.260598170292266,4.674774997918179,0.005,59,0.0,0.0,,,,,0.0,0.0,0.0,,
test,5061,0.25,B0_SPC_observed,MICROSTOP_BURST,True,10.260598170292266,4.674774997918179,0.01,59,0.0,0.0,,,,,0.0,0.0,0.007751937984496124,,
test,5061,0.25,B0_SPC_observed,MICROSTOP_BURST,True,10.260598170292266,4.674774997918179,0.02,59,0.0,0.0,,,,,0.0,0.0,0.007751937984496124,,
test,5061,0.25,B0_SPC_observed,MICROSTOP_BURST,True,10.260598170292266,4.674774997918179,0.05,59,0.0,0.0,,,,,0.0,0.0,0.007751937984496124,,
test,5061,0.25,B0_SPC_observed,MICROSTOP_BURST,True,10.260598170292266,4.674774997918179,0.1,59,0.0,0.0,,,,,0.0,0.0,0.031007751937984496,,
test,5061,0.25,B1_IsolationForest,MICROSTOP_BURST,True,10.260598170292266,0.7158774793615637,0.005,59,0.01694915254237288,1.0,0.0,0.0,7.0,,0.0,0.0,0.007751937984496124,33726.63494664521,
test,5061,0.25,B1_IsolationForest,MICROSTOP_BURST,True,10.260598170292266,0.7158774793615637,0.01,59,0.01694915254237288,1.0,0.0,0.0,7.0,,0.0,0.0,0.007751937984496124,33726.63494664521,
test,5061,0.25,B1_IsolationForest,MICROSTOP_BURST,True,10.260598170292266,0.7158774793615637,0.02,59,0.01694915254237288,1.0,0.0,0.0,7.0,,0.0,0.0,0.015503875968992248,33726.63494664521,
test,5061,0.25,B1_IsolationForest,MICROSTOP_BURST,True,10.260598170292266,0.7158774793615637,0.05,59,0.06779661016949153,1.0,0.0,0.0,9.5,,0.0,0.0,0.046511627906976744,24718.992530982592,
test,5061,0.25,B1_IsolationForest,MICROSTOP_BURST,True,10.260598170292266,0.7158774793615637,0.1,59,0.0847457627118644,1.0,0.0,0.0,12.0,,0.0,0.0,0.08527131782945736,24718.992530982592,
test,5062,1.0,RippleTwin,MICROSTOP_BURST,False,5.3242748710682,42.5638498837417,0.005,72,0.0,0.0,,,,,0.0,0.0,0.008264462809917356,,
test,5062,1.0,RippleTwin,MICROSTOP_BURST,False,5.3242748710682,42.5638498837417,0.01,72,0.0,0.0,,,,,0.0,0.0,0.024793388429752067,,
test,5062,1.0,RippleTwin,MICROSTOP_BURST,False,5.3242748710682,42.5638498837417,0.02,72,0.0,0.0,,,,,0.0,0.0,0.024793388429752067,,
test,5062,1.0,RippleTwin,MICROSTOP_BURST,False,5.3242748710682,42.5638498837417,0.05,72,0.027777777777777776,1.0,0.0,0.0,3.0,,0.0,0.0,0.04132231404958678,37626.63925144971,
test,5062,1.0,RippleTwin,MICROSTOP_BURST,False,5.3242748710682,42.5638498837417,0.1,72,0.041666666666666664,1.0,0.0,0.0,3.0,,0.0,0.0,0.049586776859504134,37626.63925144971,
test,5062,1.0,B2_observed_only_twin,MICROSTOP_BURST,False,5.3242748710682,42.5638498837417,0.005,72,0.0,0.0,,,,,0.0,0.0,0.008264462809917356,,
test,5062,1.0,B2_observed_only_twin,MICROSTOP_BURST,False,5.3242748710682,42.5638498837417,0.01,72,0.0,0.0,,,,,0.0,0.0,0.024793388429752067,,
test,5062,1.0,B2_observed_only_twin,MICROSTOP_BURST,False,5.3242748710682,42.5638498837417,0.02,72,0.0,0.0,,,,,0.0,0.0,0.024793388429752067,,
test,5062,1.0,B2_observed_only_twin,MICROSTOP_BURST,False,5.3242748710682,42.5638498837417,0.05,72,0.027777777777777776,1.0,0.0,0.0,3.0,,0.0,0.0,0.04132231404958678,37626.63925144971,
test,5062,1.0,B2_observed_only_twin,MICROSTOP_BURST,False,5.3242748710682,42.5638498837417,0.1,72,0.041666666666666664,1.0,0.0,0.0,3.0,,0.0,0.0,0.049586776859504134,37626.63925144971,
test,5062,1.0,B0_SPC_observed,MICROSTOP_BURST,False,5.3242748710682,5.124273832797681,0.005,72,0.013888888888888888,1.0,0.0,0.0,28.0,,0.0,0.0,0.008264462809917356,55163.5362252402,
test,5062,1.0,B0_SPC_observed,MICROSTOP_BURST,False,5.3242748710682,5.124273832797681,0.01,72,0.027777777777777776,1.0,0.0,0.0,22.5,,0.0,0.0,0.01652892561983471,44214.46573473616,
test,5062,1.0,B0_SPC_observed,MICROSTOP_BURST,False,5.3242748710682,5.124273832797681,0.02,72,0.041666666666666664,1.0,0.0,0.0,28.0,,0.0,0.0,0.01652892561983471,44214.46573473616,
test,5062,1.0,B0_SPC_observed,MICROSTOP_BURST,False,5.3242748710682,5.124273832797681,0.05,72,0.05555555555555555,1.0,0.0,0.0,28.0,,0.0,0.0,0.01652892561983471,44214.46573473616,
test,5062,1.0,B0_SPC_observed,MICROSTOP_BURST,False,5.3242748710682,5.124273832797681,0.1,72,0.05555555555555555,1.0,0.0,0.0,28.0,,0.0,0.0,0.04132231404958678,44214.46573473616,
test,5062,1.0,B1_IsolationForest,MICROSTOP_BURST,False,5.3242748710682,0.7784702529546166,0.005,72,0.0,0.0,,,,,0.0,0.0,0.008264462809917356,,
test,5062,1.0,B1_IsolationForest,MICROSTOP_BURST,False,5.3242748710682,0.7784702529546166,0.01,72,0.0,0.0,,,,,0.0,0.0,0.008264462809917356,,
test,5062,1.0,B1_IsolationForest,MICROSTOP_BURST,False,5.3242748710682,0.7784702529546166,0.02,72,0.0,0.0,,,,,0.0,0.0,0.03305785123966942,,
test,5062,1.0,B1_IsolationForest,MICROSTOP_BURST,False,5.3242748710682,0.7784702529546166,0.05,72,0.0,0.0,,,,,0.0,0.0,0.0743801652892562,,
test,5062,1.0,B1_IsolationForest,MICROSTOP_BURST,False,5.3242748710682,0.7784702529546166,0.1,72,0.027777777777777776,1.0,0.0,0.0,27.0,,0.0,0.0,0.09917355371900827,41218.16029510815,
test,5062,0.75,RippleTwin,MICROSTOP_BURST,False,5.3242748710682,31.30364205825687,0.005,72,0.0,0.0,,,,,0.0,0.0,0.024793388429752067,,
test,5062,0.75,RippleTwin,MICROSTOP_BURST,False,5.3242748710682,31.30364205825687,0.01,72,0.0,0.0,,,,,0.0,0.0,0.024793388429752067,,
test,5062,0.75,RippleTwin,MICROSTOP_BURST,False,5.3242748710682,31.30364205825687,0.02,72,0.0,0.0,,,,,0.0,0.0,0.024793388429752067,,
test,5062,0.75,RippleTwin,MICROSTOP_BURST,False,5.3242748710682,31.30364205825687,0.05,72,0.0,0.0,,,,,0.0,0.0,0.04132231404958678,,
test,5062,0.75,RippleTwin,MICROSTOP_BURST,False,5.3242748710682,31.30364205825687,0.1,72,0.041666666666666664,1.0,0.0,0.0,4.0,,0.0,0.0,0.12396694214876033,37626.63925144971,
test,5062,0.75,B2_observed_only_twin,MICROSTOP_BURST,False,5.3242748710682,31.30364205825687,0.005,72,0.0,0.0,,,,,0.0,0.0,0.024793388429752067,,
test,5062,0.75,B2_observed_only_twin,MICROSTOP_BURST,False,5.3242748710682,31.30364205825687,0.01,72,0.0,0.0,,,,,0.0,0.0,0.024793388429752067,,
test,5062,0.75,B2_observed_only_twin,MICROSTOP_BURST,False,5.3242748710682,31.30364205825687,0.02,72,0.0,0.0,,,,,0.0,0.0,0.024793388429752067,,
test,5062,0.75,B2_observed_only_twin,MICROSTOP_BURST,False,5.3242748710682,31.30364205825687,0.05,72,0.0,0.0,,,,,0.0,0.0,0.04132231404958678,,
test,5062,0.75,B2_observed_only_twin,MICROSTOP_BURST,False,5.3242748710682,31.30364205825687,0.1,72,0.08333333333333333,1.0,0.0,0.0,17.0,,0.0,0.0,0.14049586776859505,37626.63925144971,
test,5062,0.75,B0_SPC_observed,MICROSTOP_BURST,False,5.3242748710682,5.061702559429017,0.005,72,0.027777777777777776,1.0,0.0,0.0,22.5,,0.0,0.0,0.01652892561983471,44214.46573473616,
test,5062,0.75,B0_SPC_observed,MICROSTOP_BURST,False,5.3242748710682,5.061702559429017,0.01,72,0.041666666666666664,1.0,0.0,0.0,28.0,,0.0,0.0,0.01652892561983471,44214.46573473616,
test,5062,0.75,B0_SPC_observed,MICROSTOP_BURST,False,5.3242748710682,5.061702559429017,0.02,72,0.041666666666666664,1.0,0.0,0.0,28.0,,0.0,0.0,0.01652892561983471,44214.46573473616,
test,5062,0.75,B0_SPC_observed,MICROSTOP_BURST,False,5.3242748710682,5.061702559429017,0.05,72,0.05555555555555555,1.0,0.0,0.0,28.0,,0.0,0.0,0.01652892561983471,44214.46573473616,
test,5062,0.75,B0_SPC_observed,MICROSTOP_BURST,False,5.3242748710682,5.061702559429017,0.1,72,0.05555555555555555,1.0,0.0,0.0,28.0,,0.0,0.0,0.04132231404958678,44214.46573473616,
test,5062,0.75,B1_IsolationForest,MICROSTOP_BURST,False,5.3242748710682,0.7423023198141773,0.005,72,0.0,0.0,,,,,0.0,0.0,0.0,,
test,5062,0.75,B1_IsolationForest,MICROSTOP_BURST,False,5.3242748710682,0.7423023198141773,0.01,72,0.0,0.0,,,,,0.0,0.0,0.0,,
test,5062,0.75,B1_IsolationForest,MICROSTOP_BURST,False,5.3242748710682,0.7423023198141773,0.02,72,0.0,0.0,,,,,0.0,0.0,0.0,,
test,5062,0.75,B1_IsolationForest,MICROSTOP_BURST,False,5.3242748710682,0.7423023198141773,0.05,72,0.027777777777777776,1.0,0.0,0.0,27.0,,0.0,0.0,0.024793388429752067,41218.16029510815,
test,5062,0.75,B1_IsolationForest,MICROSTOP_BURST,False,5.3242748710682,0.7423023198141773,0.1,72,0.027777777777777776,1.0,0.0,0.0,27.0,,0.0,0.0,0.08264462809917356,41218.16029510815,
test,5062,0.5,RippleTwin,MICROSTOP_BURST,False,5.3242748710682,39.99294167411538,0.005,72,0.0,0.0,,,,,0.0,0.0,0.024793388429752067,,
test,5062,0.5,RippleTwin,MICROSTOP_BURST,False,5.3242748710682,39.99294167411538,0.01,72,0.0,0.0,,,,,0.0,0.0,0.024793388429752067,,
test,5062,0.5,RippleTwin,MICROSTOP_BURST,False,5.3242748710682,39.99294167411538,0.02,72,0.0,0.0,,,,,0.0,0.0,0.024793388429752067,,
test,5062,0.5,RippleTwin,MICROSTOP_BURST,False,5.3242748710682,39.99294167411538,0.05,72,0.027777777777777776,1.0,0.0,0.0,4.0,,0.0,0.0,0.04132231404958678,37626.63925144971,
test,5062,0.5,RippleTwin,MICROSTOP_BURST,False,5.3242748710682,39.99294167411538,0.1,72,0.027777777777777776,1.0,0.0,0.0,4.0,,0.0,0.0,0.04132231404958678,37626.63925144971,
test,5062,0.5,B2_observed_only_twin,MICROSTOP_BURST,False,5.3242748710682,39.987745614480566,0.005,72,0.0,0.0,,,,,0.0,0.0,0.024793388429752067,,
test,5062,0.5,B2_observed_only_twin,MICROSTOP_BURST,False,5.3242748710682,39.987745614480566,0.01,72,0.0,0.0,,,,,0.0,0.0,0.024793388429752067,,
test,5062,0.5,B2_observed_only_twin,MICROSTOP_BURST,False,5.3242748710682,39.987745614480566,0.02,72,0.0,0.0,,,,,0.0,0.0,0.024793388429752067,,
test,5062,0.5,B2_observed_only_twin,MICROSTOP_BURST,False,5.3242748710682,39.987745614480566,0.05,72,0.027777777777777776,1.0,0.0,0.0,3.0,,0.0,0.0,0.04132231404958678,37626.63925144971,
test,5062,0.5,B2_observed_only_twin,MICROSTOP_BURST,False,5.3242748710682,39.987745614480566,0.1,72,0.041666666666666664,1.0,0.0,0.0,3.0,,0.0,0.0,0.05785123966942149,37626.63925144971,
test,5062,0.5,B0_SPC_observed,MICROSTOP_BURST,False,5.3242748710682,5.012127239822025,0.005,72,0.027777777777777776,1.0,0.0,0.0,22.5,,0.0,0.0,0.01652892561983471,44214.46573473616,
test,5062,0.5,B0_SPC_observed,MICROSTOP_BURST,False,5.3242748710682,5.012127239822025,0.01,72,0.041666666666666664,1.0,0.0,0.0,28.0,,0.0,0.0,0.01652892561983471,44214.46573473616,
test,5062,0.5,B0_SPC_observed,MICROSTOP_BURST,False,5.3242748710682,5.012127239822025,0.02,72,0.05555555555555555,1.0,0.0,0.0,28.0,,0.0,0.0,0.01652892561983471,44214.46573473616,
test,5062,0.5,B0_SPC_observed,MICROSTOP_BURST,False,5.3242748710682,5.012127239822025,0.05,72,0.05555555555555555,1.0,0.0,0.0,28.0,,0.0,0.0,0.024793388429752067,44214.46573473616,
test,5062,0.5,B0_SPC_observed,MICROSTOP_BURST,False,5.3242748710682,5.012127239822025,0.1,72,0.06944444444444445,1.0,0.0,0.0,28.0,,0.0,0.0,0.05785123966942149,43914.17904638069,
test,5062,0.5,B1_IsolationForest,MICROSTOP_BURST,False,5.3242748710682,0.7423023198141773,0.005,72,0.0,0.0,,,,,0.0,0.0,0.0,,
test,5062,0.5,B1_IsolationForest,MICROSTOP_BURST,False,5.3242748710682,0.7423023198141773,0.01,72,0.0,0.0,,,,,0.0,0.0,0.0,,
test,5062,0.5,B1_IsolationForest,MICROSTOP_BURST,False,5.3242748710682,0.7423023198141773,0.02,72,0.0,0.0,,,,,0.0,0.0,0.0,,
test,5062,0.5,B1_IsolationForest,MICROSTOP_BURST,False,5.3242748710682,0.7423023198141773,0.05,72,0.027777777777777776,1.0,0.0,0.0,27.0,,0.0,0.0,0.049586776859504134,41218.16029510815,
test,5062,0.5,B1_IsolationForest,MICROSTOP_BURST,False,5.3242748710682,0.7423023198141773,0.1,72,0.027777777777777776,1.0,0.0,0.0,27.0,,0.0,0.0,0.06611570247933884,41218.16029510815,
test,5062,0.25,RippleTwin,MICROSTOP_BURST,True,5.3242748710682,23.87887940963418,0.005,72,0.0,0.0,,,,,0.0,0.0,0.008264462809917356,,
test,5062,0.25,RippleTwin,MICROSTOP_BURST,True,5.3242748710682,23.87887940963418,0.01,72,0.0,0.0,,,,,0.0,0.0,0.008264462809917356,,
test,5062,0.25,RippleTwin,MICROSTOP_BURST,True,5.3242748710682,23.87887940963418,0.02,72,0.0,0.0,,,,,0.0,0.0,0.03305785123966942,,
test,5062,0.25,RippleTwin,MICROSTOP_BURST,True,5.3242748710682,23.87887940963418,0.05,72,0.027777777777777776,1.0,0.0,0.0,17.0,,0.0,0.0,0.05785123966942149,44214.46573473616,
test,5062,0.25,RippleTwin,MICROSTOP_BURST,True,5.3242748710682,23.87887940963418,0.1,72,0.05555555555555555,1.0,0.0,0.0,10.5,,0.0,0.0,0.10743801652892562,37626.63925144971,
test,5062,0.25,B2_observed_only_twin,MICROSTOP_BURST,True,5.3242748710682,23.87066583332845,0.005,72,0.0,0.0,,,,,0.0,0.0,0.0,,
test,5062,0.25,B2_observed_only_twin,MICROSTOP_BURST,True,5.3242748710682,23.87066583332845,0.01,72,0.0,0.0,,,,,0.0,0.0,0.008264462809917356,,
test,5062,0.25,B2_observed_only_twin,MICROSTOP_BURST,True,5.3242748710682,23.87066583332845,0.02,72,0.0,0.0,,,,,0.0,0.0,0.024793388429752067,,
test,5062,0.25,B2_observed_only_twin,MICROSTOP_BURST,True,5.3242748710682,23.87066583332845,0.05,72,0.027777777777777776,1.0,0.0,0.0,17.0,,0.0,0.0,0.09090909090909091,44214.46573473616,
test,5062,0.25,B2_observed_only_twin,MICROSTOP_BURST,True,5.3242748710682,23.87066583332845,0.1,72,0.05555555555555555,1.0,0.0,0.0,10.0,,0.0,0.0,0.1322314049586777,37626.63925144971,
test,5062,0.25,B0_SPC_observed,MICROSTOP_BURST,True,5.3242748710682,4.674774997918179,0.005,72,0.013888888888888888,1.0,0.0,0.0,17.0,,0.0,0.0,0.008264462809917356,44214.46573473616,
test,5062,0.25,B0_SPC_observed,MICROSTOP_BURST,True,5.3242748710682,4.674774997918179,0.01,72,0.013888888888888888,1.0,0.0,0.0,17.0,,0.0,0.0,0.008264462809917356,44214.46573473616,
test,5062,0.25,B0_SPC_observed,MICROSTOP_BURST,True,5.3242748710682,4.674774997918179,0.02,72,0.013888888888888888,1.0,0.0,0.0,17.0,,0.0,0.0,0.008264462809917356,44214.46573473616,
test,5062,0.25,B0_SPC_observed,MICROSTOP_BURST,True,5.3242748710682,4.674774997918179,0.05,72,0.041666666666666664,1.0,0.0,0.0,17.0,,0.0,0.0,0.008264462809917356,43914.17904638069,
test,5062,0.25,B0_SPC_observed,MICROSTOP_BURST,True,5.3242748710682,4.674774997918179,0.1,72,0.08333333333333333,1.0,0.0,0.0,14.0,,0.0,0.0,0.008264462809917356,43914.17904638069,
test,5062,0.25,B1_IsolationForest,MICROSTOP_BURST,True,5.3242748710682,0.7158774793615637,0.005,72,0.0,0.0,,,,,0.0,0.0,0.0,,
test,5062,0.25,B1_IsolationForest,MICROSTOP_BURST,True,5.3242748710682,0.7158774793615637,0.01,72,0.0,0.0,,,,,0.0,0.0,0.008264462809917356,,
test,5062,0.25,B1_IsolationForest,MICROSTOP_BURST,True,5.3242748710682,0.7158774793615637,0.02,72,0.0,0.0,,,,,0.0,0.0,0.008264462809917356,,
test,5062,0.25,B1_IsolationForest,MICROSTOP_BURST,True,5.3242748710682,0.7158774793615637,0.05,72,0.0,0.0,,,,,0.0,0.0,0.008264462809917356,,
test,5062,0.25,B1_IsolationForest,MICROSTOP_BURST,True,5.3242748710682,0.7158774793615637,0.1,72,0.0,0.0,,,,,0.0,0.0,0.04132231404958678,,
test,5066,1.0,RippleTwin,SLOWDOWN,False,1.3295242898176327,42.5638498837417,0.005,71,0.7605633802816901,1.0,1.0,1.0,0.0,,1.0,1.0,0.048,35819.1558029629,
test,5066,1.0,RippleTwin,SLOWDOWN,False,1.3295242898176327,42.5638498837417,0.01,71,0.7605633802816901,1.0,1.0,1.0,0.0,,1.0,1.0,0.056,35819.1558029629,
test,5066,1.0,RippleTwin,SLOWDOWN,False,1.3295242898176327,42.5638498837417,0.02,71,0.7746478873239436,1.0,1.0,1.0,0.0,,1.0,1.0,0.064,35819.1558029629,
test,5066,1.0,RippleTwin,SLOWDOWN,False,1.3295242898176327,42.5638498837417,0.05,71,0.7887323943661971,1.0,1.0,1.0,0.0,,1.0,1.0,0.088,35819.1558029629,
test,5066,1.0,RippleTwin,SLOWDOWN,False,1.3295242898176327,42.5638498837417,0.1,71,0.7887323943661971,1.0,1.0,1.0,0.0,,1.0,1.0,0.176,35819.1558029629,
test,5066,1.0,B2_observed_only_twin,SLOWDOWN,False,1.3295242898176327,42.5638498837417,0.005,71,0.7605633802816901,1.0,1.0,1.0,0.0,,1.0,1.0,0.048,35819.1558029629,
test,5066,1.0,B2_observed_only_twin,SLOWDOWN,False,1.3295242898176327,42.5638498837417,0.01,71,0.7605633802816901,1.0,1.0,1.0,0.0,,1.0,1.0,0.056,35819.1558029629,
test,5066,1.0,B2_observed_only_twin,SLOWDOWN,False,1.3295242898176327,42.5638498837417,0.02,71,0.7746478873239436,1.0,1.0,1.0,0.0,,1.0,1.0,0.064,35819.1558029629,
test,5066,1.0,B2_observed_only_twin,SLOWDOWN,False,1.3295242898176327,42.5638498837417,0.05,71,0.7887323943661971,1.0,1.0,1.0,0.0,,1.0,1.0,0.088,35819.1558029629,
test,5066,1.0,B2_observed_only_twin,SLOWDOWN,False,1.3295242898176327,42.5638498837417,0.1,71,0.7887323943661971,1.0,1.0,1.0,0.0,,1.0,1.0,0.176,35819.1558029629,
test,5066,1.0,B0_SPC_observed,SLOWDOWN,False,1.3295242898176327,5.124273832797681,0.005,71,0.7605633802816901,1.0,1.0,1.0,0.0,,1.0,1.0,0.072,35819.1558029629,
test,5066,1.0,B0_SPC_observed,SLOWDOWN,False,1.3295242898176327,5.124273832797681,0.01,71,0.7746478873239436,1.0,1.0,1.0,0.0,,1.0,1.0,0.08,35819.1558029629,
test,5066,1.0,B0_SPC_observed,SLOWDOWN,False,1.3295242898176327,5.124273832797681,0.02,71,0.7746478873239436,1.0,1.0,1.0,0.0,,1.0,1.0,0.08,35819.1558029629,
test,5066,1.0,B0_SPC_observed,SLOWDOWN,False,1.3295242898176327,5.124273832797681,0.05,71,0.7887323943661971,1.0,0.9821428571428571,0.9821428571428571,0.0,,1.0,1.0,0.096,35819.1558029629,
test,5066,1.0,B0_SPC_observed,SLOWDOWN,False,1.3295242898176327,5.124273832797681,0.1,71,0.7887323943661971,1.0,0.9821428571428571,0.9821428571428571,0.0,,1.0,1.0,0.096,35819.1558029629,
test,5066,1.0,B1_IsolationForest,SLOWDOWN,False,1.3295242898176327,0.7784702529546166,0.005,71,0.0,0.0,,,,,0.0,0.0,0.0,,
test,5066,1.0,B1_IsolationForest,SLOWDOWN,False,1.3295242898176327,0.7784702529546166,0.01,71,0.0,0.0,,,,,0.0,0.0,0.0,,
test,5066,1.0,B1_IsolationForest,SLOWDOWN,False,1.3295242898176327,0.7784702529546166,0.02,71,0.0,0.0,,,,,0.0,0.0,0.0,,
test,5066,1.0,B1_IsolationForest,SLOWDOWN,False,1.3295242898176327,0.7784702529546166,0.05,71,0.704225352112676,1.0,0.0,0.0,3.0,,0.0,0.0,0.032,38813.288795671724,
test,5066,1.0,B1_IsolationForest,SLOWDOWN,False,1.3295242898176327,0.7784702529546166,0.1,71,0.8028169014084507,1.0,0.0,0.0,3.0,,0.0,0.0,0.152,35819.1558029629,
test,5066,0.75,RippleTwin,SLOWDOWN,False,1.3295242898176327,31.30364205825687,0.005,71,0.7746478873239436,1.0,1.0,1.0,0.0,,1.0,1.0,0.064,35819.1558029629,
test,5066,0.75,RippleTwin,SLOWDOWN,False,1.3295242898176327,31.30364205825687,0.01,71,0.7746478873239436,1.0,1.0,1.0,0.0,,1.0,1.0,0.064,35819.1558029629,
test,5066,0.75,RippleTwin,SLOWDOWN,False,1.3295242898176327,31.30364205825687,0.02,71,0.7887323943661971,1.0,1.0,1.0,0.0,,1.0,1.0,0.064,35819.1558029629,
test,5066,0.75,RippleTwin,SLOWDOWN,False,1.3295242898176327,31.30364205825687,0.05,71,0.7887323943661971,1.0,1.0,1.0,0.0,,1.0,1.0,0.072,35819.1558029629,
test,5066,0.75,RippleTwin,SLOWDOWN,False,1.3295242898176327,31.30364205825687,0.1,71,0.7887323943661971,1.0,1.0,1.0,0.0,,1.0,1.0,0.2,35819.1558029629,
test,5066,0.75,B2_observed_only_twin,SLOWDOWN,False,1.3295242898176327,31.30364205825687,0.005,71,0.7746478873239436,1.0,1.0,1.0,0.0,,1.0,1.0,0.064,35819.1558029629,
test,5066,0.75,B2_observed_only_twin,SLOWDOWN,False,1.3295242898176327,31.30364205825687,0.01,71,0.7746478873239436,1.0,1.0,1.0,0.0,,1.0,1.0,0.064,35819.1558029629,
test,5066,0.75,B2_observed_only_twin,SLOWDOWN,False,1.3295242898176327,31.30364205825687,0.02,71,0.7887323943661971,1.0,1.0,1.0,0.0,,1.0,1.0,0.064,35819.1558029629,
test,5066,0.75,B2_observed_only_twin,SLOWDOWN,False,1.3295242898176327,31.30364205825687,0.05,71,0.7887323943661971,1.0,1.0,1.0,0.0,,1.0,1.0,0.072,35819.1558029629,
test,5066,0.75,B2_observed_only_twin,SLOWDOWN,False,1.3295242898176327,31.30364205825687,0.1,71,0.7887323943661971,1.0,1.0,1.0,0.0,,1.0,1.0,0.248,35819.1558029629,
test,5066,0.75,B0_SPC_observed,SLOWDOWN,False,1.3295242898176327,5.061702559429017,0.005,71,0.7746478873239436,1.0,1.0,1.0,0.0,,1.0,1.0,0.08,35819.1558029629,
test,5066,0.75,B0_SPC_observed,SLOWDOWN,False,1.3295242898176327,5.061702559429017,0.01,71,0.7746478873239436,1.0,1.0,1.0,0.0,,1.0,1.0,0.08,35819.1558029629,
test,5066,0.75,B0_SPC_observed,SLOWDOWN,False,1.3295242898176327,5.061702559429017,0.02,71,0.7746478873239436,1.0,1.0,1.0,0.0,,1.0,1.0,0.08,35819.1558029629,
test,5066,0.75,B0_SPC_observed,SLOWDOWN,False,1.3295242898176327,5.061702559429017,0.05,71,0.7887323943661971,1.0,0.9821428571428571,0.9821428571428571,0.0,,1.0,1.0,0.096,35819.1558029629,
test,5066,0.75,B0_SPC_observed,SLOWDOWN,False,1.3295242898176327,5.061702559429017,0.1,71,0.7887323943661971,1.0,0.9821428571428571,0.9821428571428571,0.0,,1.0,1.0,0.096,35819.1558029629,
test,5066,0.75,B1_IsolationForest,SLOWDOWN,False,1.3295242898176327,0.7423023198141773,0.005,71,0.704225352112676,1.0,0.0,0.0,3.0,,0.0,0.0,0.032,38813.288795671724,
test,5066,0.75,B1_IsolationForest,SLOWDOWN,False,1.3295242898176327,0.7423023198141773,0.01,71,0.704225352112676,1.0,0.0,0.0,3.0,,0.0,0.0,0.032,38813.288795671724,
test,5066,0.75,B1_IsolationForest,SLOWDOWN,False,1.3295242898176327,0.7423023198141773,0.02,71,0.7183098591549296,1.0,0.0,0.0,3.0,,0.0,0.0,0.04,38813.288795671724,
test,5066,0.75,B1_IsolationForest,SLOWDOWN,False,1.3295242898176327,0.7423023198141773,0.05,71,0.8028169014084507,1.0,0.0,0.0,3.0,,0.0,0.0,0.136,35819.1558029629,
test,5066,0.75,B1_IsolationForest,SLOWDOWN,False,1.3295242898176327,0.7423023198141773,0.1,71,0.8450704225352113,1.0,0.0,0.0,3.0,,0.0,0.0,0.184,35819.1558029629,
test,5066,0.5,RippleTwin,SLOWDOWN,False,1.3295242898176327,39.99294167411538,0.005,71,0.7746478873239436,1.0,1.0,1.0,0.0,,1.0,1.0,0.056,35819.1558029629,
test,5066,0.5,RippleTwin,SLOWDOWN,False,1.3295242898176327,39.99294167411538,0.01,71,0.7746478873239436,1.0,1.0,1.0,0.0,,1.0,1.0,0.056,35819.1558029629,
test,5066,0.5,RippleTwin,SLOWDOWN,False,1.3295242898176327,39.99294167411538,0.02,71,0.7746478873239436,1.0,1.0,1.0,0.0,,1.0,1.0,0.064,35819.1558029629,
test,5066,0.5,RippleTwin,SLOWDOWN,False,1.3295242898176327,39.99294167411538,0.05,71,0.7887323943661971,1.0,1.0,1.0,0.0,,1.0,1.0,0.064,35819.1558029629,
test,5066,0.5,RippleTwin,SLOWDOWN,False,1.3295242898176327,39.99294167411538,0.1,71,0.7887323943661971,1.0,1.0,1.0,0.0,,1.0,1.0,0.144,35819.1558029629,
test,5066,0.5,B2_observed_only_twin,SLOWDOWN,False,1.3295242898176327,39.987745614480566,0.005,71,0.7746478873239436,1.0,1.0,1.0,0.0,,1.0,1.0,0.056,35819.1558029629,
test,5066,0.5,B2_observed_only_twin,SLOWDOWN,False,1.3295242898176327,39.987745614480566,0.01,71,0.7746478873239436,1.0,1.0,1.0,0.0,,1.0,1.0,0.056,35819.1558029629,
test,5066,0.5,B2_observed_only_twin,SLOWDOWN,False,1.3295242898176327,39.987745614480566,0.02,71,0.7746478873239436,1.0,1.0,1.0,0.0,,1.0,1.0,0.064,35819.1558029629,
test,5066,0.5,B2_observed_only_twin,SLOWDOWN,False,1.3295242898176327,39.987745614480566,0.05,71,0.7887323943661971,1.0,1.0,1.0,0.0,,1.0,1.0,0.072,35819.1558029629,
test,5066,0.5,B2_observed_only_twin,SLOWDOWN,False,1.3295242898176327,39.987745614480566,0.1,71,0.7887323943661971,1.0,1.0,1.0,0.0,,1.0,1.0,0.176,35819.1558029629,
test,5066,0.5,B0_SPC_observed,SLOWDOWN,False,1.3295242898176327,5.012127239822025,0.005,71,0.7746478873239436,1.0,1.0,1.0,0.0,,1.0,1.0,0.08,35819.1558029629,
test,5066,0.5,B0_SPC_observed,SLOWDOWN,False,1.3295242898176327,5.012127239822025,0.01,71,0.7746478873239436,1.0,1.0,1.0,0.0,,1.0,1.0,0.08,35819.1558029629,
test,5066,0.5,B0_SPC_observed,SLOWDOWN,False,1.3295242898176327,5.012127239822025,0.02,71,0.7746478873239436,1.0,1.0,1.0,0.0,,1.0,1.0,0.096,35819.1558029629,
test,5066,0.5,B0_SPC_observed,SLOWDOWN,False,1.3295242898176327,5.012127239822025,0.05,71,0.7887323943661971,1.0,0.9821428571428571,0.9821428571428571,0.0,,1.0,1.0,0.096,35819.1558029629,
test,5066,0.5,B0_SPC_observed,SLOWDOWN,False,1.3295242898176327,5.012127239822025,0.1,71,0.7887323943661971,1.0,0.9821428571428571,0.9821428571428571,0.0,,1.0,1.0,0.12,35819.1558029629,
test,5066,0.5,B1_IsolationForest,SLOWDOWN,False,1.3295242898176327,0.7423023198141773,0.005,71,0.7323943661971831,1.0,0.0,0.0,3.0,,0.0,0.0,0.016,38813.288795671724,
test,5066,0.5,B1_IsolationForest,SLOWDOWN,False,1.3295242898176327,0.7423023198141773,0.01,71,0.7323943661971831,1.0,0.0,0.0,3.0,,0.0,0.0,0.016,38813.288795671724,
test,5066,0.5,B1_IsolationForest,SLOWDOWN,False,1.3295242898176327,0.7423023198141773,0.02,71,0.7605633802816901,1.0,0.0,0.0,3.0,,0.0,0.0,0.024,37319.33033586319,
test,5066,0.5,B1_IsolationForest,SLOWDOWN,False,1.3295242898176327,0.7423023198141773,0.05,71,0.8591549295774648,1.0,0.0,0.0,3.0,,0.0,0.0,0.08,35819.1558029629,
test,5066,0.5,B1_IsolationForest,SLOWDOWN,False,1.3295242898176327,0.7423023198141773,0.1,71,0.9154929577464789,1.0,0.0,0.0,3.0,,0.0,0.0,0.152,35819.1558029629,
test,5066,0.25,RippleTwin,SLOWDOWN,True,1.3295242898176327,23.87887940963418,0.005,71,0.056338028169014086,1.0,0.0,0.0,4.0,,0.0,0.0,0.0,51545.5774404518,
test,5066,0.25,RippleTwin,SLOWDOWN,True,1.3295242898176327,23.87887940963418,0.01,71,0.056338028169014086,1.0,0.0,0.0,4.0,,0.0,0.0,0.0,51545.5774404518,
test,5066,0.25,RippleTwin,SLOWDOWN,True,1.3295242898176327,23.87887940963418,0.02,71,0.23943661971830985,1.0,0.11764705882352941,0.11764705882352941,3.0,,0.0,0.0,0.008,43645.79282965041,
test,5066,0.25,RippleTwin,SLOWDOWN,True,1.3295242898176327,23.87887940963418,0.05,71,0.28169014084507044,1.0,0.1,0.1,3.0,,0.0,0.0,0.04,43645.79282965041,
test,5066,0.25,RippleTwin,SLOWDOWN,True,1.3295242898176327,23.87887940963418,0.1,71,0.323943661971831,1.0,0.08695652173913043,0.08695652173913043,3.0,,0.0,0.0,0.152,41213.695600273444,
test,5066,0.25,B2_observed_only_twin,SLOWDOWN,True,1.3295242898176327,23.87066583332845,0.005,71,0.056338028169014086,1.0,0.0,0.0,4.0,,0.0,0.0,0.0,51545.5774404518,
test,5066,0.25,B2_observed_only_twin,SLOWDOWN,True,1.3295242898176327,23.87066583332845,0.01,71,0.056338028169014086,1.0,0.0,0.0,4.0,,0.0,0.0,0.0,51545.5774404518,
test,5066,0.25,B2_observed_only_twin,SLOWDOWN,True,1.3295242898176327,23.87066583332845,0.02,71,0.29577464788732394,1.0,0.0,0.0,4.0,,0.0,0.0,0.008,43324.16989568712,
test,5066,0.25,B2_observed_only_twin,SLOWDOWN,True,1.3295242898176327,23.87066583332845,0.05,71,0.3380281690140845,1.0,0.0,0.0,4.0,,0.0,0.0,0.064,43324.16989568712,
test,5066,0.25,B2_observed_only_twin,SLOWDOWN,True,1.3295242898176327,23.87066583332845,0.1,71,0.4084507042253521,1.0,0.0,0.0,4.0,,0.0,0.0,0.16,41514.96235318437,
test,5066,0.25,B0_SPC_observed,SLOWDOWN,True,1.3295242898176327,4.674774997918179,0.005,71,0.0,0.0,,,,,0.0,0.0,0.0,,
test,5066,0.25,B0_SPC_observed,SLOWDOWN,True,1.3295242898176327,4.674774997918179,0.01,71,0.0,0.0,,,,,0.0,0.0,0.0,,
test,5066,0.25,B0_SPC_observed,SLOWDOWN,True,1.3295242898176327,4.674774997918179,0.02,71,0.04225352112676056,1.0,0.0,0.0,22.0,,0.0,0.0,0.0,54524.75387705916,
test,5066,0.25,B0_SPC_observed,SLOWDOWN,True,1.3295242898176327,4.674774997918179,0.05,71,0.07042253521126761,1.0,0.0,0.0,9.0,,0.0,0.0,0.0,52291.74342226294,
test,5066,0.25,B0_SPC_observed,SLOWDOWN,True,1.3295242898176327,4.674774997918179,0.1,71,0.09859154929577464,1.0,0.0,0.0,9.0,,0.0,0.0,0.0,47739.31144046766,
test,5066,0.25,B1_IsolationForest,SLOWDOWN,True,1.3295242898176327,0.7158774793615637,0.005,71,0.028169014084507043,1.0,0.0,0.0,4.0,,0.0,0.0,0.0,56031.93480790895,
test,5066,0.25,B1_IsolationForest,SLOWDOWN,True,1.3295242898176327,0.7158774793615637,0.01,71,0.028169014084507043,1.0,0.0,0.0,4.0,,0.0,0.0,0.0,56031.93480790895,
test,5066,0.25,B1_IsolationForest,SLOWDOWN,True,1.3295242898176327,0.7158774793615637,0.02,71,0.028169014084507043,1.0,0.0,0.0,4.0,,0.0,0.0,0.0,56031.93480790895,
test,5066,0.25,B1_IsolationForest,SLOWDOWN,True,1.3295242898176327,0.7158774793615637,0.05,71,0.04225352112676056,1.0,0.0,0.0,4.0,,0.0,0.0,0.008,47395.29432206549,
test,5066,0.25,B1_IsolationForest,SLOWDOWN,True,1.3295242898176327,0.7158774793615637,0.1,71,0.04225352112676056,1.0,0.0,0.0,4.0,,0.0,0.0,0.024,47395.29432206549,
test,5068,1.0,RippleTwin,QUALITY_DRIFT,False,6.432180751886637,42.5638498837417,0.005,42,0.0,0.0,,,,,0.0,0.0,0.0,,
test,5068,1.0,RippleTwin,QUALITY_DRIFT,False,6.432180751886637,42.5638498837417,0.01,42,0.0,0.0,,,,,0.0,0.0,0.013333333333333334,,
test,5068,1.0,RippleTwin,QUALITY_DRIFT,False,6.432180751886637,42.5638498837417,0.02,42,0.0,0.0,,,,,0.0,0.0,0.02,,
test,5068,1.0,RippleTwin,QUALITY_DRIFT,False,6.432180751886637,42.5638498837417,0.05,42,0.0,0.0,,,,,0.0,0.0,0.04666666666666667,,
test,5068,1.0,RippleTwin,QUALITY_DRIFT,False,6.432180751886637,42.5638498837417,0.1,42,0.14285714285714285,1.0,0.0,0.0,33.5,,0.0,0.0,0.06,25634.10811751001,
test,5068,1.0,B2_observed_only_twin,QUALITY_DRIFT,False,6.432180751886637,42.5638498837417,0.005,42,0.0,0.0,,,,,0.0,0.0,0.0,,
test,5068,1.0,B2_observed_only_twin,QUALITY_DRIFT,False,6.432180751886637,42.5638498837417,0.01,42,0.0,0.0,,,,,0.0,0.0,0.013333333333333334,,
test,5068,1.0,B2_observed_only_twin,QUALITY_DRIFT,False,6.432180751886637,42.5638498837417,0.02,42,0.0,0.0,,,,,0.0,0.0,0.02,,
test,5068,1.0,B2_observed_only_twin,QUALITY_DRIFT,False,6.432180751886637,42.5638498837417,0.05,42,0.0,0.0,,,,,0.0,0.0,0.04666666666666667,,
test,5068,1.0,B2_observed_only_twin,QUALITY_DRIFT,False,6.432180751886637,42.5638498837417,0.1,42,0.14285714285714285,1.0,0.0,0.0,33.5,,0.0,0.0,0.06,25634.10811751001,
test,5068,1.0,B0_SPC_observed,QUALITY_DRIFT,False,6.432180751886637,5.124273832797681,0.005,42,0.0,0.0,,,,,0.0,0.0,0.0,,
test,5068,1.0,B0_SPC_observed,QUALITY_DRIFT,False,6.432180751886637,5.124273832797681,0.01,42,0.0,0.0,,,,,0.0,0.0,0.0,,
test,5068,1.0,B0_SPC_observed,QUALITY_DRIFT,False,6.432180751886637,5.124273832797681,0.02,42,0.0,0.0,,,,,0.0,0.0,0.006666666666666667,,
test,5068,1.0,B0_SPC_observed,QUALITY_DRIFT,False,6.432180751886637,5.124273832797681,0.05,42,0.0,0.0,,,,,0.0,0.0,0.02666666666666667,,
test,5068,1.0,B0_SPC_observed,QUALITY_DRIFT,False,6.432180751886637,5.124273832797681,0.1,42,0.0,0.0,,,,,0.0,0.0,0.04666666666666667,,
test,5068,1.0,B1_IsolationForest,QUALITY_DRIFT,False,6.432180751886637,0.7784702529546166,0.005,42,0.0,0.0,,,,,0.0,0.0,0.0,,
test,5068,1.0,B1_IsolationForest,QUALITY_DRIFT,False,6.432180751886637,0.7784702529546166,0.01,42,0.0,0.0,,,,,0.0,0.0,0.0,,
test,5068,1.0,B1_IsolationForest,QUALITY_DRIFT,False,6.432180751886637,0.7784702529546166,0.02,42,0.0,0.0,,,,,0.0,0.0,0.0,,
test,5068,1.0,B1_IsolationForest,QUALITY_DRIFT,False,6.432180751886637,0.7784702529546166,0.05,42,0.0,0.0,,,,,0.0,0.0,0.0,,
test,5068,1.0,B1_IsolationForest,QUALITY_DRIFT,False,6.432180751886637,0.7784702529546166,0.1,42,0.023809523809523808,1.0,0.0,0.0,3.0,,0.0,0.0,0.04666666666666667,35517.60979398027,
test,5068,0.75,RippleTwin,QUALITY_DRIFT,True,6.432180751886637,31.30364205825687,0.005,42,0.0,0.0,,,,,0.0,0.0,0.013333333333333334,,
test,5068,0.75,RippleTwin,QUALITY_DRIFT,True,6.432180751886637,31.30364205825687,0.01,42,0.0,0.0,,,,,0.0,0.0,0.013333333333333334,,
test,5068,0.75,RippleTwin,QUALITY_DRIFT,True,6.432180751886637,31.30364205825687,0.02,42,0.0,0.0,,,,,0.0,0.0,0.02666666666666667,,
test,5068,0.75,RippleTwin,QUALITY_DRIFT,True,6.432180751886637,31.30364205825687,0.05,42,0.023809523809523808,1.0,0.0,0.0,31.0,,0.0,0.0,0.04666666666666667,25634.10811751001,
test,5068,0.75,RippleTwin,QUALITY_DRIFT,True,6.432180751886637,31.30364205825687,0.1,42,0.23809523809523808,1.0,0.0,0.0,35.5,,0.0,0.0,0.06666666666666667,25634.10811751001,
test,5068,0.75,B2_observed_only_twin,QUALITY_DRIFT,True,6.432180751886637,31.30364205825687,0.005,42,0.0,0.0,,,,,0.0,0.0,0.013333333333333334,,
test,5068,0.75,B2_observed_only_twin,QUALITY_DRIFT,True,6.432180751886637,31.30364205825687,0.01,42,0.0,0.0,,,,,0.0,0.0,0.013333333333333334,,
test,5068,0.75,B2_observed_only_twin,QUALITY_DRIFT,True,6.432180751886637,31.30364205825687,0.02,42,0.0,0.0,,,,,0.0,0.0,0.02,,
test,5068,0.75,B2_observed_only_twin,QUALITY_DRIFT,True,6.432180751886637,31.30364205825687,0.05,42,0.07142857142857142,1.0,0.0,0.0,31.0,,0.0,0.0,0.05333333333333334,25634.10811751001,
test,5068,0.75,B2_observed_only_twin,QUALITY_DRIFT,True,6.432180751886637,31.30364205825687,0.1,42,0.38095238095238093,1.0,0.0,0.0,35.5,,0.0,0.0,0.07333333333333333,25634.10811751001,
test,5068,0.75,B0_SPC_observed,QUALITY_DRIFT,True,6.432180751886637,5.061702559429017,0.005,42,0.0,0.0,,,,,0.0,0.0,0.0,,
test,5068,0.75,B0_SPC_observed,QUALITY_DRIFT,True,6.432180751886637,5.061702559429017,0.01,42,0.0,0.0,,,,,0.0,0.0,0.006666666666666667,,
test,5068,0.75,B0_SPC_observed,QUALITY_DRIFT,True,6.432180751886637,5.061702559429017,0.02,42,0.0,0.0,,,,,0.0,0.0,0.006666666666666667,,
test,5068,0.75,B0_SPC_observed,QUALITY_DRIFT,True,6.432180751886637,5.061702559429017,0.05,42,0.0,0.0,,,,,0.0,0.0,0.02666666666666667,,
test,5068,0.75,B0_SPC_observed,QUALITY_DRIFT,True,6.432180751886637,5.061702559429017,0.1,42,0.0,0.0,,,,,0.0,0.0,0.04666666666666667,,
test,5068,0.75,B1_IsolationForest,QUALITY_DRIFT,True,6.432180751886637,0.7423023198141773,0.005,42,0.0,0.0,,,,,0.0,0.0,0.0,,
test,5068,0.75,B1_IsolationForest,QUALITY_DRIFT,True,6.432180751886637,0.7423023198141773,0.01,42,0.0,0.0,,,,,0.0,0.0,0.006666666666666667,,
test,5068,0.75,B1_IsolationForest,QUALITY_DRIFT,True,6.432180751886637,0.7423023198141773,0.02,42,0.023809523809523808,1.0,0.0,0.0,3.0,,0.0,0.0,0.02,35517.60979398027,
test,5068,0.75,B1_IsolationForest,QUALITY_DRIFT,True,6.432180751886637,0.7423023198141773,0.05,42,0.023809523809523808,1.0,0.0,0.0,3.0,,0.0,0.0,0.04,35517.60979398027,
test,5068,0.75,B1_IsolationForest,QUALITY_DRIFT,True,6.432180751886637,0.7423023198141773,0.1,42,0.09523809523809523,1.0,0.0,0.0,3.0,,0.0,0.0,0.06666666666666667,25634.10811751001,
test,5068,0.5,RippleTwin,QUALITY_DRIFT,True,6.432180751886637,39.99294167411538,0.005,42,0.0,0.0,,,,,0.0,0.0,0.006666666666666667,,
test,5068,0.5,RippleTwin,QUALITY_DRIFT,True,6.432180751886637,39.99294167411538,0.01,42,0.0,0.0,,,,,0.0,0.0,0.006666666666666667,,
test,5068,0.5,RippleTwin,QUALITY_DRIFT,True,6.432180751886637,39.99294167411538,0.02,42,0.0,0.0,,,,,0.0,0.0,0.02666666666666667,,
test,5068,0.5,RippleTwin,QUALITY_DRIFT,True,6.432180751886637,39.99294167411538,0.05,42,0.023809523809523808,1.0,0.0,0.0,31.0,,0.0,0.0,0.06666666666666667,39418.48308430512,
test,5068,0.5,RippleTwin,QUALITY_DRIFT,True,6.432180751886637,39.99294167411538,0.1,42,0.09523809523809523,1.0,0.0,0.0,31.0,,0.0,0.0,0.22,26221.307602854515,
test,5068,0.5,B2_observed_only_twin,QUALITY_DRIFT,True,6.432180751886637,39.987745614480566,0.005,42,0.0,0.0,,,,,0.0,0.0,0.006666666666666667,,
test,5068,0.5,B2_observed_only_twin,QUALITY_DRIFT,True,6.432180751886637,39.987745614480566,0.01,42,0.0,0.0,,,,,0.0,0.0,0.013333333333333334,,
test,5068,0.5,B2_observed_only_twin,QUALITY_DRIFT,True,6.432180751886637,39.987745614480566,0.02,42,0.0,0.0,,,,,0.0,0.0,0.03333333333333333,,
test,5068,0.5,B2_observed_only_twin,QUALITY_DRIFT,True,6.432180751886637,39.987745614480566,0.05,42,0.047619047619047616,1.0,0.0,0.0,31.0,,0.0,0.0,0.08666666666666667,39418.48308430512,
test,5068,0.5,B2_observed_only_twin,QUALITY_DRIFT,True,6.432180751886637,39.987745614480566,0.1,42,0.09523809523809523,1.0,0.0,0.0,31.0,,0.0,0.0,0.22666666666666666,26221.307602854515,
test,5068,0.5,B0_SPC_observed,QUALITY_DRIFT,True,6.432180751886637,5.012127239822025,0.005,42,0.0,0.0,,,,,0.0,0.0,0.0,,
test,5068,0.5,B0_SPC_observed,QUALITY_DRIFT,True,6.432180751886637,5.012127239822025,0.01,42,0.0,0.0,,,,,0.0,0.0,0.006666666666666667,,
test,5068,0.5,B0_SPC_observed,QUALITY_DRIFT,True,6.432180751886637,5.012127239822025,0.02,42,0.0,0.0,,,,,0.0,0.0,0.013333333333333334,,
test,5068,0.5,B0_SPC_observed,QUALITY_DRIFT,True,6.432180751886637,5.012127239822025,0.05,42,0.0,0.0,,,,,0.0,0.0,0.04,,
test,5068,0.5,B0_SPC_observed,QUALITY_DRIFT,True,6.432180751886637,5.012127239822025,0.1,42,0.0,0.0,,,,,0.0,0.0,0.06,,
test,5068,0.5,B1_IsolationForest,QUALITY_DRIFT,True,6.432180751886637,0.7423023198141773,0.005,42,0.0,0.0,,,,,0.0,0.0,0.0,,
test,5068,0.5,B1_IsolationForest,QUALITY_DRIFT,True,6.432180751886637,0.7423023198141773,0.01,42,0.0,0.0,,,,,0.0,0.0,0.0,,
test,5068,0.5,B1_IsolationForest,QUALITY_DRIFT,True,6.432180751886637,0.7423023198141773,0.02,42,0.023809523809523808,1.0,0.0,0.0,3.0,,0.0,0.0,0.006666666666666667,35517.60979398027,
test,5068,0.5,B1_IsolationForest,QUALITY_DRIFT,True,6.432180751886637,0.7423023198141773,0.05,42,0.023809523809523808,1.0,0.0,0.0,3.0,,0.0,0.0,0.013333333333333334,35517.60979398027,
test,5068,0.5,B1_IsolationForest,QUALITY_DRIFT,True,6.432180751886637,0.7423023198141773,0.1,42,0.09523809523809523,1.0,0.0,0.0,3.0,,0.0,0.0,0.02,25634.10811751001,
test,5068,0.25,RippleTwin,QUALITY_DRIFT,True,6.432180751886637,23.87887940963418,0.005,42,0.0,0.0,,,,,0.0,0.0,0.013333333333333334,,
test,5068,0.25,RippleTwin,QUALITY_DRIFT,True,6.432180751886637,23.87887940963418,0.01,42,0.0,0.0,,,,,0.0,0.0,0.013333333333333334,,
test,5068,0.25,RippleTwin,QUALITY_DRIFT,True,6.432180751886637,23.87887940963418,0.02,42,0.023809523809523808,1.0,0.0,0.0,31.0,,0.0,0.0,0.06666666666666667,25634.10811751001,
test,5068,0.25,RippleTwin,QUALITY_DRIFT,True,6.432180751886637,23.87887940963418,0.05,42,0.16666666666666666,1.0,0.0,0.0,31.0,,0.0,0.0,0.10666666666666667,25634.10811751001,
test,5068,0.25,RippleTwin,QUALITY_DRIFT,True,6.432180751886637,23.87887940963418,0.1,42,0.4523809523809524,1.0,0.0,0.0,37.0,,0.0,0.0,0.18,25634.10811751001,
test,5068,0.25,B2_observed_only_twin,QUALITY_DRIFT,True,6.432180751886637,23.87066583332845,0.005,42,0.0,0.0,,,,,0.0,0.0,0.013333333333333334,,
test,5068,0.25,B2_observed_only_twin,QUALITY_DRIFT,True,6.432180751886637,23.87066583332845,0.01,42,0.0,0.0,,,,,0.0,0.0,0.013333333333333334,,
test,5068,0.25,B2_observed_only_twin,QUALITY_DRIFT,True,6.432180751886637,23.87066583332845,0.02,42,0.07142857142857142,1.0,0.0,0.0,37.0,,0.0,0.0,0.05333333333333334,25634.10811751001,
test,5068,0.25,B2_observed_only_twin,QUALITY_DRIFT,True,6.432180751886637,23.87066583332845,0.05,42,0.30952380952380953,1.0,0.0,0.0,37.0,,0.0,0.0,0.10666666666666667,25634.10811751001,
test,5068,0.25,B2_observed_only_twin,QUALITY_DRIFT,True,6.432180751886637,23.87066583332845,0.1,42,0.5238095238095238,1.0,0.0,0.0,37.0,,0.0,0.0,0.19333333333333333,25634.10811751001,
test,5068,0.25,B0_SPC_observed,QUALITY_DRIFT,True,6.432180751886637,4.674774997918179,0.005,42,0.0,0.0,,,,,0.0,0.0,0.0,,
test,5068,0.25,B0_SPC_observed,QUALITY_DRIFT,True,6.432180751886637,4.674774997918179,0.01,42,0.0,0.0,,,,,0.0,0.0,0.0,,
test,5068,0.25,B0_SPC_observed,QUALITY_DRIFT,True,6.432180751886637,4.674774997918179,0.02,42,0.0,0.0,,,,,0.0,0.0,0.0,,
test,5068,0.25,B0_SPC_observed,QUALITY_DRIFT,True,6.432180751886637,4.674774997918179,0.05,42,0.0,0.0,,,,,0.0,0.0,0.013333333333333334,,
test,5068,0.25,B0_SPC_observed,QUALITY_DRIFT,True,6.432180751886637,4.674774997918179,0.1,42,0.023809523809523808,1.0,0.0,0.0,9.0,,0.0,0.0,0.02666666666666667,25634.10811751001,
test,5068,0.25,B1_IsolationForest,QUALITY_DRIFT,True,6.432180751886637,0.7158774793615637,0.005,42,0.0,0.0,,,,,0.0,0.0,0.0,,
test,5068,0.25,B1_IsolationForest,QUALITY_DRIFT,True,6.432180751886637,0.7158774793615637,0.01,42,0.0,0.0,,,,,0.0,0.0,0.0,,
test,5068,0.25,B1_IsolationForest,QUALITY_DRIFT,True,6.432180751886637,0.7158774793615637,0.02,42,0.023809523809523808,1.0,0.0,0.0,10.0,,0.0,0.0,0.006666666666666667,25634.10811751001,
test,5068,0.25,B1_IsolationForest,QUALITY_DRIFT,True,6.432180751886637,0.7158774793615637,0.05,42,0.07142857142857142,1.0,0.0,0.0,37.0,,0.0,0.0,0.013333333333333334,25634.10811751001,
test,5068,0.25,B1_IsolationForest,QUALITY_DRIFT,True,6.432180751886637,0.7158774793615637,0.1,42,0.14285714285714285,1.0,0.0,0.0,37.0,,0.0,0.0,0.02,25634.10811751001,
test,5069,1.0,RippleTwin,QUALITY_DRIFT,False,9.641697318039055,42.5638498837417,0.005,64,0.0,0.0,,,,,0.0,0.0,0.0,,
test,5069,1.0,RippleTwin,QUALITY_DRIFT,False,9.641697318039055,42.5638498837417,0.01,64,0.0,0.0,,,,,0.0,0.0,0.0,,
test,5069,1.0,RippleTwin,QUALITY_DRIFT,False,9.641697318039055,42.5638498837417,0.02,64,0.0,0.0,,,,,0.0,0.0,0.022727272727272728,,
test,5069,1.0,RippleTwin,QUALITY_DRIFT,False,9.641697318039055,42.5638498837417,0.05,64,0.03125,1.0,0.0,1.0,1.0,,0.0,1.0,0.05303030303030303,29819.014888691436,
test,5069,1.0,RippleTwin,QUALITY_DRIFT,False,9.641697318039055,42.5638498837417,0.1,64,0.0625,1.0,0.0,1.0,1.0,,0.0,1.0,0.11363636363636363,29819.014888691436,
test,5069,1.0,B2_observed_only_twin,QUALITY_DRIFT,False,9.641697318039055,42.5638498837417,0.005,64,0.0,0.0,,,,,0.0,0.0,0.0,,
test,5069,1.0,B2_observed_only_twin,QUALITY_DRIFT,False,9.641697318039055,42.5638498837417,0.01,64,0.0,0.0,,,,,0.0,0.0,0.0,,
test,5069,1.0,B2_observed_only_twin,QUALITY_DRIFT,False,9.641697318039055,42.5638498837417,0.02,64,0.0,0.0,,,,,0.0,0.0,0.022727272727272728,,
test,5069,1.0,B2_observed_only_twin,QUALITY_DRIFT,False,9.641697318039055,42.5638498837417,0.05,64,0.03125,1.0,0.0,1.0,1.0,,0.0,1.0,0.05303030303030303,29819.014888691436,
test,5069,1.0,B2_observed_only_twin,QUALITY_DRIFT,False,9.641697318039055,42.5638498837417,0.1,64,0.0625,1.0,0.0,1.0,1.0,,0.0,1.0,0.11363636363636363,29819.014888691436,
test,5069,1.0,B0_SPC_observed,QUALITY_DRIFT,False,9.641697318039055,5.124273832797681,0.005,64,0.0,0.0,,,,,0.0,0.0,0.0,,
test,5069,1.0,B0_SPC_observed,QUALITY_DRIFT,False,9.641697318039055,5.124273832797681,0.01,64,0.0,0.0,,,,,0.0,0.0,0.0,,
test,5069,1.0,B0_SPC_observed,QUALITY_DRIFT,False,9.641697318039055,5.124273832797681,0.02,64,0.0,0.0,,,,,0.0,0.0,0.0,,
test,5069,1.0,B0_SPC_observed,QUALITY_DRIFT,False,9.641697318039055,5.124273832797681,0.05,64,0.0,0.0,,,,,0.0,0.0,0.007575757575757576,,
test,5069,1.0,B0_SPC_observed,QUALITY_DRIFT,False,9.641697318039055,5.124273832797681,0.1,64,0.0,0.0,,,,,0.0,0.0,0.015151515151515152,,
test,5069,1.0,B1_IsolationForest,QUALITY_DRIFT,False,9.641697318039055,0.7784702529546166,0.005,64,0.0,0.0,,,,,0.0,0.0,0.0,,
test,5069,1.0,B1_IsolationForest,QUALITY_DRIFT,False,9.641697318039055,0.7784702529546166,0.01,64,0.0,0.0,,,,,0.0,0.0,0.0,,
test,5069,1.0,B1_IsolationForest,QUALITY_DRIFT,False,9.641697318039055,0.7784702529546166,0.02,64,0.0,0.0,,,,,0.0,0.0,0.007575757575757576,,
test,5069,1.0,B1_IsolationForest,QUALITY_DRIFT,False,9.641697318039055,0.7784702529546166,0.05,64,0.0,0.0,,,,,0.0,0.0,0.045454545454545456,,
test,5069,1.0,B1_IsolationForest,QUALITY_DRIFT,False,9.641697318039055,0.7784702529546166,0.1,64,0.0,0.0,,,,,0.0,0.0,0.10606060606060606,,
test,5069,0.75,RippleTwin,QUALITY_DRIFT,True,9.641697318039055,31.30364205825687,0.005,64,0.0,0.0,,,,,0.0,0.0,0.0,,
test,5069,0.75,RippleTwin,QUALITY_DRIFT,True,9.641697318039055,31.30364205825687,0.01,64,0.0,0.0,,,,,0.0,0.0,0.0,,
test,5069,0.75,RippleTwin,QUALITY_DRIFT,True,9.641697318039055,31.30364205825687,0.02,64,0.0,0.0,,,,,0.0,0.0,0.007575757575757576,,
test,5069,0.75,RippleTwin,QUALITY_DRIFT,True,9.641697318039055,31.30364205825687,0.05,64,0.0,0.0,,,,,0.0,0.0,0.05303030303030303,,
test,5069,0.75,RippleTwin,QUALITY_DRIFT,True,9.641697318039055,31.30364205825687,0.1,64,0.078125,1.0,0.0,0.0,2.0,,0.0,0.0,0.11363636363636363,29819.014888691436,
test,5069,0.75,B2_observed_only_twin,QUALITY_DRIFT,True,9.641697318039055,31.30364205825687,0.005,64,0.0,0.0,,,,,0.0,0.0,0.0,,
test,5069,0.75,B2_observed_only_twin,QUALITY_DRIFT,True,9.641697318039055,31.30364205825687,0.01,64,0.0,0.0,,,,,0.0,0.0,0.0,,
test,5069,0.75,B2_observed_only_twin,QUALITY_DRIFT,True,9.641697318039055,31.30364205825687,0.02,64,0.0,0.0,,,,,0.0,0.0,0.007575757575757576,,
test,5069,0.75,B2_observed_only_twin,QUALITY_DRIFT,True,9.641697318039055,31.30364205825687,0.05,64,0.0,0.0,,,,,0.0,0.0,0.06060606060606061,,
test,5069,0.75,B2_observed_only_twin,QUALITY_DRIFT,True,9.641697318039055,31.30364205825687,0.1,64,0.078125,1.0,0.0,1.0,1.0,,0.0,1.0,0.12121212121212122,29819.014888691436,
test,5069,0.75,B0_SPC_observed,QUALITY_DRIFT,True,9.641697318039055,5.061702559429017,0.005,64,0.0,0.0,,,,,0.0,0.0,0.0,,
test,5069,0.75,B0_SPC_observed,QUALITY_DRIFT,True,9.641697318039055,5.061702559429017,0.01,64,0.0,0.0,,,,,0.0,0.0,0.0,,
test,5069,0.75,B0_SPC_observed,QUALITY_DRIFT,True,9.641697318039055,5.061702559429017,0.02,64,0.0,0.0,,,,,0.0,0.0,0.0,,
test,5069,0.75,B0_SPC_observed,QUALITY_DRIFT,True,9.641697318039055,5.061702559429017,0.05,64,0.0,0.0,,,,,0.0,0.0,0.007575757575757576,,
test,5069,0.75,B0_SPC_observed,QUALITY_DRIFT,True,9.641697318039055,5.061702559429017,0.1,64,0.0,0.0,,,,,0.0,0.0,0.015151515151515152,,
test,5069,0.75,B1_IsolationForest,QUALITY_DRIFT,True,9.641697318039055,0.7423023198141773,0.005,64,0.0,0.0,,,,,0.0,0.0,0.045454545454545456,,
test,5069,0.75,B1_IsolationForest,QUALITY_DRIFT,True,9.641697318039055,0.7423023198141773,0.01,64,0.0,0.0,,,,,0.0,0.0,0.05303030303030303,,
test,5069,0.75,B1_IsolationForest,QUALITY_DRIFT,True,9.641697318039055,0.7423023198141773,0.02,64,0.0,0.0,,,,,0.0,0.0,0.05303030303030303,,
test,5069,0.75,B1_IsolationForest,QUALITY_DRIFT,True,9.641697318039055,0.7423023198141773,0.05,64,0.0,0.0,,,,,0.0,0.0,0.07575757575757576,,
test,5069,0.75,B1_IsolationForest,QUALITY_DRIFT,True,9.641697318039055,0.7423023198141773,0.1,64,0.046875,1.0,0.0,0.0,8.0,,0.0,0.0,0.12878787878787878,31611.112082359927,
test,5069,0.5,RippleTwin,QUALITY_DRIFT,True,9.641697318039055,39.99294167411538,0.005,64,0.0,0.0,,,,,0.0,0.0,0.0,,
test,5069,0.5,RippleTwin,QUALITY_DRIFT,True,9.641697318039055,39.99294167411538,0.01,64,0.0,0.0,,,,,0.0,0.0,0.0,,
test,5069,0.5,RippleTwin,QUALITY_DRIFT,True,9.641697318039055,39.99294167411538,0.02,64,0.0,0.0,,,,,0.0,0.0,0.015151515151515152,,
test,5069,0.5,RippleTwin,QUALITY_DRIFT,True,9.641697318039055,39.99294167411538,0.05,64,0.0,0.0,,,,,0.0,0.0,0.05303030303030303,,
test,5069,0.5,RippleTwin,QUALITY_DRIFT,True,9.641697318039055,39.99294167411538,0.1,64,0.078125,1.0,0.0,0.0,2.0,,0.0,0.0,0.15151515151515152,29819.014888691436,
test,5069,0.5,B2_observed_only_twin,QUALITY_DRIFT,True,9.641697318039055,39.987745614480566,0.005,64,0.0,0.0,,,,,0.0,0.0,0.0,,
test,5069,0.5,B2_observed_only_twin,QUALITY_DRIFT,True,9.641697318039055,39.987745614480566,0.01,64,0.0,0.0,,,,,0.0,0.0,0.0,,
test,5069,0.5,B2_observed_only_twin,QUALITY_DRIFT,True,9.641697318039055,39.987745614480566,0.02,64,0.0,0.0,,,,,0.0,0.0,0.007575757575757576,,
test,5069,0.5,B2_observed_only_twin,QUALITY_DRIFT,True,9.641697318039055,39.987745614480566,0.05,64,0.0,0.0,,,,,0.0,0.0,0.08333333333333333,,
test,5069,0.5,B2_observed_only_twin,QUALITY_DRIFT,True,9.641697318039055,39.987745614480566,0.1,64,0.078125,1.0,0.0,1.0,1.0,,0.0,1.0,0.17424242424242425,29819.014888691436,
test,5069,0.5,B0_SPC_observed,QUALITY_DRIFT,True,9.641697318039055,5.012127239822025,0.005,64,0.0,0.0,,,,,0.0,0.0,0.0,,
test,5069,0.5,B0_SPC_observed,QUALITY_DRIFT,True,9.641697318039055,5.012127239822025,0.01,64,0.0,0.0,,,,,0.0,0.0,0.0,,
test,5069,0.5,B0_SPC_observed,QUALITY_DRIFT,True,9.641697318039055,5.012127239822025,0.02,64,0.0,0.0,,,,,0.0,0.0,0.0,,
test,5069,0.5,B0_SPC_observed,QUALITY_DRIFT,True,9.641697318039055,5.012127239822025,0.05,64,0.0,0.0,,,,,0.0,0.0,0.015151515151515152,,
test,5069,0.5,B0_SPC_observed,QUALITY_DRIFT,True,9.641697318039055,5.012127239822025,0.1,64,0.0,0.0,,,,,0.0,0.0,0.015151515151515152,,
test,5069,0.5,B1_IsolationForest,QUALITY_DRIFT,True,9.641697318039055,0.7423023198141773,0.005,64,0.0,0.0,,,,,0.0,0.0,0.0,,
test,5069,0.5,B1_IsolationForest,QUALITY_DRIFT,True,9.641697318039055,0.7423023198141773,0.01,64,0.0,0.0,,,,,0.0,0.0,0.0,,
test,5069,0.5,B1_IsolationForest,QUALITY_DRIFT,True,9.641697318039055,0.7423023198141773,0.02,64,0.0,0.0,,,,,0.0,0.0,0.0,,
test,5069,0.5,B1_IsolationForest,QUALITY_DRIFT,True,9.641697318039055,0.7423023198141773,0.05,64,0.0,0.0,,,,,0.0,0.0,0.0,,
test,5069,0.5,B1_IsolationForest,QUALITY_DRIFT,True,9.641697318039055,0.7423023198141773,0.1,64,0.0,0.0,,,,,0.0,0.0,0.05303030303030303,,
test,5069,0.25,RippleTwin,QUALITY_DRIFT,True,9.641697318039055,23.87887940963418,0.005,64,0.0,0.0,,,,,0.0,0.0,0.0,,
test,5069,0.25,RippleTwin,QUALITY_DRIFT,True,9.641697318039055,23.87887940963418,0.01,64,0.0,0.0,,,,,0.0,0.0,0.0,,
test,5069,0.25,RippleTwin,QUALITY_DRIFT,True,9.641697318039055,23.87887940963418,0.02,64,0.0,0.0,,,,,0.0,0.0,0.06060606060606061,,
test,5069,0.25,RippleTwin,QUALITY_DRIFT,True,9.641697318039055,23.87887940963418,0.05,64,0.0,0.0,,,,,0.0,0.0,0.09090909090909091,,
test,5069,0.25,RippleTwin,QUALITY_DRIFT,True,9.641697318039055,23.87887940963418,0.1,64,0.0,0.0,,,,,0.0,0.0,0.1893939393939394,,
test,5069,0.25,B2_observed_only_twin,QUALITY_DRIFT,True,9.641697318039055,23.87066583332845,0.005,64,0.0,0.0,,,,,0.0,0.0,0.0,,
test,5069,0.25,B2_observed_only_twin,QUALITY_DRIFT,True,9.641697318039055,23.87066583332845,0.01,64,0.0,0.0,,,,,0.0,0.0,0.0,,
test,5069,0.25,B2_observed_only_twin,QUALITY_DRIFT,True,9.641697318039055,23.87066583332845,0.02,64,0.0,0.0,,,,,0.0,0.0,0.045454545454545456,,
test,5069,0.25,B2_observed_only_twin,QUALITY_DRIFT,True,9.641697318039055,23.87066583332845,0.05,64,0.0,0.0,,,,,0.0,0.0,0.09848484848484848,,
test,5069,0.25,B2_observed_only_twin,QUALITY_DRIFT,True,9.641697318039055,23.87066583332845,0.1,64,0.0,0.0,,,,,0.0,0.0,0.1590909090909091,,
test,5069,0.25,B0_SPC_observed,QUALITY_DRIFT,True,9.641697318039055,4.674774997918179,0.005,64,0.0,0.0,,,,,0.0,0.0,0.0,,
test,5069,0.25,B0_SPC_observed,QUALITY_DRIFT,True,9.641697318039055,4.674774997918179,0.01,64,0.0,0.0,,,,,0.0,0.0,0.0,,
test,5069,0.25,B0_SPC_observed,QUALITY_DRIFT,True,9.641697318039055,4.674774997918179,0.02,64,0.0,0.0,,,,,0.0,0.0,0.007575757575757576,,
test,5069,0.25,B0_SPC_observed,QUALITY_DRIFT,True,9.641697318039055,4.674774997918179,0.05,64,0.0,0.0,,,,,0.0,0.0,0.015151515151515152,,
test,5069,0.25,B0_SPC_observed,QUALITY_DRIFT,True,9.641697318039055,4.674774997918179,0.1,64,0.0,0.0,,,,,0.0,0.0,0.03787878787878788,,
test,5069,0.25,B1_IsolationForest,QUALITY_DRIFT,True,9.641697318039055,0.7158774793615637,0.005,64,0.0,0.0,,,,,0.0,0.0,0.0,,
test,5069,0.25,B1_IsolationForest,QUALITY_DRIFT,True,9.641697318039055,0.7158774793615637,0.01,64,0.0,0.0,,,,,0.0,0.0,0.0,,
test,5069,0.25,B1_IsolationForest,QUALITY_DRIFT,True,9.641697318039055,0.7158774793615637,0.02,64,0.0,0.0,,,,,0.0,0.0,0.015151515151515152,,
test,5069,0.25,B1_IsolationForest,QUALITY_DRIFT,True,9.641697318039055,0.7158774793615637,0.05,64,0.03125,1.0,0.0,0.0,17.0,,0.0,0.0,0.022727272727272728,34918.702094985274,
test,5069,0.25,B1_IsolationForest,QUALITY_DRIFT,True,9.641697318039055,0.7158774793615637,0.1,64,0.03125,1.0,0.0,0.0,17.0,,0.0,0.0,0.03787878787878788,34918.702094985274,
test,5070,1.0,RippleTwin,MICROSTOP_BURST,False,11.529317770552177,42.5638498837417,0.005,50,0.0,0.0,,,,,0.0,0.0,0.006944444444444444,,
test,5070,1.0,RippleTwin,MICROSTOP_BURST,False,11.529317770552177,42.5638498837417,0.01,50,0.04,1.0,1.0,1.0,0.0,,1.0,1.0,0.013888888888888888,25957.81664669412,
test,5070,1.0,RippleTwin,MICROSTOP_BURST,False,11.529317770552177,42.5638498837417,0.02,50,0.14,1.0,1.0,1.0,0.0,,1.0,1.0,0.027777777777777776,25614.945433425735,
test,5070,1.0,RippleTwin,MICROSTOP_BURST,False,11.529317770552177,42.5638498837417,0.05,50,0.22,1.0,1.0,1.0,0.0,,1.0,1.0,0.0625,25614.945433425735,
test,5070,1.0,RippleTwin,MICROSTOP_BURST,False,11.529317770552177,42.5638498837417,0.1,50,0.32,1.0,0.8125,0.875,0.0,,1.0,1.0,0.11805555555555555,25317.113551220722,
test,5070,1.0,B2_observed_only_twin,MICROSTOP_BURST,False,11.529317770552177,42.5638498837417,0.005,50,0.0,0.0,,,,,0.0,0.0,0.006944444444444444,,
test,5070,1.0,B2_observed_only_twin,MICROSTOP_BURST,False,11.529317770552177,42.5638498837417,0.01,50,0.04,1.0,1.0,1.0,0.0,,1.0,1.0,0.013888888888888888,25957.81664669412,
test,5070,1.0,B2_observed_only_twin,MICROSTOP_BURST,False,11.529317770552177,42.5638498837417,0.02,50,0.14,1.0,1.0,1.0,0.0,,1.0,1.0,0.027777777777777776,25614.945433425735,
test,5070,1.0,B2_observed_only_twin,MICROSTOP_BURST,False,11.529317770552177,42.5638498837417,0.05,50,0.22,1.0,1.0,1.0,0.0,,1.0,1.0,0.0625,25614.945433425735,
test,5070,1.0,B2_observed_only_twin,MICROSTOP_BURST,False,11.529317770552177,42.5638498837417,0.1,50,0.32,1.0,0.8125,0.875,0.0,,1.0,1.0,0.11805555555555555,25317.113551220722,
test,5070,1.0,B0_SPC_observed,MICROSTOP_BURST,False,11.529317770552177,5.124273832797681,0.005,50,0.0,0.0,,,,,0.0,0.0,0.0,,
test,5070,1.0,B0_SPC_observed,MICROSTOP_BURST,False,11.529317770552177,5.124273832797681,0.01,50,0.0,0.0,,,,,0.0,0.0,0.006944444444444444,,
test,5070,1.0,B0_SPC_observed,MICROSTOP_BURST,False,11.529317770552177,5.124273832797681,0.02,50,0.0,0.0,,,,,0.0,0.0,0.006944444444444444,,
test,5070,1.0,B0_SPC_observed,MICROSTOP_BURST,False,11.529317770552177,5.124273832797681,0.05,50,0.0,0.0,,,,,0.0,0.0,0.013888888888888888,,
test,5070,1.0,B0_SPC_observed,MICROSTOP_BURST,False,11.529317770552177,5.124273832797681,0.1,50,0.04,1.0,1.0,1.0,0.0,,1.0,1.0,0.041666666666666664,25957.81664669412,
test,5070,1.0,B1_IsolationForest,MICROSTOP_BURST,False,11.529317770552177,0.7784702529546166,0.005,50,0.0,0.0,,,,,0.0,0.0,0.013888888888888888,,
test,5070,1.0,B1_IsolationForest,MICROSTOP_BURST,False,11.529317770552177,0.7784702529546166,0.01,50,0.0,0.0,,,,,0.0,0.0,0.013888888888888888,,
test,5070,1.0,B1_IsolationForest,MICROSTOP_BURST,False,11.529317770552177,0.7784702529546166,0.02,50,0.0,0.0,,,,,0.0,0.0,0.013888888888888888,,
test,5070,1.0,B1_IsolationForest,MICROSTOP_BURST,False,11.529317770552177,0.7784702529546166,0.05,50,0.08,1.0,0.0,0.0,2.0,,0.0,0.0,0.027777777777777776,31401.98836838482,
test,5070,1.0,B1_IsolationForest,MICROSTOP_BURST,False,11.529317770552177,0.7784702529546166,0.1,50,0.16,1.0,0.0,0.0,2.0,,0.0,0.0,0.0625,25317.113551220722,
test,5070,0.75,RippleTwin,MICROSTOP_BURST,True,11.529317770552177,31.30364205825687,0.005,50,0.08,1.0,0.25,0.5,1.5,,0.0,0.0,0.013888888888888888,25957.81664669412,
test,5070,0.75,RippleTwin,MICROSTOP_BURST,True,11.529317770552177,31.30364205825687,0.01,50,0.08,1.0,0.25,0.5,1.5,,0.0,0.0,0.013888888888888888,25957.81664669412,
test,5070,0.75,RippleTwin,MICROSTOP_BURST,True,11.529317770552177,31.30364205825687,0.02,50,0.16,1.0,0.25,0.5,1.5,,0.0,0.0,0.034722222222222224,25614.945433425735,
test,5070,0.75,RippleTwin,MICROSTOP_BURST,True,11.529317770552177,31.30364205825687,0.05,50,0.22,1.0,0.18181818181818182,0.45454545454545453,2.0,,0.0,0.0,0.04861111111111111,25317.113551220722,
test,5070,0.75,RippleTwin,MICROSTOP_BURST,True,11.529317770552177,31.30364205825687,0.1,50,0.28,1.0,0.14285714285714285,0.5714285714285714,1.0,,0.0,1.0,0.1111111111111111,25317.113551220722,
test,5070,0.75,B2_observed_only_twin,MICROSTOP_BURST,True,11.529317770552177,31.30364205825687,0.005,50,0.08,1.0,0.0,0.5,1.5,,0.0,1.0,0.006944444444444444,25957.81664669412,
test,5070,0.75,B2_observed_only_twin,MICROSTOP_BURST,True,11.529317770552177,31.30364205825687,0.01,50,0.08,1.0,0.0,0.5,1.5,,0.0,1.0,0.013888888888888888,25957.81664669412,
test,5070,0.75,B2_observed_only_twin,MICROSTOP_BURST,True,11.529317770552177,31.30364205825687,0.02,50,0.14,1.0,0.0,0.42857142857142855,2.0,,0.0,0.0,0.027777777777777776,25614.945433425735,
test,5070,0.75,B2_observed_only_twin,MICROSTOP_BURST,True,11.529317770552177,31.30364205825687,0.05,50,0.26,1.0,0.0,0.46153846153846156,2.0,,0.0,1.0,0.05555555555555555,25317.113551220722,
test,5070,0.75,B2_observed_only_twin,MICROSTOP_BURST,True,11.529317770552177,31.30364205825687,0.1,50,0.3,1.0,0.0,0.5333333333333333,1.0,,0.0,1.0,0.11805555555555555,25317.113551220722,
test,5070,0.75,B0_SPC_observed,MICROSTOP_BURST,True,11.529317770552177,5.061702559429017,0.005,50,0.0,0.0,,,,,0.0,0.0,0.006944444444444444,,
test,5070,0.75,B0_SPC_observed,MICROSTOP_BURST,True,11.529317770552177,5.061702559429017,0.01,50,0.0,0.0,,,,,0.0,0.0,0.006944444444444444,,
test,5070,0.75,B0_SPC_observed,MICROSTOP_BURST,True,11.529317770552177,5.061702559429017,0.02,50,0.0,0.0,,,,,0.0,0.0,0.006944444444444444,,
test,5070,0.75,B0_SPC_observed,MICROSTOP_BURST,True,11.529317770552177,5.061702559429017,0.05,50,0.0,0.0,,,,,0.0,0.0,0.013888888888888888,,
test,5070,0.75,B0_SPC_observed,MICROSTOP_BURST,True,11.529317770552177,5.061702559429017,0.1,50,0.0,0.0,,,,,0.0,0.0,0.041666666666666664,,
test,5070,0.75,B1_IsolationForest,MICROSTOP_BURST,True,11.529317770552177,0.7423023198141773,0.005,50,0.08,1.0,0.0,0.0,2.0,,0.0,0.0,0.0,31401.98836838482,
test,5070,0.75,B1_IsolationForest,MICROSTOP_BURST,True,11.529317770552177,0.7423023198141773,0.01,50,0.08,1.0,0.0,0.0,2.0,,0.0,0.0,0.006944444444444444,31401.98836838482,
test,5070,0.75,B1_IsolationForest,MICROSTOP_BURST,True,11.529317770552177,0.7423023198141773,0.02,50,0.08,1.0,0.0,0.0,2.0,,0.0,0.0,0.006944444444444444,31401.98836838482,
test,5070,0.75,B1_IsolationForest,MICROSTOP_BURST,True,11.529317770552177,0.7423023198141773,0.05,50,0.16,1.0,0.0,0.0,2.0,,0.0,0.0,0.027777777777777776,25317.113551220722,
test,5070,0.75,B1_IsolationForest,MICROSTOP_BURST,True,11.529317770552177,0.7423023198141773,0.1,50,0.22,1.0,0.0,0.0,2.0,,0.0,0.0,0.09027777777777778,25026.626871311797,
test,5070,0.5,RippleTwin,MICROSTOP_BURST,True,11.529317770552177,39.99294167411538,0.005,50,0.02,1.0,0.0,1.0,1.0,,0.0,1.0,0.006944444444444444,25957.81664669412,
test,5070,0.5,RippleTwin,MICROSTOP_BURST,True,11.529317770552177,39.99294167411538,0.01,50,0.02,1.0,0.0,1.0,1.0,,0.0,1.0,0.013888888888888888,25957.81664669412,
test,5070,0.5,RippleTwin,MICROSTOP_BURST,True,11.529317770552177,39.99294167411538,0.02,50,0.1,1.0,0.0,0.4,2.0,,0.0,1.0,0.027777777777777776,25614.945433425735,
test,5070,0.5,RippleTwin,MICROSTOP_BURST,True,11.529317770552177,39.99294167411538,0.05,50,0.16,1.0,0.0,0.25,2.0,,0.0,0.0,0.04861111111111111,25614.945433425735,
test,5070,0.5,RippleTwin,MICROSTOP_BURST,True,11.529317770552177,39.99294167411538,0.1,50,0.26,1.0,0.0,0.3076923076923077,2.0,,0.0,0.0,0.14583333333333334,25317.113551220722,
test,5070,0.5,B2_observed_only_twin,MICROSTOP_BURST,True,11.529317770552177,39.987745614480566,0.005,50,0.02,1.0,0.0,1.0,1.0,,0.0,1.0,0.006944444444444444,25957.81664669412,
test,5070,0.5,B2_observed_only_twin,MICROSTOP_BURST,True,11.529317770552177,39.987745614480566,0.01,50,0.02,1.0,0.0,1.0,1.0,,0.0,1.0,0.006944444444444444,25957.81664669412,
test,5070,0.5,B2_observed_only_twin,MICROSTOP_BURST,True,11.529317770552177,39.987745614480566,0.02,50,0.12,1.0,0.0,0.5,1.5,,0.0,1.0,0.027777777777777776,25614.945433425735,
test,5070,0.5,B2_observed_only_twin,MICROSTOP_BURST,True,11.529317770552177,39.987745614480566,0.05,50,0.16,1.0,0.0,0.375,2.0,,0.0,0.0,0.05555555555555555,25317.113551220722,
test,5070,0.5,B2_observed_only_twin,MICROSTOP_BURST,True,11.529317770552177,39.987745614480566,0.1,50,0.28,1.0,0.0,0.42857142857142855,2.0,,0.0,0.0,0.14583333333333334,25317.113551220722,
test,5070,0.5,B0_SPC_observed,MICROSTOP_BURST,True,11.529317770552177,5.012127239822025,0.005,50,0.0,0.0,,,,,0.0,0.0,0.0,,
test,5070,0.5,B0_SPC_observed,MICROSTOP_BURST,True,11.529317770552177,5.012127239822025,0.01,50,0.0,0.0,,,,,0.0,0.0,0.0,,
test,5070,0.5,B0_SPC_observed,MICROSTOP_BURST,True,11.529317770552177,5.012127239822025,0.02,50,0.0,0.0,,,,,0.0,0.0,0.0,,
test,5070,0.5,B0_SPC_observed,MICROSTOP_BURST,True,11.529317770552177,5.012127239822025,0.05,50,0.0,0.0,,,,,0.0,0.0,0.006944444444444444,,
test,5070,0.5,B0_SPC_observed,MICROSTOP_BURST,True,11.529317770552177,5.012127239822025,0.1,50,0.0,0.0,,,,,0.0,0.0,0.013888888888888888,,
test,5070,0.5,B1_IsolationForest,MICROSTOP_BURST,True,11.529317770552177,0.7423023198141773,0.005,50,0.08,1.0,0.0,0.0,2.0,,0.0,0.0,0.0,31401.98836838482,
test,5070,0.5,B1_IsolationForest,MICROSTOP_BURST,True,11.529317770552177,0.7423023198141773,0.01,50,0.08,1.0,0.0,0.0,2.0,,0.0,0.0,0.006944444444444444,31401.98836838482,
test,5070,0.5,B1_IsolationForest,MICROSTOP_BURST,True,11.529317770552177,0.7423023198141773,0.02,50,0.08,1.0,0.0,0.0,2.0,,0.0,0.0,0.006944444444444444,31401.98836838482,
test,5070,0.5,B1_IsolationForest,MICROSTOP_BURST,True,11.529317770552177,0.7423023198141773,0.05,50,0.16,1.0,0.0,0.0,2.0,,0.0,0.0,0.034722222222222224,25026.626871311797,
test,5070,0.5,B1_IsolationForest,MICROSTOP_BURST,True,11.529317770552177,0.7423023198141773,0.1,50,0.3,1.0,0.0,0.06666666666666667,2.0,,0.0,0.0,0.06944444444444445,25026.626871311797,
test,5070,0.25,RippleTwin,MICROSTOP_BURST,True,11.529317770552177,23.87887940963418,0.005,50,0.1,1.0,0.6,1.0,0.0,,1.0,1.0,0.0,25957.81664669412,
test,5070,0.25,RippleTwin,MICROSTOP_BURST,True,11.529317770552177,23.87887940963418,0.01,50,0.16,1.0,0.625,1.0,0.0,,1.0,1.0,0.0,25614.945433425735,
test,5070,0.25,RippleTwin,MICROSTOP_BURST,True,11.529317770552177,23.87887940963418,0.02,50,0.3,1.0,0.5333333333333333,1.0,0.0,,1.0,1.0,0.05555555555555555,25317.113551220722,
test,5070,0.25,RippleTwin,MICROSTOP_BURST,True,11.529317770552177,23.87887940963418,0.05,50,0.42,1.0,0.42857142857142855,1.0,1.0,,0.0,1.0,0.11805555555555555,25317.113551220722,
test,5070,0.25,RippleTwin,MICROSTOP_BURST,True,11.529317770552177,23.87887940963418,0.1,50,0.5,1.0,0.44,0.96,1.0,,0.0,1.0,0.2222222222222222,25317.113551220722,
test,5070,0.25,B2_observed_only_twin,MICROSTOP_BURST,True,11.529317770552177,23.87066583332845,0.005,50,0.12,1.0,0.0,1.0,1.0,,0.0,1.0,0.0,25614.945433425735,
test,5070,0.25,B2_observed_only_twin,MICROSTOP_BURST,True,11.529317770552177,23.87066583332845,0.01,50,0.16,1.0,0.0,1.0,1.0,,0.0,1.0,0.0,25614.945433425735,
test,5070,0.25,B2_observed_only_twin,MICROSTOP_BURST,True,11.529317770552177,23.87066583332845,0.02,50,0.38,1.0,0.0,1.0,1.0,,0.0,1.0,0.05555555555555555,25317.113551220722,
test,5070,0.25,B2_observed_only_twin,MICROSTOP_BURST,True,11.529317770552177,23.87066583332845,0.05,50,0.44,1.0,0.0,0.9545454545454546,1.0,,0.0,1.0,0.14583333333333334,25317.113551220722,
test,5070,0.25,B2_observed_only_twin,MICROSTOP_BURST,True,11.529317770552177,23.87066583332845,0.1,50,0.52,1.0,0.0,0.9615384615384616,1.0,,0.0,1.0,0.2152777777777778,25317.113551220722,
test,5070,0.25,B0_SPC_observed,MICROSTOP_BURST,True,11.529317770552177,4.674774997918179,0.005,50,0.0,0.0,,,,,0.0,0.0,0.0,,
test,5070,0.25,B0_SPC_observed,MICROSTOP_BURST,True,11.529317770552177,4.674774997918179,0.01,50,0.0,0.0,,,,,0.0,0.0,0.0,,
test,5070,0.25,B0_SPC_observed,MICROSTOP_BURST,True,11.529317770552177,4.674774997918179,0.02,50,0.0,0.0,,,,,0.0,0.0,0.006944444444444444,,
test,5070,0.25,B0_SPC_observed,MICROSTOP_BURST,True,11.529317770552177,4.674774997918179,0.05,50,0.0,0.0,,,,,0.0,0.0,0.027777777777777776,,
test,5070,0.25,B0_SPC_observed,MICROSTOP_BURST,True,11.529317770552177,4.674774997918179,0.1,50,0.1,1.0,0.0,0.6,1.0,,0.0,1.0,0.034722222222222224,34610.684754983275,
test,5070,0.25,B1_IsolationForest,MICROSTOP_BURST,True,11.529317770552177,0.7158774793615637,0.005,50,0.0,0.0,,,,,0.0,0.0,0.0,,
test,5070,0.25,B1_IsolationForest,MICROSTOP_BURST,True,11.529317770552177,0.7158774793615637,0.01,50,0.0,0.0,,,,,0.0,0.0,0.006944444444444444,,
test,5070,0.25,B1_IsolationForest,MICROSTOP_BURST,True,11.529317770552177,0.7158774793615637,0.02,50,0.02,1.0,0.0,0.0,12.0,,0.0,0.0,0.013888888888888888,26249.719293267382,
test,5070,0.25,B1_IsolationForest,MICROSTOP_BURST,True,11.529317770552177,0.7158774793615637,0.05,50,0.04,1.0,0.0,0.5,6.5,,0.0,1.0,0.05555555555555555,26249.719293267382,
test,5070,0.25,B1_IsolationForest,MICROSTOP_BURST,True,11.529317770552177,0.7158774793615637,0.1,50,0.12,1.0,0.0,0.5,6.5,,0.0,1.0,0.06944444444444445,25957.81664669412,
test,5071,1.0,RippleTwin,COMBINED,False,1.2195802883337588,42.5638498837417,0.005,61,0.26229508196721313,1.0,1.0,1.0,0.0,,1.0,1.0,0.0,27115.484041514443,
test,5071,1.0,RippleTwin,COMBINED,False,1.2195802883337588,42.5638498837417,0.01,61,0.3770491803278688,1.0,1.0,1.0,0.0,,1.0,1.0,0.007407407407407408,24720.68329386299,
test,5071,1.0,RippleTwin,COMBINED,False,1.2195802883337588,42.5638498837417,0.02,61,0.5409836065573771,1.0,1.0,1.0,0.0,,1.0,1.0,0.022222222222222223,23822.624323660104,
test,5071,1.0,RippleTwin,COMBINED,False,1.2195802883337588,42.5638498837417,0.05,61,0.5573770491803278,1.0,1.0,1.0,0.0,,1.0,1.0,0.11851851851851852,23822.624323660104,
test,5071,1.0,RippleTwin,COMBINED,False,1.2195802883337588,42.5638498837417,0.1,61,0.5737704918032787,1.0,1.0,1.0,0.0,,1.0,1.0,0.14814814814814814,23822.624323660104,
test,5071,1.0,B2_observed_only_twin,COMBINED,False,1.2195802883337588,42.5638498837417,0.005,61,0.26229508196721313,1.0,1.0,1.0,0.0,,1.0,1.0,0.0,27115.484041514443,
test,5071,1.0,B2_observed_only_twin,COMBINED,False,1.2195802883337588,42.5638498837417,0.01,61,0.3770491803278688,1.0,1.0,1.0,0.0,,1.0,1.0,0.007407407407407408,24720.68329386299,
test,5071,1.0,B2_observed_only_twin,COMBINED,False,1.2195802883337588,42.5638498837417,0.02,61,0.5409836065573771,1.0,1.0,1.0,0.0,,1.0,1.0,0.022222222222222223,23822.624323660104,
test,5071,1.0,B2_observed_only_twin,COMBINED,False,1.2195802883337588,42.5638498837417,0.05,61,0.5573770491803278,1.0,1.0,1.0,0.0,,1.0,1.0,0.11851851851851852,23822.624323660104,
test,5071,1.0,B2_observed_only_twin,COMBINED,False,1.2195802883337588,42.5638498837417,0.1,61,0.5737704918032787,1.0,1.0,1.0,0.0,,1.0,1.0,0.14814814814814814,23822.624323660104,
test,5071,1.0,B0_SPC_observed,COMBINED,False,1.2195802883337588,5.124273832797681,0.005,61,0.5245901639344263,1.0,1.0,1.0,0.0,,1.0,1.0,0.08888888888888889,23822.624323660104,
test,5071,1.0,B0_SPC_observed,COMBINED,False,1.2195802883337588,5.124273832797681,0.01,61,0.5245901639344263,1.0,1.0,1.0,0.0,,1.0,1.0,0.08888888888888889,23822.624323660104,
test,5071,1.0,B0_SPC_observed,COMBINED,False,1.2195802883337588,5.124273832797681,0.02,61,0.5245901639344263,1.0,1.0,1.0,0.0,,1.0,1.0,0.08888888888888889,23822.624323660104,
test,5071,1.0,B0_SPC_observed,COMBINED,False,1.2195802883337588,5.124273832797681,0.05,61,0.5409836065573771,1.0,1.0,1.0,0.0,,1.0,1.0,0.0962962962962963,23822.624323660104,
test,5071,1.0,B0_SPC_observed,COMBINED,False,1.2195802883337588,5.124273832797681,0.1,61,0.5573770491803278,1.0,0.9705882352941176,0.9705882352941176,0.0,,1.0,1.0,0.1111111111111111,23822.624323660104,
test,5071,1.0,B1_IsolationForest,COMBINED,False,1.2195802883337588,0.7784702529546166,0.005,61,0.0,0.0,,,,,0.0,0.0,0.0,,
test,5071,1.0,B1_IsolationForest,COMBINED,False,1.2195802883337588,0.7784702529546166,0.01,61,0.0,0.0,,,,,0.0,0.0,0.0,,
test,5071,1.0,B1_IsolationForest,COMBINED,False,1.2195802883337588,0.7784702529546166,0.02,61,0.0,0.0,,,,,0.0,0.0,0.0,,
test,5071,1.0,B1_IsolationForest,COMBINED,False,1.2195802883337588,0.7784702529546166,0.05,61,0.0,0.0,,,,,0.0,0.0,0.13333333333333333,,
test,5071,1.0,B1_IsolationForest,COMBINED,False,1.2195802883337588,0.7784702529546166,0.1,61,0.0,0.0,,,,,0.0,0.0,0.1925925925925926,,
test,5071,0.75,RippleTwin,COMBINED,True,1.2195802883337588,31.30364205825687,0.005,61,0.0,0.0,,,,,0.0,0.0,0.007407407407407408,,
test,5071,0.75,RippleTwin,COMBINED,True,1.2195802883337588,31.30364205825687,0.01,61,0.01639344262295082,1.0,0.0,0.0,4.0,,0.0,0.0,0.007407407407407408,34317.70375006196,
test,5071,0.75,RippleTwin,COMBINED,True,1.2195802883337588,31.30364205825687,0.02,61,0.08196721311475409,1.0,0.6,0.6,0.0,,1.0,1.0,0.014814814814814815,29219.950949856437,
test,5071,0.75,RippleTwin,COMBINED,True,1.2195802883337588,31.30364205825687,0.05,61,0.14754098360655737,1.0,0.4444444444444444,0.4444444444444444,3.0,,1.0,1.0,0.05185185185185185,29219.950949856437,
test,5071,0.75,RippleTwin,COMBINED,True,1.2195802883337588,31.30364205825687,0.1,61,0.26229508196721313,1.0,0.5,0.5625,0.5,,1.0,1.0,0.1037037037037037,27115.484041514443,
test,5071,0.75,B2_observed_only_twin,COMBINED,True,1.2195802883337588,31.30364205825687,0.005,61,0.0,0.0,,,,,0.0,0.0,0.0,,
test,5071,0.75,B2_observed_only_twin,COMBINED,True,1.2195802883337588,31.30364205825687,0.01,61,0.01639344262295082,1.0,0.0,0.0,4.0,,0.0,0.0,0.007407407407407408,34317.70375006196,
test,5071,0.75,B2_observed_only_twin,COMBINED,True,1.2195802883337588,31.30364205825687,0.02,61,0.09836065573770492,1.0,0.0,0.5,2.5,,0.0,1.0,0.014814814814814815,29219.950949856437,
test,5071,0.75,B2_observed_only_twin,COMBINED,True,1.2195802883337588,31.30364205825687,0.05,61,0.16393442622950818,1.0,0.0,0.4,3.0,,0.0,0.0,0.05185185185185185,29219.950949856437,
test,5071,0.75,B2_observed_only_twin,COMBINED,True,1.2195802883337588,31.30364205825687,0.1,61,0.2786885245901639,1.0,0.0,0.47058823529411764,2.0,,0.0,1.0,0.08888888888888889,27115.484041514443,
test,5071,0.75,B0_SPC_observed,COMBINED,True,1.2195802883337588,5.061702559429017,0.005,61,0.0,0.0,,,,,0.0,0.0,0.0,,
test,5071,0.75,B0_SPC_observed,COMBINED,True,1.2195802883337588,5.061702559429017,0.01,61,0.0,0.0,,,,,0.0,0.0,0.0,,
test,5071,0.75,B0_SPC_observed,COMBINED,True,1.2195802883337588,5.061702559429017,0.02,61,0.01639344262295082,1.0,0.0,0.0,10.0,,0.0,0.0,0.0,29518.01801964946,
test,5071,0.75,B0_SPC_observed,COMBINED,True,1.2195802883337588,5.061702559429017,0.05,61,0.03278688524590164,1.0,0.0,0.0,10.0,,0.0,0.0,0.007407407407407408,29518.01801964946,
test,5071,0.75,B0_SPC_observed,COMBINED,True,1.2195802883337588,5.061702559429017,0.1,61,0.04918032786885246,1.0,0.0,0.0,10.0,,0.0,0.0,0.022222222222222223,29518.01801964946,
test,5071,0.75,B1_IsolationForest,COMBINED,True,1.2195802883337588,0.7423023198141773,0.005,61,0.0,0.0,,,,,0.0,0.0,0.037037037037037035,,
test,5071,0.75,B1_IsolationForest,COMBINED,True,1.2195802883337588,0.7423023198141773,0.01,61,0.0,0.0,,,,,0.0,0.0,0.044444444444444446,,
test,5071,0.75,B1_IsolationForest,COMBINED,True,1.2195802883337588,0.7423023198141773,0.02,61,0.0,0.0,,,,,0.0,0.0,0.08148148148148149,,
test,5071,0.75,B1_IsolationForest,COMBINED,True,1.2195802883337588,0.7423023198141773,0.05,61,0.0,0.0,,,,,0.0,0.0,0.0962962962962963,,
test,5071,0.75,B1_IsolationForest,COMBINED,True,1.2195802883337588,0.7423023198141773,0.1,61,0.04918032786885246,1.0,0.0,0.0,8.0,,0.0,0.0,0.0962962962962963,26213.119345971605,
test,5071,0.5,RippleTwin,COMBINED,True,1.2195802883337588,39.99294167411538,0.005,61,0.0,0.0,,,,,0.0,0.0,0.007407407407407408,,
test,5071,0.5,RippleTwin,COMBINED,True,1.2195802883337588,39.99294167411538,0.01,61,0.0,0.0,,,,,0.0,0.0,0.007407407407407408,,
test,5071,0.5,RippleTwin,COMBINED,True,1.2195802883337588,39.99294167411538,0.02,61,0.09836065573770492,1.0,0.5,0.5,1.5,,1.0,1.0,0.022222222222222223,29219.950949856437,
test,5071,0.5,RippleTwin,COMBINED,True,1.2195802883337588,39.99294167411538,0.05,61,0.14754098360655737,1.0,0.5555555555555556,0.5555555555555556,0.0,,1.0,1.0,0.044444444444444446,27714.73774692686,
test,5071,0.5,RippleTwin,COMBINED,True,1.2195802883337588,39.99294167411538,0.1,61,0.29508196721311475,1.0,0.6666666666666666,0.6666666666666666,0.0,,1.0,1.0,0.07407407407407407,26820.52053586602,
test,5071,0.5,B2_observed_only_twin,COMBINED,True,1.2195802883337588,39.987745614480566,0.005,61,0.0,0.0,,,,,0.0,0.0,0.0,,
test,5071,0.5,B2_observed_only_twin,COMBINED,True,1.2195802883337588,39.987745614480566,0.01,61,0.0,0.0,,,,,0.0,0.0,0.007407407407407408,,
test,5071,0.5,B2_observed_only_twin,COMBINED,True,1.2195802883337588,39.987745614480566,0.02,61,0.06557377049180328,1.0,0.0,0.75,1.0,,0.0,1.0,0.014814814814814815,29219.950949856437,
test,5071,0.5,B2_observed_only_twin,COMBINED,True,1.2195802883337588,39.987745614480566,0.05,61,0.14754098360655737,1.0,0.0,0.5555555555555556,1.0,,0.0,1.0,0.044444444444444446,27714.73774692686,
test,5071,0.5,B2_observed_only_twin,COMBINED,True,1.2195802883337588,39.987745614480566,0.1,61,0.2786885245901639,1.0,0.0,0.7058823529411765,1.0,,0.0,1.0,0.08148148148148149,26820.52053586602,
test,5071,0.5,B0_SPC_observed,COMBINED,True,1.2195802883337588,5.012127239822025,0.005,61,0.0,0.0,,,,,0.0,0.0,0.0,,
test,5071,0.5,B0_SPC_observed,COMBINED,True,1.2195802883337588,5.012127239822025,0.01,61,0.0,0.0,,,,,0.0,0.0,0.0,,
test,5071,0.5,B0_SPC_observed,COMBINED,True,1.2195802883337588,5.012127239822025,0.02,61,0.01639344262295082,1.0,0.0,0.0,10.0,,0.0,0.0,0.0,29518.01801964946,
test,5071,0.5,B0_SPC_observed,COMBINED,True,1.2195802883337588,5.012127239822025,0.05,61,0.03278688524590164,1.0,0.0,0.0,10.0,,0.0,0.0,0.007407407407407408,29518.01801964946,
test,5071,0.5,B0_SPC_observed,COMBINED,True,1.2195802883337588,5.012127239822025,0.1,61,0.04918032786885246,1.0,0.0,0.0,10.0,,0.0,0.0,0.014814814814814815,29219.950949856437,
test,5071,0.5,B1_IsolationForest,COMBINED,True,1.2195802883337588,0.7423023198141773,0.005,61,0.0,0.0,,,,,0.0,0.0,0.037037037037037035,,
test,5071,0.5,B1_IsolationForest,COMBINED,True,1.2195802883337588,0.7423023198141773,0.01,61,0.0,0.0,,,,,0.0,0.0,0.044444444444444446,,
test,5071,0.5,B1_IsolationForest,COMBINED,True,1.2195802883337588,0.7423023198141773,0.02,61,0.0,0.0,,,,,0.0,0.0,0.08148148148148149,,
test,5071,0.5,B1_IsolationForest,COMBINED,True,1.2195802883337588,0.7423023198141773,0.05,61,0.0,0.0,,,,,0.0,0.0,0.0962962962962963,,
test,5071,0.5,B1_IsolationForest,COMBINED,True,1.2195802883337588,0.7423023198141773,0.1,61,0.01639344262295082,1.0,0.0,0.0,28.0,,0.0,0.0,0.1259259259259259,26213.119345971605,
test,5071,0.25,RippleTwin,COMBINED,True,1.2195802883337588,23.87887940963418,0.005,61,0.04918032786885246,1.0,0.0,0.0,2.0,,0.0,0.0,0.0,29518.01801964946,
test,5071,0.25,RippleTwin,COMBINED,True,1.2195802883337588,23.87887940963418,0.01,61,0.04918032786885246,1.0,0.0,0.0,2.0,,0.0,0.0,0.0,29518.01801964946,
test,5071,0.25,RippleTwin,COMBINED,True,1.2195802883337588,23.87887940963418,0.02,61,0.29508196721311475,1.0,0.0,0.0,2.0,,0.0,0.0,0.044444444444444446,26820.52053586602,
test,5071,0.25,RippleTwin,COMBINED,True,1.2195802883337588,23.87887940963418,0.05,61,0.3114754098360656,1.0,0.0,0.0,2.0,,0.0,0.0,0.06666666666666667,26820.52053586602,
test,5071,0.25,RippleTwin,COMBINED,True,1.2195802883337588,23.87887940963418,0.1,61,0.4098360655737705,1.0,0.0,0.04,2.0,,0.0,0.0,0.1111111111111111,26213.119345971605,
test,5071,0.25,B2_observed_only_twin,COMBINED,True,1.2195802883337588,23.87066583332845,0.005,61,0.01639344262295082,1.0,0.0,0.0,2.0,,0.0,0.0,0.0,34317.70375006196,
test,5071,0.25,B2_observed_only_twin,COMBINED,True,1.2195802883337588,23.87066583332845,0.01,61,0.04918032786885246,1.0,0.0,0.0,3.0,,0.0,0.0,0.0,29518.01801964946,
test,5071,0.25,B2_observed_only_twin,COMBINED,True,1.2195802883337588,23.87066583332845,0.02,61,0.3114754098360656,1.0,0.0,0.0,3.0,,0.0,0.0,0.022222222222222223,26820.52053586602,
test,5071,0.25,B2_observed_only_twin,COMBINED,True,1.2195802883337588,23.87066583332845,0.05,61,0.3442622950819672,1.0,0.0,0.0,3.0,,0.0,0.0,0.06666666666666667,26820.52053586602,
test,5071,0.25,B2_observed_only_twin,COMBINED,True,1.2195802883337588,23.87066583332845,0.1,61,0.3770491803278688,1.0,0.0,0.0,3.0,,0.0,0.0,0.0962962962962963,26820.52053586602,
test,5071,0.25,B0_SPC_observed,COMBINED,True,1.2195802883337588,4.674774997918179,0.005,61,0.0,0.0,,,,,0.0,0.0,0.0,,
test,5071,0.25,B0_SPC_observed,COMBINED,True,1.2195802883337588,4.674774997918179,0.01,61,0.0,0.0,,,,,0.0,0.0,0.0,,
test,5071,0.25,B0_SPC_observed,COMBINED,True,1.2195802883337588,4.674774997918179,0.02,61,0.0,0.0,,,,,0.0,0.0,0.0,,
test,5071,0.25,B0_SPC_observed,COMBINED,True,1.2195802883337588,4.674774997918179,0.05,61,0.0,0.0,,,,,0.0,0.0,0.007407407407407408,,
test,5071,0.25,B0_SPC_observed,COMBINED,True,1.2195802883337588,4.674774997918179,0.1,61,0.0,0.0,,,,,0.0,0.0,0.037037037037037035,,
test,5071,0.25,B1_IsolationForest,COMBINED,True,1.2195802883337588,0.7158774793615637,0.005,61,0.0,0.0,,,,,0.0,0.0,0.0,,
test,5071,0.25,B1_IsolationForest,COMBINED,True,1.2195802883337588,0.7158774793615637,0.01,61,0.0,0.0,,,,,0.0,0.0,0.0,,
test,5071,0.25,B1_IsolationForest,COMBINED,True,1.2195802883337588,0.7158774793615637,0.02,61,0.0,0.0,,,,,0.0,0.0,0.0,,
test,5071,0.25,B1_IsolationForest,COMBINED,True,1.2195802883337588,0.7158774793615637,0.05,61,0.0,0.0,,,,,0.0,0.0,0.0,,
test,5071,0.25,B1_IsolationForest,COMBINED,True,1.2195802883337588,0.7158774793615637,0.1,61,0.04918032786885246,1.0,0.0,0.0,3.0,,0.0,0.0,0.0,29811.424942841437,
test,5073,1.0,RippleTwin,SLOWDOWN,False,1.3031455640101535,42.5638498837417,0.005,65,0.7384615384615385,1.0,1.0,1.0,0.0,,1.0,1.0,0.0,36114.11186523855,
test,5073,1.0,RippleTwin,SLOWDOWN,False,1.3031455640101535,42.5638498837417,0.01,65,0.7846153846153846,1.0,1.0,1.0,0.0,,1.0,1.0,0.007575757575757576,35817.399418801666,
test,5073,1.0,RippleTwin,SLOWDOWN,False,1.3031455640101535,42.5638498837417,0.02,65,0.7846153846153846,1.0,1.0,1.0,0.0,,1.0,1.0,0.030303030303030304,35817.399418801666,
test,5073,1.0,RippleTwin,SLOWDOWN,False,1.3031455640101535,42.5638498837417,0.05,65,0.8,1.0,1.0,1.0,0.0,,1.0,1.0,0.03787878787878788,35817.399418801666,
test,5073,1.0,RippleTwin,SLOWDOWN,False,1.3031455640101535,42.5638498837417,0.1,65,0.8,1.0,1.0,1.0,0.0,,1.0,1.0,0.045454545454545456,35817.399418801666,
test,5073,1.0,B2_observed_only_twin,SLOWDOWN,False,1.3031455640101535,42.5638498837417,0.005,65,0.7384615384615385,1.0,1.0,1.0,0.0,,1.0,1.0,0.0,36114.11186523855,
test,5073,1.0,B2_observed_only_twin,SLOWDOWN,False,1.3031455640101535,42.5638498837417,0.01,65,0.7846153846153846,1.0,1.0,1.0,0.0,,1.0,1.0,0.007575757575757576,35817.399418801666,
test,5073,1.0,B2_observed_only_twin,SLOWDOWN,False,1.3031455640101535,42.5638498837417,0.02,65,0.7846153846153846,1.0,1.0,1.0,0.0,,1.0,1.0,0.030303030303030304,35817.399418801666,
test,5073,1.0,B2_observed_only_twin,SLOWDOWN,False,1.3031455640101535,42.5638498837417,0.05,65,0.8,1.0,1.0,1.0,0.0,,1.0,1.0,0.03787878787878788,35817.399418801666,
test,5073,1.0,B2_observed_only_twin,SLOWDOWN,False,1.3031455640101535,42.5638498837417,0.1,65,0.8,1.0,1.0,1.0,0.0,,1.0,1.0,0.045454545454545456,35817.399418801666,
test,5073,1.0,B0_SPC_observed,SLOWDOWN,False,1.3031455640101535,5.124273832797681,0.005,65,0.7692307692307693,1.0,1.0,1.0,0.0,,1.0,1.0,0.05303030303030303,35817.399418801666,
test,5073,1.0,B0_SPC_observed,SLOWDOWN,False,1.3031455640101535,5.124273832797681,0.01,65,0.7692307692307693,1.0,1.0,1.0,0.0,,1.0,1.0,0.05303030303030303,35817.399418801666,
test,5073,1.0,B0_SPC_observed,SLOWDOWN,False,1.3031455640101535,5.124273832797681,0.02,65,0.7692307692307693,1.0,1.0,1.0,0.0,,1.0,1.0,0.05303030303030303,35817.399418801666,
test,5073,1.0,B0_SPC_observed,SLOWDOWN,False,1.3031455640101535,5.124273832797681,0.05,65,0.7692307692307693,1.0,1.0,1.0,0.0,,1.0,1.0,0.07575757575757576,35817.399418801666,
test,5073,1.0,B0_SPC_observed,SLOWDOWN,False,1.3031455640101535,5.124273832797681,0.1,65,0.7692307692307693,1.0,1.0,1.0,0.0,,1.0,1.0,0.08333333333333333,35817.399418801666,
test,5073,1.0,B1_IsolationForest,SLOWDOWN,False,1.3031455640101535,0.7784702529546166,0.005,65,0.0,0.0,,,,,0.0,0.0,0.0,,
test,5073,1.0,B1_IsolationForest,SLOWDOWN,False,1.3031455640101535,0.7784702529546166,0.01,65,0.0,0.0,,,,,0.0,0.0,0.0,,
test,5073,1.0,B1_IsolationForest,SLOWDOWN,False,1.3031455640101535,0.7784702529546166,0.02,65,0.0,0.0,,,,,0.0,0.0,0.0,,
test,5073,1.0,B1_IsolationForest,SLOWDOWN,False,1.3031455640101535,0.7784702529546166,0.05,65,0.4,1.0,0.0,0.0,5.0,,0.0,0.0,0.05303030303030303,47604.96115121971,
test,5073,1.0,B1_IsolationForest,SLOWDOWN,False,1.3031455640101535,0.7784702529546166,0.1,65,0.6615384615384615,1.0,0.0,0.2558139534883721,5.0,,0.0,0.0,0.10606060606060606,37014.44275591727,
test,5073,0.75,RippleTwin,SLOWDOWN,True,1.3031455640101535,31.30364205825687,0.005,65,0.676923076923077,1.0,0.8181818181818182,1.0,0.0,,1.0,1.0,0.0,38823.5958807799,
test,5073,0.75,RippleTwin,SLOWDOWN,True,1.3031455640101535,31.30364205825687,0.01,65,0.676923076923077,1.0,0.8181818181818182,1.0,0.0,,1.0,1.0,0.0,38823.5958807799,
test,5073,0.75,RippleTwin,SLOWDOWN,True,1.3031455640101535,31.30364205825687,0.02,65,0.6923076923076923,1.0,0.8222222222222222,1.0,0.0,,1.0,1.0,0.0,38519.33491331903,
test,5073,0.75,RippleTwin,SLOWDOWN,True,1.3031455640101535,31.30364205825687,0.05,65,0.7230769230769231,1.0,0.8297872340425532,1.0,0.0,,1.0,1.0,0.0,38224.10483805587,
test,5073,0.75,RippleTwin,SLOWDOWN,True,1.3031455640101535,31.30364205825687,0.1,65,0.7384615384615385,1.0,0.8333333333333334,1.0,0.0,,1.0,1.0,0.0,37919.35027067467,
test,5073,0.75,B2_observed_only_twin,SLOWDOWN,True,1.3031455640101535,31.30364205825687,0.005,65,0.6615384615384615,1.0,0.0,1.0,1.0,,0.0,1.0,0.0,39109.74506551823,
test,5073,0.75,B2_observed_only_twin,SLOWDOWN,True,1.3031455640101535,31.30364205825687,0.01,65,0.676923076923077,1.0,0.0,1.0,1.0,,0.0,1.0,0.0,38823.5958807799,
test,5073,0.75,B2_observed_only_twin,SLOWDOWN,True,1.3031455640101535,31.30364205825687,0.02,65,0.6923076923076923,1.0,0.0,1.0,1.0,,0.0,1.0,0.0,38519.33491331903,
test,5073,0.75,B2_observed_only_twin,SLOWDOWN,True,1.3031455640101535,31.30364205825687,0.05,65,0.7230769230769231,1.0,0.0,1.0,1.0,,0.0,1.0,0.0,38224.10483805587,
test,5073,0.75,B2_observed_only_twin,SLOWDOWN,True,1.3031455640101535,31.30364205825687,0.1,65,0.7384615384615385,1.0,0.0,1.0,1.0,,0.0,1.0,0.0,37919.35027067467,
test,5073,0.75,B0_SPC_observed,SLOWDOWN,True,1.3031455640101535,5.061702559429017,0.005,65,0.0,0.0,,,,,0.0,0.0,0.0,,
test,5073,0.75,B0_SPC_observed,SLOWDOWN,True,1.3031455640101535,5.061702559429017,0.01,65,0.0,0.0,,,,,0.0,0.0,0.0,,
test,5073,0.75,B0_SPC_observed,SLOWDOWN,True,1.3031455640101535,5.061702559429017,0.02,65,0.0,0.0,,,,,0.0,0.0,0.007575757575757576,,
test,5073,0.75,B0_SPC_observed,SLOWDOWN,True,1.3031455640101535,5.061702559429017,0.05,65,0.0,0.0,,,,,0.0,0.0,0.022727272727272728,,
test,5073,0.75,B0_SPC_observed,SLOWDOWN,True,1.3031455640101535,5.061702559429017,0.1,65,0.0,0.0,,,,,0.0,0.0,0.030303030303030304,,
test,5073,0.75,B1_IsolationForest,SLOWDOWN,True,1.3031455640101535,0.7423023198141773,0.005,65,0.38461538461538464,1.0,0.0,0.0,5.0,,0.0,0.0,0.05303030303030303,47604.96115121971,
test,5073,0.75,B1_IsolationForest,SLOWDOWN,True,1.3031455640101535,0.7423023198141773,0.01,65,0.4,1.0,0.0,0.0,5.0,,0.0,0.0,0.05303030303030303,47604.96115121971,
test,5073,0.75,B1_IsolationForest,SLOWDOWN,True,1.3031455640101535,0.7423023198141773,0.02,65,0.47692307692307695,1.0,0.0,0.16129032258064516,5.0,,0.0,0.0,0.06060606060606061,42123.71437835962,
test,5073,0.75,B1_IsolationForest,SLOWDOWN,True,1.3031455640101535,0.7423023198141773,0.05,65,0.6615384615384615,1.0,0.0,0.2558139534883721,5.0,,0.0,0.0,0.10606060606060606,37014.44275591727,
test,5073,0.75,B1_IsolationForest,SLOWDOWN,True,1.3031455640101535,0.7423023198141773,0.1,65,0.8153846153846154,1.0,0.0,0.3584905660377358,5.0,,0.0,0.0,0.12878787878787878,36114.11186523855,
test,5073,0.5,RippleTwin,SLOWDOWN,True,1.3031455640101535,39.99294167411538,0.005,65,0.4153846153846154,1.0,0.0,0.0,3.0,,0.0,0.0,0.0,43794.6297611777,
test,5073,0.5,RippleTwin,SLOWDOWN,True,1.3031455640101535,39.99294167411538,0.01,65,0.4307692307692308,1.0,0.0,0.0,3.0,,0.0,0.0,0.0,43794.6297611777,
test,5073,0.5,RippleTwin,SLOWDOWN,True,1.3031455640101535,39.99294167411538,0.02,65,0.47692307692307695,1.0,0.0,0.0,3.0,,0.0,0.0,0.0,40619.53075332163,
test,5073,0.5,RippleTwin,SLOWDOWN,True,1.3031455640101535,39.99294167411538,0.05,65,0.6615384615384615,1.0,0.0,0.0,3.0,,0.0,0.0,0.0,39422.24328030946,
test,5073,0.5,RippleTwin,SLOWDOWN,True,1.3031455640101535,39.99294167411538,0.1,65,0.6615384615384615,1.0,0.0,0.0,3.0,,0.0,0.0,0.0,39422.24328030946,
test,5073,0.5,B2_observed_only_twin,SLOWDOWN,True,1.3031455640101535,39.987745614480566,0.005,65,0.4153846153846154,1.0,0.0,0.0,4.0,,0.0,0.0,0.0,43794.6297611777,
test,5073,0.5,B2_observed_only_twin,SLOWDOWN,True,1.3031455640101535,39.987745614480566,0.01,65,0.4307692307692308,1.0,0.0,0.0,4.0,,0.0,0.0,0.0,43794.6297611777,
test,5073,0.5,B2_observed_only_twin,SLOWDOWN,True,1.3031455640101535,39.987745614480566,0.02,65,0.47692307692307695,1.0,0.0,0.0,4.0,,0.0,0.0,0.0,43023.091631180454,
test,5073,0.5,B2_observed_only_twin,SLOWDOWN,True,1.3031455640101535,39.987745614480566,0.05,65,0.6923076923076923,1.0,0.0,0.0,4.0,,0.0,0.0,0.0,38823.5958807799,
test,5073,0.5,B2_observed_only_twin,SLOWDOWN,True,1.3031455640101535,39.987745614480566,0.1,65,0.7076923076923077,1.0,0.0,0.0,4.0,,0.0,0.0,0.007575757575757576,38823.5958807799,
test,5073,0.5,B0_SPC_observed,SLOWDOWN,True,1.3031455640101535,5.012127239822025,0.005,65,0.0,0.0,,,,,0.0,0.0,0.0,,
test,5073,0.5,B0_SPC_observed,SLOWDOWN,True,1.3031455640101535,5.012127239822025,0.01,65,0.0,0.0,,,,,0.0,0.0,0.0,,
test,5073,0.5,B0_SPC_observed,SLOWDOWN,True,1.3031455640101535,5.012127239822025,0.02,65,0.0,0.0,,,,,0.0,0.0,0.0,,
test,5073,0.5,B0_SPC_observed,SLOWDOWN,True,1.3031455640101535,5.012127239822025,0.05,65,0.0,0.0,,,,,0.0,0.0,0.007575757575757576,,
test,5073,0.5,B0_SPC_observed,SLOWDOWN,True,1.3031455640101535,5.012127239822025,0.1,65,0.0,0.0,,,,,0.0,0.0,0.015151515151515152,,
test,5073,0.5,B1_IsolationForest,SLOWDOWN,True,1.3031455640101535,0.7423023198141773,0.005,65,0.38461538461538464,1.0,0.0,0.0,5.0,,0.0,0.0,0.05303030303030303,47604.96115121971,
test,5073,0.5,B1_IsolationForest,SLOWDOWN,True,1.3031455640101535,0.7423023198141773,0.01,65,0.4,1.0,0.0,0.0,5.0,,0.0,0.0,0.05303030303030303,47604.96115121971,
test,5073,0.5,B1_IsolationForest,SLOWDOWN,True,1.3031455640101535,0.7423023198141773,0.02,65,0.46153846153846156,1.0,0.0,0.0,5.0,,0.0,0.0,0.06818181818181818,46048.346091513624,
test,5073,0.5,B1_IsolationForest,SLOWDOWN,True,1.3031455640101535,0.7423023198141773,0.05,65,0.5846153846153846,1.0,0.0,0.0,5.0,,0.0,0.0,0.08333333333333333,43794.6297611777,
test,5073,0.5,B1_IsolationForest,SLOWDOWN,True,1.3031455640101535,0.7423023198141773,0.1,65,0.6615384615384615,1.0,0.0,0.0,5.0,,0.0,0.0,0.13636363636363635,39422.24328030946,
test,5073,0.25,RippleTwin,SLOWDOWN,True,1.3031455640101535,23.87887940963418,0.005,65,0.13846153846153847,1.0,0.0,1.0,1.0,,0.0,1.0,0.0,50269.86041569847,
test,5073,0.25,RippleTwin,SLOWDOWN,True,1.3031455640101535,23.87887940963418,0.01,65,0.15384615384615385,1.0,0.0,1.0,1.0,,0.0,1.0,0.0,49876.365770161705,
test,5073,0.25,RippleTwin,SLOWDOWN,True,1.3031455640101535,23.87887940963418,0.02,65,0.18461538461538463,1.0,0.0,1.0,1.0,,0.0,1.0,0.0,49481.23381769629,
test,5073,0.25,RippleTwin,SLOWDOWN,True,1.3031455640101535,23.87887940963418,0.05,65,0.2,1.0,0.0,1.0,1.0,,0.0,1.0,0.030303030303030304,49481.23381769629,
test,5073,0.25,RippleTwin,SLOWDOWN,True,1.3031455640101535,23.87887940963418,0.1,65,0.2,1.0,0.0,1.0,1.0,,0.0,1.0,0.08333333333333333,49481.23381769629,
test,5073,0.25,B2_observed_only_twin,SLOWDOWN,True,1.3031455640101535,23.87066583332845,0.005,65,0.13846153846153847,1.0,0.0,0.0,2.0,,0.0,0.0,0.0,50269.86041569847,
test,5073,0.25,B2_observed_only_twin,SLOWDOWN,True,1.3031455640101535,23.87066583332845,0.01,65,0.15384615384615385,1.0,0.0,0.0,2.0,,0.0,0.0,0.0,49876.365770161705,
test,5073,0.25,B2_observed_only_twin,SLOWDOWN,True,1.3031455640101535,23.87066583332845,0.02,65,0.18461538461538463,1.0,0.0,0.0,2.0,,0.0,0.0,0.0,49481.23381769629,
test,5073,0.25,B2_observed_only_twin,SLOWDOWN,True,1.3031455640101535,23.87066583332845,0.05,65,0.18461538461538463,1.0,0.0,0.0,2.0,,0.0,0.0,0.030303030303030304,49481.23381769629,
test,5073,0.25,B2_observed_only_twin,SLOWDOWN,True,1.3031455640101535,23.87066583332845,0.1,65,0.2153846153846154,1.0,0.0,0.0,2.0,,0.0,0.0,0.08333333333333333,40026.549601410064,
test,5073,0.25,B0_SPC_observed,SLOWDOWN,True,1.3031455640101535,4.674774997918179,0.005,65,0.0,0.0,,,,,0.0,0.0,0.0,,
test,5073,0.25,B0_SPC_observed,SLOWDOWN,True,1.3031455640101535,4.674774997918179,0.01,65,0.0,0.0,,,,,0.0,0.0,0.0,,
test,5073,0.25,B0_SPC_observed,SLOWDOWN,True,1.3031455640101535,4.674774997918179,0.02,65,0.0,0.0,,,,,0.0,0.0,0.0,,
test,5073,0.25,B0_SPC_observed,SLOWDOWN,True,1.3031455640101535,4.674774997918179,0.05,65,0.0,0.0,,,,,0.0,0.0,0.0,,
test,5073,0.25,B0_SPC_observed,SLOWDOWN,True,1.3031455640101535,4.674774997918179,0.1,65,0.046153846153846156,1.0,0.0,0.0,6.0,,0.0,0.0,0.015151515151515152,39422.24328030946,
test,5073,0.25,B1_IsolationForest,SLOWDOWN,True,1.3031455640101535,0.7158774793615637,0.005,65,0.0,0.0,,,,,0.0,0.0,0.0,,
test,5073,0.25,B1_IsolationForest,SLOWDOWN,True,1.3031455640101535,0.7158774793615637,0.01,65,0.0,0.0,,,,,0.0,0.0,0.0,,
test,5073,0.25,B1_IsolationForest,SLOWDOWN,True,1.3031455640101535,0.7158774793615637,0.02,65,0.0,0.0,,,,,0.0,0.0,0.007575757575757576,,
test,5073,0.25,B1_IsolationForest,SLOWDOWN,True,1.3031455640101535,0.7158774793615637,0.05,65,0.03076923076923077,1.0,0.0,0.0,6.0,,0.0,0.0,0.06818181818181818,39422.24328030946,
test,5073,0.25,B1_IsolationForest,SLOWDOWN,True,1.3031455640101535,0.7158774793615637,0.1,65,0.046153846153846156,1.0,0.0,0.0,6.0,,0.0,0.0,0.09090909090909091,37014.44275591727,
test,5075,1.0,RippleTwin,MICROSTOP_BURST,False,10.015606039448699,42.5638498837417,0.005,44,0.045454545454545456,1.0,0.0,0.0,19.0,,0.0,0.0,0.0,40621.35862761338,
test,5075,1.0,RippleTwin,MICROSTOP_BURST,False,10.015606039448699,42.5638498837417,0.01,44,0.045454545454545456,1.0,0.0,0.0,19.0,,0.0,0.0,0.0,40621.35862761338,
test,5075,1.0,RippleTwin,MICROSTOP_BURST,False,10.015606039448699,42.5638498837417,0.02,44,0.09090909090909091,1.0,0.0,0.0,19.0,,0.0,0.0,0.0,40320.23341160631,
test,5075,1.0,RippleTwin,MICROSTOP_BURST,False,10.015606039448699,42.5638498837417,0.05,44,0.09090909090909091,1.0,0.0,0.0,19.0,,0.0,0.0,0.019867549668874173,40320.23341160631,
test,5075,1.0,RippleTwin,MICROSTOP_BURST,False,10.015606039448699,42.5638498837417,0.1,44,0.22727272727272727,1.0,0.2,0.2,19.0,,0.0,0.0,0.06622516556291391,40320.23341160631,
test,5075,1.0,B2_observed_only_twin,MICROSTOP_BURST,False,10.015606039448699,42.5638498837417,0.005,44,0.045454545454545456,1.0,0.0,0.0,19.0,,0.0,0.0,0.0,40621.35862761338,
test,5075,1.0,B2_observed_only_twin,MICROSTOP_BURST,False,10.015606039448699,42.5638498837417,0.01,44,0.045454545454545456,1.0,0.0,0.0,19.0,,0.0,0.0,0.0,40621.35862761338,
test,5075,1.0,B2_observed_only_twin,MICROSTOP_BURST,False,10.015606039448699,42.5638498837417,0.02,44,0.09090909090909091,1.0,0.0,0.0,19.0,,0.0,0.0,0.0,40320.23341160631,
test,5075,1.0,B2_observed_only_twin,MICROSTOP_BURST,False,10.015606039448699,42.5638498837417,0.05,44,0.09090909090909091,1.0,0.0,0.0,19.0,,0.0,0.0,0.019867549668874173,40320.23341160631,
test,5075,1.0,B2_observed_only_twin,MICROSTOP_BURST,False,10.015606039448699,42.5638498837417,0.1,44,0.22727272727272727,1.0,0.2,0.2,19.0,,0.0,0.0,0.06622516556291391,40320.23341160631,
test,5075,1.0,B0_SPC_observed,MICROSTOP_BURST,False,10.015606039448699,5.124273832797681,0.005,44,0.045454545454545456,1.0,1.0,1.0,0.0,,1.0,1.0,0.0,46619.07463375464,
test,5075,1.0,B0_SPC_observed,MICROSTOP_BURST,False,10.015606039448699,5.124273832797681,0.01,44,0.06818181818181818,1.0,1.0,1.0,0.0,,1.0,1.0,0.0,44224.12247464237,
test,5075,1.0,B0_SPC_observed,MICROSTOP_BURST,False,10.015606039448699,5.124273832797681,0.02,44,0.06818181818181818,1.0,1.0,1.0,0.0,,1.0,1.0,0.0,44224.12247464237,
test,5075,1.0,B0_SPC_observed,MICROSTOP_BURST,False,10.015606039448699,5.124273832797681,0.05,44,0.09090909090909091,1.0,1.0,1.0,0.0,,1.0,1.0,0.013245033112582781,41817.28528910223,
test,5075,1.0,B0_SPC_observed,MICROSTOP_BURST,False,10.015606039448699,5.124273832797681,0.1,44,0.25,1.0,1.0,1.0,0.0,,1.0,1.0,0.039735099337748346,38215.14492332521,
test,5075,1.0,B1_IsolationForest,MICROSTOP_BURST,False,10.015606039448699,0.7784702529546166,0.005,44,0.0,0.0,,,,,0.0,0.0,0.17218543046357615,,
test,5075,1.0,B1_IsolationForest,MICROSTOP_BURST,False,10.015606039448699,0.7784702529546166,0.01,44,0.0,0.0,,,,,0.0,0.0,0.2052980132450331,,
test,5075,1.0,B1_IsolationForest,MICROSTOP_BURST,False,10.015606039448699,0.7784702529546166,0.02,44,0.0,0.0,,,,,0.0,0.0,0.24503311258278146,,
test,5075,1.0,B1_IsolationForest,MICROSTOP_BURST,False,10.015606039448699,0.7784702529546166,0.05,44,0.045454545454545456,1.0,0.0,0.0,26.0,,0.0,0.0,0.40397350993377484,38215.14492332521,
test,5075,1.0,B1_IsolationForest,MICROSTOP_BURST,False,10.015606039448699,0.7784702529546166,0.1,44,0.09090909090909091,1.0,0.0,0.0,26.0,,0.0,0.0,0.5231788079470199,37620.710895233926,
test,5075,0.75,RippleTwin,MICROSTOP_BURST,False,10.015606039448699,31.30364205825687,0.005,44,0.045454545454545456,1.0,0.0,0.0,20.0,,0.0,0.0,0.0,40621.35862761338,
test,5075,0.75,RippleTwin,MICROSTOP_BURST,False,10.015606039448699,31.30364205825687,0.01,44,0.045454545454545456,1.0,0.0,0.0,20.0,,0.0,0.0,0.0,40621.35862761338,
test,5075,0.75,RippleTwin,MICROSTOP_BURST,False,10.015606039448699,31.30364205825687,0.02,44,0.045454545454545456,1.0,0.0,0.0,20.0,,0.0,0.0,0.0,40621.35862761338,
test,5075,0.75,RippleTwin,MICROSTOP_BURST,False,10.015606039448699,31.30364205825687,0.05,44,0.13636363636363635,1.0,0.16666666666666666,0.16666666666666666,20.0,,0.0,0.0,0.006622516556291391,40320.23341160631,
test,5075,0.75,RippleTwin,MICROSTOP_BURST,False,10.015606039448699,31.30364205825687,0.1,44,0.2727272727272727,1.0,0.3333333333333333,0.3333333333333333,20.0,,1.0,1.0,0.07947019867549669,40320.23341160631,
test,5075,0.75,B2_observed_only_twin,MICROSTOP_BURST,False,10.015606039448699,31.30364205825687,0.005,44,0.045454545454545456,1.0,0.0,0.0,19.0,,0.0,0.0,0.0,40621.35862761338,
test,5075,0.75,B2_observed_only_twin,MICROSTOP_BURST,False,10.015606039448699,31.30364205825687,0.01,44,0.045454545454545456,1.0,0.0,0.0,19.0,,0.0,0.0,0.0,40621.35862761338,
test,5075,0.75,B2_observed_only_twin,MICROSTOP_BURST,False,10.015606039448699,31.30364205825687,0.02,44,0.045454545454545456,1.0,0.0,0.0,19.0,,0.0,0.0,0.0,40621.35862761338,
test,5075,0.75,B2_observed_only_twin,MICROSTOP_BURST,False,10.015606039448699,31.30364205825687,0.05,44,0.18181818181818182,1.0,0.25,0.25,19.0,,0.0,0.0,0.013245033112582781,40320.23341160631,
test,5075,0.75,B2_observed_only_twin,MICROSTOP_BURST,False,10.015606039448699,31.30364205825687,0.1,44,0.2727272727272727,1.0,0.4166666666666667,0.4166666666666667,19.0,,1.0,1.0,0.07947019867549669,40320.23341160631,
test,5075,0.75,B0_SPC_observed,MICROSTOP_BURST,False,10.015606039448699,5.061702559429017,0.005,44,0.06818181818181818,1.0,1.0,1.0,0.0,,1.0,1.0,0.0,44224.12247464237,
test,5075,0.75,B0_SPC_observed,MICROSTOP_BURST,False,10.015606039448699,5.061702559429017,0.01,44,0.06818181818181818,1.0,1.0,1.0,0.0,,1.0,1.0,0.0,44224.12247464237,
test,5075,0.75,B0_SPC_observed,MICROSTOP_BURST,False,10.015606039448699,5.061702559429017,0.02,44,0.06818181818181818,1.0,1.0,1.0,0.0,,1.0,1.0,0.006622516556291391,44224.12247464237,
test,5075,0.75,B0_SPC_observed,MICROSTOP_BURST,False,10.015606039448699,5.061702559429017,0.05,44,0.09090909090909091,1.0,1.0,1.0,0.0,,1.0,1.0,0.013245033112582781,41817.28528910223,
test,5075,0.75,B0_SPC_observed,MICROSTOP_BURST,False,10.015606039448699,5.061702559429017,0.1,44,0.25,1.0,1.0,1.0,0.0,,1.0,1.0,0.039735099337748346,38215.14492332521,
test,5075,0.75,B1_IsolationForest,MICROSTOP_BURST,False,10.015606039448699,0.7423023198141773,0.005,44,0.045454545454545456,1.0,0.0,0.0,26.0,,0.0,0.0,0.026490066225165563,38215.14492332521,
test,5075,0.75,B1_IsolationForest,MICROSTOP_BURST,False,10.015606039448699,0.7423023198141773,0.01,44,0.045454545454545456,1.0,0.0,0.0,26.0,,0.0,0.0,0.026490066225165563,38215.14492332521,
test,5075,0.75,B1_IsolationForest,MICROSTOP_BURST,False,10.015606039448699,0.7423023198141773,0.02,44,0.045454545454545456,1.0,0.0,0.0,26.0,,0.0,0.0,0.033112582781456956,38215.14492332521,
test,5075,0.75,B1_IsolationForest,MICROSTOP_BURST,False,10.015606039448699,0.7423023198141773,0.05,44,0.09090909090909091,1.0,0.0,0.0,26.0,,0.0,0.0,0.052980132450331126,37620.710895233926,
test,5075,0.75,B1_IsolationForest,MICROSTOP_BURST,False,10.015606039448699,0.7423023198141773,0.1,44,0.11363636363636363,1.0,0.0,0.0,26.0,,0.0,0.0,0.10596026490066225,37620.710895233926,
test,5075,0.5,RippleTwin,MICROSTOP_BURST,True,10.015606039448699,39.99294167411538,0.005,44,0.045454545454545456,1.0,0.0,0.0,20.0,,0.0,0.0,0.0,40621.35862761338,
test,5075,0.5,RippleTwin,MICROSTOP_BURST,True,10.015606039448699,39.99294167411538,0.01,44,0.045454545454545456,1.0,0.0,0.0,20.0,,0.0,0.0,0.0,40621.35862761338,
test,5075,0.5,RippleTwin,MICROSTOP_BURST,True,10.015606039448699,39.99294167411538,0.02,44,0.045454545454545456,1.0,0.0,0.0,20.0,,0.0,0.0,0.0,40621.35862761338,
test,5075,0.5,RippleTwin,MICROSTOP_BURST,True,10.015606039448699,39.99294167411538,0.05,44,0.09090909090909091,1.0,0.0,0.0,20.0,,0.0,0.0,0.006622516556291391,40320.23341160631,
test,5075,0.5,RippleTwin,MICROSTOP_BURST,True,10.015606039448699,39.99294167411538,0.1,44,0.11363636363636363,1.0,0.0,0.0,20.0,,0.0,0.0,0.046357615894039736,40320.23341160631,
test,5075,0.5,B2_observed_only_twin,MICROSTOP_BURST,True,10.015606039448699,39.987745614480566,0.005,44,0.045454545454545456,1.0,0.0,0.0,19.0,,0.0,0.0,0.0,40621.35862761338,
test,5075,0.5,B2_observed_only_twin,MICROSTOP_BURST,True,10.015606039448699,39.987745614480566,0.01,44,0.045454545454545456,1.0,0.0,0.0,19.0,,0.0,0.0,0.0,40621.35862761338,
test,5075,0.5,B2_observed_only_twin,MICROSTOP_BURST,True,10.015606039448699,39.987745614480566,0.02,44,0.045454545454545456,1.0,0.0,0.0,19.0,,0.0,0.0,0.0,40621.35862761338,
test,5075,0.5,B2_observed_only_twin,MICROSTOP_BURST,True,10.015606039448699,39.987745614480566,0.05,44,0.11363636363636363,1.0,0.0,0.0,19.0,,0.0,0.0,0.006622516556291391,40320.23341160631,
test,5075,0.5,B2_observed_only_twin,MICROSTOP_BURST,True,10.015606039448699,39.987745614480566,0.1,44,0.1590909090909091,1.0,0.0,0.0,19.0,,0.0,0.0,0.052980132450331126,40320.23341160631,
test,5075,0.5,B0_SPC_observed,MICROSTOP_BURST,True,10.015606039448699,5.012127239822025,0.005,44,0.0,0.0,,,,,0.0,0.0,0.0,,
test,5075,0.5,B0_SPC_observed,MICROSTOP_BURST,True,10.015606039448699,5.012127239822025,0.01,44,0.0,0.0,,,,,0.0,0.0,0.0,,
test,5075,0.5,B0_SPC_observed,MICROSTOP_BURST,True,10.015606039448699,5.012127239822025,0.02,44,0.0,0.0,,,,,0.0,0.0,0.006622516556291391,,
test,5075,0.5,B0_SPC_observed,MICROSTOP_BURST,True,10.015606039448699,5.012127239822025,0.05,44,0.0,0.0,,,,,0.0,0.0,0.026490066225165563,,
test,5075,0.5,B0_SPC_observed,MICROSTOP_BURST,True,10.015606039448699,5.012127239822025,0.1,44,0.0,0.0,,,,,0.0,0.0,0.06622516556291391,,
test,5075,0.5,B1_IsolationForest,MICROSTOP_BURST,True,10.015606039448699,0.7423023198141773,0.005,44,0.045454545454545456,1.0,0.0,0.0,26.0,,0.0,0.0,0.026490066225165563,38215.14492332521,
test,5075,0.5,B1_IsolationForest,MICROSTOP_BURST,True,10.015606039448699,0.7423023198141773,0.01,44,0.045454545454545456,1.0,0.0,0.0,26.0,,0.0,0.0,0.026490066225165563,38215.14492332521,
test,5075,0.5,B1_IsolationForest,MICROSTOP_BURST,True,10.015606039448699,0.7423023198141773,0.02,44,0.045454545454545456,1.0,0.0,0.0,26.0,,0.0,0.0,0.033112582781456956,38215.14492332521,
test,5075,0.5,B1_IsolationForest,MICROSTOP_BURST,True,10.015606039448699,0.7423023198141773,0.05,44,0.09090909090909091,1.0,0.0,0.0,26.0,,0.0,0.0,0.059602649006622516,37620.710895233926,
test,5075,0.5,B1_IsolationForest,MICROSTOP_BURST,True,10.015606039448699,0.7423023198141773,0.1,44,0.09090909090909091,1.0,0.0,0.0,26.0,,0.0,0.0,0.11920529801324503,37620.710895233926,
test,5075,0.25,RippleTwin,MICROSTOP_BURST,True,10.015606039448699,23.87887940963418,0.005,44,0.0,0.0,,,,,0.0,0.0,0.0,,
test,5075,0.25,RippleTwin,MICROSTOP_BURST,True,10.015606039448699,23.87887940963418,0.01,44,0.0,0.0,,,,,0.0,0.0,0.0,,
test,5075,0.25,RippleTwin,MICROSTOP_BURST,True,10.015606039448699,23.87887940963418,0.02,44,0.0,0.0,,,,,0.0,0.0,0.013245033112582781,,
test,5075,0.25,RippleTwin,MICROSTOP_BURST,True,10.015606039448699,23.87887940963418,0.05,44,0.0,0.0,,,,,0.0,0.0,0.039735099337748346,,
test,5075,0.25,RippleTwin,MICROSTOP_BURST,True,10.015606039448699,23.87887940963418,0.1,44,0.0,0.0,,,,,0.0,0.0,0.10596026490066225,,
test,5075,0.25,B2_observed_only_twin,MICROSTOP_BURST,True,10.015606039448699,23.87066583332845,0.005,44,0.0,0.0,,,,,0.0,0.0,0.0,,
test,5075,0.25,B2_observed_only_twin,MICROSTOP_BURST,True,10.015606039448699,23.87066583332845,0.01,44,0.0,0.0,,,,,0.0,0.0,0.0,,
test,5075,0.25,B2_observed_only_twin,MICROSTOP_BURST,True,10.015606039448699,23.87066583332845,0.02,44,0.0,0.0,,,,,0.0,0.0,0.006622516556291391,,
test,5075,0.25,B2_observed_only_twin,MICROSTOP_BURST,True,10.015606039448699,23.87066583332845,0.05,44,0.0,0.0,,,,,0.0,0.0,0.046357615894039736,,
test,5075,0.25,B2_observed_only_twin,MICROSTOP_BURST,True,10.015606039448699,23.87066583332845,0.1,44,0.0,0.0,,,,,0.0,0.0,0.12582781456953643,,
test,5075,0.25,B0_SPC_observed,MICROSTOP_BURST,True,10.015606039448699,4.674774997918179,0.005,44,0.0,0.0,,,,,0.0,0.0,0.0,,
test,5075,0.25,B0_SPC_observed,MICROSTOP_BURST,True,10.015606039448699,4.674774997918179,0.01,44,0.0,0.0,,,,,0.0,0.0,0.006622516556291391,,
test,5075,0.25,B0_SPC_observed,MICROSTOP_BURST,True,10.015606039448699,4.674774997918179,0.02,44,0.0,0.0,,,,,0.0,0.0,0.006622516556291391,,
test,5075,0.25,B0_SPC_observed,MICROSTOP_BURST,True,10.015606039448699,4.674774997918179,0.05,44,0.0,0.0,,,,,0.0,0.0,0.039735099337748346,,
test,5075,0.25,B0_SPC_observed,MICROSTOP_BURST,True,10.015606039448699,4.674774997918179,0.1,44,0.0,0.0,,,,,0.0,0.0,0.059602649006622516,,
test,5075,0.25,B1_IsolationForest,MICROSTOP_BURST,True,10.015606039448699,0.7158774793615637,0.005,44,0.0,0.0,,,,,0.0,0.0,0.0,,
test,5075,0.25,B1_IsolationForest,MICROSTOP_BURST,True,10.015606039448699,0.7158774793615637,0.01,44,0.022727272727272728,1.0,0.0,0.0,19.0,,0.0,0.0,0.0,40320.23341160631,
test,5075,0.25,B1_IsolationForest,MICROSTOP_BURST,True,10.015606039448699,0.7158774793615637,0.02,44,0.022727272727272728,1.0,0.0,0.0,19.0,,0.0,0.0,0.0,40320.23341160631,
test,5075,0.25,B1_IsolationForest,MICROSTOP_BURST,True,10.015606039448699,0.7158774793615637,0.05,44,0.022727272727272728,1.0,0.0,0.0,19.0,,0.0,0.0,0.013245033112582781,40320.23341160631,
test,5075,0.25,B1_IsolationForest,MICROSTOP_BURST,True,10.015606039448699,0.7158774793615637,0.1,44,0.06818181818181818,1.0,0.0,0.0,19.0,,0.0,0.0,0.019867549668874173,37325.34304406261,
test,5078,1.0,RippleTwin,SLOWDOWN,False,1.1564989171704545,42.5638498837417,0.005,51,0.0,0.0,,,,,0.0,0.0,0.043478260869565216,,
test,5078,1.0,RippleTwin,SLOWDOWN,False,1.1564989171704545,42.5638498837417,0.01,51,0.0,0.0,,,,,0.0,0.0,0.06521739130434782,,
test,5078,1.0,RippleTwin,SLOWDOWN,False,1.1564989171704545,42.5638498837417,0.02,51,0.0,0.0,,,,,0.0,0.0,0.07246376811594203,,
test,5078,1.0,RippleTwin,SLOWDOWN,False,1.1564989171704545,42.5638498837417,0.05,51,0.0392156862745098,1.0,1.0,1.0,0.0,67.55171405710911,1.0,1.0,0.10869565217391304,30418.580258726884,30418.580258726884
test,5078,1.0,RippleTwin,SLOWDOWN,False,1.1564989171704545,42.5638498837417,0.1,51,0.49019607843137253,1.0,1.0,1.0,0.0,67.55171405710911,1.0,1.0,0.2753623188405797,30418.580258726884,30418.580258726884
test,5078,1.0,B2_observed_only_twin,SLOWDOWN,False,1.1564989171704545,42.5638498837417,0.005,51,0.0,0.0,,,,,0.0,0.0,0.043478260869565216,,
test,5078,1.0,B2_observed_only_twin,SLOWDOWN,False,1.1564989171704545,42.5638498837417,0.01,51,0.0,0.0,,,,,0.0,0.0,0.06521739130434782,,
test,5078,1.0,B2_observed_only_twin,SLOWDOWN,False,1.1564989171704545,42.5638498837417,0.02,51,0.0,0.0,,,,,0.0,0.0,0.07246376811594203,,
test,5078,1.0,B2_observed_only_twin,SLOWDOWN,False,1.1564989171704545,42.5638498837417,0.05,51,0.0392156862745098,1.0,1.0,1.0,0.0,67.55171405710911,1.0,1.0,0.10869565217391304,30418.580258726884,30418.580258726884
test,5078,1.0,B2_observed_only_twin,SLOWDOWN,False,1.1564989171704545,42.5638498837417,0.1,51,0.49019607843137253,1.0,1.0,1.0,0.0,67.55171405710911,1.0,1.0,0.2753623188405797,30418.580258726884,30418.580258726884
test,5078,1.0,B0_SPC_observed,SLOWDOWN,False,1.1564989171704545,5.124273832797681,0.005,51,0.23529411764705882,1.0,1.0,1.0,0.0,67.55171405710911,1.0,1.0,0.021739130434782608,30418.580258726884,30418.580258726884
test,5078,1.0,B0_SPC_observed,SLOWDOWN,False,1.1564989171704545,5.124273832797681,0.01,51,0.39215686274509803,1.0,1.0,1.0,0.0,67.55171405710911,1.0,1.0,0.028985507246376812,30418.580258726884,30418.580258726884
test,5078,1.0,B0_SPC_observed,SLOWDOWN,False,1.1564989171704545,5.124273832797681,0.02,51,0.49019607843137253,1.0,1.0,1.0,0.0,67.55171405710911,1.0,1.0,0.043478260869565216,30418.580258726884,30418.580258726884
test,5078,1.0,B0_SPC_observed,SLOWDOWN,False,1.1564989171704545,5.124273832797681,0.05,51,0.5098039215686274,1.0,0.9615384615384616,0.9615384615384616,0.0,67.55171405710911,1.0,1.0,0.06521739130434782,30418.580258726884,30418.580258726884
test,5078,1.0,B0_SPC_observed,SLOWDOWN,False,1.1564989171704545,5.124273832797681,0.1,51,0.5098039215686274,1.0,0.9615384615384616,0.9615384615384616,0.0,67.55171405710911,1.0,1.0,0.10869565217391304,30418.580258726884,30418.580258726884
test,5078,1.0,B1_IsolationForest,SLOWDOWN,False,1.1564989171704545,0.7784702529546166,0.005,51,0.0,0.0,,,,,0.0,0.0,0.0,,
test,5078,1.0,B1_IsolationForest,SLOWDOWN,False,1.1564989171704545,0.7784702529546166,0.01,51,0.0,0.0,,,,,0.0,0.0,0.0,,
test,5078,1.0,B1_IsolationForest,SLOWDOWN,False,1.1564989171704545,0.7784702529546166,0.02,51,0.0,0.0,,,,,0.0,0.0,0.007246376811594203,,
test,5078,1.0,B1_IsolationForest,SLOWDOWN,False,1.1564989171704545,0.7784702529546166,0.05,51,0.0,0.0,,,,,0.0,0.0,0.014492753623188406,,
test,5078,1.0,B1_IsolationForest,SLOWDOWN,False,1.1564989171704545,0.7784702529546166,0.1,51,0.0392156862745098,1.0,0.0,0.0,14.0,,0.0,0.0,0.10869565217391304,34020.627274152685,
test,5078,0.75,RippleTwin,SLOWDOWN,False,1.1564989171704545,31.30364205825687,0.005,51,0.0,0.0,,,,,0.0,0.0,0.050724637681159424,,
test,5078,0.75,RippleTwin,SLOWDOWN,False,1.1564989171704545,31.30364205825687,0.01,51,0.0,0.0,,,,,0.0,0.0,0.06521739130434782,,
test,5078,0.75,RippleTwin,SLOWDOWN,False,1.1564989171704545,31.30364205825687,0.02,51,0.0,0.0,,,,,0.0,0.0,0.07246376811594203,,
test,5078,0.75,RippleTwin,SLOWDOWN,False,1.1564989171704545,31.30364205825687,0.05,51,0.1568627450980392,1.0,1.0,1.0,0.0,67.55171405710911,1.0,1.0,0.11594202898550725,30418.580258726884,30418.580258726884
test,5078,0.75,RippleTwin,SLOWDOWN,False,1.1564989171704545,31.30364205825687,0.1,51,0.5098039215686274,1.0,1.0,1.0,0.0,67.55171405710911,1.0,1.0,0.26811594202898553,30418.580258726884,30418.580258726884
test,5078,0.75,B2_observed_only_twin,SLOWDOWN,False,1.1564989171704545,31.30364205825687,0.005,51,0.0,0.0,,,,,0.0,0.0,0.050724637681159424,,
test,5078,0.75,B2_observed_only_twin,SLOWDOWN,False,1.1564989171704545,31.30364205825687,0.01,51,0.0,0.0,,,,,0.0,0.0,0.06521739130434782,,
test,5078,0.75,B2_observed_only_twin,SLOWDOWN,False,1.1564989171704545,31.30364205825687,0.02,51,0.0,0.0,,,,,0.0,0.0,0.07246376811594203,,
test,5078,0.75,B2_observed_only_twin,SLOWDOWN,False,1.1564989171704545,31.30364205825687,0.05,51,0.27450980392156865,1.0,1.0,1.0,0.0,67.55171405710911,1.0,1.0,0.13768115942028986,30418.580258726884,30418.580258726884
test,5078,0.75,B2_observed_only_twin,SLOWDOWN,False,1.1564989171704545,31.30364205825687,0.1,51,0.5098039215686274,1.0,1.0,1.0,0.0,67.55171405710911,1.0,1.0,0.34057971014492755,30418.580258726884,30418.580258726884
test,5078,0.75,B0_SPC_observed,SLOWDOWN,False,1.1564989171704545,5.061702559429017,0.005,51,0.35294117647058826,1.0,1.0,1.0,0.0,67.55171405710911,1.0,1.0,0.028985507246376812,30418.580258726884,30418.580258726884
test,5078,0.75,B0_SPC_observed,SLOWDOWN,False,1.1564989171704545,5.061702559429017,0.01,51,0.45098039215686275,1.0,1.0,1.0,0.0,67.55171405710911,1.0,1.0,0.028985507246376812,30418.580258726884,30418.580258726884
test,5078,0.75,B0_SPC_observed,SLOWDOWN,False,1.1564989171704545,5.061702559429017,0.02,51,0.49019607843137253,1.0,1.0,1.0,0.0,67.55171405710911,1.0,1.0,0.050724637681159424,30418.580258726884,30418.580258726884
test,5078,0.75,B0_SPC_observed,SLOWDOWN,False,1.1564989171704545,5.061702559429017,0.05,51,0.5098039215686274,1.0,0.9615384615384616,0.9615384615384616,0.0,67.55171405710911,1.0,1.0,0.06521739130434782,30418.580258726884,30418.580258726884
test,5078,0.75,B0_SPC_observed,SLOWDOWN,False,1.1564989171704545,5.061702559429017,0.1,51,0.5098039215686274,1.0,0.9615384615384616,0.9615384615384616,0.0,67.55171405710911,1.0,1.0,0.10144927536231885,30418.580258726884,30418.580258726884
test,5078,0.75,B1_IsolationForest,SLOWDOWN,False,1.1564989171704545,0.7423023198141773,0.005,51,0.0,0.0,,,,,0.0,0.0,0.014492753623188406,,
test,5078,0.75,B1_IsolationForest,SLOWDOWN,False,1.1564989171704545,0.7423023198141773,0.01,51,0.0,0.0,,,,,0.0,0.0,0.014492753623188406,,
test,5078,0.75,B1_IsolationForest,SLOWDOWN,False,1.1564989171704545,0.7423023198141773,0.02,51,0.0,0.0,,,,,0.0,0.0,0.021739130434782608,,
test,5078,0.75,B1_IsolationForest,SLOWDOWN,False,1.1564989171704545,0.7423023198141773,0.05,51,0.0392156862745098,1.0,0.0,0.0,14.0,,0.0,0.0,0.09420289855072464,34020.627274152685,
test,5078,0.75,B1_IsolationForest,SLOWDOWN,False,1.1564989171704545,0.7423023198141773,0.1,51,0.0392156862745098,1.0,0.0,0.0,14.0,,0.0,0.0,0.15217391304347827,34020.627274152685,
test,5078,0.5,RippleTwin,SLOWDOWN,False,1.1564989171704545,39.99294167411538,0.005,51,0.0,0.0,,,,,0.0,0.0,0.06521739130434782,,
test,5078,0.5,RippleTwin,SLOWDOWN,False,1.1564989171704545,39.99294167411538,0.01,51,0.0,0.0,,,,,0.0,0.0,0.06521739130434782,,
test,5078,0.5,RippleTwin,SLOWDOWN,False,1.1564989171704545,39.99294167411538,0.02,51,0.0,0.0,,,,,0.0,0.0,0.07971014492753623,,
test,5078,0.5,RippleTwin,SLOWDOWN,False,1.1564989171704545,39.99294167411538,0.05,51,0.0196078431372549,1.0,1.0,1.0,0.0,-7.400860900148473,1.0,1.0,0.2463768115942029,34915.73475616234,34915.73475616234
test,5078,0.5,RippleTwin,SLOWDOWN,False,1.1564989171704545,39.99294167411538,0.1,51,0.23529411764705882,1.0,1.0,1.0,0.0,67.55171405710911,1.0,1.0,0.34782608695652173,30418.580258726884,30418.580258726884
test,5078,0.5,B2_observed_only_twin,SLOWDOWN,False,1.1564989171704545,39.987745614480566,0.005,51,0.0,0.0,,,,,0.0,0.0,0.050724637681159424,,
test,5078,0.5,B2_observed_only_twin,SLOWDOWN,False,1.1564989171704545,39.987745614480566,0.01,51,0.0,0.0,,,,,0.0,0.0,0.06521739130434782,,
test,5078,0.5,B2_observed_only_twin,SLOWDOWN,False,1.1564989171704545,39.987745614480566,0.02,51,0.0,0.0,,,,,0.0,0.0,0.07971014492753623,,
test,5078,0.5,B2_observed_only_twin,SLOWDOWN,False,1.1564989171704545,39.987745614480566,0.05,51,0.09803921568627451,1.0,1.0,1.0,0.0,67.55171405710911,1.0,1.0,0.2753623188405797,30418.580258726884,30418.580258726884
test,5078,0.5,B2_observed_only_twin,SLOWDOWN,False,1.1564989171704545,39.987745614480566,0.1,51,0.49019607843137253,1.0,1.0,1.0,0.0,67.55171405710911,1.0,1.0,0.3695652173913043,30418.580258726884,30418.580258726884
test,5078,0.5,B0_SPC_observed,SLOWDOWN,False,1.1564989171704545,5.012127239822025,0.005,51,0.35294117647058826,1.0,1.0,1.0,0.0,67.55171405710911,1.0,1.0,0.028985507246376812,30418.580258726884,30418.580258726884
test,5078,0.5,B0_SPC_observed,SLOWDOWN,False,1.1564989171704545,5.012127239822025,0.01,51,0.49019607843137253,1.0,1.0,1.0,0.0,67.55171405710911,1.0,1.0,0.043478260869565216,30418.580258726884,30418.580258726884
test,5078,0.5,B0_SPC_observed,SLOWDOWN,False,1.1564989171704545,5.012127239822025,0.02,51,0.49019607843137253,1.0,1.0,1.0,0.0,67.55171405710911,1.0,1.0,0.06521739130434782,30418.580258726884,30418.580258726884
test,5078,0.5,B0_SPC_observed,SLOWDOWN,False,1.1564989171704545,5.012127239822025,0.05,51,0.5098039215686274,1.0,0.9615384615384616,0.9615384615384616,0.0,67.55171405710911,1.0,1.0,0.07971014492753623,30418.580258726884,30418.580258726884
test,5078,0.5,B0_SPC_observed,SLOWDOWN,False,1.1564989171704545,5.012127239822025,0.1,51,0.5490196078431373,1.0,0.9285714285714286,0.9285714285714286,0.0,67.55171405710911,1.0,1.0,0.11594202898550725,30418.580258726884,30418.580258726884
test,5078,0.5,B1_IsolationForest,SLOWDOWN,False,1.1564989171704545,0.7423023198141773,0.005,51,0.0,0.0,,,,,0.0,0.0,0.014492753623188406,,
test,5078,0.5,B1_IsolationForest,SLOWDOWN,False,1.1564989171704545,0.7423023198141773,0.01,51,0.0,0.0,,,,,0.0,0.0,0.014492753623188406,,
test,5078,0.5,B1_IsolationForest,SLOWDOWN,False,1.1564989171704545,0.7423023198141773,0.02,51,0.0,0.0,,,,,0.0,0.0,0.021739130434782608,,
test,5078,0.5,B1_IsolationForest,SLOWDOWN,False,1.1564989171704545,0.7423023198141773,0.05,51,0.0,0.0,,,,,0.0,0.0,0.08695652173913043,,
test,5078,0.5,B1_IsolationForest,SLOWDOWN,False,1.1564989171704545,0.7423023198141773,0.1,51,0.0,0.0,,,,,0.0,0.0,0.15217391304347827,,
test,5078,0.25,RippleTwin,SLOWDOWN,True,1.1564989171704545,23.87887940963418,0.005,51,0.0,0.0,,,,,0.0,0.0,0.021739130434782608,,
test,5078,0.25,RippleTwin,SLOWDOWN,True,1.1564989171704545,23.87887940963418,0.01,51,0.0,0.0,,,,,0.0,0.0,0.021739130434782608,,
test,5078,0.25,RippleTwin,SLOWDOWN,True,1.1564989171704545,23.87887940963418,0.02,51,0.0,0.0,,,,,0.0,0.0,0.13768115942028986,,
test,5078,0.25,RippleTwin,SLOWDOWN,True,1.1564989171704545,23.87887940963418,0.05,51,0.0196078431372549,1.0,0.0,0.0,16.0,,0.0,0.0,0.2463768115942029,32820.74512000365,
test,5078,0.25,RippleTwin,SLOWDOWN,True,1.1564989171704545,23.87887940963418,0.1,51,0.058823529411764705,1.0,0.0,0.0,16.0,,0.0,0.0,0.2826086956521739,30715.30380433888,
test,5078,0.25,B2_observed_only_twin,SLOWDOWN,True,1.1564989171704545,23.87066583332845,0.005,51,0.0,0.0,,,,,0.0,0.0,0.007246376811594203,,
test,5078,0.25,B2_observed_only_twin,SLOWDOWN,True,1.1564989171704545,23.87066583332845,0.01,51,0.0,0.0,,,,,0.0,0.0,0.014492753623188406,,
test,5078,0.25,B2_observed_only_twin,SLOWDOWN,True,1.1564989171704545,23.87066583332845,0.02,51,0.0,0.0,,,,,0.0,0.0,0.13768115942028986,,
test,5078,0.25,B2_observed_only_twin,SLOWDOWN,True,1.1564989171704545,23.87066583332845,0.05,51,0.0392156862745098,1.0,0.0,0.0,16.0,,0.0,0.0,0.2608695652173913,32820.74512000365,
test,5078,0.25,B2_observed_only_twin,SLOWDOWN,True,1.1564989171704545,23.87066583332845,0.1,51,0.09803921568627451,1.0,0.0,0.0,16.0,,0.0,0.0,0.32608695652173914,32820.74512000365,
test,5078,0.25,B0_SPC_observed,SLOWDOWN,True,1.1564989171704545,4.674774997918179,0.005,51,0.0,0.0,,,,,0.0,0.0,0.0,,
test,5078,0.25,B0_SPC_observed,SLOWDOWN,True,1.1564989171704545,4.674774997918179,0.01,51,0.0392156862745098,1.0,0.0,0.0,16.0,,0.0,0.0,0.0,39712.80310687647,
test,5078,0.25,B0_SPC_observed,SLOWDOWN,True,1.1564989171704545,4.674774997918179,0.02,51,0.058823529411764705,1.0,0.0,0.0,16.0,,0.0,0.0,0.0,39712.80310687647,
test,5078,0.25,B0_SPC_observed,SLOWDOWN,True,1.1564989171704545,4.674774997918179,0.05,51,0.0784313725490196,1.0,0.0,0.0,16.0,,0.0,0.0,0.014492753623188406,39425.92443401133,
test,5078,0.25,B0_SPC_observed,SLOWDOWN,True,1.1564989171704545,4.674774997918179,0.1,51,0.09803921568627451,1.0,0.0,0.0,16.0,,0.0,0.0,0.043478260869565216,39425.92443401133,
test,5078,0.25,B1_IsolationForest,SLOWDOWN,True,1.1564989171704545,0.7158774793615637,0.005,51,0.0,0.0,,,,,0.0,0.0,0.014492753623188406,,
test,5078,0.25,B1_IsolationForest,SLOWDOWN,True,1.1564989171704545,0.7158774793615637,0.01,51,0.0,0.0,,,,,0.0,0.0,0.014492753623188406,,
test,5078,0.25,B1_IsolationForest,SLOWDOWN,True,1.1564989171704545,0.7158774793615637,0.02,51,0.0,0.0,,,,,0.0,0.0,0.036231884057971016,,
test,5078,0.25,B1_IsolationForest,SLOWDOWN,True,1.1564989171704545,0.7158774793615637,0.05,51,0.0196078431372549,1.0,0.0,0.0,16.0,,0.0,0.0,0.07971014492753623,39712.80310687647,
test,5078,0.25,B1_IsolationForest,SLOWDOWN,True,1.1564989171704545,0.7158774793615637,0.1,51,0.0392156862745098,1.0,0.0,0.0,16.0,,0.0,0.0,0.10144927536231885,39425.92443401133,
test,5079,1.0,RippleTwin,SLOWDOWN,False,1.2255855851041377,42.5638498837417,0.005,40,0.0,0.0,,,,,0.0,0.0,0.02564102564102564,,
test,5079,1.0,RippleTwin,SLOWDOWN,False,1.2255855851041377,42.5638498837417,0.01,40,0.075,1.0,1.0,1.0,0.0,,1.0,1.0,0.057692307692307696,45789.395542302336,
test,5079,1.0,RippleTwin,SLOWDOWN,False,1.2255855851041377,42.5638498837417,0.02,40,0.55,1.0,1.0,1.0,0.0,,1.0,1.0,0.12179487179487179,38516.30949802463,
test,5079,1.0,RippleTwin,SLOWDOWN,False,1.2255855851041377,42.5638498837417,0.05,40,0.65,1.0,1.0,1.0,0.0,,1.0,1.0,0.16666666666666666,38516.30949802463,
test,5079,1.0,RippleTwin,SLOWDOWN,False,1.2255855851041377,42.5638498837417,0.1,40,0.65,1.0,1.0,1.0,0.0,,1.0,1.0,0.28205128205128205,38516.30949802463,
test,5079,1.0,B2_observed_only_twin,SLOWDOWN,False,1.2255855851041377,42.5638498837417,0.005,40,0.0,0.0,,,,,0.0,0.0,0.02564102564102564,,
test,5079,1.0,B2_observed_only_twin,SLOWDOWN,False,1.2255855851041377,42.5638498837417,0.01,40,0.075,1.0,1.0,1.0,0.0,,1.0,1.0,0.057692307692307696,45789.395542302336,
test,5079,1.0,B2_observed_only_twin,SLOWDOWN,False,1.2255855851041377,42.5638498837417,0.02,40,0.55,1.0,1.0,1.0,0.0,,1.0,1.0,0.12179487179487179,38516.30949802463,
test,5079,1.0,B2_observed_only_twin,SLOWDOWN,False,1.2255855851041377,42.5638498837417,0.05,40,0.65,1.0,1.0,1.0,0.0,,1.0,1.0,0.16666666666666666,38516.30949802463,
test,5079,1.0,B2_observed_only_twin,SLOWDOWN,False,1.2255855851041377,42.5638498837417,0.1,40,0.65,1.0,1.0,1.0,0.0,,1.0,1.0,0.28205128205128205,38516.30949802463,
test,5079,1.0,B0_SPC_observed,SLOWDOWN,False,1.2255855851041377,5.124273832797681,0.005,40,0.625,1.0,1.0,1.0,0.0,,1.0,1.0,0.057692307692307696,38516.30949802463,
test,5079,1.0,B0_SPC_observed,SLOWDOWN,False,1.2255855851041377,5.124273832797681,0.01,40,0.65,1.0,1.0,1.0,0.0,,1.0,1.0,0.0641025641025641,38516.30949802463,
test,5079,1.0,B0_SPC_observed,SLOWDOWN,False,1.2255855851041377,5.124273832797681,0.02,40,0.65,1.0,1.0,1.0,0.0,,1.0,1.0,0.07051282051282051,38516.30949802463,
test,5079,1.0,B0_SPC_observed,SLOWDOWN,False,1.2255855851041377,5.124273832797681,0.05,40,0.65,1.0,1.0,1.0,0.0,,1.0,1.0,0.08333333333333333,38516.30949802463,
test,5079,1.0,B0_SPC_observed,SLOWDOWN,False,1.2255855851041377,5.124273832797681,0.1,40,0.65,1.0,1.0,1.0,0.0,,1.0,1.0,0.10897435897435898,38516.30949802463,
test,5079,1.0,B1_IsolationForest,SLOWDOWN,False,1.2255855851041377,0.7784702529546166,0.005,40,0.0,0.0,,,,,0.0,0.0,0.0,,
test,5079,1.0,B1_IsolationForest,SLOWDOWN,False,1.2255855851041377,0.7784702529546166,0.01,40,0.0,0.0,,,,,0.0,0.0,0.0,,
test,5079,1.0,B1_IsolationForest,SLOWDOWN,False,1.2255855851041377,0.7784702529546166,0.02,40,0.0,0.0,,,,,0.0,0.0,0.0,,
test,5079,1.0,B1_IsolationForest,SLOWDOWN,False,1.2255855851041377,0.7784702529546166,0.05,40,0.0,0.0,,,,,0.0,0.0,0.03205128205128205,,
test,5079,1.0,B1_IsolationForest,SLOWDOWN,False,1.2255855851041377,0.7784702529546166,0.1,40,0.0,0.0,,,,,0.0,0.0,0.08333333333333333,,
test,5079,0.75,RippleTwin,SLOWDOWN,False,1.2255855851041377,31.30364205825687,0.005,40,0.5,1.0,1.0,1.0,0.0,,1.0,1.0,0.0641025641025641,39800.53233375642,
test,5079,0.75,RippleTwin,SLOWDOWN,False,1.2255855851041377,31.30364205825687,0.01,40,0.5,1.0,1.0,1.0,0.0,,1.0,1.0,0.07692307692307693,38516.30949802463,
test,5079,0.75,RippleTwin,SLOWDOWN,False,1.2255855851041377,31.30364205825687,0.02,40,0.625,1.0,1.0,1.0,0.0,,1.0,1.0,0.10897435897435898,38516.30949802463,
test,5079,0.75,RippleTwin,SLOWDOWN,False,1.2255855851041377,31.30364205825687,0.05,40,0.65,1.0,1.0,1.0,0.0,,1.0,1.0,0.17307692307692307,38516.30949802463,
test,5079,0.75,RippleTwin,SLOWDOWN,False,1.2255855851041377,31.30364205825687,0.1,40,0.65,1.0,1.0,1.0,0.0,,1.0,1.0,0.2692307692307692,38516.30949802463,
test,5079,0.75,B2_observed_only_twin,SLOWDOWN,False,1.2255855851041377,31.30364205825687,0.005,40,0.5,1.0,1.0,1.0,0.0,,1.0,1.0,0.057692307692307696,39800.53233375642,
test,5079,0.75,B2_observed_only_twin,SLOWDOWN,False,1.2255855851041377,31.30364205825687,0.01,40,0.5,1.0,1.0,1.0,0.0,,1.0,1.0,0.07692307692307693,38516.30949802463,
test,5079,0.75,B2_observed_only_twin,SLOWDOWN,False,1.2255855851041377,31.30364205825687,0.02,40,0.65,1.0,1.0,1.0,0.0,,1.0,1.0,0.10897435897435898,38516.30949802463,
test,5079,0.75,B2_observed_only_twin,SLOWDOWN,False,1.2255855851041377,31.30364205825687,0.05,40,0.65,1.0,1.0,1.0,0.0,,1.0,1.0,0.22435897435897437,38516.30949802463,
test,5079,0.75,B2_observed_only_twin,SLOWDOWN,False,1.2255855851041377,31.30364205825687,0.1,40,0.675,1.0,1.0,1.0,0.0,,1.0,1.0,0.27564102564102566,38516.30949802463,
test,5079,0.75,B0_SPC_observed,SLOWDOWN,False,1.2255855851041377,5.061702559429017,0.005,40,0.65,1.0,1.0,1.0,0.0,,1.0,1.0,0.0641025641025641,38516.30949802463,
test,5079,0.75,B0_SPC_observed,SLOWDOWN,False,1.2255855851041377,5.061702559429017,0.01,40,0.65,1.0,1.0,1.0,0.0,,1.0,1.0,0.07051282051282051,38516.30949802463,
test,5079,0.75,B0_SPC_observed,SLOWDOWN,False,1.2255855851041377,5.061702559429017,0.02,40,0.65,1.0,1.0,1.0,0.0,,1.0,1.0,0.07051282051282051,38516.30949802463,
test,5079,0.75,B0_SPC_observed,SLOWDOWN,False,1.2255855851041377,5.061702559429017,0.05,40,0.65,1.0,1.0,1.0,0.0,,1.0,1.0,0.08333333333333333,38516.30949802463,
test,5079,0.75,B0_SPC_observed,SLOWDOWN,False,1.2255855851041377,5.061702559429017,0.1,40,0.65,1.0,1.0,1.0,0.0,,1.0,1.0,0.10897435897435898,38516.30949802463,
test,5079,0.75,B1_IsolationForest,SLOWDOWN,False,1.2255855851041377,0.7423023198141773,0.005,40,0.0,0.0,,,,,0.0,0.0,0.03205128205128205,,
test,5079,0.75,B1_IsolationForest,SLOWDOWN,False,1.2255855851041377,0.7423023198141773,0.01,40,0.0,0.0,,,,,0.0,0.0,0.038461538461538464,,
test,5079,0.75,B1_IsolationForest,SLOWDOWN,False,1.2255855851041377,0.7423023198141773,0.02,40,0.0,0.0,,,,,0.0,0.0,0.038461538461538464,,
test,5079,0.75,B1_IsolationForest,SLOWDOWN,False,1.2255855851041377,0.7423023198141773,0.05,40,0.0,0.0,,,,,0.0,0.0,0.07051282051282051,,
test,5079,0.75,B1_IsolationForest,SLOWDOWN,False,1.2255855851041377,0.7423023198141773,0.1,40,0.0,0.0,,,,,0.0,0.0,0.1282051282051282,,
test,5079,0.5,RippleTwin,SLOWDOWN,True,1.2255855851041377,39.99294167411538,0.005,40,0.0,0.0,,,,,0.0,0.0,0.03205128205128205,,
test,5079,0.5,RippleTwin,SLOWDOWN,True,1.2255855851041377,39.99294167411538,0.01,40,0.0,0.0,,,,,0.0,0.0,0.038461538461538464,,
test,5079,0.5,RippleTwin,SLOWDOWN,True,1.2255855851041377,39.99294167411538,0.02,40,0.0,0.0,,,,,0.0,0.0,0.07051282051282051,,
test,5079,0.5,RippleTwin,SLOWDOWN,True,1.2255855851041377,39.99294167411538,0.05,40,0.0,0.0,,,,,0.0,0.0,0.12179487179487179,,
test,5079,0.5,RippleTwin,SLOWDOWN,True,1.2255855851041377,39.99294167411538,0.1,40,0.0,0.0,,,,,0.0,0.0,0.1987179487179487,,
test,5079,0.5,B2_observed_only_twin,SLOWDOWN,True,1.2255855851041377,39.987745614480566,0.005,40,0.0,0.0,,,,,0.0,0.0,0.03205128205128205,,
test,5079,0.5,B2_observed_only_twin,SLOWDOWN,True,1.2255855851041377,39.987745614480566,0.01,40,0.0,0.0,,,,,0.0,0.0,0.038461538461538464,,
test,5079,0.5,B2_observed_only_twin,SLOWDOWN,True,1.2255855851041377,39.987745614480566,0.02,40,0.0,0.0,,,,,0.0,0.0,0.07051282051282051,,
test,5079,0.5,B2_observed_only_twin,SLOWDOWN,True,1.2255855851041377,39.987745614480566,0.05,40,0.0,0.0,,,,,0.0,0.0,0.1346153846153846,,
test,5079,0.5,B2_observed_only_twin,SLOWDOWN,True,1.2255855851041377,39.987745614480566,0.1,40,0.0,0.0,,,,,0.0,0.0,0.19230769230769232,,
test,5079,0.5,B0_SPC_observed,SLOWDOWN,True,1.2255855851041377,5.012127239822025,0.005,40,0.0,0.0,,,,,0.0,0.0,0.00641025641025641,,
test,5079,0.5,B0_SPC_observed,SLOWDOWN,True,1.2255855851041377,5.012127239822025,0.01,40,0.0,0.0,,,,,0.0,0.0,0.01282051282051282,,
test,5079,0.5,B0_SPC_observed,SLOWDOWN,True,1.2255855851041377,5.012127239822025,0.02,40,0.0,0.0,,,,,0.0,0.0,0.03205128205128205,,
test,5079,0.5,B0_SPC_observed,SLOWDOWN,True,1.2255855851041377,5.012127239822025,0.05,40,0.025,1.0,0.0,0.0,3.0,,0.0,0.0,0.05128205128205128,43563.356326344765,
test,5079,0.5,B0_SPC_observed,SLOWDOWN,True,1.2255855851041377,5.012127239822025,0.1,40,0.05,1.0,0.0,0.0,3.0,,0.0,0.0,0.08333333333333333,43195.631019451204,
test,5079,0.5,B1_IsolationForest,SLOWDOWN,True,1.2255855851041377,0.7423023198141773,0.005,40,0.0,0.0,,,,,0.0,0.0,0.02564102564102564,,
test,5079,0.5,B1_IsolationForest,SLOWDOWN,True,1.2255855851041377,0.7423023198141773,0.01,40,0.0,0.0,,,,,0.0,0.0,0.03205128205128205,,
test,5079,0.5,B1_IsolationForest,SLOWDOWN,True,1.2255855851041377,0.7423023198141773,0.02,40,0.0,0.0,,,,,0.0,0.0,0.03205128205128205,,
test,5079,0.5,B1_IsolationForest,SLOWDOWN,True,1.2255855851041377,0.7423023198141773,0.05,40,0.0,0.0,,,,,0.0,0.0,0.0641025641025641,,
test,5079,0.5,B1_IsolationForest,SLOWDOWN,True,1.2255855851041377,0.7423023198141773,0.1,40,0.0,0.0,,,,,0.0,0.0,0.10897435897435898,,
test,5079,0.25,RippleTwin,SLOWDOWN,True,1.2255855851041377,23.87887940963418,0.005,40,0.0,0.0,,,,,0.0,0.0,0.01282051282051282,,
test,5079,0.25,RippleTwin,SLOWDOWN,True,1.2255855851041377,23.87887940963418,0.01,40,0.0,0.0,,,,,0.0,0.0,0.019230769230769232,,
test,5079,0.25,RippleTwin,SLOWDOWN,True,1.2255855851041377,23.87887940963418,0.02,40,0.0,0.0,,,,,0.0,0.0,0.07692307692307693,,
test,5079,0.25,RippleTwin,SLOWDOWN,True,1.2255855851041377,23.87887940963418,0.05,40,0.0,0.0,,,,,0.0,0.0,0.1282051282051282,,
test,5079,0.25,RippleTwin,SLOWDOWN,True,1.2255855851041377,23.87887940963418,0.1,40,0.0,0.0,,,,,0.0,0.0,0.2564102564102564,,
test,5079,0.25,B2_observed_only_twin,SLOWDOWN,True,1.2255855851041377,23.87066583332845,0.005,40,0.0,0.0,,,,,0.0,0.0,0.01282051282051282,,
test,5079,0.25,B2_observed_only_twin,SLOWDOWN,True,1.2255855851041377,23.87066583332845,0.01,40,0.0,0.0,,,,,0.0,0.0,0.01282051282051282,,
test,5079,0.25,B2_observed_only_twin,SLOWDOWN,True,1.2255855851041377,23.87066583332845,0.02,40,0.0,0.0,,,,,0.0,0.0,0.05128205128205128,,
test,5079,0.25,B2_observed_only_twin,SLOWDOWN,True,1.2255855851041377,23.87066583332845,0.05,40,0.0,0.0,,,,,0.0,0.0,0.1282051282051282,,
test,5079,0.25,B2_observed_only_twin,SLOWDOWN,True,1.2255855851041377,23.87066583332845,0.1,40,0.05,1.0,0.0,0.0,3.0,,0.0,0.0,0.23076923076923078,43563.356326344765,
test,5079,0.25,B0_SPC_observed,SLOWDOWN,True,1.2255855851041377,4.674774997918179,0.005,40,0.0,0.0,,,,,0.0,0.0,0.0,,
test,5079,0.25,B0_SPC_observed,SLOWDOWN,True,1.2255855851041377,4.674774997918179,0.01,40,0.0,0.0,,,,,0.0,0.0,0.01282051282051282,,
test,5079,0.25,B0_SPC_observed,SLOWDOWN,True,1.2255855851041377,4.674774997918179,0.02,40,0.025,1.0,0.0,0.0,3.0,,0.0,0.0,0.019230769230769232,43563.356326344765,
test,5079,0.25,B0_SPC_observed,SLOWDOWN,True,1.2255855851041377,4.674774997918179,0.05,40,0.05,1.0,0.0,0.0,3.0,,0.0,0.0,0.03205128205128205,43195.631019451204,
test,5079,0.25,B0_SPC_observed,SLOWDOWN,True,1.2255855851041377,4.674774997918179,0.1,40,0.1,1.0,0.0,0.0,3.0,,0.0,0.0,0.0641025641025641,42859.63947065169,
test,5079,0.25,B1_IsolationForest,SLOWDOWN,True,1.2255855851041377,0.7158774793615637,0.005,40,0.0,0.0,,,,,0.0,0.0,0.01282051282051282,,
test,5079,0.25,B1_IsolationForest,SLOWDOWN,True,1.2255855851041377,0.7158774793615637,0.01,40,0.0,0.0,,,,,0.0,0.0,0.02564102564102564,,
test,5079,0.25,B1_IsolationForest,SLOWDOWN,True,1.2255855851041377,0.7158774793615637,0.02,40,0.0,0.0,,,,,0.0,0.0,0.038461538461538464,,
test,5079,0.25,B1_IsolationForest,SLOWDOWN,True,1.2255855851041377,0.7158774793615637,0.05,40,0.0,0.0,,,,,0.0,0.0,0.0641025641025641,,
test,5079,0.25,B1_IsolationForest,SLOWDOWN,True,1.2255855851041377,0.7158774793615637,0.1,40,0.0,0.0,,,,,0.0,0.0,0.12179487179487179,,
test,5080,1.0,RippleTwin,COMBINED,False,1.1556730393508616,42.5638498837417,0.005,60,0.0,0.0,,,,,0.0,0.0,0.007633587786259542,,
test,5080,1.0,RippleTwin,COMBINED,False,1.1556730393508616,42.5638498837417,0.01,60,0.0,0.0,,,,,0.0,0.0,0.015267175572519083,,
test,5080,1.0,RippleTwin,COMBINED,False,1.1556730393508616,42.5638498837417,0.02,60,0.0,0.0,,,,,0.0,0.0,0.022900763358778626,,
test,5080,1.0,RippleTwin,COMBINED,False,1.1556730393508616,42.5638498837417,0.05,60,0.1,1.0,1.0,1.0,0.0,,1.0,1.0,0.04580152671755725,49588.55029425412,
test,5080,1.0,RippleTwin,COMBINED,False,1.1556730393508616,42.5638498837417,0.1,60,0.6,1.0,1.0,1.0,0.0,,1.0,1.0,0.12213740458015267,37615.410745994384,
test,5080,1.0,B2_observed_only_twin,COMBINED,False,1.1556730393508616,42.5638498837417,0.005,60,0.0,0.0,,,,,0.0,0.0,0.007633587786259542,,
test,5080,1.0,B2_observed_only_twin,COMBINED,False,1.1556730393508616,42.5638498837417,0.01,60,0.0,0.0,,,,,0.0,0.0,0.015267175572519083,,
test,5080,1.0,B2_observed_only_twin,COMBINED,False,1.1556730393508616,42.5638498837417,0.02,60,0.0,0.0,,,,,0.0,0.0,0.022900763358778626,,
test,5080,1.0,B2_observed_only_twin,COMBINED,False,1.1556730393508616,42.5638498837417,0.05,60,0.1,1.0,1.0,1.0,0.0,,1.0,1.0,0.04580152671755725,49588.55029425412,
test,5080,1.0,B2_observed_only_twin,COMBINED,False,1.1556730393508616,42.5638498837417,0.1,60,0.6,1.0,1.0,1.0,0.0,,1.0,1.0,0.12213740458015267,37615.410745994384,
test,5080,1.0,B0_SPC_observed,COMBINED,False,1.1556730393508616,5.124273832797681,0.005,60,0.2,1.0,1.0,1.0,0.0,,1.0,1.0,0.0,47895.761286494766,
test,5080,1.0,B0_SPC_observed,COMBINED,False,1.1556730393508616,5.124273832797681,0.01,60,0.48333333333333334,1.0,0.9310344827586207,0.9310344827586207,0.0,,1.0,1.0,0.007633587786259542,40493.325971332546,
test,5080,1.0,B0_SPC_observed,COMBINED,False,1.1556730393508616,5.124273832797681,0.02,60,0.5166666666666667,1.0,0.9354838709677419,0.9354838709677419,0.0,,1.0,1.0,0.007633587786259542,40493.325971332546,
test,5080,1.0,B0_SPC_observed,COMBINED,False,1.1556730393508616,5.124273832797681,0.05,60,0.7833333333333333,1.0,0.9574468085106383,0.9574468085106383,0.0,,1.0,1.0,0.03816793893129771,37615.410745994384,
test,5080,1.0,B0_SPC_observed,COMBINED,False,1.1556730393508616,5.124273832797681,0.1,60,0.9,1.0,0.9629629629629629,0.9629629629629629,0.0,,1.0,1.0,0.061068702290076333,37615.410745994384,
test,5080,1.0,B1_IsolationForest,COMBINED,False,1.1556730393508616,0.7784702529546166,0.005,60,0.0,0.0,,,,,0.0,0.0,0.0,,
test,5080,1.0,B1_IsolationForest,COMBINED,False,1.1556730393508616,0.7784702529546166,0.01,60,0.0,0.0,,,,,0.0,0.0,0.0,,
test,5080,1.0,B1_IsolationForest,COMBINED,False,1.1556730393508616,0.7784702529546166,0.02,60,0.0,0.0,,,,,0.0,0.0,0.0,,
test,5080,1.0,B1_IsolationForest,COMBINED,False,1.1556730393508616,0.7784702529546166,0.05,60,0.0,0.0,,,,,0.0,0.0,0.04580152671755725,,
test,5080,1.0,B1_IsolationForest,COMBINED,False,1.1556730393508616,0.7784702529546166,0.1,60,0.06666666666666667,1.0,0.0,0.0,2.0,,0.0,0.0,0.09923664122137404,37012.856273436126,
test,5080,0.75,RippleTwin,COMBINED,True,1.1556730393508616,31.30364205825687,0.005,60,0.0,0.0,,,,,0.0,0.0,0.007633587786259542,,
test,5080,0.75,RippleTwin,COMBINED,True,1.1556730393508616,31.30364205825687,0.01,60,0.0,0.0,,,,,0.0,0.0,0.007633587786259542,,
test,5080,0.75,RippleTwin,COMBINED,True,1.1556730393508616,31.30364205825687,0.02,60,0.0,0.0,,,,,0.0,0.0,0.015267175572519083,,
test,5080,0.75,RippleTwin,COMBINED,True,1.1556730393508616,31.30364205825687,0.05,60,0.0,0.0,,,,,0.0,0.0,0.03816793893129771,,
test,5080,0.75,RippleTwin,COMBINED,True,1.1556730393508616,31.30364205825687,0.1,60,0.016666666666666666,1.0,0.0,0.0,21.0,,0.0,0.0,0.13740458015267176,53365.94692262829,
test,5080,0.75,B2_observed_only_twin,COMBINED,True,1.1556730393508616,31.30364205825687,0.005,60,0.0,0.0,,,,,0.0,0.0,0.007633587786259542,,
test,5080,0.75,B2_observed_only_twin,COMBINED,True,1.1556730393508616,31.30364205825687,0.01,60,0.0,0.0,,,,,0.0,0.0,0.007633587786259542,,
test,5080,0.75,B2_observed_only_twin,COMBINED,True,1.1556730393508616,31.30364205825687,0.02,60,0.0,0.0,,,,,0.0,0.0,0.015267175572519083,,
test,5080,0.75,B2_observed_only_twin,COMBINED,True,1.1556730393508616,31.30364205825687,0.05,60,0.0,0.0,,,,,0.0,0.0,0.03816793893129771,,
test,5080,0.75,B2_observed_only_twin,COMBINED,True,1.1556730393508616,31.30364205825687,0.1,60,0.03333333333333333,1.0,0.0,0.0,21.0,,0.0,0.0,0.1297709923664122,53043.64885492414,
test,5080,0.75,B0_SPC_observed,COMBINED,True,1.1556730393508616,5.061702559429017,0.005,60,0.016666666666666666,1.0,0.0,0.0,21.0,,0.0,0.0,0.007633587786259542,53043.64885492414,
test,5080,0.75,B0_SPC_observed,COMBINED,True,1.1556730393508616,5.061702559429017,0.01,60,0.03333333333333333,1.0,0.0,0.0,21.0,,0.0,0.0,0.007633587786259542,52660.32648643103,
test,5080,0.75,B0_SPC_observed,COMBINED,True,1.1556730393508616,5.061702559429017,0.02,60,0.05,1.0,0.0,0.0,21.0,,0.0,0.0,0.007633587786259542,52660.32648643103,
test,5080,0.75,B0_SPC_observed,COMBINED,True,1.1556730393508616,5.061702559429017,0.05,60,0.06666666666666667,1.0,0.0,0.0,21.0,,0.0,0.0,0.03816793893129771,52660.32648643103,
test,5080,0.75,B0_SPC_observed,COMBINED,True,1.1556730393508616,5.061702559429017,0.1,60,0.08333333333333333,1.0,0.0,0.0,21.0,,0.0,0.0,0.061068702290076333,52660.32648643103,
test,5080,0.75,B1_IsolationForest,COMBINED,True,1.1556730393508616,0.7423023198141773,0.005,60,0.0,0.0,,,,,0.0,0.0,0.04580152671755725,,
test,5080,0.75,B1_IsolationForest,COMBINED,True,1.1556730393508616,0.7423023198141773,0.01,60,0.0,0.0,,,,,0.0,0.0,0.05343511450381679,,
test,5080,0.75,B1_IsolationForest,COMBINED,True,1.1556730393508616,0.7423023198141773,0.02,60,0.0,0.0,,,,,0.0,0.0,0.06870229007633588,,
test,5080,0.75,B1_IsolationForest,COMBINED,True,1.1556730393508616,0.7423023198141773,0.05,60,0.06666666666666667,1.0,0.0,0.0,2.0,,0.0,0.0,0.0916030534351145,37012.856273436126,
test,5080,0.75,B1_IsolationForest,COMBINED,True,1.1556730393508616,0.7423023198141773,0.1,60,0.1,1.0,0.0,0.0,2.0,,0.0,0.0,0.1450381679389313,37012.856273436126,
test,5080,0.5,RippleTwin,COMBINED,True,1.1556730393508616,39.99294167411538,0.005,60,0.0,0.0,,,,,0.0,0.0,0.007633587786259542,,
test,5080,0.5,RippleTwin,COMBINED,True,1.1556730393508616,39.99294167411538,0.01,60,0.0,0.0,,,,,0.0,0.0,0.007633587786259542,,
test,5080,0.5,RippleTwin,COMBINED,True,1.1556730393508616,39.99294167411538,0.02,60,0.0,0.0,,,,,0.0,0.0,0.030534351145038167,,
test,5080,0.5,RippleTwin,COMBINED,True,1.1556730393508616,39.99294167411538,0.05,60,0.0,0.0,,,,,0.0,0.0,0.05343511450381679,,
test,5080,0.5,RippleTwin,COMBINED,True,1.1556730393508616,39.99294167411538,0.1,60,0.0,0.0,,,,,0.0,0.0,0.12213740458015267,,
test,5080,0.5,B2_observed_only_twin,COMBINED,True,1.1556730393508616,39.987745614480566,0.005,60,0.0,0.0,,,,,0.0,0.0,0.007633587786259542,,
test,5080,0.5,B2_observed_only_twin,COMBINED,True,1.1556730393508616,39.987745614480566,0.01,60,0.0,0.0,,,,,0.0,0.0,0.007633587786259542,,
test,5080,0.5,B2_observed_only_twin,COMBINED,True,1.1556730393508616,39.987745614480566,0.02,60,0.0,0.0,,,,,0.0,0.0,0.022900763358778626,,
test,5080,0.5,B2_observed_only_twin,COMBINED,True,1.1556730393508616,39.987745614480566,0.05,60,0.0,0.0,,,,,0.0,0.0,0.05343511450381679,,
test,5080,0.5,B2_observed_only_twin,COMBINED,True,1.1556730393508616,39.987745614480566,0.1,60,0.0,0.0,,,,,0.0,0.0,0.13740458015267176,,
test,5080,0.5,B0_SPC_observed,COMBINED,True,1.1556730393508616,5.012127239822025,0.005,60,0.016666666666666666,1.0,0.0,0.0,21.0,,0.0,0.0,0.007633587786259542,53043.64885492414,
test,5080,0.5,B0_SPC_observed,COMBINED,True,1.1556730393508616,5.012127239822025,0.01,60,0.03333333333333333,1.0,0.0,0.0,21.0,,0.0,0.0,0.007633587786259542,52660.32648643103,
test,5080,0.5,B0_SPC_observed,COMBINED,True,1.1556730393508616,5.012127239822025,0.02,60,0.05,1.0,0.0,0.0,21.0,,0.0,0.0,0.030534351145038167,52660.32648643103,
test,5080,0.5,B0_SPC_observed,COMBINED,True,1.1556730393508616,5.012127239822025,0.05,60,0.05,1.0,0.0,0.0,21.0,,0.0,0.0,0.03816793893129771,52660.32648643103,
test,5080,0.5,B0_SPC_observed,COMBINED,True,1.1556730393508616,5.012127239822025,0.1,60,0.06666666666666667,1.0,0.0,0.0,21.0,,0.0,0.0,0.03816793893129771,45546.758830967505,
test,5080,0.5,B1_IsolationForest,COMBINED,True,1.1556730393508616,0.7423023198141773,0.005,60,0.0,0.0,,,,,0.0,0.0,0.04580152671755725,,
test,5080,0.5,B1_IsolationForest,COMBINED,True,1.1556730393508616,0.7423023198141773,0.01,60,0.0,0.0,,,,,0.0,0.0,0.05343511450381679,,
test,5080,0.5,B1_IsolationForest,COMBINED,True,1.1556730393508616,0.7423023198141773,0.02,60,0.0,0.0,,,,,0.0,0.0,0.06870229007633588,,
test,5080,0.5,B1_IsolationForest,COMBINED,True,1.1556730393508616,0.7423023198141773,0.05,60,0.06666666666666667,1.0,0.0,0.0,2.0,,0.0,0.0,0.0916030534351145,37012.856273436126,
test,5080,0.5,B1_IsolationForest,COMBINED,True,1.1556730393508616,0.7423023198141773,0.1,60,0.06666666666666667,1.0,0.0,0.0,2.0,,0.0,0.0,0.19083969465648856,37012.856273436126,
test,5080,0.25,RippleTwin,COMBINED,True,1.1556730393508616,23.87887940963418,0.005,60,0.0,0.0,,,,,0.0,0.0,0.0,,
test,5080,0.25,RippleTwin,COMBINED,True,1.1556730393508616,23.87887940963418,0.01,60,0.0,0.0,,,,,0.0,0.0,0.0,,
test,5080,0.25,RippleTwin,COMBINED,True,1.1556730393508616,23.87887940963418,0.02,60,0.0,0.0,,,,,0.0,0.0,0.015267175572519083,,
test,5080,0.25,RippleTwin,COMBINED,True,1.1556730393508616,23.87887940963418,0.05,60,0.0,0.0,,,,,0.0,0.0,0.061068702290076333,,
test,5080,0.25,RippleTwin,COMBINED,True,1.1556730393508616,23.87887940963418,0.1,60,0.0,0.0,,,,,0.0,0.0,0.15267175572519084,,
test,5080,0.25,B2_observed_only_twin,COMBINED,True,1.1556730393508616,23.87066583332845,0.005,60,0.0,0.0,,,,,0.0,0.0,0.0,,
test,5080,0.25,B2_observed_only_twin,COMBINED,True,1.1556730393508616,23.87066583332845,0.01,60,0.0,0.0,,,,,0.0,0.0,0.0,,
test,5080,0.25,B2_observed_only_twin,COMBINED,True,1.1556730393508616,23.87066583332845,0.02,60,0.0,0.0,,,,,0.0,0.0,0.0,,
test,5080,0.25,B2_observed_only_twin,COMBINED,True,1.1556730393508616,23.87066583332845,0.05,60,0.0,0.0,,,,,0.0,0.0,0.07633587786259542,,
test,5080,0.25,B2_observed_only_twin,COMBINED,True,1.1556730393508616,23.87066583332845,0.1,60,0.0,0.0,,,,,0.0,0.0,0.1297709923664122,,
test,5080,0.25,B0_SPC_observed,COMBINED,True,1.1556730393508616,4.674774997918179,0.005,60,0.0,0.0,,,,,0.0,0.0,0.0,,
test,5080,0.25,B0_SPC_observed,COMBINED,True,1.1556730393508616,4.674774997918179,0.01,60,0.0,0.0,,,,,0.0,0.0,0.0,,
test,5080,0.25,B0_SPC_observed,COMBINED,True,1.1556730393508616,4.674774997918179,0.02,60,0.0,0.0,,,,,0.0,0.0,0.0,,
test,5080,0.25,B0_SPC_observed,COMBINED,True,1.1556730393508616,4.674774997918179,0.05,60,0.0,0.0,,,,,0.0,0.0,0.0,,
test,5080,0.25,B0_SPC_observed,COMBINED,True,1.1556730393508616,4.674774997918179,0.1,60,0.0,0.0,,,,,0.0,0.0,0.015267175572519083,,
test,5080,0.25,B1_IsolationForest,COMBINED,True,1.1556730393508616,0.7158774793615637,0.005,60,0.0,0.0,,,,,0.0,0.0,0.0,,
test,5080,0.25,B1_IsolationForest,COMBINED,True,1.1556730393508616,0.7158774793615637,0.01,60,0.0,0.0,,,,,0.0,0.0,0.0,,
test,5080,0.25,B1_IsolationForest,COMBINED,True,1.1556730393508616,0.7158774793615637,0.02,60,0.0,0.0,,,,,0.0,0.0,0.007633587786259542,,
test,5080,0.25,B1_IsolationForest,COMBINED,True,1.1556730393508616,0.7158774793615637,0.05,60,0.0,0.0,,,,,0.0,0.0,0.022900763358778626,,
test,5080,0.25,B1_IsolationForest,COMBINED,True,1.1556730393508616,0.7158774793615637,0.1,60,0.0,0.0,,,,,0.0,0.0,0.022900763358778626,,
test,5084,1.0,RippleTwin,QUALITY_DRIFT,False,10.497167484653817,42.5638498837417,0.005,55,0.0,0.0,,,,,0.0,0.0,0.0,,
test,5084,1.0,RippleTwin,QUALITY_DRIFT,False,10.497167484653817,42.5638498837417,0.01,55,0.0,0.0,,,,,0.0,0.0,0.0,,
test,5084,1.0,RippleTwin,QUALITY_DRIFT,False,10.497167484653817,42.5638498837417,0.02,55,0.0,0.0,,,,,0.0,0.0,0.0,,
test,5084,1.0,RippleTwin,QUALITY_DRIFT,False,10.497167484653817,42.5638498837417,0.05,55,0.0,0.0,,,,,0.0,0.0,0.0,,
test,5084,1.0,RippleTwin,QUALITY_DRIFT,False,10.497167484653817,42.5638498837417,0.1,55,0.0,0.0,,,,,0.0,0.0,0.022388059701492536,,
test,5084,1.0,B2_observed_only_twin,QUALITY_DRIFT,False,10.497167484653817,42.5638498837417,0.005,55,0.0,0.0,,,,,0.0,0.0,0.0,,
test,5084,1.0,B2_observed_only_twin,QUALITY_DRIFT,False,10.497167484653817,42.5638498837417,0.01,55,0.0,0.0,,,,,0.0,0.0,0.0,,
test,5084,1.0,B2_observed_only_twin,QUALITY_DRIFT,False,10.497167484653817,42.5638498837417,0.02,55,0.0,0.0,,,,,0.0,0.0,0.0,,
test,5084,1.0,B2_observed_only_twin,QUALITY_DRIFT,False,10.497167484653817,42.5638498837417,0.05,55,0.0,0.0,,,,,0.0,0.0,0.0,,
test,5084,1.0,B2_observed_only_twin,QUALITY_DRIFT,False,10.497167484653817,42.5638498837417,0.1,55,0.0,0.0,,,,,0.0,0.0,0.022388059701492536,,
test,5084,1.0,B0_SPC_observed,QUALITY_DRIFT,False,10.497167484653817,5.124273832797681,0.005,55,0.0,0.0,,,,,0.0,0.0,0.0,,
test,5084,1.0,B0_SPC_observed,QUALITY_DRIFT,False,10.497167484653817,5.124273832797681,0.01,55,0.01818181818181818,1.0,0.0,0.0,7.0,,0.0,0.0,0.0,43011.5259942227,
test,5084,1.0,B0_SPC_observed,QUALITY_DRIFT,False,10.497167484653817,5.124273832797681,0.02,55,0.01818181818181818,1.0,0.0,0.0,7.0,,0.0,0.0,0.0,43011.5259942227,
test,5084,1.0,B0_SPC_observed,QUALITY_DRIFT,False,10.497167484653817,5.124273832797681,0.05,55,0.03636363636363636,1.0,0.0,0.0,17.0,,0.0,0.0,0.0,43011.5259942227,
test,5084,1.0,B0_SPC_observed,QUALITY_DRIFT,False,10.497167484653817,5.124273832797681,0.1,55,0.09090909090909091,1.0,0.0,0.0,7.0,,0.0,0.0,0.007462686567164179,42716.42743953088,
test,5084,1.0,B1_IsolationForest,QUALITY_DRIFT,False,10.497167484653817,0.7784702529546166,0.005,55,0.0,0.0,,,,,0.0,0.0,0.014925373134328358,,
test,5084,1.0,B1_IsolationForest,QUALITY_DRIFT,False,10.497167484653817,0.7784702529546166,0.01,55,0.0,0.0,,,,,0.0,0.0,0.014925373134328358,,
test,5084,1.0,B1_IsolationForest,QUALITY_DRIFT,False,10.497167484653817,0.7784702529546166,0.02,55,0.0,0.0,,,,,0.0,0.0,0.029850746268656716,,
test,5084,1.0,B1_IsolationForest,QUALITY_DRIFT,False,10.497167484653817,0.7784702529546166,0.05,55,0.0,0.0,,,,,0.0,0.0,0.13432835820895522,,
test,5084,1.0,B1_IsolationForest,QUALITY_DRIFT,False,10.497167484653817,0.7784702529546166,0.1,55,0.0,0.0,,,,,0.0,0.0,0.19402985074626866,,
test,5084,0.75,RippleTwin,QUALITY_DRIFT,False,10.497167484653817,31.30364205825687,0.005,55,0.0,0.0,,,,,0.0,0.0,0.0,,
test,5084,0.75,RippleTwin,QUALITY_DRIFT,False,10.497167484653817,31.30364205825687,0.01,55,0.0,0.0,,,,,0.0,0.0,0.0,,
test,5084,0.75,RippleTwin,QUALITY_DRIFT,False,10.497167484653817,31.30364205825687,0.02,55,0.0,0.0,,,,,0.0,0.0,0.0,,
test,5084,0.75,RippleTwin,QUALITY_DRIFT,False,10.497167484653817,31.30364205825687,0.05,55,0.0,0.0,,,,,0.0,0.0,0.0,,
test,5084,0.75,RippleTwin,QUALITY_DRIFT,False,10.497167484653817,31.30364205825687,0.1,55,0.0,0.0,,,,,0.0,0.0,0.029850746268656716,,
test,5084,0.75,B2_observed_only_twin,QUALITY_DRIFT,False,10.497167484653817,31.30364205825687,0.005,55,0.0,0.0,,,,,0.0,0.0,0.0,,
test,5084,0.75,B2_observed_only_twin,QUALITY_DRIFT,False,10.497167484653817,31.30364205825687,0.01,55,0.0,0.0,,,,,0.0,0.0,0.0,,
test,5084,0.75,B2_observed_only_twin,QUALITY_DRIFT,False,10.497167484653817,31.30364205825687,0.02,55,0.0,0.0,,,,,0.0,0.0,0.0,,
test,5084,0.75,B2_observed_only_twin,QUALITY_DRIFT,False,10.497167484653817,31.30364205825687,0.05,55,0.0,0.0,,,,,0.0,0.0,0.0,,
test,5084,0.75,B2_observed_only_twin,QUALITY_DRIFT,False,10.497167484653817,31.30364205825687,0.1,55,0.01818181818181818,1.0,0.0,0.0,7.0,,0.0,0.0,0.05223880597014925,43011.5259942227,
test,5084,0.75,B0_SPC_observed,QUALITY_DRIFT,False,10.497167484653817,5.061702559429017,0.005,55,0.01818181818181818,1.0,0.0,0.0,7.0,,0.0,0.0,0.0,43011.5259942227,
test,5084,0.75,B0_SPC_observed,QUALITY_DRIFT,False,10.497167484653817,5.061702559429017,0.01,55,0.01818181818181818,1.0,0.0,0.0,7.0,,0.0,0.0,0.0,43011.5259942227,
test,5084,0.75,B0_SPC_observed,QUALITY_DRIFT,False,10.497167484653817,5.061702559429017,0.02,55,0.01818181818181818,1.0,0.0,0.0,7.0,,0.0,0.0,0.0,43011.5259942227,
test,5084,0.75,B0_SPC_observed,QUALITY_DRIFT,False,10.497167484653817,5.061702559429017,0.05,55,0.03636363636363636,1.0,0.0,0.0,17.0,,0.0,0.0,0.0,43011.5259942227,
test,5084,0.75,B0_SPC_observed,QUALITY_DRIFT,False,10.497167484653817,5.061702559429017,0.1,55,0.09090909090909091,1.0,0.0,0.0,7.0,,0.0,0.0,0.007462686567164179,42716.42743953088,
test,5084,0.75,B1_IsolationForest,QUALITY_DRIFT,False,10.497167484653817,0.7423023198141773,0.005,55,0.0,0.0,,,,,0.0,0.0,0.13432835820895522,,
test,5084,0.75,B1_IsolationForest,QUALITY_DRIFT,False,10.497167484653817,0.7423023198141773,0.01,55,0.0,0.0,,,,,0.0,0.0,0.13432835820895522,,
test,5084,0.75,B1_IsolationForest,QUALITY_DRIFT,False,10.497167484653817,0.7423023198141773,0.02,55,0.0,0.0,,,,,0.0,0.0,0.1417910447761194,,
test,5084,0.75,B1_IsolationForest,QUALITY_DRIFT,False,10.497167484653817,0.7423023198141773,0.05,55,0.0,0.0,,,,,0.0,0.0,0.208955223880597,,
test,5084,0.75,B1_IsolationForest,QUALITY_DRIFT,False,10.497167484653817,0.7423023198141773,0.1,55,0.0,0.0,,,,,0.0,0.0,0.208955223880597,,
test,5084,0.5,RippleTwin,QUALITY_DRIFT,False,10.497167484653817,39.99294167411538,0.005,55,0.0,0.0,,,,,0.0,0.0,0.0,,
test,5084,0.5,RippleTwin,QUALITY_DRIFT,False,10.497167484653817,39.99294167411538,0.01,55,0.0,0.0,,,,,0.0,0.0,0.0,,
test,5084,0.5,RippleTwin,QUALITY_DRIFT,False,10.497167484653817,39.99294167411538,0.02,55,0.0,0.0,,,,,0.0,0.0,0.0,,
test,5084,0.5,RippleTwin,QUALITY_DRIFT,False,10.497167484653817,39.99294167411538,0.05,55,0.0,0.0,,,,,0.0,0.0,0.007462686567164179,,
test,5084,0.5,RippleTwin,QUALITY_DRIFT,False,10.497167484653817,39.99294167411538,0.1,55,0.0,0.0,,,,,0.0,0.0,0.05223880597014925,,
test,5084,0.5,B2_observed_only_twin,QUALITY_DRIFT,False,10.497167484653817,39.987745614480566,0.005,55,0.0,0.0,,,,,0.0,0.0,0.0,,
test,5084,0.5,B2_observed_only_twin,QUALITY_DRIFT,False,10.497167484653817,39.987745614480566,0.01,55,0.0,0.0,,,,,0.0,0.0,0.0,,
test,5084,0.5,B2_observed_only_twin,QUALITY_DRIFT,False,10.497167484653817,39.987745614480566,0.02,55,0.0,0.0,,,,,0.0,0.0,0.0,,
test,5084,0.5,B2_observed_only_twin,QUALITY_DRIFT,False,10.497167484653817,39.987745614480566,0.05,55,0.0,0.0,,,,,0.0,0.0,0.007462686567164179,,
test,5084,0.5,B2_observed_only_twin,QUALITY_DRIFT,False,10.497167484653817,39.987745614480566,0.1,55,0.0,0.0,,,,,0.0,0.0,0.05223880597014925,,
test,5084,0.5,B0_SPC_observed,QUALITY_DRIFT,False,10.497167484653817,5.012127239822025,0.005,55,0.01818181818181818,1.0,0.0,0.0,7.0,,0.0,0.0,0.0,43011.5259942227,
test,5084,0.5,B0_SPC_observed,QUALITY_DRIFT,False,10.497167484653817,5.012127239822025,0.01,55,0.01818181818181818,1.0,0.0,0.0,7.0,,0.0,0.0,0.0,43011.5259942227,
test,5084,0.5,B0_SPC_observed,QUALITY_DRIFT,False,10.497167484653817,5.012127239822025,0.02,55,0.01818181818181818,1.0,0.0,0.0,7.0,,0.0,0.0,0.0,43011.5259942227,
test,5084,0.5,B0_SPC_observed,QUALITY_DRIFT,False,10.497167484653817,5.012127239822025,0.05,55,0.01818181818181818,1.0,0.0,0.0,7.0,,0.0,0.0,0.007462686567164179,43011.5259942227,
test,5084,0.5,B0_SPC_observed,QUALITY_DRIFT,False,10.497167484653817,5.012127239822025,0.1,55,0.10909090909090909,1.0,0.0,0.0,7.0,,0.0,0.0,0.014925373134328358,42410.0335919779,
test,5084,0.5,B1_IsolationForest,QUALITY_DRIFT,False,10.497167484653817,0.7423023198141773,0.005,55,0.0,0.0,,,,,0.0,0.0,0.029850746268656716,,
test,5084,0.5,B1_IsolationForest,QUALITY_DRIFT,False,10.497167484653817,0.7423023198141773,0.01,55,0.0,0.0,,,,,0.0,0.0,0.029850746268656716,,
test,5084,0.5,B1_IsolationForest,QUALITY_DRIFT,False,10.497167484653817,0.7423023198141773,0.02,55,0.0,0.0,,,,,0.0,0.0,0.04477611940298507,,
test,5084,0.5,B1_IsolationForest,QUALITY_DRIFT,False,10.497167484653817,0.7423023198141773,0.05,55,0.0,0.0,,,,,0.0,0.0,0.07462686567164178,,
test,5084,0.5,B1_IsolationForest,QUALITY_DRIFT,False,10.497167484653817,0.7423023198141773,0.1,55,0.01818181818181818,1.0,1.0,1.0,0.0,,1.0,1.0,0.1044776119402985,38216.50275068669,
test,5084,0.25,RippleTwin,QUALITY_DRIFT,True,10.497167484653817,23.87887940963418,0.005,55,0.0,0.0,,,,,0.0,0.0,0.0,,
test,5084,0.25,RippleTwin,QUALITY_DRIFT,True,10.497167484653817,23.87887940963418,0.01,55,0.0,0.0,,,,,0.0,0.0,0.0,,
test,5084,0.25,RippleTwin,QUALITY_DRIFT,True,10.497167484653817,23.87887940963418,0.02,55,0.0,0.0,,,,,0.0,0.0,0.0,,
test,5084,0.25,RippleTwin,QUALITY_DRIFT,True,10.497167484653817,23.87887940963418,0.05,55,0.0,0.0,,,,,0.0,0.0,0.0,,
test,5084,0.25,RippleTwin,QUALITY_DRIFT,True,10.497167484653817,23.87887940963418,0.1,55,0.0,0.0,,,,,0.0,0.0,0.05223880597014925,,
test,5084,0.25,B2_observed_only_twin,QUALITY_DRIFT,True,10.497167484653817,23.87066583332845,0.005,55,0.0,0.0,,,,,0.0,0.0,0.0,,
test,5084,0.25,B2_observed_only_twin,QUALITY_DRIFT,True,10.497167484653817,23.87066583332845,0.01,55,0.0,0.0,,,,,0.0,0.0,0.0,,
test,5084,0.25,B2_observed_only_twin,QUALITY_DRIFT,True,10.497167484653817,23.87066583332845,0.02,55,0.0,0.0,,,,,0.0,0.0,0.0,,
test,5084,0.25,B2_observed_only_twin,QUALITY_DRIFT,True,10.497167484653817,23.87066583332845,0.05,55,0.0,0.0,,,,,0.0,0.0,0.0,,
test,5084,0.25,B2_observed_only_twin,QUALITY_DRIFT,True,10.497167484653817,23.87066583332845,0.1,55,0.0,0.0,,,,,0.0,0.0,0.05223880597014925,,
test,5084,0.25,B0_SPC_observed,QUALITY_DRIFT,True,10.497167484653817,4.674774997918179,0.005,55,0.0,0.0,,,,,0.0,0.0,0.0,,
test,5084,0.25,B0_SPC_observed,QUALITY_DRIFT,True,10.497167484653817,4.674774997918179,0.01,55,0.0,0.0,,,,,0.0,0.0,0.0,,
test,5084,0.25,B0_SPC_observed,QUALITY_DRIFT,True,10.497167484653817,4.674774997918179,0.02,55,0.0,0.0,,,,,0.0,0.0,0.0,,
test,5084,0.25,B0_SPC_observed,QUALITY_DRIFT,True,10.497167484653817,4.674774997918179,0.05,55,0.0,0.0,,,,,0.0,0.0,0.014925373134328358,,
test,5084,0.25,B0_SPC_observed,QUALITY_DRIFT,True,10.497167484653817,4.674774997918179,0.1,55,0.0,0.0,,,,,0.0,0.0,0.014925373134328358,,
test,5084,0.25,B1_IsolationForest,QUALITY_DRIFT,True,10.497167484653817,0.7158774793615637,0.005,55,0.0,0.0,,,,,0.0,0.0,0.0,,
test,5084,0.25,B1_IsolationForest,QUALITY_DRIFT,True,10.497167484653817,0.7158774793615637,0.01,55,0.0,0.0,,,,,0.0,0.0,0.0,,
test,5084,0.25,B1_IsolationForest,QUALITY_DRIFT,True,10.497167484653817,0.7158774793615637,0.02,55,0.0,0.0,,,,,0.0,0.0,0.0,,
test,5084,0.25,B1_IsolationForest,QUALITY_DRIFT,True,10.497167484653817,0.7158774793615637,0.05,55,0.0,0.0,,,,,0.0,0.0,0.0,,
test,5084,0.25,B1_IsolationForest,QUALITY_DRIFT,True,10.497167484653817,0.7158774793615637,0.1,55,0.0,0.0,,,,,0.0,0.0,0.0,,
test,5085,1.0,RippleTwin,QUALITY_DRIFT,False,6.154830438304186,42.5638498837417,0.005,59,0.03389830508474576,1.0,0.0,0.0,26.0,,0.0,0.0,0.0,32814.66391615877,
test,5085,1.0,RippleTwin,QUALITY_DRIFT,False,6.154830438304186,42.5638498837417,0.01,59,0.06779661016949153,1.0,0.0,0.0,26.0,,0.0,0.0,0.0,32523.605060922786,
test,5085,1.0,RippleTwin,QUALITY_DRIFT,False,6.154830438304186,42.5638498837417,0.02,59,0.1016949152542373,1.0,0.0,0.0,26.0,,0.0,0.0,0.0,32213.72001409919,
test,5085,1.0,RippleTwin,QUALITY_DRIFT,False,6.154830438304186,42.5638498837417,0.05,59,0.1016949152542373,1.0,0.0,0.0,26.0,,0.0,0.0,0.007751937984496124,32213.72001409919,
test,5085,1.0,RippleTwin,QUALITY_DRIFT,False,6.154830438304186,42.5638498837417,0.1,59,0.11864406779661017,1.0,0.0,0.0,26.0,,0.0,0.0,0.023255813953488372,29214.4497512463,
test,5085,1.0,B2_observed_only_twin,QUALITY_DRIFT,False,6.154830438304186,42.5638498837417,0.005,59,0.03389830508474576,1.0,0.0,0.0,26.0,,0.0,0.0,0.0,32814.66391615877,
test,5085,1.0,B2_observed_only_twin,QUALITY_DRIFT,False,6.154830438304186,42.5638498837417,0.01,59,0.06779661016949153,1.0,0.0,0.0,26.0,,0.0,0.0,0.0,32523.605060922786,
test,5085,1.0,B2_observed_only_twin,QUALITY_DRIFT,False,6.154830438304186,42.5638498837417,0.02,59,0.1016949152542373,1.0,0.0,0.0,26.0,,0.0,0.0,0.0,32213.72001409919,
test,5085,1.0,B2_observed_only_twin,QUALITY_DRIFT,False,6.154830438304186,42.5638498837417,0.05,59,0.1016949152542373,1.0,0.0,0.0,26.0,,0.0,0.0,0.007751937984496124,32213.72001409919,
test,5085,1.0,B2_observed_only_twin,QUALITY_DRIFT,False,6.154830438304186,42.5638498837417,0.1,59,0.11864406779661017,1.0,0.0,0.0,26.0,,0.0,0.0,0.023255813953488372,29214.4497512463,
test,5085,1.0,B0_SPC_observed,QUALITY_DRIFT,False,6.154830438304186,5.124273832797681,0.005,59,0.0,0.0,,,,,0.0,0.0,0.007751937984496124,,
test,5085,1.0,B0_SPC_observed,QUALITY_DRIFT,False,6.154830438304186,5.124273832797681,0.01,59,0.0,0.0,,,,,0.0,0.0,0.007751937984496124,,
test,5085,1.0,B0_SPC_observed,QUALITY_DRIFT,False,6.154830438304186,5.124273832797681,0.02,59,0.0,0.0,,,,,0.0,0.0,0.007751937984496124,,
test,5085,1.0,B0_SPC_observed,QUALITY_DRIFT,False,6.154830438304186,5.124273832797681,0.05,59,0.0,0.0,,,,,0.0,0.0,0.015503875968992248,,
test,5085,1.0,B0_SPC_observed,QUALITY_DRIFT,False,6.154830438304186,5.124273832797681,0.1,59,0.0,0.0,,,,,0.0,0.0,0.031007751937984496,,
test,5085,1.0,B1_IsolationForest,QUALITY_DRIFT,False,6.154830438304186,0.7784702529546166,0.005,59,0.0,0.0,,,,,0.0,0.0,0.007751937984496124,,
test,5085,1.0,B1_IsolationForest,QUALITY_DRIFT,False,6.154830438304186,0.7784702529546166,0.01,59,0.0,0.0,,,,,0.0,0.0,0.007751937984496124,,
test,5085,1.0,B1_IsolationForest,QUALITY_DRIFT,False,6.154830438304186,0.7784702529546166,0.02,59,0.0,0.0,,,,,0.0,0.0,0.007751937984496124,,
test,5085,1.0,B1_IsolationForest,QUALITY_DRIFT,False,6.154830438304186,0.7784702529546166,0.05,59,0.01694915254237288,1.0,0.0,0.0,7.0,,0.0,0.0,0.031007751937984496,30714.077014959264,
test,5085,1.0,B1_IsolationForest,QUALITY_DRIFT,False,6.154830438304186,0.7784702529546166,0.1,59,0.05084745762711865,1.0,0.0,0.0,7.0,,0.0,0.0,0.046511627906976744,30714.077014959264,
test,5085,0.75,RippleTwin,QUALITY_DRIFT,True,6.154830438304186,31.30364205825687,0.005,59,0.06779661016949153,1.0,0.0,0.0,27.0,,0.0,0.0,0.0,32523.605060922786,
test,5085,0.75,RippleTwin,QUALITY_DRIFT,True,6.154830438304186,31.30364205825687,0.01,59,0.06779661016949153,1.0,0.0,0.0,27.0,,0.0,0.0,0.0,32523.605060922786,
test,5085,0.75,RippleTwin,QUALITY_DRIFT,True,6.154830438304186,31.30364205825687,0.02,59,0.0847457627118644,1.0,0.0,0.0,27.0,,0.0,0.0,0.0,32523.605060922786,
test,5085,0.75,RippleTwin,QUALITY_DRIFT,True,6.154830438304186,31.30364205825687,0.05,59,0.1016949152542373,1.0,0.0,0.0,27.0,,0.0,0.0,0.007751937984496124,32213.72001409919,
test,5085,0.75,RippleTwin,QUALITY_DRIFT,True,6.154830438304186,31.30364205825687,0.1,59,0.1016949152542373,1.0,0.0,0.0,27.0,,0.0,0.0,0.031007751937984496,32213.72001409919,
test,5085,0.75,B2_observed_only_twin,QUALITY_DRIFT,True,6.154830438304186,31.30364205825687,0.005,59,0.03389830508474576,1.0,0.0,0.0,26.0,,0.0,0.0,0.0,33116.82737004056,
test,5085,0.75,B2_observed_only_twin,QUALITY_DRIFT,True,6.154830438304186,31.30364205825687,0.01,59,0.03389830508474576,1.0,0.0,0.0,26.0,,0.0,0.0,0.0,33116.82737004056,
test,5085,0.75,B2_observed_only_twin,QUALITY_DRIFT,True,6.154830438304186,31.30364205825687,0.02,59,0.05084745762711865,1.0,0.0,0.0,26.0,,0.0,0.0,0.0,33116.82737004056,
test,5085,0.75,B2_observed_only_twin,QUALITY_DRIFT,True,6.154830438304186,31.30364205825687,0.05,59,0.06779661016949153,1.0,0.0,0.0,26.0,,0.0,0.0,0.015503875968992248,32213.72001409919,
test,5085,0.75,B2_observed_only_twin,QUALITY_DRIFT,True,6.154830438304186,31.30364205825687,0.1,59,0.0847457627118644,1.0,0.0,0.0,26.0,,0.0,0.0,0.031007751937984496,28909.406140695617,
test,5085,0.75,B0_SPC_observed,QUALITY_DRIFT,True,6.154830438304186,5.061702559429017,0.005,59,0.0,0.0,,,,,0.0,0.0,0.007751937984496124,,
test,5085,0.75,B0_SPC_observed,QUALITY_DRIFT,True,6.154830438304186,5.061702559429017,0.01,59,0.0,0.0,,,,,0.0,0.0,0.007751937984496124,,
test,5085,0.75,B0_SPC_observed,QUALITY_DRIFT,True,6.154830438304186,5.061702559429017,0.02,59,0.0,0.0,,,,,0.0,0.0,0.015503875968992248,,
test,5085,0.75,B0_SPC_observed,QUALITY_DRIFT,True,6.154830438304186,5.061702559429017,0.05,59,0.0,0.0,,,,,0.0,0.0,0.015503875968992248,,
test,5085,0.75,B0_SPC_observed,QUALITY_DRIFT,True,6.154830438304186,5.061702559429017,0.1,59,0.0,0.0,,,,,0.0,0.0,0.031007751937984496,,
test,5085,0.75,B1_IsolationForest,QUALITY_DRIFT,True,6.154830438304186,0.7423023198141773,0.005,59,0.01694915254237288,1.0,0.0,0.0,7.0,,0.0,0.0,0.031007751937984496,30714.077014959264,
test,5085,0.75,B1_IsolationForest,QUALITY_DRIFT,True,6.154830438304186,0.7423023198141773,0.01,59,0.01694915254237288,1.0,0.0,0.0,7.0,,0.0,0.0,0.031007751937984496,30714.077014959264,
test,5085,0.75,B1_IsolationForest,QUALITY_DRIFT,True,6.154830438304186,0.7423023198141773,0.02,59,0.03389830508474576,1.0,0.0,0.0,7.0,,0.0,0.0,0.03875968992248062,30714.077014959264,
test,5085,0.75,B1_IsolationForest,QUALITY_DRIFT,True,6.154830438304186,0.7423023198141773,0.05,59,0.05084745762711865,1.0,0.0,0.0,7.0,,0.0,0.0,0.046511627906976744,30714.077014959264,
test,5085,0.75,B1_IsolationForest,QUALITY_DRIFT,True,6.154830438304186,0.7423023198141773,0.1,59,0.11864406779661017,1.0,0.0,0.0,17.0,,0.0,0.0,0.046511627906976744,30714.077014959264,
test,5085,0.5,RippleTwin,QUALITY_DRIFT,True,6.154830438304186,39.99294167411538,0.005,59,0.06779661016949153,1.0,0.0,0.0,27.0,,0.0,0.0,0.0,32523.605060922786,
test,5085,0.5,RippleTwin,QUALITY_DRIFT,True,6.154830438304186,39.99294167411538,0.01,59,0.06779661016949153,1.0,0.0,0.0,27.0,,0.0,0.0,0.0,32523.605060922786,
test,5085,0.5,RippleTwin,QUALITY_DRIFT,True,6.154830438304186,39.99294167411538,0.02,59,0.0847457627118644,1.0,0.0,0.0,27.0,,0.0,0.0,0.0,32523.605060922786,
test,5085,0.5,RippleTwin,QUALITY_DRIFT,True,6.154830438304186,39.99294167411538,0.05,59,0.1016949152542373,1.0,0.0,0.0,27.0,,0.0,0.0,0.0,32213.72001409919,
test,5085,0.5,RippleTwin,QUALITY_DRIFT,True,6.154830438304186,39.99294167411538,0.1,59,0.11864406779661017,1.0,0.0,0.0,27.0,,0.0,0.0,0.09302325581395349,32213.72001409919,
test,5085,0.5,B2_observed_only_twin,QUALITY_DRIFT,True,6.154830438304186,39.987745614480566,0.005,59,0.06779661016949153,1.0,0.0,0.0,26.0,,0.0,0.0,0.0,32523.605060922786,
test,5085,0.5,B2_observed_only_twin,QUALITY_DRIFT,True,6.154830438304186,39.987745614480566,0.01,59,0.06779661016949153,1.0,0.0,0.0,26.0,,0.0,0.0,0.0,32523.605060922786,
test,5085,0.5,B2_observed_only_twin,QUALITY_DRIFT,True,6.154830438304186,39.987745614480566,0.02,59,0.0847457627118644,1.0,0.0,0.0,26.0,,0.0,0.0,0.0,32523.605060922786,
test,5085,0.5,B2_observed_only_twin,QUALITY_DRIFT,True,6.154830438304186,39.987745614480566,0.05,59,0.1016949152542373,1.0,0.0,0.0,26.0,,0.0,0.0,0.023255813953488372,32213.72001409919,
test,5085,0.5,B2_observed_only_twin,QUALITY_DRIFT,True,6.154830438304186,39.987745614480566,0.1,59,0.11864406779661017,1.0,0.0,0.0,26.0,,0.0,0.0,0.12403100775193798,32213.72001409919,
test,5085,0.5,B0_SPC_observed,QUALITY_DRIFT,True,6.154830438304186,5.012127239822025,0.005,59,0.0,0.0,,,,,0.0,0.0,0.007751937984496124,,
test,5085,0.5,B0_SPC_observed,QUALITY_DRIFT,True,6.154830438304186,5.012127239822025,0.01,59,0.0,0.0,,,,,0.0,0.0,0.007751937984496124,,
test,5085,0.5,B0_SPC_observed,QUALITY_DRIFT,True,6.154830438304186,5.012127239822025,0.02,59,0.0,0.0,,,,,0.0,0.0,0.015503875968992248,,
test,5085,0.5,B0_SPC_observed,QUALITY_DRIFT,True,6.154830438304186,5.012127239822025,0.05,59,0.0,0.0,,,,,0.0,0.0,0.03875968992248062,,
test,5085,0.5,B0_SPC_observed,QUALITY_DRIFT,True,6.154830438304186,5.012127239822025,0.1,59,0.0,0.0,,,,,0.0,0.0,0.03875968992248062,,
test,5085,0.5,B1_IsolationForest,QUALITY_DRIFT,True,6.154830438304186,0.7423023198141773,0.005,59,0.0,0.0,,,,,0.0,0.0,0.031007751937984496,,
test,5085,0.5,B1_IsolationForest,QUALITY_DRIFT,True,6.154830438304186,0.7423023198141773,0.01,59,0.0,0.0,,,,,0.0,0.0,0.03875968992248062,,
test,5085,0.5,B1_IsolationForest,QUALITY_DRIFT,True,6.154830438304186,0.7423023198141773,0.02,59,0.0,0.0,,,,,0.0,0.0,0.06201550387596899,,
test,5085,0.5,B1_IsolationForest,QUALITY_DRIFT,True,6.154830438304186,0.7423023198141773,0.05,59,0.0,0.0,,,,,0.0,0.0,0.06201550387596899,,
test,5085,0.5,B1_IsolationForest,QUALITY_DRIFT,True,6.154830438304186,0.7423023198141773,0.1,59,0.05084745762711865,1.0,0.0,0.0,26.0,,0.0,0.0,0.06976744186046512,32213.72001409919,
test,5085,0.25,RippleTwin,QUALITY_DRIFT,True,6.154830438304186,23.87887940963418,0.005,59,0.06779661016949153,1.0,0.0,0.0,27.0,,0.0,0.0,0.0,32523.605060922786,
test,5085,0.25,RippleTwin,QUALITY_DRIFT,True,6.154830438304186,23.87887940963418,0.01,59,0.06779661016949153,1.0,0.0,0.0,27.0,,0.0,0.0,0.0,32523.605060922786,
test,5085,0.25,RippleTwin,QUALITY_DRIFT,True,6.154830438304186,23.87887940963418,0.02,59,0.0847457627118644,1.0,0.0,0.0,27.0,,0.0,0.0,0.015503875968992248,32213.72001409919,
test,5085,0.25,RippleTwin,QUALITY_DRIFT,True,6.154830438304186,23.87887940963418,0.05,59,0.0847457627118644,1.0,0.0,0.0,27.0,,0.0,0.0,0.06976744186046512,32213.72001409919,
test,5085,0.25,RippleTwin,QUALITY_DRIFT,True,6.154830438304186,23.87887940963418,0.1,59,0.1016949152542373,1.0,0.0,0.0,27.0,,0.0,0.0,0.20155038759689922,28909.406140695617,
test,5085,0.25,B2_observed_only_twin,QUALITY_DRIFT,True,6.154830438304186,23.87066583332845,0.005,59,0.05084745762711865,1.0,0.0,0.0,26.0,,0.0,0.0,0.0,32814.66391615877,
test,5085,0.25,B2_observed_only_twin,QUALITY_DRIFT,True,6.154830438304186,23.87066583332845,0.01,59,0.06779661016949153,1.0,0.0,0.0,26.0,,0.0,0.0,0.0,32523.605060922786,
test,5085,0.25,B2_observed_only_twin,QUALITY_DRIFT,True,6.154830438304186,23.87066583332845,0.02,59,0.0847457627118644,1.0,0.0,0.0,26.0,,0.0,0.0,0.015503875968992248,32523.605060922786,
test,5085,0.25,B2_observed_only_twin,QUALITY_DRIFT,True,6.154830438304186,23.87066583332845,0.05,59,0.11864406779661017,1.0,0.0,0.0,26.0,,0.0,0.0,0.09302325581395349,32213.72001409919,
test,5085,0.25,B2_observed_only_twin,QUALITY_DRIFT,True,6.154830438304186,23.87066583332845,0.1,59,0.11864406779661017,1.0,0.0,0.0,26.0,,0.0,0.0,0.20155038759689922,29214.4497512463,
test,5085,0.25,B0_SPC_observed,QUALITY_DRIFT,True,6.154830438304186,4.674774997918179,0.005,59,0.0,0.0,,,,,0.0,0.0,0.007751937984496124,,
test,5085,0.25,B0_SPC_observed,QUALITY_DRIFT,True,6.154830438304186,4.674774997918179,0.01,59,0.0,0.0,,,,,0.0,0.0,0.015503875968992248,,
test,5085,0.25,B0_SPC_observed,QUALITY_DRIFT,True,6.154830438304186,4.674774997918179,0.02,59,0.0,0.0,,,,,0.0,0.0,0.023255813953488372,,
test,5085,0.25,B0_SPC_observed,QUALITY_DRIFT,True,6.154830438304186,4.674774997918179,0.05,59,0.0,0.0,,,,,0.0,0.0,0.03875968992248062,,
test,5085,0.25,B0_SPC_observed,QUALITY_DRIFT,True,6.154830438304186,4.674774997918179,0.1,59,0.01694915254237288,1.0,0.0,0.0,34.0,,0.0,0.0,0.046511627906976744,33712.379184859885,
test,5085,0.25,B1_IsolationForest,QUALITY_DRIFT,True,6.154830438304186,0.7158774793615637,0.005,59,0.0,0.0,,,,,0.0,0.0,0.0,,
test,5085,0.25,B1_IsolationForest,QUALITY_DRIFT,True,6.154830438304186,0.7158774793615637,0.01,59,0.0,0.0,,,,,0.0,0.0,0.0,,
test,5085,0.25,B1_IsolationForest,QUALITY_DRIFT,True,6.154830438304186,0.7158774793615637,0.02,59,0.01694915254237288,1.0,0.0,0.0,26.0,,0.0,0.0,0.007751937984496124,32814.66391615877,
test,5085,0.25,B1_IsolationForest,QUALITY_DRIFT,True,6.154830438304186,0.7158774793615637,0.05,59,0.05084745762711865,1.0,0.0,0.0,26.0,,0.0,0.0,0.015503875968992248,32213.72001409919,
test,5085,0.25,B1_IsolationForest,QUALITY_DRIFT,True,6.154830438304186,0.7158774793615637,0.1,59,0.06779661016949153,1.0,0.0,0.0,26.0,,0.0,0.0,0.031007751937984496,32213.72001409919,
test,5086,1.0,RippleTwin,MICROSTOP_BURST,False,10.087111550370476,42.5638498837417,0.005,58,0.0,0.0,,,,,0.0,0.0,0.0,,
test,5086,1.0,RippleTwin,MICROSTOP_BURST,False,10.087111550370476,42.5638498837417,0.01,58,0.0,0.0,,,,,0.0,0.0,0.0,,
test,5086,1.0,RippleTwin,MICROSTOP_BURST,False,10.087111550370476,42.5638498837417,0.02,58,0.0,0.0,,,,,0.0,0.0,0.0,,
test,5086,1.0,RippleTwin,MICROSTOP_BURST,False,10.087111550370476,42.5638498837417,0.05,58,0.0,0.0,,,,,0.0,0.0,0.0,,
test,5086,1.0,RippleTwin,MICROSTOP_BURST,False,10.087111550370476,42.5638498837417,0.1,58,0.06896551724137931,1.0,0.25,0.25,5.0,,0.0,0.0,0.029411764705882353,37014.43162791369,
test,5086,1.0,B2_observed_only_twin,MICROSTOP_BURST,False,10.087111550370476,42.5638498837417,0.005,58,0.0,0.0,,,,,0.0,0.0,0.0,,
test,5086,1.0,B2_observed_only_twin,MICROSTOP_BURST,False,10.087111550370476,42.5638498837417,0.01,58,0.0,0.0,,,,,0.0,0.0,0.0,,
test,5086,1.0,B2_observed_only_twin,MICROSTOP_BURST,False,10.087111550370476,42.5638498837417,0.02,58,0.0,0.0,,,,,0.0,0.0,0.0,,
test,5086,1.0,B2_observed_only_twin,MICROSTOP_BURST,False,10.087111550370476,42.5638498837417,0.05,58,0.0,0.0,,,,,0.0,0.0,0.0,,
test,5086,1.0,B2_observed_only_twin,MICROSTOP_BURST,False,10.087111550370476,42.5638498837417,0.1,58,0.06896551724137931,1.0,0.25,0.25,5.0,,0.0,0.0,0.029411764705882353,37014.43162791369,
test,5086,1.0,B0_SPC_observed,MICROSTOP_BURST,False,10.087111550370476,5.124273832797681,0.005,58,0.017241379310344827,1.0,0.0,0.0,5.0,,0.0,0.0,0.0,38814.972444166146,
test,5086,1.0,B0_SPC_observed,MICROSTOP_BURST,False,10.087111550370476,5.124273832797681,0.01,58,0.05172413793103448,1.0,0.6666666666666666,0.6666666666666666,0.0,,1.0,1.0,0.0,36414.36836237927,
test,5086,1.0,B0_SPC_observed,MICROSTOP_BURST,False,10.087111550370476,5.124273832797681,0.02,58,0.05172413793103448,1.0,0.6666666666666666,0.6666666666666666,0.0,,1.0,1.0,0.0,36414.36836237927,
test,5086,1.0,B0_SPC_observed,MICROSTOP_BURST,False,10.087111550370476,5.124273832797681,0.05,58,0.13793103448275862,1.0,0.5,0.5,2.5,,1.0,1.0,0.029411764705882353,36414.36836237927,
test,5086,1.0,B0_SPC_observed,MICROSTOP_BURST,False,10.087111550370476,5.124273832797681,0.1,58,0.15517241379310345,1.0,0.5555555555555556,0.5555555555555556,0.0,,1.0,1.0,0.04411764705882353,36414.36836237927,
test,5086,1.0,B1_IsolationForest,MICROSTOP_BURST,False,10.087111550370476,0.7784702529546166,0.005,58,0.0,0.0,,,,,0.0,0.0,0.0,,
test,5086,1.0,B1_IsolationForest,MICROSTOP_BURST,False,10.087111550370476,0.7784702529546166,0.01,58,0.0,0.0,,,,,0.0,0.0,0.0,,
test,5086,1.0,B1_IsolationForest,MICROSTOP_BURST,False,10.087111550370476,0.7784702529546166,0.02,58,0.0,0.0,,,,,0.0,0.0,0.0,,
test,5086,1.0,B1_IsolationForest,MICROSTOP_BURST,False,10.087111550370476,0.7784702529546166,0.05,58,0.0,0.0,,,,,0.0,0.0,0.04411764705882353,,
test,5086,1.0,B1_IsolationForest,MICROSTOP_BURST,False,10.087111550370476,0.7784702529546166,0.1,58,0.0,0.0,,,,,0.0,0.0,0.08823529411764706,,
test,5086,0.75,RippleTwin,MICROSTOP_BURST,True,10.087111550370476,31.30364205825687,0.005,58,0.0,0.0,,,,,0.0,0.0,0.0,,
test,5086,0.75,RippleTwin,MICROSTOP_BURST,True,10.087111550370476,31.30364205825687,0.01,58,0.0,0.0,,,,,0.0,0.0,0.0,,
test,5086,0.75,RippleTwin,MICROSTOP_BURST,True,10.087111550370476,31.30364205825687,0.02,58,0.0,0.0,,,,,0.0,0.0,0.0,,
test,5086,0.75,RippleTwin,MICROSTOP_BURST,True,10.087111550370476,31.30364205825687,0.05,58,0.0,0.0,,,,,0.0,0.0,0.0,,
test,5086,0.75,RippleTwin,MICROSTOP_BURST,True,10.087111550370476,31.30364205825687,0.1,58,0.05172413793103448,1.0,0.0,0.0,5.0,,0.0,0.0,0.022058823529411766,38814.972444166146,
test,5086,0.75,B2_observed_only_twin,MICROSTOP_BURST,True,10.087111550370476,31.30364205825687,0.005,58,0.0,0.0,,,,,0.0,0.0,0.0,,
test,5086,0.75,B2_observed_only_twin,MICROSTOP_BURST,True,10.087111550370476,31.30364205825687,0.01,58,0.0,0.0,,,,,0.0,0.0,0.0,,
test,5086,0.75,B2_observed_only_twin,MICROSTOP_BURST,True,10.087111550370476,31.30364205825687,0.02,58,0.0,0.0,,,,,0.0,0.0,0.0,,
test,5086,0.75,B2_observed_only_twin,MICROSTOP_BURST,True,10.087111550370476,31.30364205825687,0.05,58,0.017241379310344827,1.0,0.0,0.0,5.0,,0.0,0.0,0.007352941176470588,39113.90623183749,
test,5086,0.75,B2_observed_only_twin,MICROSTOP_BURST,True,10.087111550370476,31.30364205825687,0.1,58,0.05172413793103448,1.0,0.0,0.0,5.0,,0.0,0.0,0.058823529411764705,38814.972444166146,
test,5086,0.75,B0_SPC_observed,MICROSTOP_BURST,True,10.087111550370476,5.061702559429017,0.005,58,0.017241379310344827,1.0,0.0,0.0,5.0,,0.0,0.0,0.0,38814.972444166146,
test,5086,0.75,B0_SPC_observed,MICROSTOP_BURST,True,10.087111550370476,5.061702559429017,0.01,58,0.017241379310344827,1.0,0.0,0.0,5.0,,0.0,0.0,0.0,38814.972444166146,
test,5086,0.75,B0_SPC_observed,MICROSTOP_BURST,True,10.087111550370476,5.061702559429017,0.02,58,0.017241379310344827,1.0,0.0,0.0,5.0,,0.0,0.0,0.0,38814.972444166146,
test,5086,0.75,B0_SPC_observed,MICROSTOP_BURST,True,10.087111550370476,5.061702559429017,0.05,58,0.06896551724137931,1.0,0.0,0.0,5.0,,0.0,0.0,0.029411764705882353,37614.415993930044,
test,5086,0.75,B0_SPC_observed,MICROSTOP_BURST,True,10.087111550370476,5.061702559429017,0.1,58,0.06896551724137931,1.0,0.0,0.0,5.0,,0.0,0.0,0.04411764705882353,37614.415993930044,
test,5086,0.75,B1_IsolationForest,MICROSTOP_BURST,True,10.087111550370476,0.7423023198141773,0.005,58,0.0,0.0,,,,,0.0,0.0,0.04411764705882353,,
test,5086,0.75,B1_IsolationForest,MICROSTOP_BURST,True,10.087111550370476,0.7423023198141773,0.01,58,0.0,0.0,,,,,0.0,0.0,0.04411764705882353,,
test,5086,0.75,B1_IsolationForest,MICROSTOP_BURST,True,10.087111550370476,0.7423023198141773,0.02,58,0.0,0.0,,,,,0.0,0.0,0.04411764705882353,,
test,5086,0.75,B1_IsolationForest,MICROSTOP_BURST,True,10.087111550370476,0.7423023198141773,0.05,58,0.0,0.0,,,,,0.0,0.0,0.08088235294117647,,
test,5086,0.75,B1_IsolationForest,MICROSTOP_BURST,True,10.087111550370476,0.7423023198141773,0.1,58,0.0,0.0,,,,,0.0,0.0,0.16911764705882354,,
test,5086,0.5,RippleTwin,MICROSTOP_BURST,True,10.087111550370476,39.99294167411538,0.005,58,0.0,0.0,,,,,0.0,0.0,0.0,,
test,5086,0.5,RippleTwin,MICROSTOP_BURST,True,10.087111550370476,39.99294167411538,0.01,58,0.0,0.0,,,,,0.0,0.0,0.0,,
test,5086,0.5,RippleTwin,MICROSTOP_BURST,True,10.087111550370476,39.99294167411538,0.02,58,0.0,0.0,,,,,0.0,0.0,0.0,,
test,5086,0.5,RippleTwin,MICROSTOP_BURST,True,10.087111550370476,39.99294167411538,0.05,58,0.0,0.0,,,,,0.0,0.0,0.03676470588235294,,
test,5086,0.5,RippleTwin,MICROSTOP_BURST,True,10.087111550370476,39.99294167411538,0.1,58,0.017241379310344827,1.0,0.0,0.0,5.0,,0.0,0.0,0.19117647058823528,39113.90623183749,
test,5086,0.5,B2_observed_only_twin,MICROSTOP_BURST,True,10.087111550370476,39.987745614480566,0.005,58,0.0,0.0,,,,,0.0,0.0,0.0,,
test,5086,0.5,B2_observed_only_twin,MICROSTOP_BURST,True,10.087111550370476,39.987745614480566,0.01,58,0.0,0.0,,,,,0.0,0.0,0.0,,
test,5086,0.5,B2_observed_only_twin,MICROSTOP_BURST,True,10.087111550370476,39.987745614480566,0.02,58,0.0,0.0,,,,,0.0,0.0,0.0,,
test,5086,0.5,B2_observed_only_twin,MICROSTOP_BURST,True,10.087111550370476,39.987745614480566,0.05,58,0.0,0.0,,,,,0.0,0.0,0.058823529411764705,,
test,5086,0.5,B2_observed_only_twin,MICROSTOP_BURST,True,10.087111550370476,39.987745614480566,0.1,58,0.034482758620689655,1.0,0.0,0.0,5.0,,0.0,0.0,0.19117647058823528,39113.90623183749,
test,5086,0.5,B0_SPC_observed,MICROSTOP_BURST,True,10.087111550370476,5.012127239822025,0.005,58,0.017241379310344827,1.0,0.0,0.0,5.0,,0.0,0.0,0.0,38814.972444166146,
test,5086,0.5,B0_SPC_observed,MICROSTOP_BURST,True,10.087111550370476,5.012127239822025,0.01,58,0.017241379310344827,1.0,0.0,0.0,5.0,,0.0,0.0,0.0,38814.972444166146,
test,5086,0.5,B0_SPC_observed,MICROSTOP_BURST,True,10.087111550370476,5.012127239822025,0.02,58,0.05172413793103448,1.0,0.0,0.0,5.0,,0.0,0.0,0.022058823529411766,38814.972444166146,
test,5086,0.5,B0_SPC_observed,MICROSTOP_BURST,True,10.087111550370476,5.012127239822025,0.05,58,0.06896551724137931,1.0,0.0,0.0,5.0,,0.0,0.0,0.022058823529411766,37614.415993930044,
test,5086,0.5,B0_SPC_observed,MICROSTOP_BURST,True,10.087111550370476,5.012127239822025,0.1,58,0.06896551724137931,1.0,0.0,0.0,5.0,,0.0,0.0,0.03676470588235294,37614.415993930044,
test,5086,0.5,B1_IsolationForest,MICROSTOP_BURST,True,10.087111550370476,0.7423023198141773,0.005,58,0.0,0.0,,,,,0.0,0.0,0.007352941176470588,,
test,5086,0.5,B1_IsolationForest,MICROSTOP_BURST,True,10.087111550370476,0.7423023198141773,0.01,58,0.0,0.0,,,,,0.0,0.0,0.007352941176470588,,
test,5086,0.5,B1_IsolationForest,MICROSTOP_BURST,True,10.087111550370476,0.7423023198141773,0.02,58,0.0,0.0,,,,,0.0,0.0,0.014705882352941176,,
test,5086,0.5,B1_IsolationForest,MICROSTOP_BURST,True,10.087111550370476,0.7423023198141773,0.05,58,0.0,0.0,,,,,0.0,0.0,0.0661764705882353,,
test,5086,0.5,B1_IsolationForest,MICROSTOP_BURST,True,10.087111550370476,0.7423023198141773,0.1,58,0.0,0.0,,,,,0.0,0.0,0.08088235294117647,,
test,5086,0.25,RippleTwin,MICROSTOP_BURST,True,10.087111550370476,23.87887940963418,0.005,58,0.0,0.0,,,,,0.0,0.0,0.0,,
test,5086,0.25,RippleTwin,MICROSTOP_BURST,True,10.087111550370476,23.87887940963418,0.01,58,0.0,0.0,,,,,0.0,0.0,0.0,,
test,5086,0.25,RippleTwin,MICROSTOP_BURST,True,10.087111550370476,23.87887940963418,0.02,58,0.0,0.0,,,,,0.0,0.0,0.08823529411764706,,
test,5086,0.25,RippleTwin,MICROSTOP_BURST,True,10.087111550370476,23.87887940963418,0.05,58,0.0,0.0,,,,,0.0,0.0,0.16176470588235295,,
test,5086,0.25,RippleTwin,MICROSTOP_BURST,True,10.087111550370476,23.87887940963418,0.1,58,0.0,0.0,,,,,0.0,0.0,0.2867647058823529,,
test,5086,0.25,B2_observed_only_twin,MICROSTOP_BURST,True,10.087111550370476,23.87066583332845,0.005,58,0.0,0.0,,,,,0.0,0.0,0.0,,
test,5086,0.25,B2_observed_only_twin,MICROSTOP_BURST,True,10.087111550370476,23.87066583332845,0.01,58,0.0,0.0,,,,,0.0,0.0,0.0,,
test,5086,0.25,B2_observed_only_twin,MICROSTOP_BURST,True,10.087111550370476,23.87066583332845,0.02,58,0.0,0.0,,,,,0.0,0.0,0.08823529411764706,,
test,5086,0.25,B2_observed_only_twin,MICROSTOP_BURST,True,10.087111550370476,23.87066583332845,0.05,58,0.0,0.0,,,,,0.0,0.0,0.16176470588235295,,
test,5086,0.25,B2_observed_only_twin,MICROSTOP_BURST,True,10.087111550370476,23.87066583332845,0.1,58,0.034482758620689655,1.0,0.0,0.0,24.0,,0.0,0.0,0.3235294117647059,37614.415993930044,
test,5086,0.25,B0_SPC_observed,MICROSTOP_BURST,True,10.087111550370476,4.674774997918179,0.005,58,0.0,0.0,,,,,0.0,0.0,0.0,,
test,5086,0.25,B0_SPC_observed,MICROSTOP_BURST,True,10.087111550370476,4.674774997918179,0.01,58,0.0,0.0,,,,,0.0,0.0,0.0,,
test,5086,0.25,B0_SPC_observed,MICROSTOP_BURST,True,10.087111550370476,4.674774997918179,0.02,58,0.017241379310344827,1.0,0.0,0.0,24.0,,0.0,0.0,0.0,37614.415993930044,
test,5086,0.25,B0_SPC_observed,MICROSTOP_BURST,True,10.087111550370476,4.674774997918179,0.05,58,0.017241379310344827,1.0,0.0,0.0,24.0,,0.0,0.0,0.0,37614.415993930044,
test,5086,0.25,B0_SPC_observed,MICROSTOP_BURST,True,10.087111550370476,4.674774997918179,0.1,58,0.034482758620689655,1.0,0.0,0.0,24.0,,0.0,0.0,0.0,37614.415993930044,
test,5086,0.25,B1_IsolationForest,MICROSTOP_BURST,True,10.087111550370476,0.7158774793615637,0.005,58,0.0,0.0,,,,,0.0,0.0,0.0,,
test,5086,0.25,B1_IsolationForest,MICROSTOP_BURST,True,10.087111550370476,0.7158774793615637,0.01,58,0.0,0.0,,,,,0.0,0.0,0.0,,
test,5086,0.25,B1_IsolationForest,MICROSTOP_BURST,True,10.087111550370476,0.7158774793615637,0.02,58,0.0,0.0,,,,,0.0,0.0,0.014705882352941176,,
test,5086,0.25,B1_IsolationForest,MICROSTOP_BURST,True,10.087111550370476,0.7158774793615637,0.05,58,0.017241379310344827,1.0,0.0,0.0,2.0,,0.0,0.0,0.03676470588235294,40918.249561685465,
test,5086,0.25,B1_IsolationForest,MICROSTOP_BURST,True,10.087111550370476,0.7158774793615637,0.1,58,0.06896551724137931,1.0,0.0,0.0,4.5,,0.0,0.0,0.04411764705882353,36716.68387594775,
test,5087,1.0,RippleTwin,SLOWDOWN,False,1.1826709669087176,42.5638498837417,0.005,55,0.0,0.0,,,,,0.0,0.0,0.0,,
test,5087,1.0,RippleTwin,SLOWDOWN,False,1.1826709669087176,42.5638498837417,0.01,55,0.0,0.0,,,,,0.0,0.0,0.0,,
test,5087,1.0,RippleTwin,SLOWDOWN,False,1.1826709669087176,42.5638498837417,0.02,55,0.0,0.0,,,,,0.0,0.0,0.0,,
test,5087,1.0,RippleTwin,SLOWDOWN,False,1.1826709669087176,42.5638498837417,0.05,55,0.05454545454545454,1.0,1.0,1.0,0.0,,1.0,1.0,0.02857142857142857,34023.92223127178,
test,5087,1.0,RippleTwin,SLOWDOWN,False,1.1826709669087176,42.5638498837417,0.1,55,0.6,1.0,1.0,1.0,0.0,,1.0,1.0,0.09285714285714286,33116.160127970106,
test,5087,1.0,B2_observed_only_twin,SLOWDOWN,False,1.1826709669087176,42.5638498837417,0.005,55,0.0,0.0,,,,,0.0,0.0,0.0,,
test,5087,1.0,B2_observed_only_twin,SLOWDOWN,False,1.1826709669087176,42.5638498837417,0.01,55,0.0,0.0,,,,,0.0,0.0,0.0,,
test,5087,1.0,B2_observed_only_twin,SLOWDOWN,False,1.1826709669087176,42.5638498837417,0.02,55,0.0,0.0,,,,,0.0,0.0,0.0,,
test,5087,1.0,B2_observed_only_twin,SLOWDOWN,False,1.1826709669087176,42.5638498837417,0.05,55,0.05454545454545454,1.0,1.0,1.0,0.0,,1.0,1.0,0.02857142857142857,34023.92223127178,
test,5087,1.0,B2_observed_only_twin,SLOWDOWN,False,1.1826709669087176,42.5638498837417,0.1,55,0.6,1.0,1.0,1.0,0.0,,1.0,1.0,0.09285714285714286,33116.160127970106,
test,5087,1.0,B0_SPC_observed,SLOWDOWN,False,1.1826709669087176,5.124273832797681,0.005,55,0.14545454545454545,1.0,1.0,1.0,0.0,,1.0,1.0,0.02142857142857143,33714.34534751845,
test,5087,1.0,B0_SPC_observed,SLOWDOWN,False,1.1826709669087176,5.124273832797681,0.01,55,0.5636363636363636,1.0,1.0,1.0,0.0,,1.0,1.0,0.02142857142857143,33116.160127970106,
test,5087,1.0,B0_SPC_observed,SLOWDOWN,False,1.1826709669087176,5.124273832797681,0.02,55,0.5818181818181818,1.0,1.0,1.0,0.0,,1.0,1.0,0.02857142857142857,33116.160127970106,
test,5087,1.0,B0_SPC_observed,SLOWDOWN,False,1.1826709669087176,5.124273832797681,0.05,55,0.6727272727272727,1.0,1.0,1.0,0.0,,1.0,1.0,0.05714285714285714,33116.160127970106,
test,5087,1.0,B0_SPC_observed,SLOWDOWN,False,1.1826709669087176,5.124273832797681,0.1,55,0.7090909090909091,1.0,1.0,1.0,0.0,,1.0,1.0,0.08571428571428572,33116.160127970106,
test,5087,1.0,B1_IsolationForest,SLOWDOWN,False,1.1826709669087176,0.7784702529546166,0.005,55,0.0,0.0,,,,,0.0,0.0,0.0,,
test,5087,1.0,B1_IsolationForest,SLOWDOWN,False,1.1826709669087176,0.7784702529546166,0.01,55,0.0,0.0,,,,,0.0,0.0,0.0,,
test,5087,1.0,B1_IsolationForest,SLOWDOWN,False,1.1826709669087176,0.7784702529546166,0.02,55,0.0,0.0,,,,,0.0,0.0,0.0,,
test,5087,1.0,B1_IsolationForest,SLOWDOWN,False,1.1826709669087176,0.7784702529546166,0.05,55,0.0,0.0,,,,,0.0,0.0,0.07857142857142857,,
test,5087,1.0,B1_IsolationForest,SLOWDOWN,False,1.1826709669087176,0.7784702529546166,0.1,55,0.0,0.0,,,,,0.0,0.0,0.11428571428571428,,
test,5087,0.75,RippleTwin,SLOWDOWN,True,1.1826709669087176,31.30364205825687,0.005,55,0.0,0.0,,,,,0.0,0.0,0.0,,
test,5087,0.75,RippleTwin,SLOWDOWN,True,1.1826709669087176,31.30364205825687,0.01,55,0.0,0.0,,,,,0.0,0.0,0.0,,
test,5087,0.75,RippleTwin,SLOWDOWN,True,1.1826709669087176,31.30364205825687,0.02,55,0.0,0.0,,,,,0.0,0.0,0.0,,
test,5087,0.75,RippleTwin,SLOWDOWN,True,1.1826709669087176,31.30364205825687,0.05,55,0.0,0.0,,,,,0.0,0.0,0.02857142857142857,,
test,5087,0.75,RippleTwin,SLOWDOWN,True,1.1826709669087176,31.30364205825687,0.1,55,0.0,0.0,,,,,0.0,0.0,0.09285714285714286,,
test,5087,0.75,B2_observed_only_twin,SLOWDOWN,True,1.1826709669087176,31.30364205825687,0.005,55,0.0,0.0,,,,,0.0,0.0,0.0,,
test,5087,0.75,B2_observed_only_twin,SLOWDOWN,True,1.1826709669087176,31.30364205825687,0.01,55,0.0,0.0,,,,,0.0,0.0,0.0,,
test,5087,0.75,B2_observed_only_twin,SLOWDOWN,True,1.1826709669087176,31.30364205825687,0.02,55,0.0,0.0,,,,,0.0,0.0,0.0,,
test,5087,0.75,B2_observed_only_twin,SLOWDOWN,True,1.1826709669087176,31.30364205825687,0.05,55,0.0,0.0,,,,,0.0,0.0,0.02142857142857143,,
test,5087,0.75,B2_observed_only_twin,SLOWDOWN,True,1.1826709669087176,31.30364205825687,0.1,55,0.0,0.0,,,,,0.0,0.0,0.1,,
test,5087,0.75,B0_SPC_observed,SLOWDOWN,True,1.1826709669087176,5.061702559429017,0.005,55,0.0,0.0,,,,,0.0,0.0,0.0,,
test,5087,0.75,B0_SPC_observed,SLOWDOWN,True,1.1826709669087176,5.061702559429017,0.01,55,0.0,0.0,,,,,0.0,0.0,0.0,,
test,5087,0.75,B0_SPC_observed,SLOWDOWN,True,1.1826709669087176,5.061702559429017,0.02,55,0.0,0.0,,,,,0.0,0.0,0.007142857142857143,,
test,5087,0.75,B0_SPC_observed,SLOWDOWN,True,1.1826709669087176,5.061702559429017,0.05,55,0.01818181818181818,1.0,0.0,0.0,13.0,,0.0,0.0,0.02857142857142857,42118.67828426535,
test,5087,0.75,B0_SPC_observed,SLOWDOWN,True,1.1826709669087176,5.061702559429017,0.1,55,0.01818181818181818,1.0,0.0,0.0,13.0,,0.0,0.0,0.05714285714285714,42118.67828426535,
test,5087,0.75,B1_IsolationForest,SLOWDOWN,True,1.1826709669087176,0.7423023198141773,0.005,55,0.0,0.0,,,,,0.0,0.0,0.07857142857142857,,
test,5087,0.75,B1_IsolationForest,SLOWDOWN,True,1.1826709669087176,0.7423023198141773,0.01,55,0.0,0.0,,,,,0.0,0.0,0.07857142857142857,,
test,5087,0.75,B1_IsolationForest,SLOWDOWN,True,1.1826709669087176,0.7423023198141773,0.02,55,0.0,0.0,,,,,0.0,0.0,0.07857142857142857,,
test,5087,0.75,B1_IsolationForest,SLOWDOWN,True,1.1826709669087176,0.7423023198141773,0.05,55,0.0,0.0,,,,,0.0,0.0,0.12857142857142856,,
test,5087,0.75,B1_IsolationForest,SLOWDOWN,True,1.1826709669087176,0.7423023198141773,0.1,55,0.0,0.0,,,,,0.0,0.0,0.17857142857142858,,
test,5087,0.5,RippleTwin,SLOWDOWN,True,1.1826709669087176,39.99294167411538,0.005,55,0.0,0.0,,,,,0.0,0.0,0.0,,
test,5087,0.5,RippleTwin,SLOWDOWN,True,1.1826709669087176,39.99294167411538,0.01,55,0.0,0.0,,,,,0.0,0.0,0.0,,
test,5087,0.5,RippleTwin,SLOWDOWN,True,1.1826709669087176,39.99294167411538,0.02,55,0.0,0.0,,,,,0.0,0.0,0.0,,
test,5087,0.5,RippleTwin,SLOWDOWN,True,1.1826709669087176,39.99294167411538,0.05,55,0.0,0.0,,,,,0.0,0.0,0.014285714285714285,,
test,5087,0.5,RippleTwin,SLOWDOWN,True,1.1826709669087176,39.99294167411538,0.1,55,0.01818181818181818,1.0,0.0,0.0,17.0,,0.0,0.0,0.07142857142857142,38827.474586042576,
test,5087,0.5,B2_observed_only_twin,SLOWDOWN,True,1.1826709669087176,39.987745614480566,0.005,55,0.0,0.0,,,,,0.0,0.0,0.0,,
test,5087,0.5,B2_observed_only_twin,SLOWDOWN,True,1.1826709669087176,39.987745614480566,0.01,55,0.0,0.0,,,,,0.0,0.0,0.0,,
test,5087,0.5,B2_observed_only_twin,SLOWDOWN,True,1.1826709669087176,39.987745614480566,0.02,55,0.0,0.0,,,,,0.0,0.0,0.0,,
test,5087,0.5,B2_observed_only_twin,SLOWDOWN,True,1.1826709669087176,39.987745614480566,0.05,55,0.0,0.0,,,,,0.0,0.0,0.014285714285714285,,
test,5087,0.5,B2_observed_only_twin,SLOWDOWN,True,1.1826709669087176,39.987745614480566,0.1,55,0.01818181818181818,1.0,0.0,0.0,16.0,,0.0,0.0,0.09285714285714286,38827.474586042576,
test,5087,0.5,B0_SPC_observed,SLOWDOWN,True,1.1826709669087176,5.012127239822025,0.005,55,0.0,0.0,,,,,0.0,0.0,0.0,,
test,5087,0.5,B0_SPC_observed,SLOWDOWN,True,1.1826709669087176,5.012127239822025,0.01,55,0.0,0.0,,,,,0.0,0.0,0.0,,
test,5087,0.5,B0_SPC_observed,SLOWDOWN,True,1.1826709669087176,5.012127239822025,0.02,55,0.0,0.0,,,,,0.0,0.0,0.014285714285714285,,
test,5087,0.5,B0_SPC_observed,SLOWDOWN,True,1.1826709669087176,5.012127239822025,0.05,55,0.0,0.0,,,,,0.0,0.0,0.04285714285714286,,
test,5087,0.5,B0_SPC_observed,SLOWDOWN,True,1.1826709669087176,5.012127239822025,0.1,55,0.01818181818181818,1.0,0.0,0.0,24.0,,0.0,0.0,0.07142857142857142,50184.23563691915,
test,5087,0.5,B1_IsolationForest,SLOWDOWN,True,1.1826709669087176,0.7423023198141773,0.005,55,0.0,0.0,,,,,0.0,0.0,0.07857142857142857,,
test,5087,0.5,B1_IsolationForest,SLOWDOWN,True,1.1826709669087176,0.7423023198141773,0.01,55,0.0,0.0,,,,,0.0,0.0,0.07857142857142857,,
test,5087,0.5,B1_IsolationForest,SLOWDOWN,True,1.1826709669087176,0.7423023198141773,0.02,55,0.0,0.0,,,,,0.0,0.0,0.07857142857142857,,
test,5087,0.5,B1_IsolationForest,SLOWDOWN,True,1.1826709669087176,0.7423023198141773,0.05,55,0.0,0.0,,,,,0.0,0.0,0.11428571428571428,,
test,5087,0.5,B1_IsolationForest,SLOWDOWN,True,1.1826709669087176,0.7423023198141773,0.1,55,0.0,0.0,,,,,0.0,0.0,0.16428571428571428,,
test,5087,0.25,RippleTwin,SLOWDOWN,True,1.1826709669087176,23.87887940963418,0.005,55,0.0,0.0,,,,,0.0,0.0,0.0,,
test,5087,0.25,RippleTwin,SLOWDOWN,True,1.1826709669087176,23.87887940963418,0.01,55,0.0,0.0,,,,,0.0,0.0,0.0,,
test,5087,0.25,RippleTwin,SLOWDOWN,True,1.1826709669087176,23.87887940963418,0.02,55,0.0,0.0,,,,,0.0,0.0,0.02857142857142857,,
test,5087,0.25,RippleTwin,SLOWDOWN,True,1.1826709669087176,23.87887940963418,0.05,55,0.0,0.0,,,,,0.0,0.0,0.09285714285714286,,
test,5087,0.25,RippleTwin,SLOWDOWN,True,1.1826709669087176,23.87887940963418,0.1,55,0.03636363636363636,1.0,0.0,0.0,17.0,,0.0,0.0,0.17142857142857143,38547.88477747983,
test,5087,0.25,B2_observed_only_twin,SLOWDOWN,True,1.1826709669087176,23.87066583332845,0.005,55,0.0,0.0,,,,,0.0,0.0,0.0,,
test,5087,0.25,B2_observed_only_twin,SLOWDOWN,True,1.1826709669087176,23.87066583332845,0.01,55,0.0,0.0,,,,,0.0,0.0,0.0,,
test,5087,0.25,B2_observed_only_twin,SLOWDOWN,True,1.1826709669087176,23.87066583332845,0.02,55,0.0,0.0,,,,,0.0,0.0,0.03571428571428571,,
test,5087,0.25,B2_observed_only_twin,SLOWDOWN,True,1.1826709669087176,23.87066583332845,0.05,55,0.0,0.0,,,,,0.0,0.0,0.10714285714285714,,
test,5087,0.25,B2_observed_only_twin,SLOWDOWN,True,1.1826709669087176,23.87066583332845,0.1,55,0.03636363636363636,1.0,0.0,0.0,16.0,,0.0,0.0,0.17142857142857143,38547.88477747983,
test,5087,0.25,B0_SPC_observed,SLOWDOWN,True,1.1826709669087176,4.674774997918179,0.005,55,0.0,0.0,,,,,0.0,0.0,0.0,,
test,5087,0.25,B0_SPC_observed,SLOWDOWN,True,1.1826709669087176,4.674774997918179,0.01,55,0.0,0.0,,,,,0.0,0.0,0.014285714285714285,,
test,5087,0.25,B0_SPC_observed,SLOWDOWN,True,1.1826709669087176,4.674774997918179,0.02,55,0.0,0.0,,,,,0.0,0.0,0.03571428571428571,,
test,5087,0.25,B0_SPC_observed,SLOWDOWN,True,1.1826709669087176,4.674774997918179,0.05,55,0.01818181818181818,1.0,0.0,0.0,24.0,,0.0,0.0,0.05714285714285714,50184.23563691915,
test,5087,0.25,B0_SPC_observed,SLOWDOWN,True,1.1826709669087176,4.674774997918179,0.1,55,0.05454545454545454,1.0,0.0,0.0,24.0,,0.0,0.0,0.1,50184.23563691915,
test,5087,0.25,B1_IsolationForest,SLOWDOWN,True,1.1826709669087176,0.7158774793615637,0.005,55,0.0,0.0,,,,,0.0,0.0,0.0,,
test,5087,0.25,B1_IsolationForest,SLOWDOWN,True,1.1826709669087176,0.7158774793615637,0.01,55,0.0,0.0,,,,,0.0,0.0,0.0,,
test,5087,0.25,B1_IsolationForest,SLOWDOWN,True,1.1826709669087176,0.7158774793615637,0.02,55,0.0,0.0,,,,,0.0,0.0,0.02142857142857143,,
test,5087,0.25,B1_IsolationForest,SLOWDOWN,True,1.1826709669087176,0.7158774793615637,0.05,55,0.0,0.0,,,,,0.0,0.0,0.06428571428571428,,
test,5087,0.25,B1_IsolationForest,SLOWDOWN,True,1.1826709669087176,0.7158774793615637,0.1,55,0.0,0.0,,,,,0.0,0.0,0.08571428571428572,,
test,5088,1.0,RippleTwin,COMBINED,False,1.42501396886687,42.5638498837417,0.005,39,0.8974358974358975,1.0,1.0,1.0,0.0,,1.0,1.0,0.0,30421.239843892756,
test,5088,1.0,RippleTwin,COMBINED,False,1.42501396886687,42.5638498837417,0.01,39,0.9230769230769231,1.0,1.0,1.0,0.0,,1.0,1.0,0.00641025641025641,30421.239843892756,
test,5088,1.0,RippleTwin,COMBINED,False,1.42501396886687,42.5638498837417,0.02,39,0.9230769230769231,1.0,1.0,1.0,0.0,,1.0,1.0,0.00641025641025641,30421.239843892756,
test,5088,1.0,RippleTwin,COMBINED,False,1.42501396886687,42.5638498837417,0.05,39,0.9487179487179487,1.0,1.0,1.0,0.0,,1.0,1.0,0.0641025641025641,30421.239843892756,
test,5088,1.0,RippleTwin,COMBINED,False,1.42501396886687,42.5638498837417,0.1,39,0.9743589743589743,1.0,1.0,1.0,0.0,,1.0,1.0,0.32051282051282054,30421.239843892756,
test,5088,1.0,B2_observed_only_twin,COMBINED,False,1.42501396886687,42.5638498837417,0.005,39,0.8974358974358975,1.0,1.0,1.0,0.0,,1.0,1.0,0.0,30421.239843892756,
test,5088,1.0,B2_observed_only_twin,COMBINED,False,1.42501396886687,42.5638498837417,0.01,39,0.9230769230769231,1.0,1.0,1.0,0.0,,1.0,1.0,0.00641025641025641,30421.239843892756,
test,5088,1.0,B2_observed_only_twin,COMBINED,False,1.42501396886687,42.5638498837417,0.02,39,0.9230769230769231,1.0,1.0,1.0,0.0,,1.0,1.0,0.00641025641025641,30421.239843892756,
test,5088,1.0,B2_observed_only_twin,COMBINED,False,1.42501396886687,42.5638498837417,0.05,39,0.9487179487179487,1.0,1.0,1.0,0.0,,1.0,1.0,0.0641025641025641,30421.239843892756,
test,5088,1.0,B2_observed_only_twin,COMBINED,False,1.42501396886687,42.5638498837417,0.1,39,0.9743589743589743,1.0,1.0,1.0,0.0,,1.0,1.0,0.32051282051282054,30421.239843892756,
test,5088,1.0,B0_SPC_observed,COMBINED,False,1.42501396886687,5.124273832797681,0.005,39,0.8717948717948718,1.0,1.0,1.0,0.0,,1.0,1.0,0.03205128205128205,30421.239843892756,
test,5088,1.0,B0_SPC_observed,COMBINED,False,1.42501396886687,5.124273832797681,0.01,39,0.8717948717948718,1.0,1.0,1.0,0.0,,1.0,1.0,0.04487179487179487,30421.239843892756,
test,5088,1.0,B0_SPC_observed,COMBINED,False,1.42501396886687,5.124273832797681,0.02,39,0.8717948717948718,1.0,1.0,1.0,0.0,,1.0,1.0,0.04487179487179487,30421.239843892756,
test,5088,1.0,B0_SPC_observed,COMBINED,False,1.42501396886687,5.124273832797681,0.05,39,0.8717948717948718,1.0,1.0,1.0,0.0,,1.0,1.0,0.057692307692307696,30421.239843892756,
test,5088,1.0,B0_SPC_observed,COMBINED,False,1.42501396886687,5.124273832797681,0.1,39,0.8717948717948718,1.0,1.0,1.0,0.0,,1.0,1.0,0.07692307692307693,30421.239843892756,
test,5088,1.0,B1_IsolationForest,COMBINED,False,1.42501396886687,0.7784702529546166,0.005,39,0.05128205128205128,1.0,0.0,0.0,7.0,,0.0,0.0,0.08974358974358974,36367.535094887666,
test,5088,1.0,B1_IsolationForest,COMBINED,False,1.42501396886687,0.7784702529546166,0.01,39,0.07692307692307693,1.0,0.0,0.0,7.0,,0.0,0.0,0.09615384615384616,32205.319934577732,
test,5088,1.0,B1_IsolationForest,COMBINED,False,1.42501396886687,0.7784702529546166,0.02,39,0.10256410256410256,1.0,0.0,0.0,7.0,,0.0,0.0,0.11538461538461539,32205.319934577732,
test,5088,1.0,B1_IsolationForest,COMBINED,False,1.42501396886687,0.7784702529546166,0.05,39,0.717948717948718,1.0,0.0,0.0,7.0,,0.0,0.0,0.28205128205128205,31922.761932106772,
test,5088,1.0,B1_IsolationForest,COMBINED,False,1.42501396886687,0.7784702529546166,0.1,39,0.7692307692307693,1.0,0.0,0.0,7.0,,0.0,0.0,0.3333333333333333,31026.112482169036,
test,5088,0.75,RippleTwin,COMBINED,True,1.42501396886687,31.30364205825687,0.005,39,0.9230769230769231,1.0,1.0,1.0,0.0,,1.0,1.0,0.00641025641025641,30421.239843892756,
test,5088,0.75,RippleTwin,COMBINED,True,1.42501396886687,31.30364205825687,0.01,39,0.9230769230769231,1.0,1.0,1.0,0.0,,1.0,1.0,0.00641025641025641,30421.239843892756,
test,5088,0.75,RippleTwin,COMBINED,True,1.42501396886687,31.30364205825687,0.02,39,0.9230769230769231,1.0,1.0,1.0,0.0,,1.0,1.0,0.019230769230769232,30421.239843892756,
test,5088,0.75,RippleTwin,COMBINED,True,1.42501396886687,31.30364205825687,0.05,39,0.9487179487179487,1.0,1.0,1.0,0.0,,1.0,1.0,0.10256410256410256,30421.239843892756,
test,5088,0.75,RippleTwin,COMBINED,True,1.42501396886687,31.30364205825687,0.1,39,0.9743589743589743,1.0,1.0,1.0,0.0,,1.0,1.0,0.2948717948717949,30421.239843892756,
test,5088,0.75,B2_observed_only_twin,COMBINED,True,1.42501396886687,31.30364205825687,0.005,39,0.9230769230769231,1.0,0.0,1.0,1.0,,0.0,1.0,0.0,30421.239843892756,
test,5088,0.75,B2_observed_only_twin,COMBINED,True,1.42501396886687,31.30364205825687,0.01,39,0.9230769230769231,1.0,0.0,1.0,1.0,,0.0,1.0,0.0,30421.239843892756,
test,5088,0.75,B2_observed_only_twin,COMBINED,True,1.42501396886687,31.30364205825687,0.02,39,0.9230769230769231,1.0,0.0,1.0,1.0,,0.0,1.0,0.01282051282051282,30421.239843892756,
test,5088,0.75,B2_observed_only_twin,COMBINED,True,1.42501396886687,31.30364205825687,0.05,39,0.9487179487179487,1.0,0.0,1.0,1.0,,0.0,1.0,0.1346153846153846,30421.239843892756,
test,5088,0.75,B2_observed_only_twin,COMBINED,True,1.42501396886687,31.30364205825687,0.1,39,0.9487179487179487,1.0,0.0,1.0,1.0,,0.0,1.0,0.3269230769230769,30421.239843892756,
test,5088,0.75,B0_SPC_observed,COMBINED,True,1.42501396886687,5.061702559429017,0.005,39,0.0,0.0,,,,,0.0,0.0,0.038461538461538464,,
test,5088,0.75,B0_SPC_observed,COMBINED,True,1.42501396886687,5.061702559429017,0.01,39,0.0,0.0,,,,,0.0,0.0,0.038461538461538464,,
test,5088,0.75,B0_SPC_observed,COMBINED,True,1.42501396886687,5.061702559429017,0.02,39,0.0,0.0,,,,,0.0,0.0,0.038461538461538464,,
test,5088,0.75,B0_SPC_observed,COMBINED,True,1.42501396886687,5.061702559429017,0.05,39,0.0,0.0,,,,,0.0,0.0,0.05128205128205128,,
test,5088,0.75,B0_SPC_observed,COMBINED,True,1.42501396886687,5.061702559429017,0.1,39,0.0,0.0,,,,,0.0,0.0,0.07051282051282051,,
test,5088,0.75,B1_IsolationForest,COMBINED,True,1.42501396886687,0.7423023198141773,0.005,39,0.6153846153846154,1.0,0.0,0.0,7.0,,0.0,0.0,0.038461538461538464,31922.761932106772,
test,5088,0.75,B1_IsolationForest,COMBINED,True,1.42501396886687,0.7423023198141773,0.01,39,0.717948717948718,1.0,0.0,0.0,7.0,,0.0,0.0,0.04487179487179487,31922.761932106772,
test,5088,0.75,B1_IsolationForest,COMBINED,True,1.42501396886687,0.7423023198141773,0.02,39,0.8205128205128205,1.0,0.0,0.0,7.0,,0.0,0.0,0.0641025641025641,31922.761932106772,
test,5088,0.75,B1_IsolationForest,COMBINED,True,1.42501396886687,0.7423023198141773,0.05,39,0.8205128205128205,1.0,0.0,0.0,7.0,,0.0,0.0,0.10897435897435898,31026.112482169036,
test,5088,0.75,B1_IsolationForest,COMBINED,True,1.42501396886687,0.7423023198141773,0.1,39,0.8205128205128205,1.0,0.0,0.0,7.0,,0.0,0.0,0.21153846153846154,30716.256615502563,
test,5088,0.5,RippleTwin,COMBINED,True,1.42501396886687,39.99294167411538,0.005,39,0.8974358974358975,1.0,1.0,1.0,0.0,,1.0,1.0,0.00641025641025641,30421.239843892756,
test,5088,0.5,RippleTwin,COMBINED,True,1.42501396886687,39.99294167411538,0.01,39,0.9230769230769231,1.0,1.0,1.0,0.0,,1.0,1.0,0.00641025641025641,30421.239843892756,
test,5088,0.5,RippleTwin,COMBINED,True,1.42501396886687,39.99294167411538,0.02,39,0.9230769230769231,1.0,1.0,1.0,0.0,,1.0,1.0,0.04487179487179487,30421.239843892756,
test,5088,0.5,RippleTwin,COMBINED,True,1.42501396886687,39.99294167411538,0.05,39,0.9487179487179487,1.0,1.0,1.0,0.0,,1.0,1.0,0.2692307692307692,30421.239843892756,
test,5088,0.5,RippleTwin,COMBINED,True,1.42501396886687,39.99294167411538,0.1,39,0.9743589743589743,1.0,0.9736842105263158,0.9736842105263158,0.0,,1.0,1.0,0.391025641025641,30421.239843892756,
test,5088,0.5,B2_observed_only_twin,COMBINED,True,1.42501396886687,39.987745614480566,0.005,39,0.8974358974358975,1.0,0.0,1.0,1.0,,0.0,1.0,0.00641025641025641,30421.239843892756,
test,5088,0.5,B2_observed_only_twin,COMBINED,True,1.42501396886687,39.987745614480566,0.01,39,0.9230769230769231,1.0,0.0,1.0,1.0,,0.0,1.0,0.00641025641025641,30421.239843892756,
test,5088,0.5,B2_observed_only_twin,COMBINED,True,1.42501396886687,39.987745614480566,0.02,39,0.9230769230769231,1.0,0.0,1.0,1.0,,0.0,1.0,0.03205128205128205,30421.239843892756,
test,5088,0.5,B2_observed_only_twin,COMBINED,True,1.42501396886687,39.987745614480566,0.05,39,0.9487179487179487,1.0,0.0,1.0,1.0,,0.0,1.0,0.28205128205128205,30421.239843892756,
test,5088,0.5,B2_observed_only_twin,COMBINED,True,1.42501396886687,39.987745614480566,0.1,39,0.9487179487179487,1.0,0.0,1.0,1.0,,0.0,1.0,0.3974358974358974,30421.239843892756,
test,5088,0.5,B0_SPC_observed,COMBINED,True,1.42501396886687,5.012127239822025,0.005,39,0.0,0.0,,,,,0.0,0.0,0.019230769230769232,,
test,5088,0.5,B0_SPC_observed,COMBINED,True,1.42501396886687,5.012127239822025,0.01,39,0.0,0.0,,,,,0.0,0.0,0.019230769230769232,,
test,5088,0.5,B0_SPC_observed,COMBINED,True,1.42501396886687,5.012127239822025,0.02,39,0.0,0.0,,,,,0.0,0.0,0.019230769230769232,,
test,5088,0.5,B0_SPC_observed,COMBINED,True,1.42501396886687,5.012127239822025,0.05,39,0.0,0.0,,,,,0.0,0.0,0.04487179487179487,,
test,5088,0.5,B0_SPC_observed,COMBINED,True,1.42501396886687,5.012127239822025,0.1,39,0.0,0.0,,,,,0.0,0.0,0.07692307692307693,,
test,5088,0.5,B1_IsolationForest,COMBINED,True,1.42501396886687,0.7423023198141773,0.005,39,0.4358974358974359,1.0,0.0,0.0,15.0,,0.0,0.0,0.05128205128205128,40660.40981936888,
test,5088,0.5,B1_IsolationForest,COMBINED,True,1.42501396886687,0.7423023198141773,0.01,39,0.5897435897435898,1.0,0.0,0.0,15.0,,0.0,0.0,0.057692307692307696,34208.05892238684,
test,5088,0.5,B1_IsolationForest,COMBINED,True,1.42501396886687,0.7423023198141773,0.02,39,0.717948717948718,1.0,0.0,0.0,15.0,,0.0,0.0,0.07692307692307693,32819.06120777547,
test,5088,0.5,B1_IsolationForest,COMBINED,True,1.42501396886687,0.7423023198141773,0.05,39,0.9743589743589743,1.0,0.0,0.0,6.0,,0.0,0.0,0.09615384615384616,30716.256615502563,
test,5088,0.5,B1_IsolationForest,COMBINED,True,1.42501396886687,0.7423023198141773,0.1,39,0.9743589743589743,1.0,0.0,0.0,6.0,,0.0,0.0,0.17307692307692307,30716.256615502563,
test,5088,0.25,RippleTwin,COMBINED,True,1.42501396886687,23.87887940963418,0.005,39,0.717948717948718,1.0,0.5357142857142857,0.6071428571428571,0.0,,1.0,1.0,0.0,30421.239843892756,
test,5088,0.25,RippleTwin,COMBINED,True,1.42501396886687,23.87887940963418,0.01,39,0.717948717948718,1.0,0.5357142857142857,0.6071428571428571,0.0,,1.0,1.0,0.0,30421.239843892756,
test,5088,0.25,RippleTwin,COMBINED,True,1.42501396886687,23.87887940963418,0.02,39,0.7435897435897436,1.0,0.5517241379310345,0.6206896551724138,0.0,,1.0,1.0,0.14102564102564102,30421.239843892756,
test,5088,0.25,RippleTwin,COMBINED,True,1.42501396886687,23.87887940963418,0.05,39,0.7692307692307693,1.0,0.5666666666666667,0.6333333333333333,0.0,,1.0,1.0,0.27564102564102566,30421.239843892756,
test,5088,0.25,RippleTwin,COMBINED,True,1.42501396886687,23.87887940963418,0.1,39,0.7692307692307693,1.0,0.5666666666666667,0.6333333333333333,0.0,,1.0,1.0,0.3333333333333333,30421.239843892756,
test,5088,0.25,B2_observed_only_twin,COMBINED,True,1.42501396886687,23.87066583332845,0.005,39,0.9230769230769231,1.0,0.0,1.0,1.0,,0.0,1.0,0.0,30421.239843892756,
test,5088,0.25,B2_observed_only_twin,COMBINED,True,1.42501396886687,23.87066583332845,0.01,39,0.9230769230769231,1.0,0.0,1.0,1.0,,0.0,1.0,0.0,30421.239843892756,
test,5088,0.25,B2_observed_only_twin,COMBINED,True,1.42501396886687,23.87066583332845,0.02,39,0.9487179487179487,1.0,0.0,1.0,1.0,,0.0,1.0,0.1282051282051282,30421.239843892756,
test,5088,0.25,B2_observed_only_twin,COMBINED,True,1.42501396886687,23.87066583332845,0.05,39,0.9743589743589743,1.0,0.0,1.0,1.0,,0.0,1.0,0.28205128205128205,30421.239843892756,
test,5088,0.25,B2_observed_only_twin,COMBINED,True,1.42501396886687,23.87066583332845,0.1,39,0.9743589743589743,1.0,0.0,1.0,1.0,,0.0,1.0,0.3782051282051282,30421.239843892756,
test,5088,0.25,B0_SPC_observed,COMBINED,True,1.42501396886687,4.674774997918179,0.005,39,0.0,0.0,,,,,0.0,0.0,0.019230769230769232,,
test,5088,0.25,B0_SPC_observed,COMBINED,True,1.42501396886687,4.674774997918179,0.01,39,0.0,0.0,,,,,0.0,0.0,0.019230769230769232,,
test,5088,0.25,B0_SPC_observed,COMBINED,True,1.42501396886687,4.674774997918179,0.02,39,0.0,0.0,,,,,0.0,0.0,0.02564102564102564,,
test,5088,0.25,B0_SPC_observed,COMBINED,True,1.42501396886687,4.674774997918179,0.05,39,0.0,0.0,,,,,0.0,0.0,0.05128205128205128,,
test,5088,0.25,B0_SPC_observed,COMBINED,True,1.42501396886687,4.674774997918179,0.1,39,0.05128205128205128,1.0,0.0,0.0,6.0,,0.0,0.0,0.07692307692307693,45041.277359946704,
test,5088,0.25,B1_IsolationForest,COMBINED,True,1.42501396886687,0.7158774793615637,0.005,39,0.7435897435897436,1.0,0.0,0.0,6.0,,0.0,0.0,0.0,31026.112482169036,
test,5088,0.25,B1_IsolationForest,COMBINED,True,1.42501396886687,0.7158774793615637,0.01,39,0.8205128205128205,1.0,0.0,0.0,6.0,,0.0,0.0,0.0,30716.256615502563,
test,5088,0.25,B1_IsolationForest,COMBINED,True,1.42501396886687,0.7158774793615637,0.02,39,0.8717948717948718,1.0,0.0,0.0,6.0,,0.0,0.0,0.00641025641025641,30716.256615502563,
test,5088,0.25,B1_IsolationForest,COMBINED,True,1.42501396886687,0.7158774793615637,0.05,39,0.8974358974358975,1.0,0.0,0.0,6.0,,0.0,0.0,0.04487179487179487,30716.256615502563,
test,5088,0.25,B1_IsolationForest,COMBINED,True,1.42501396886687,0.7158774793615637,0.1,39,0.8974358974358975,1.0,0.0,0.0,6.0,,0.0,0.0,0.0641025641025641,30716.256615502563,
test,5089,1.0,RippleTwin,COMBINED,False,1.1621656533914013,42.5638498837417,0.005,82,0.06097560975609756,1.0,0.0,0.0,16.0,,0.0,0.0,0.0,38513.81776412976,
test,5089,1.0,RippleTwin,COMBINED,False,1.1621656533914013,42.5638498837417,0.01,82,0.10975609756097561,1.0,0.3333333333333333,0.3333333333333333,16.0,311.2381189271808,0.0,0.0,0.0,32817.589070943286,32817.589070943286
test,5089,1.0,RippleTwin,COMBINED,False,1.1621656533914013,42.5638498837417,0.02,82,0.2804878048780488,1.0,0.6956521739130435,0.6956521739130435,0.0,366.25020021809814,1.0,1.0,0.0,29516.864193488243,29516.864193488243
test,5089,1.0,RippleTwin,COMBINED,False,1.1621656533914013,42.5638498837417,0.05,82,0.6341463414634146,1.0,0.8461538461538461,0.8461538461538461,0.0,486.23536965818306,1.0,1.0,0.0,22317.75402708315,22317.75402708315
test,5089,1.0,RippleTwin,COMBINED,False,1.1621656533914013,42.5638498837417,0.1,82,0.7926829268292683,1.0,0.8769230769230769,0.8769230769230769,0.0,511.2971628607925,1.0,1.0,0.07079646017699115,20814.046434926582,20814.046434926582
test,5089,1.0,B2_observed_only_twin,COMBINED,False,1.1621656533914013,42.5638498837417,0.005,82,0.06097560975609756,1.0,0.0,0.0,16.0,,0.0,0.0,0.0,38513.81776412976,
test,5089,1.0,B2_observed_only_twin,COMBINED,False,1.1621656533914013,42.5638498837417,0.01,82,0.10975609756097561,1.0,0.3333333333333333,0.3333333333333333,16.0,311.2381189271808,0.0,0.0,0.0,32817.589070943286,32817.589070943286
test,5089,1.0,B2_observed_only_twin,COMBINED,False,1.1621656533914013,42.5638498837417,0.02,82,0.2804878048780488,1.0,0.6956521739130435,0.6956521739130435,0.0,366.25020021809814,1.0,1.0,0.0,29516.864193488243,29516.864193488243
test,5089,1.0,B2_observed_only_twin,COMBINED,False,1.1621656533914013,42.5638498837417,0.05,82,0.6341463414634146,1.0,0.8461538461538461,0.8461538461538461,0.0,486.23536965818306,1.0,1.0,0.0,22317.75402708315,22317.75402708315
test,5089,1.0,B2_observed_only_twin,COMBINED,False,1.1621656533914013,42.5638498837417,0.1,82,0.7926829268292683,1.0,0.8769230769230769,0.8769230769230769,0.0,511.2971628607925,1.0,1.0,0.07079646017699115,20814.046434926582,20814.046434926582
test,5089,1.0,B0_SPC_observed,COMBINED,False,1.1621656533914013,5.124273832797681,0.005,82,0.17073170731707318,1.0,1.0,1.0,0.0,366.25020021809814,1.0,1.0,0.0,29516.864193488243,29516.864193488243
test,5089,1.0,B0_SPC_observed,COMBINED,False,1.1621656533914013,5.124273832797681,0.01,82,0.3780487804878049,1.0,1.0,1.0,0.0,481.3947557875244,1.0,1.0,0.0,22608.19085932267,22608.19085932267
test,5089,1.0,B0_SPC_observed,COMBINED,False,1.1621656533914013,5.124273832797681,0.02,82,0.4268292682926829,1.0,1.0,1.0,0.0,481.3947557875244,1.0,1.0,0.0,22608.19085932267,22608.19085932267
test,5089,1.0,B0_SPC_observed,COMBINED,False,1.1621656533914013,5.124273832797681,0.05,82,0.5487804878048781,1.0,1.0,1.0,0.0,486.23536965818306,1.0,1.0,0.0,22317.75402708315,22317.75402708315
test,5089,1.0,B0_SPC_observed,COMBINED,False,1.1621656533914013,5.124273832797681,0.1,82,0.6829268292682927,1.0,1.0,1.0,0.0,491.1439091268477,1.0,1.0,0.017699115044247787,22023.24165896327,22023.24165896327
test,5089,1.0,B1_IsolationForest,COMBINED,False,1.1621656533914013,0.7784702529546166,0.005,82,0.0,0.0,,,,,0.0,0.0,0.0,,
test,5089,1.0,B1_IsolationForest,COMBINED,False,1.1621656533914013,0.7784702529546166,0.01,82,0.0,0.0,,,,,0.0,0.0,0.0,,
test,5089,1.0,B1_IsolationForest,COMBINED,False,1.1621656533914013,0.7784702529546166,0.02,82,0.0,0.0,,,,,0.0,0.0,0.0,,
test,5089,1.0,B1_IsolationForest,COMBINED,False,1.1621656533914013,0.7784702529546166,0.05,82,0.0975609756097561,1.0,0.0,0.625,1.0,476.2175163153853,0.0,1.0,0.09734513274336283,22918.825227651014,22918.825227651014
test,5089,1.0,B1_IsolationForest,COMBINED,False,1.1621656533914013,0.7784702529546166,0.1,82,0.5853658536585366,1.0,0.0,0.875,1.0,491.1439091268477,0.0,1.0,0.1504424778761062,22023.24165896327,22023.24165896327
test,5089,0.75,RippleTwin,COMBINED,True,1.1621656533914013,31.30364205825687,0.005,82,0.08536585365853659,1.0,0.0,0.14285714285714285,16.0,301.35838968866847,0.0,0.0,0.0,33410.372825254024,33410.372825254024
test,5089,0.75,RippleTwin,COMBINED,True,1.1621656533914013,31.30364205825687,0.01,82,0.10975609756097561,1.0,0.1111111111111111,0.3333333333333333,16.0,311.2381189271808,0.0,0.0,0.0,32817.589070943286,32817.589070943286
test,5089,0.75,RippleTwin,COMBINED,True,1.1621656533914013,31.30364205825687,0.02,82,0.18292682926829268,1.0,0.26666666666666666,0.6,1.0,441.31055792322223,0.0,1.0,0.0,25013.2427311808,25013.2427311808
test,5089,0.75,RippleTwin,COMBINED,True,1.1621656533914013,31.30364205825687,0.05,82,0.4268292682926829,1.0,0.5142857142857142,0.7714285714285715,0.0,476.2175163153853,1.0,1.0,0.0,22918.825227651014,22918.825227651014
test,5089,0.75,RippleTwin,COMBINED,True,1.1621656533914013,31.30364205825687,0.1,82,0.6463414634146342,1.0,0.5849056603773585,0.8301886792452831,0.0,491.1439091268477,1.0,1.0,0.04424778761061947,22023.24165896327,22023.24165896327
test,5089,0.75,B2_observed_only_twin,COMBINED,True,1.1621656533914013,31.30364205825687,0.005,82,0.08536585365853659,1.0,0.0,0.14285714285714285,16.0,301.35838968866847,0.0,0.0,0.0,33410.372825254024,33410.372825254024
test,5089,0.75,B2_observed_only_twin,COMBINED,True,1.1621656533914013,31.30364205825687,0.01,82,0.08536585365853659,1.0,0.0,0.14285714285714285,16.0,301.35838968866847,0.0,0.0,0.0,33410.372825254024,33410.372825254024
test,5089,0.75,B2_observed_only_twin,COMBINED,True,1.1621656533914013,31.30364205825687,0.02,82,0.1951219512195122,1.0,0.0,0.5625,1.0,441.31055792322223,0.0,1.0,0.0,25013.2427311808,25013.2427311808
test,5089,0.75,B2_observed_only_twin,COMBINED,True,1.1621656533914013,31.30364205825687,0.05,82,0.45121951219512196,1.0,0.0,0.7837837837837838,1.0,476.2175163153853,0.0,1.0,0.008849557522123894,22918.825227651014,22918.825227651014
test,5089,0.75,B2_observed_only_twin,COMBINED,True,1.1621656533914013,31.30364205825687,0.1,82,0.6341463414634146,1.0,0.0,0.8269230769230769,1.0,511.2971628607925,0.0,1.0,0.061946902654867256,20814.046434926582,20814.046434926582
test,5089,0.75,B0_SPC_observed,COMBINED,True,1.1621656533914013,5.061702559429017,0.005,82,0.0,0.0,,,,,0.0,0.0,0.0,,
test,5089,0.75,B0_SPC_observed,COMBINED,True,1.1621656533914013,5.061702559429017,0.01,82,0.0,0.0,,,,,0.0,0.0,0.0,,
test,5089,0.75,B0_SPC_observed,COMBINED,True,1.1621656533914013,5.061702559429017,0.02,82,0.0,0.0,,,,,0.0,0.0,0.0,,
test,5089,0.75,B0_SPC_observed,COMBINED,True,1.1621656533914013,5.061702559429017,0.05,82,0.0,0.0,,,,,0.0,0.0,0.0,,
test,5089,0.75,B0_SPC_observed,COMBINED,True,1.1621656533914013,5.061702559429017,0.1,82,0.0,0.0,,,,,0.0,0.0,0.008849557522123894,,
test,5089,0.75,B1_IsolationForest,COMBINED,True,1.1621656533914013,0.7423023198141773,0.005,82,0.07317073170731707,1.0,0.0,0.5,8.5,376.24921624480277,0.0,1.0,0.09734513274336283,28916.923231885965,28916.923231885965
test,5089,0.75,B1_IsolationForest,COMBINED,True,1.1621656533914013,0.7423023198141773,0.01,82,0.21951219512195122,1.0,0.0,0.8333333333333334,1.0,486.23536965818306,0.0,1.0,0.09734513274336283,22317.75402708315,22317.75402708315
test,5089,0.75,B1_IsolationForest,COMBINED,True,1.1621656533914013,0.7423023198141773,0.02,82,0.36585365853658536,1.0,0.0,0.8666666666666667,1.0,491.1439091268477,0.0,1.0,0.09734513274336283,22023.24165896327,22023.24165896327
test,5089,0.75,B1_IsolationForest,COMBINED,True,1.1621656533914013,0.7423023198141773,0.05,82,0.5853658536585366,1.0,0.0,0.875,1.0,491.1439091268477,0.0,1.0,0.1504424778761062,22023.24165896327,22023.24165896327
test,5089,0.75,B1_IsolationForest,COMBINED,True,1.1621656533914013,0.7423023198141773,0.1,82,0.6463414634146342,1.0,0.0,0.8301886792452831,1.0,491.1439091268477,0.0,1.0,0.23008849557522124,22023.24165896327,22023.24165896327
test,5089,0.5,RippleTwin,COMBINED,True,1.1621656533914013,39.99294167411538,0.005,82,0.07317073170731707,1.0,0.0,0.0,16.5,,0.0,0.0,0.0,38513.81776412976,
test,5089,0.5,RippleTwin,COMBINED,True,1.1621656533914013,39.99294167411538,0.01,82,0.07317073170731707,1.0,0.0,0.0,16.5,,0.0,0.0,0.0,38513.81776412976,
test,5089,0.5,RippleTwin,COMBINED,True,1.1621656533914013,39.99294167411538,0.02,82,0.07317073170731707,1.0,0.0,0.0,16.5,,0.0,0.0,0.0,38513.81776412976,
test,5089,0.5,RippleTwin,COMBINED,True,1.1621656533914013,39.99294167411538,0.05,82,0.17073170731707318,1.0,0.0,0.0,16.0,,0.0,0.0,0.0,32219.980487329103,
test,5089,0.5,RippleTwin,COMBINED,True,1.1621656533914013,39.99294167411538,0.1,82,0.2682926829268293,1.0,0.0,0.0,4.0,,0.0,0.0,0.02654867256637168,30720.4822551632,
test,5089,0.5,B2_observed_only_twin,COMBINED,True,1.1621656533914013,39.987745614480566,0.005,82,0.07317073170731707,1.0,0.0,0.0,16.0,,0.0,0.0,0.0,38513.81776412976,
test,5089,0.5,B2_observed_only_twin,COMBINED,True,1.1621656533914013,39.987745614480566,0.01,82,0.07317073170731707,1.0,0.0,0.0,16.0,,0.0,0.0,0.0,38513.81776412976,
test,5089,0.5,B2_observed_only_twin,COMBINED,True,1.1621656533914013,39.987745614480566,0.02,82,0.07317073170731707,1.0,0.0,0.0,16.0,,0.0,0.0,0.0,38513.81776412976,
test,5089,0.5,B2_observed_only_twin,COMBINED,True,1.1621656533914013,39.987745614480566,0.05,82,0.1951219512195122,1.0,0.0,0.0,10.0,,0.0,0.0,0.0,31920.78406225111,
test,5089,0.5,B2_observed_only_twin,COMBINED,True,1.1621656533914013,39.987745614480566,0.1,82,0.2926829268292683,1.0,0.0,0.0,4.0,,0.0,0.0,0.02654867256637168,30424.797783786682,
test,5089,0.5,B0_SPC_observed,COMBINED,True,1.1621656533914013,5.012127239822025,0.005,82,0.0,0.0,,,,,0.0,0.0,0.0,,
test,5089,0.5,B0_SPC_observed,COMBINED,True,1.1621656533914013,5.012127239822025,0.01,82,0.0,0.0,,,,,0.0,0.0,0.0,,
test,5089,0.5,B0_SPC_observed,COMBINED,True,1.1621656533914013,5.012127239822025,0.02,82,0.0,0.0,,,,,0.0,0.0,0.0,,
test,5089,0.5,B0_SPC_observed,COMBINED,True,1.1621656533914013,5.012127239822025,0.05,82,0.0,0.0,,,,,0.0,0.0,0.0,,
test,5089,0.5,B0_SPC_observed,COMBINED,True,1.1621656533914013,5.012127239822025,0.1,82,0.0,0.0,,,,,0.0,0.0,0.008849557522123894,,
test,5089,0.5,B1_IsolationForest,COMBINED,True,1.1621656533914013,0.7423023198141773,0.005,82,0.036585365853658534,1.0,0.0,0.0,16.0,,0.0,0.0,0.09734513274336283,38513.81776412976,
test,5089,0.5,B1_IsolationForest,COMBINED,True,1.1621656533914013,0.7423023198141773,0.01,82,0.036585365853658534,1.0,0.0,0.0,16.0,,0.0,0.0,0.09734513274336283,38513.81776412976,
test,5089,0.5,B1_IsolationForest,COMBINED,True,1.1621656533914013,0.7423023198141773,0.02,82,0.036585365853658534,1.0,0.0,0.0,16.0,,0.0,0.0,0.09734513274336283,38513.81776412976,
test,5089,0.5,B1_IsolationForest,COMBINED,True,1.1621656533914013,0.7423023198141773,0.05,82,0.18292682926829268,1.0,0.0,0.0,4.0,,0.0,0.0,0.1504424778761062,30424.797783786682,
test,5089,0.5,B1_IsolationForest,COMBINED,True,1.1621656533914013,0.7423023198141773,0.1,82,0.5,1.0,0.0,0.0,2.0,,0.0,0.0,0.17699115044247787,25317.035261179462,
test,5089,0.25,RippleTwin,COMBINED,True,1.1621656533914013,23.87887940963418,0.005,82,0.07317073170731707,1.0,0.0,0.0,16.5,,0.0,0.0,0.0,38513.81776412976,
test,5089,0.25,RippleTwin,COMBINED,True,1.1621656533914013,23.87887940963418,0.01,82,0.07317073170731707,1.0,0.0,0.0,16.5,,0.0,0.0,0.0,38513.81776412976,
test,5089,0.25,RippleTwin,COMBINED,True,1.1621656533914013,23.87887940963418,0.02,82,0.08536585365853659,1.0,0.0,0.0,16.0,,0.0,0.0,0.008849557522123894,38513.81776412976,
test,5089,0.25,RippleTwin,COMBINED,True,1.1621656533914013,23.87887940963418,0.05,82,0.0975609756097561,1.0,0.0,0.0,16.0,,0.0,0.0,0.035398230088495575,38513.81776412976,
test,5089,0.25,RippleTwin,COMBINED,True,1.1621656533914013,23.87887940963418,0.1,82,0.10975609756097561,1.0,0.0,0.0,16.0,,0.0,0.0,0.09734513274336283,27117.296433944353,
test,5089,0.25,B2_observed_only_twin,COMBINED,True,1.1621656533914013,23.87066583332845,0.005,82,0.07317073170731707,1.0,0.0,0.0,16.0,,0.0,0.0,0.0,38513.81776412976,
test,5089,0.25,B2_observed_only_twin,COMBINED,True,1.1621656533914013,23.87066583332845,0.01,82,0.07317073170731707,1.0,0.0,0.0,16.0,,0.0,0.0,0.0,38513.81776412976,
test,5089,0.25,B2_observed_only_twin,COMBINED,True,1.1621656533914013,23.87066583332845,0.02,82,0.08536585365853659,1.0,0.0,0.0,16.0,,0.0,0.0,0.008849557522123894,38513.81776412976,
test,5089,0.25,B2_observed_only_twin,COMBINED,True,1.1621656533914013,23.87066583332845,0.05,82,0.0975609756097561,1.0,0.0,0.0,16.0,,0.0,0.0,0.05309734513274336,38513.81776412976,
test,5089,0.25,B2_observed_only_twin,COMBINED,True,1.1621656533914013,23.87066583332845,0.1,82,0.0975609756097561,1.0,0.0,0.0,16.0,,0.0,0.0,0.09734513274336283,38513.81776412976,
test,5089,0.25,B0_SPC_observed,COMBINED,True,1.1621656533914013,4.674774997918179,0.005,82,0.0,0.0,,,,,0.0,0.0,0.0,,
test,5089,0.25,B0_SPC_observed,COMBINED,True,1.1621656533914013,4.674774997918179,0.01,82,0.0,0.0,,,,,0.0,0.0,0.0,,
test,5089,0.25,B0_SPC_observed,COMBINED,True,1.1621656533914013,4.674774997918179,0.02,82,0.0,0.0,,,,,0.0,0.0,0.0,,
test,5089,0.25,B0_SPC_observed,COMBINED,True,1.1621656533914013,4.674774997918179,0.05,82,0.0,0.0,,,,,0.0,0.0,0.0,,
test,5089,0.25,B0_SPC_observed,COMBINED,True,1.1621656533914013,4.674774997918179,0.1,82,0.012195121951219513,1.0,0.0,0.0,24.0,,0.0,0.0,0.008849557522123894,37312.18838338957,
test,5089,0.25,B1_IsolationForest,COMBINED,True,1.1621656533914013,0.7158774793615637,0.005,82,0.036585365853658534,1.0,0.0,0.0,16.0,,0.0,0.0,0.0,38513.81776412976,
test,5089,0.25,B1_IsolationForest,COMBINED,True,1.1621656533914013,0.7158774793615637,0.01,82,0.036585365853658534,1.0,0.0,0.0,16.0,,0.0,0.0,0.0,38513.81776412976,
test,5089,0.25,B1_IsolationForest,COMBINED,True,1.1621656533914013,0.7158774793615637,0.02,82,0.036585365853658534,1.0,0.0,0.0,16.0,,0.0,0.0,0.017699115044247787,38513.81776412976,
test,5089,0.25,B1_IsolationForest,COMBINED,True,1.1621656533914013,0.7158774793615637,0.05,82,0.036585365853658534,1.0,0.0,0.0,16.0,,0.0,0.0,0.017699115044247787,38513.81776412976,
test,5089,0.25,B1_IsolationForest,COMBINED,True,1.1621656533914013,0.7158774793615637,0.1,82,0.13414634146341464,1.0,0.0,0.0,11.0,,0.0,0.0,0.017699115044247787,22317.75402708315,
test,5090,1.0,RippleTwin,SLOWDOWN,False,1.2275352675419855,42.5638498837417,0.005,42,0.0,0.0,,,,,0.0,0.0,0.013422818791946308,,
test,5090,1.0,RippleTwin,SLOWDOWN,False,1.2275352675419855,42.5638498837417,0.01,42,0.07142857142857142,1.0,1.0,1.0,0.0,,1.0,1.0,0.020134228187919462,18113.850052852413,
test,5090,1.0,RippleTwin,SLOWDOWN,False,1.2275352675419855,42.5638498837417,0.02,42,0.19047619047619047,1.0,1.0,1.0,0.0,,1.0,1.0,0.03355704697986577,18113.850052852413,
test,5090,1.0,RippleTwin,SLOWDOWN,False,1.2275352675419855,42.5638498837417,0.05,42,0.40476190476190477,1.0,1.0,1.0,0.0,,1.0,1.0,0.06040268456375839,18113.850052852413,
test,5090,1.0,RippleTwin,SLOWDOWN,False,1.2275352675419855,42.5638498837417,0.1,42,0.4523809523809524,1.0,1.0,1.0,0.0,,1.0,1.0,0.087248322147651,18113.850052852413,
test,5090,1.0,B2_observed_only_twin,SLOWDOWN,False,1.2275352675419855,42.5638498837417,0.005,42,0.0,0.0,,,,,0.0,0.0,0.013422818791946308,,
test,5090,1.0,B2_observed_only_twin,SLOWDOWN,False,1.2275352675419855,42.5638498837417,0.01,42,0.07142857142857142,1.0,1.0,1.0,0.0,,1.0,1.0,0.020134228187919462,18113.850052852413,
test,5090,1.0,B2_observed_only_twin,SLOWDOWN,False,1.2275352675419855,42.5638498837417,0.02,42,0.19047619047619047,1.0,1.0,1.0,0.0,,1.0,1.0,0.03355704697986577,18113.850052852413,
test,5090,1.0,B2_observed_only_twin,SLOWDOWN,False,1.2275352675419855,42.5638498837417,0.05,42,0.40476190476190477,1.0,1.0,1.0,0.0,,1.0,1.0,0.06040268456375839,18113.850052852413,
test,5090,1.0,B2_observed_only_twin,SLOWDOWN,False,1.2275352675419855,42.5638498837417,0.1,42,0.4523809523809524,1.0,1.0,1.0,0.0,,1.0,1.0,0.087248322147651,18113.850052852413,
test,5090,1.0,B0_SPC_observed,SLOWDOWN,False,1.2275352675419855,5.124273832797681,0.005,42,0.38095238095238093,1.0,1.0,1.0,0.0,,1.0,1.0,0.053691275167785234,18113.850052852413,
test,5090,1.0,B0_SPC_observed,SLOWDOWN,False,1.2275352675419855,5.124273832797681,0.01,42,0.38095238095238093,1.0,1.0,1.0,0.0,,1.0,1.0,0.06040268456375839,18113.850052852413,
test,5090,1.0,B0_SPC_observed,SLOWDOWN,False,1.2275352675419855,5.124273832797681,0.02,42,0.38095238095238093,1.0,1.0,1.0,0.0,,1.0,1.0,0.06040268456375839,18113.850052852413,
test,5090,1.0,B0_SPC_observed,SLOWDOWN,False,1.2275352675419855,5.124273832797681,0.05,42,0.40476190476190477,1.0,0.9411764705882353,0.9411764705882353,0.0,,1.0,1.0,0.06711409395973154,18113.850052852413,
test,5090,1.0,B0_SPC_observed,SLOWDOWN,False,1.2275352675419855,5.124273832797681,0.1,42,0.40476190476190477,1.0,0.9411764705882353,0.9411764705882353,0.0,,1.0,1.0,0.06711409395973154,18113.850052852413,
test,5090,1.0,B1_IsolationForest,SLOWDOWN,False,1.2275352675419855,0.7784702529546166,0.005,42,0.0,0.0,,,,,0.0,0.0,0.0,,
test,5090,1.0,B1_IsolationForest,SLOWDOWN,False,1.2275352675419855,0.7784702529546166,0.01,42,0.0,0.0,,,,,0.0,0.0,0.0,,
test,5090,1.0,B1_IsolationForest,SLOWDOWN,False,1.2275352675419855,0.7784702529546166,0.02,42,0.0,0.0,,,,,0.0,0.0,0.0,,
test,5090,1.0,B1_IsolationForest,SLOWDOWN,False,1.2275352675419855,0.7784702529546166,0.05,42,0.0,0.0,,,,,0.0,0.0,0.06711409395973154,,
test,5090,1.0,B1_IsolationForest,SLOWDOWN,False,1.2275352675419855,0.7784702529546166,0.1,42,0.3333333333333333,1.0,1.0,1.0,0.0,,1.0,1.0,0.12080536912751678,18113.850052852413,
test,5090,0.75,RippleTwin,SLOWDOWN,True,1.2275352675419855,31.30364205825687,0.005,42,0.0,0.0,,,,,0.0,0.0,0.013422818791946308,,
test,5090,0.75,RippleTwin,SLOWDOWN,True,1.2275352675419855,31.30364205825687,0.01,42,0.0,0.0,,,,,0.0,0.0,0.013422818791946308,,
test,5090,0.75,RippleTwin,SLOWDOWN,True,1.2275352675419855,31.30364205825687,0.02,42,0.047619047619047616,1.0,0.0,0.0,2.0,,0.0,0.0,0.026845637583892617,22019.713898673584,
test,5090,0.75,RippleTwin,SLOWDOWN,True,1.2275352675419855,31.30364205825687,0.05,42,0.047619047619047616,1.0,0.0,0.0,2.0,,0.0,0.0,0.03355704697986577,22019.713898673584,
test,5090,0.75,RippleTwin,SLOWDOWN,True,1.2275352675419855,31.30364205825687,0.1,42,0.09523809523809523,1.0,0.0,0.0,2.0,,0.0,0.0,0.0738255033557047,18414.916609570148,
test,5090,0.75,B2_observed_only_twin,SLOWDOWN,True,1.2275352675419855,31.30364205825687,0.005,42,0.0,0.0,,,,,0.0,0.0,0.013422818791946308,,
test,5090,0.75,B2_observed_only_twin,SLOWDOWN,True,1.2275352675419855,31.30364205825687,0.01,42,0.0,0.0,,,,,0.0,0.0,0.013422818791946308,,
test,5090,0.75,B2_observed_only_twin,SLOWDOWN,True,1.2275352675419855,31.30364205825687,0.02,42,0.047619047619047616,1.0,0.0,1.0,1.0,,0.0,1.0,0.026845637583892617,22019.713898673584,
test,5090,0.75,B2_observed_only_twin,SLOWDOWN,True,1.2275352675419855,31.30364205825687,0.05,42,0.07142857142857142,1.0,0.0,1.0,1.0,,0.0,1.0,0.04697986577181208,21715.254288920336,
test,5090,0.75,B2_observed_only_twin,SLOWDOWN,True,1.2275352675419855,31.30364205825687,0.1,42,0.11904761904761904,1.0,0.0,0.8,1.0,,0.0,1.0,0.08053691275167785,21715.254288920336,
test,5090,0.75,B0_SPC_observed,SLOWDOWN,True,1.2275352675419855,5.061702559429017,0.005,42,0.0,0.0,,,,,0.0,0.0,0.0,,
test,5090,0.75,B0_SPC_observed,SLOWDOWN,True,1.2275352675419855,5.061702559429017,0.01,42,0.0,0.0,,,,,0.0,0.0,0.0,,
test,5090,0.75,B0_SPC_observed,SLOWDOWN,True,1.2275352675419855,5.061702559429017,0.02,42,0.0,0.0,,,,,0.0,0.0,0.006711409395973154,,
test,5090,0.75,B0_SPC_observed,SLOWDOWN,True,1.2275352675419855,5.061702559429017,0.05,42,0.047619047619047616,1.0,0.0,0.0,17.5,,0.0,0.0,0.006711409395973154,25316.508701459363,
test,5090,0.75,B0_SPC_observed,SLOWDOWN,True,1.2275352675419855,5.061702559429017,0.1,42,0.047619047619047616,1.0,0.0,0.0,17.5,,0.0,0.0,0.006711409395973154,25316.508701459363,
test,5090,0.75,B1_IsolationForest,SLOWDOWN,True,1.2275352675419855,0.7423023198141773,0.005,42,0.0,0.0,,,,,0.0,0.0,0.06711409395973154,,
test,5090,0.75,B1_IsolationForest,SLOWDOWN,True,1.2275352675419855,0.7423023198141773,0.01,42,0.0,0.0,,,,,0.0,0.0,0.06711409395973154,,
test,5090,0.75,B1_IsolationForest,SLOWDOWN,True,1.2275352675419855,0.7423023198141773,0.02,42,0.0,0.0,,,,,0.0,0.0,0.06711409395973154,,
test,5090,0.75,B1_IsolationForest,SLOWDOWN,True,1.2275352675419855,0.7423023198141773,0.05,42,0.0,0.0,,,,,0.0,0.0,0.10738255033557047,,
test,5090,0.75,B1_IsolationForest,SLOWDOWN,True,1.2275352675419855,0.7423023198141773,0.1,42,0.023809523809523808,1.0,0.0,0.0,6.0,,0.0,0.0,0.19463087248322147,19014.640697454968,
test,5090,0.5,RippleTwin,SLOWDOWN,True,1.2275352675419855,39.99294167411538,0.005,42,0.0,0.0,,,,,0.0,0.0,0.013422818791946308,,
test,5090,0.5,RippleTwin,SLOWDOWN,True,1.2275352675419855,39.99294167411538,0.01,42,0.0,0.0,,,,,0.0,0.0,0.020134228187919462,,
test,5090,0.5,RippleTwin,SLOWDOWN,True,1.2275352675419855,39.99294167411538,0.02,42,0.047619047619047616,1.0,0.0,0.0,2.0,,0.0,0.0,0.026845637583892617,22019.713898673584,
test,5090,0.5,RippleTwin,SLOWDOWN,True,1.2275352675419855,39.99294167411538,0.05,42,0.047619047619047616,1.0,0.0,0.0,2.0,,0.0,0.0,0.026845637583892617,22019.713898673584,
test,5090,0.5,RippleTwin,SLOWDOWN,True,1.2275352675419855,39.99294167411538,0.1,42,0.09523809523809523,1.0,0.0,0.0,2.0,,0.0,0.0,0.06040268456375839,18414.916609570148,
test,5090,0.5,B2_observed_only_twin,SLOWDOWN,True,1.2275352675419855,39.987745614480566,0.005,42,0.0,0.0,,,,,0.0,0.0,0.013422818791946308,,
test,5090,0.5,B2_observed_only_twin,SLOWDOWN,True,1.2275352675419855,39.987745614480566,0.01,42,0.0,0.0,,,,,0.0,0.0,0.013422818791946308,,
test,5090,0.5,B2_observed_only_twin,SLOWDOWN,True,1.2275352675419855,39.987745614480566,0.02,42,0.047619047619047616,1.0,0.0,1.0,1.0,,0.0,1.0,0.026845637583892617,22019.713898673584,
test,5090,0.5,B2_observed_only_twin,SLOWDOWN,True,1.2275352675419855,39.987745614480566,0.05,42,0.047619047619047616,1.0,0.0,1.0,1.0,,0.0,1.0,0.026845637583892617,22019.713898673584,
test,5090,0.5,B2_observed_only_twin,SLOWDOWN,True,1.2275352675419855,39.987745614480566,0.1,42,0.09523809523809523,1.0,0.0,0.75,1.0,,0.0,1.0,0.06040268456375839,18414.916609570148,
test,5090,0.5,B0_SPC_observed,SLOWDOWN,True,1.2275352675419855,5.012127239822025,0.005,42,0.0,0.0,,,,,0.0,0.0,0.0,,
test,5090,0.5,B0_SPC_observed,SLOWDOWN,True,1.2275352675419855,5.012127239822025,0.01,42,0.0,0.0,,,,,0.0,0.0,0.0,,
test,5090,0.5,B0_SPC_observed,SLOWDOWN,True,1.2275352675419855,5.012127239822025,0.02,42,0.023809523809523808,1.0,0.0,0.0,9.0,,0.0,0.0,0.006711409395973154,31321.145530872513,
test,5090,0.5,B0_SPC_observed,SLOWDOWN,True,1.2275352675419855,5.012127239822025,0.05,42,0.047619047619047616,1.0,0.0,0.0,17.5,,0.0,0.0,0.006711409395973154,25316.508701459363,
test,5090,0.5,B0_SPC_observed,SLOWDOWN,True,1.2275352675419855,5.012127239822025,0.1,42,0.09523809523809523,1.0,0.0,0.0,9.0,,0.0,0.0,0.013422818791946308,25316.508701459363,
test,5090,0.5,B1_IsolationForest,SLOWDOWN,True,1.2275352675419855,0.7423023198141773,0.005,42,0.0,0.0,,,,,0.0,0.0,0.06711409395973154,,
test,5090,0.5,B1_IsolationForest,SLOWDOWN,True,1.2275352675419855,0.7423023198141773,0.01,42,0.0,0.0,,,,,0.0,0.0,0.06711409395973154,,
test,5090,0.5,B1_IsolationForest,SLOWDOWN,True,1.2275352675419855,0.7423023198141773,0.02,42,0.0,0.0,,,,,0.0,0.0,0.06711409395973154,,
test,5090,0.5,B1_IsolationForest,SLOWDOWN,True,1.2275352675419855,0.7423023198141773,0.05,42,0.023809523809523808,1.0,0.0,0.0,6.0,,0.0,0.0,0.1342281879194631,19318.435521309948,
test,5090,0.5,B1_IsolationForest,SLOWDOWN,True,1.2275352675419855,0.7423023198141773,0.1,42,0.047619047619047616,1.0,0.0,0.0,17.5,,0.0,0.0,0.14093959731543623,19014.640697454968,
test,5090,0.25,RippleTwin,SLOWDOWN,True,1.2275352675419855,23.87887940963418,0.005,42,0.0,0.0,,,,,0.0,0.0,0.013422818791946308,,
test,5090,0.25,RippleTwin,SLOWDOWN,True,1.2275352675419855,23.87887940963418,0.01,42,0.0,0.0,,,,,0.0,0.0,0.013422818791946308,,
test,5090,0.25,RippleTwin,SLOWDOWN,True,1.2275352675419855,23.87887940963418,0.02,42,0.07142857142857142,1.0,0.0,0.0,2.0,,0.0,0.0,0.040268456375838924,21118.383814403016,
test,5090,0.25,RippleTwin,SLOWDOWN,True,1.2275352675419855,23.87887940963418,0.05,42,0.11904761904761904,1.0,0.0,0.0,3.0,,0.0,0.0,0.053691275167785234,18414.916609570148,
test,5090,0.25,RippleTwin,SLOWDOWN,True,1.2275352675419855,23.87887940963418,0.1,42,0.21428571428571427,1.0,0.0,0.0,5.0,,0.0,0.0,0.08053691275167785,18113.850052852413,
test,5090,0.25,B2_observed_only_twin,SLOWDOWN,True,1.2275352675419855,23.87066583332845,0.005,42,0.0,0.0,,,,,0.0,0.0,0.013422818791946308,,
test,5090,0.25,B2_observed_only_twin,SLOWDOWN,True,1.2275352675419855,23.87066583332845,0.01,42,0.0,0.0,,,,,0.0,0.0,0.013422818791946308,,
test,5090,0.25,B2_observed_only_twin,SLOWDOWN,True,1.2275352675419855,23.87066583332845,0.02,42,0.07142857142857142,1.0,0.0,0.6666666666666666,1.0,,0.0,1.0,0.026845637583892617,21410.766379322315,
test,5090,0.25,B2_observed_only_twin,SLOWDOWN,True,1.2275352675419855,23.87066583332845,0.05,42,0.19047619047619047,1.0,0.0,0.25,4.5,,0.0,0.0,0.053691275167785234,18414.916609570148,
test,5090,0.25,B2_observed_only_twin,SLOWDOWN,True,1.2275352675419855,23.87066583332845,0.1,42,0.23809523809523808,1.0,0.0,0.2,4.5,,0.0,0.0,0.087248322147651,18113.850052852413,
test,5090,0.25,B0_SPC_observed,SLOWDOWN,True,1.2275352675419855,4.674774997918179,0.005,42,0.0,0.0,,,,,0.0,0.0,0.0,,
test,5090,0.25,B0_SPC_observed,SLOWDOWN,True,1.2275352675419855,4.674774997918179,0.01,42,0.023809523809523808,1.0,0.0,0.0,9.0,,0.0,0.0,0.0,31321.145530872513,
test,5090,0.25,B0_SPC_observed,SLOWDOWN,True,1.2275352675419855,4.674774997918179,0.02,42,0.047619047619047616,1.0,0.0,0.0,17.5,,0.0,0.0,0.0,25316.508701459363,
test,5090,0.25,B0_SPC_observed,SLOWDOWN,True,1.2275352675419855,4.674774997918179,0.05,42,0.09523809523809523,1.0,0.0,0.0,9.0,,0.0,0.0,0.0,25316.508701459363,
test,5090,0.25,B0_SPC_observed,SLOWDOWN,True,1.2275352675419855,4.674774997918179,0.1,42,0.19047619047619047,1.0,0.0,0.0,5.0,,0.0,0.0,0.006711409395973154,25316.508701459363,
test,5090,0.25,B1_IsolationForest,SLOWDOWN,True,1.2275352675419855,0.7158774793615637,0.005,42,0.0,0.0,,,,,0.0,0.0,0.0,,
test,5090,0.25,B1_IsolationForest,SLOWDOWN,True,1.2275352675419855,0.7158774793615637,0.01,42,0.0,0.0,,,,,0.0,0.0,0.013422818791946308,,
test,5090,0.25,B1_IsolationForest,SLOWDOWN,True,1.2275352675419855,0.7158774793615637,0.02,42,0.0,0.0,,,,,0.0,0.0,0.026845637583892617,,
test,5090,0.25,B1_IsolationForest,SLOWDOWN,True,1.2275352675419855,0.7158774793615637,0.05,42,0.0,0.0,,,,,0.0,0.0,0.053691275167785234,,
test,5090,0.25,B1_IsolationForest,SLOWDOWN,True,1.2275352675419855,0.7158774793615637,0.1,42,0.0,0.0,,,,,0.0,0.0,0.087248322147651,,
test,5091,1.0,RippleTwin,QUALITY_DRIFT,False,11.992725207459253,42.5638498837417,0.005,58,0.0,0.0,,,,,0.0,0.0,0.015037593984962405,,
test,5091,1.0,RippleTwin,QUALITY_DRIFT,False,11.992725207459253,42.5638498837417,0.01,58,0.0,0.0,,,,,0.0,0.0,0.015037593984962405,,
test,5091,1.0,RippleTwin,QUALITY_DRIFT,False,11.992725207459253,42.5638498837417,0.02,58,0.0,0.0,,,,,0.0,0.0,0.03007518796992481,,
test,5091,1.0,RippleTwin,QUALITY_DRIFT,False,11.992725207459253,42.5638498837417,0.05,58,0.06896551724137931,1.0,0.0,1.0,1.0,,0.0,1.0,0.03759398496240601,39714.70975236152,
test,5091,1.0,RippleTwin,QUALITY_DRIFT,False,11.992725207459253,42.5638498837417,0.1,58,0.08620689655172414,1.0,0.0,1.0,1.0,,0.0,1.0,0.09022556390977443,36753.096823859494,
test,5091,1.0,B2_observed_only_twin,QUALITY_DRIFT,False,11.992725207459253,42.5638498837417,0.005,58,0.0,0.0,,,,,0.0,0.0,0.015037593984962405,,
test,5091,1.0,B2_observed_only_twin,QUALITY_DRIFT,False,11.992725207459253,42.5638498837417,0.01,58,0.0,0.0,,,,,0.0,0.0,0.015037593984962405,,
test,5091,1.0,B2_observed_only_twin,QUALITY_DRIFT,False,11.992725207459253,42.5638498837417,0.02,58,0.0,0.0,,,,,0.0,0.0,0.03007518796992481,,
test,5091,1.0,B2_observed_only_twin,QUALITY_DRIFT,False,11.992725207459253,42.5638498837417,0.05,58,0.06896551724137931,1.0,0.0,1.0,1.0,,0.0,1.0,0.03759398496240601,39714.70975236152,
test,5091,1.0,B2_observed_only_twin,QUALITY_DRIFT,False,11.992725207459253,42.5638498837417,0.1,58,0.08620689655172414,1.0,0.0,1.0,1.0,,0.0,1.0,0.09022556390977443,36753.096823859494,
test,5091,1.0,B0_SPC_observed,QUALITY_DRIFT,False,11.992725207459253,5.124273832797681,0.005,58,0.0,0.0,,,,,0.0,0.0,0.0,,
test,5091,1.0,B0_SPC_observed,QUALITY_DRIFT,False,11.992725207459253,5.124273832797681,0.01,58,0.017241379310344827,1.0,0.0,0.0,22.0,,0.0,0.0,0.022556390977443608,40028.78117785484,
test,5091,1.0,B0_SPC_observed,QUALITY_DRIFT,False,11.992725207459253,5.124273832797681,0.02,58,0.017241379310344827,1.0,0.0,0.0,22.0,,0.0,0.0,0.022556390977443608,40028.78117785484,
test,5091,1.0,B0_SPC_observed,QUALITY_DRIFT,False,11.992725207459253,5.124273832797681,0.05,58,0.017241379310344827,1.0,0.0,0.0,22.0,,0.0,0.0,0.022556390977443608,40028.78117785484,
test,5091,1.0,B0_SPC_observed,QUALITY_DRIFT,False,11.992725207459253,5.124273832797681,0.1,58,0.017241379310344827,1.0,0.0,0.0,22.0,,0.0,0.0,0.05263157894736842,40028.78117785484,
test,5091,1.0,B1_IsolationForest,QUALITY_DRIFT,False,11.992725207459253,0.7784702529546166,0.005,58,0.0,0.0,,,,,0.0,0.0,0.0,,
test,5091,1.0,B1_IsolationForest,QUALITY_DRIFT,False,11.992725207459253,0.7784702529546166,0.01,58,0.0,0.0,,,,,0.0,0.0,0.0,,
test,5091,1.0,B1_IsolationForest,QUALITY_DRIFT,False,11.992725207459253,0.7784702529546166,0.02,58,0.0,0.0,,,,,0.0,0.0,0.0,,
test,5091,1.0,B1_IsolationForest,QUALITY_DRIFT,False,11.992725207459253,0.7784702529546166,0.05,58,0.0,0.0,,,,,0.0,0.0,0.03007518796992481,,
test,5091,1.0,B1_IsolationForest,QUALITY_DRIFT,False,11.992725207459253,0.7784702529546166,0.1,58,0.0,0.0,,,,,0.0,0.0,0.12030075187969924,,
test,5091,0.75,RippleTwin,QUALITY_DRIFT,True,11.992725207459253,31.30364205825687,0.005,58,0.0,0.0,,,,,0.0,0.0,0.022556390977443608,,
test,5091,0.75,RippleTwin,QUALITY_DRIFT,True,11.992725207459253,31.30364205825687,0.01,58,0.0,0.0,,,,,0.0,0.0,0.022556390977443608,,
test,5091,0.75,RippleTwin,QUALITY_DRIFT,True,11.992725207459253,31.30364205825687,0.02,58,0.0,0.0,,,,,0.0,0.0,0.03007518796992481,,
test,5091,0.75,RippleTwin,QUALITY_DRIFT,True,11.992725207459253,31.30364205825687,0.05,58,0.034482758620689655,1.0,1.0,1.0,0.0,,1.0,1.0,0.03759398496240601,39714.70975236152,
test,5091,0.75,RippleTwin,QUALITY_DRIFT,True,11.992725207459253,31.30364205825687,0.1,58,0.08620689655172414,1.0,1.0,1.0,0.0,,1.0,1.0,0.10526315789473684,39417.12156501998,
test,5091,0.75,B2_observed_only_twin,QUALITY_DRIFT,True,11.992725207459253,31.30364205825687,0.005,58,0.0,0.0,,,,,0.0,0.0,0.015037593984962405,,
test,5091,0.75,B2_observed_only_twin,QUALITY_DRIFT,True,11.992725207459253,31.30364205825687,0.01,58,0.0,0.0,,,,,0.0,0.0,0.022556390977443608,,
test,5091,0.75,B2_observed_only_twin,QUALITY_DRIFT,True,11.992725207459253,31.30364205825687,0.02,58,0.0,0.0,,,,,0.0,0.0,0.03007518796992481,,
test,5091,0.75,B2_observed_only_twin,QUALITY_DRIFT,True,11.992725207459253,31.30364205825687,0.05,58,0.034482758620689655,1.0,0.0,1.0,1.0,,0.0,1.0,0.045112781954887216,39714.70975236152,
test,5091,0.75,B2_observed_only_twin,QUALITY_DRIFT,True,11.992725207459253,31.30364205825687,0.1,58,0.06896551724137931,1.0,0.0,1.0,1.0,,0.0,1.0,0.17293233082706766,39714.70975236152,
test,5091,0.75,B0_SPC_observed,QUALITY_DRIFT,True,11.992725207459253,5.061702559429017,0.005,58,0.0,0.0,,,,,0.0,0.0,0.015037593984962405,,
test,5091,0.75,B0_SPC_observed,QUALITY_DRIFT,True,11.992725207459253,5.061702559429017,0.01,58,0.017241379310344827,1.0,0.0,0.0,22.0,,0.0,0.0,0.022556390977443608,40028.78117785484,
test,5091,0.75,B0_SPC_observed,QUALITY_DRIFT,True,11.992725207459253,5.061702559429017,0.02,58,0.017241379310344827,1.0,0.0,0.0,22.0,,0.0,0.0,0.022556390977443608,40028.78117785484,
test,5091,0.75,B0_SPC_observed,QUALITY_DRIFT,True,11.992725207459253,5.061702559429017,0.05,58,0.017241379310344827,1.0,0.0,0.0,22.0,,0.0,0.0,0.022556390977443608,40028.78117785484,
test,5091,0.75,B0_SPC_observed,QUALITY_DRIFT,True,11.992725207459253,5.061702559429017,0.1,58,0.017241379310344827,1.0,0.0,0.0,22.0,,0.0,0.0,0.05263157894736842,40028.78117785484,
test,5091,0.75,B1_IsolationForest,QUALITY_DRIFT,True,11.992725207459253,0.7423023198141773,0.005,58,0.0,0.0,,,,,0.0,0.0,0.03007518796992481,,
test,5091,0.75,B1_IsolationForest,QUALITY_DRIFT,True,11.992725207459253,0.7423023198141773,0.01,58,0.0,0.0,,,,,0.0,0.0,0.03007518796992481,,
test,5091,0.75,B1_IsolationForest,QUALITY_DRIFT,True,11.992725207459253,0.7423023198141773,0.02,58,0.0,0.0,,,,,0.0,0.0,0.045112781954887216,,
test,5091,0.75,B1_IsolationForest,QUALITY_DRIFT,True,11.992725207459253,0.7423023198141773,0.05,58,0.0,0.0,,,,,0.0,0.0,0.12030075187969924,,
test,5091,0.75,B1_IsolationForest,QUALITY_DRIFT,True,11.992725207459253,0.7423023198141773,0.1,58,0.0,0.0,,,,,0.0,0.0,0.15789473684210525,,
test,5091,0.5,RippleTwin,QUALITY_DRIFT,True,11.992725207459253,39.99294167411538,0.005,58,0.0,0.0,,,,,0.0,0.0,0.022556390977443608,,
test,5091,0.5,RippleTwin,QUALITY_DRIFT,True,11.992725207459253,39.99294167411538,0.01,58,0.0,0.0,,,,,0.0,0.0,0.022556390977443608,,
test,5091,0.5,RippleTwin,QUALITY_DRIFT,True,11.992725207459253,39.99294167411538,0.02,58,0.0,0.0,,,,,0.0,0.0,0.03007518796992481,,
test,5091,0.5,RippleTwin,QUALITY_DRIFT,True,11.992725207459253,39.99294167411538,0.05,58,0.034482758620689655,1.0,1.0,1.0,0.0,,1.0,1.0,0.05263157894736842,39714.70975236152,
test,5091,0.5,RippleTwin,QUALITY_DRIFT,True,11.992725207459253,39.99294167411538,0.1,58,0.08620689655172414,1.0,1.0,1.0,0.0,,1.0,1.0,0.09022556390977443,39417.12156501998,
test,5091,0.5,B2_observed_only_twin,QUALITY_DRIFT,True,11.992725207459253,39.987745614480566,0.005,58,0.0,0.0,,,,,0.0,0.0,0.015037593984962405,,
test,5091,0.5,B2_observed_only_twin,QUALITY_DRIFT,True,11.992725207459253,39.987745614480566,0.01,58,0.0,0.0,,,,,0.0,0.0,0.022556390977443608,,
test,5091,0.5,B2_observed_only_twin,QUALITY_DRIFT,True,11.992725207459253,39.987745614480566,0.02,58,0.0,0.0,,,,,0.0,0.0,0.03007518796992481,,
test,5091,0.5,B2_observed_only_twin,QUALITY_DRIFT,True,11.992725207459253,39.987745614480566,0.05,58,0.05172413793103448,1.0,0.0,1.0,1.0,,0.0,1.0,0.06015037593984962,39714.70975236152,
test,5091,0.5,B2_observed_only_twin,QUALITY_DRIFT,True,11.992725207459253,39.987745614480566,0.1,58,0.08620689655172414,1.0,0.0,1.0,1.0,,0.0,1.0,0.09774436090225563,39417.12156501998,
test,5091,0.5,B0_SPC_observed,QUALITY_DRIFT,True,11.992725207459253,5.012127239822025,0.005,58,0.0,0.0,,,,,0.0,0.0,0.015037593984962405,,
test,5091,0.5,B0_SPC_observed,QUALITY_DRIFT,True,11.992725207459253,5.012127239822025,0.01,58,0.017241379310344827,1.0,0.0,0.0,22.0,,0.0,0.0,0.022556390977443608,40028.78117785484,
test,5091,0.5,B0_SPC_observed,QUALITY_DRIFT,True,11.992725207459253,5.012127239822025,0.02,58,0.017241379310344827,1.0,0.0,0.0,22.0,,0.0,0.0,0.022556390977443608,40028.78117785484,
test,5091,0.5,B0_SPC_observed,QUALITY_DRIFT,True,11.992725207459253,5.012127239822025,0.05,58,0.017241379310344827,1.0,0.0,0.0,22.0,,0.0,0.0,0.022556390977443608,40028.78117785484,
test,5091,0.5,B0_SPC_observed,QUALITY_DRIFT,True,11.992725207459253,5.012127239822025,0.1,58,0.017241379310344827,1.0,0.0,0.0,22.0,,0.0,0.0,0.03007518796992481,40028.78117785484,
test,5091,0.5,B1_IsolationForest,QUALITY_DRIFT,True,11.992725207459253,0.7423023198141773,0.005,58,0.0,0.0,,,,,0.0,0.0,0.03007518796992481,,
test,5091,0.5,B1_IsolationForest,QUALITY_DRIFT,True,11.992725207459253,0.7423023198141773,0.01,58,0.0,0.0,,,,,0.0,0.0,0.03007518796992481,,
test,5091,0.5,B1_IsolationForest,QUALITY_DRIFT,True,11.992725207459253,0.7423023198141773,0.02,58,0.0,0.0,,,,,0.0,0.0,0.045112781954887216,,
test,5091,0.5,B1_IsolationForest,QUALITY_DRIFT,True,11.992725207459253,0.7423023198141773,0.05,58,0.0,0.0,,,,,0.0,0.0,0.10526315789473684,,
test,5091,0.5,B1_IsolationForest,QUALITY_DRIFT,True,11.992725207459253,0.7423023198141773,0.1,58,0.0,0.0,,,,,0.0,0.0,0.16541353383458646,,
test,5091,0.25,RippleTwin,QUALITY_DRIFT,True,11.992725207459253,23.87887940963418,0.005,58,0.0,0.0,,,,,0.0,0.0,0.007518796992481203,,
test,5091,0.25,RippleTwin,QUALITY_DRIFT,True,11.992725207459253,23.87887940963418,0.01,58,0.0,0.0,,,,,0.0,0.0,0.007518796992481203,,
test,5091,0.25,RippleTwin,QUALITY_DRIFT,True,11.992725207459253,23.87887940963418,0.02,58,0.017241379310344827,1.0,1.0,1.0,0.0,,1.0,1.0,0.03759398496240601,53261.96637966124,
test,5091,0.25,RippleTwin,QUALITY_DRIFT,True,11.992725207459253,23.87887940963418,0.05,58,0.034482758620689655,1.0,1.0,1.0,0.0,,1.0,1.0,0.10526315789473684,52939.63133246114,
test,5091,0.25,RippleTwin,QUALITY_DRIFT,True,11.992725207459253,23.87887940963418,0.1,58,0.05172413793103448,1.0,1.0,1.0,0.0,,1.0,1.0,0.21804511278195488,52939.63133246114,
test,5091,0.25,B2_observed_only_twin,QUALITY_DRIFT,True,11.992725207459253,23.87066583332845,0.005,58,0.0,0.0,,,,,0.0,0.0,0.007518796992481203,,
test,5091,0.25,B2_observed_only_twin,QUALITY_DRIFT,True,11.992725207459253,23.87066583332845,0.01,58,0.0,0.0,,,,,0.0,0.0,0.007518796992481203,,
test,5091,0.25,B2_observed_only_twin,QUALITY_DRIFT,True,11.992725207459253,23.87066583332845,0.02,58,0.017241379310344827,1.0,0.0,1.0,1.0,,0.0,1.0,0.045112781954887216,53261.96637966124,
test,5091,0.25,B2_observed_only_twin,QUALITY_DRIFT,True,11.992725207459253,23.87066583332845,0.05,58,0.034482758620689655,1.0,0.0,1.0,1.0,,0.0,1.0,0.12030075187969924,52939.63133246114,
test,5091,0.25,B2_observed_only_twin,QUALITY_DRIFT,True,11.992725207459253,23.87066583332845,0.1,58,0.05172413793103448,1.0,0.0,1.0,1.0,,0.0,1.0,0.21804511278195488,52939.63133246114,
test,5091,0.25,B0_SPC_observed,QUALITY_DRIFT,True,11.992725207459253,4.674774997918179,0.005,58,0.0,0.0,,,,,0.0,0.0,0.007518796992481203,,
test,5091,0.25,B0_SPC_observed,QUALITY_DRIFT,True,11.992725207459253,4.674774997918179,0.01,58,0.0,0.0,,,,,0.0,0.0,0.007518796992481203,,
test,5091,0.25,B0_SPC_observed,QUALITY_DRIFT,True,11.992725207459253,4.674774997918179,0.02,58,0.0,0.0,,,,,0.0,0.0,0.015037593984962405,,
test,5091,0.25,B0_SPC_observed,QUALITY_DRIFT,True,11.992725207459253,4.674774997918179,0.05,58,0.0,0.0,,,,,0.0,0.0,0.022556390977443608,,
test,5091,0.25,B0_SPC_observed,QUALITY_DRIFT,True,11.992725207459253,4.674774997918179,0.1,58,0.0,0.0,,,,,0.0,0.0,0.03759398496240601,,
test,5091,0.25,B1_IsolationForest,QUALITY_DRIFT,True,11.992725207459253,0.7158774793615637,0.005,58,0.0,0.0,,,,,0.0,0.0,0.007518796992481203,,
test,5091,0.25,B1_IsolationForest,QUALITY_DRIFT,True,11.992725207459253,0.7158774793615637,0.01,58,0.0,0.0,,,,,0.0,0.0,0.015037593984962405,,
test,5091,0.25,B1_IsolationForest,QUALITY_DRIFT,True,11.992725207459253,0.7158774793615637,0.02,58,0.0,0.0,,,,,0.0,0.0,0.015037593984962405,,
test,5091,0.25,B1_IsolationForest,QUALITY_DRIFT,True,11.992725207459253,0.7158774793615637,0.05,58,0.0,0.0,,,,,0.0,0.0,0.045112781954887216,,
test,5091,0.25,B1_IsolationForest,QUALITY_DRIFT,True,11.992725207459253,0.7158774793615637,0.1,58,0.0,0.0,,,,,0.0,0.0,0.08270676691729323,,
test,5092,1.0,RippleTwin,QUALITY_DRIFT,False,6.403454950178883,42.5638498837417,0.005,57,0.0,0.0,,,,,0.0,0.0,0.014705882352941176,,
test,5092,1.0,RippleTwin,QUALITY_DRIFT,False,6.403454950178883,42.5638498837417,0.01,57,0.0,0.0,,,,,0.0,0.0,0.014705882352941176,,
test,5092,1.0,RippleTwin,QUALITY_DRIFT,False,6.403454950178883,42.5638498837417,0.02,57,0.0,0.0,,,,,0.0,0.0,0.022058823529411766,,
test,5092,1.0,RippleTwin,QUALITY_DRIFT,False,6.403454950178883,42.5638498837417,0.05,57,0.0,0.0,,,,,0.0,0.0,0.04411764705882353,,
test,5092,1.0,RippleTwin,QUALITY_DRIFT,False,6.403454950178883,42.5638498837417,0.1,57,0.08771929824561403,1.0,0.0,0.0,35.0,,0.0,0.0,0.13970588235294118,49081.0318750075,
test,5092,1.0,B2_observed_only_twin,QUALITY_DRIFT,False,6.403454950178883,42.5638498837417,0.005,57,0.0,0.0,,,,,0.0,0.0,0.014705882352941176,,
test,5092,1.0,B2_observed_only_twin,QUALITY_DRIFT,False,6.403454950178883,42.5638498837417,0.01,57,0.0,0.0,,,,,0.0,0.0,0.014705882352941176,,
test,5092,1.0,B2_observed_only_twin,QUALITY_DRIFT,False,6.403454950178883,42.5638498837417,0.02,57,0.0,0.0,,,,,0.0,0.0,0.022058823529411766,,
test,5092,1.0,B2_observed_only_twin,QUALITY_DRIFT,False,6.403454950178883,42.5638498837417,0.05,57,0.0,0.0,,,,,0.0,0.0,0.04411764705882353,,
test,5092,1.0,B2_observed_only_twin,QUALITY_DRIFT,False,6.403454950178883,42.5638498837417,0.1,57,0.08771929824561403,1.0,0.0,0.0,35.0,,0.0,0.0,0.13970588235294118,49081.0318750075,
test,5092,1.0,B0_SPC_observed,QUALITY_DRIFT,False,6.403454950178883,5.124273832797681,0.005,57,0.0,0.0,,,,,0.0,0.0,0.007352941176470588,,
test,5092,1.0,B0_SPC_observed,QUALITY_DRIFT,False,6.403454950178883,5.124273832797681,0.01,57,0.08771929824561403,1.0,0.0,0.0,35.0,,0.0,0.0,0.029411764705882353,48628.82253867126,
test,5092,1.0,B0_SPC_observed,QUALITY_DRIFT,False,6.403454950178883,5.124273832797681,0.02,57,0.08771929824561403,1.0,0.0,0.0,35.0,,0.0,0.0,0.029411764705882353,48628.82253867126,
test,5092,1.0,B0_SPC_observed,QUALITY_DRIFT,False,6.403454950178883,5.124273832797681,0.05,57,0.12280701754385964,1.0,0.0,0.0,35.0,,0.0,0.0,0.03676470588235294,48628.82253867126,
test,5092,1.0,B0_SPC_observed,QUALITY_DRIFT,False,6.403454950178883,5.124273832797681,0.1,57,0.14035087719298245,1.0,0.0,0.0,35.0,,0.0,0.0,0.07352941176470588,48628.82253867126,
test,5092,1.0,B1_IsolationForest,QUALITY_DRIFT,False,6.403454950178883,0.7784702529546166,0.005,57,0.0,0.0,,,,,0.0,0.0,0.0,,
test,5092,1.0,B1_IsolationForest,QUALITY_DRIFT,False,6.403454950178883,0.7784702529546166,0.01,57,0.0,0.0,,,,,0.0,0.0,0.0,,
test,5092,1.0,B1_IsolationForest,QUALITY_DRIFT,False,6.403454950178883,0.7784702529546166,0.02,57,0.0,0.0,,,,,0.0,0.0,0.0,,
test,5092,1.0,B1_IsolationForest,QUALITY_DRIFT,False,6.403454950178883,0.7784702529546166,0.05,57,0.0,0.0,,,,,0.0,0.0,0.051470588235294115,,
test,5092,1.0,B1_IsolationForest,QUALITY_DRIFT,False,6.403454950178883,0.7784702529546166,0.1,57,0.017543859649122806,1.0,0.0,0.0,2.0,,0.0,0.0,0.08823529411764706,49081.0318750075,
test,5092,0.75,RippleTwin,QUALITY_DRIFT,True,6.403454950178883,31.30364205825687,0.005,57,0.0,0.0,,,,,0.0,0.0,0.014705882352941176,,
test,5092,0.75,RippleTwin,QUALITY_DRIFT,True,6.403454950178883,31.30364205825687,0.01,57,0.0,0.0,,,,,0.0,0.0,0.014705882352941176,,
test,5092,0.75,RippleTwin,QUALITY_DRIFT,True,6.403454950178883,31.30364205825687,0.02,57,0.0,0.0,,,,,0.0,0.0,0.029411764705882353,,
test,5092,0.75,RippleTwin,QUALITY_DRIFT,True,6.403454950178883,31.30364205825687,0.05,57,0.0,0.0,,,,,0.0,0.0,0.0661764705882353,,
test,5092,0.75,RippleTwin,QUALITY_DRIFT,True,6.403454950178883,31.30364205825687,0.1,57,0.10526315789473684,1.0,0.0,0.0,35.0,,0.0,0.0,0.17647058823529413,49081.0318750075,
test,5092,0.75,B2_observed_only_twin,QUALITY_DRIFT,True,6.403454950178883,31.30364205825687,0.005,57,0.0,0.0,,,,,0.0,0.0,0.014705882352941176,,
test,5092,0.75,B2_observed_only_twin,QUALITY_DRIFT,True,6.403454950178883,31.30364205825687,0.01,57,0.0,0.0,,,,,0.0,0.0,0.014705882352941176,,
test,5092,0.75,B2_observed_only_twin,QUALITY_DRIFT,True,6.403454950178883,31.30364205825687,0.02,57,0.0,0.0,,,,,0.0,0.0,0.03676470588235294,,
test,5092,0.75,B2_observed_only_twin,QUALITY_DRIFT,True,6.403454950178883,31.30364205825687,0.05,57,0.017543859649122806,1.0,0.0,0.0,35.0,,0.0,0.0,0.09558823529411764,55847.47473218977,
test,5092,0.75,B2_observed_only_twin,QUALITY_DRIFT,True,6.403454950178883,31.30364205825687,0.1,57,0.10526315789473684,1.0,0.0,0.0,35.0,,0.0,0.0,0.21323529411764705,49081.0318750075,
test,5092,0.75,B0_SPC_observed,QUALITY_DRIFT,True,6.403454950178883,5.061702559429017,0.005,57,0.07017543859649122,1.0,0.0,0.0,35.0,,0.0,0.0,0.029411764705882353,48628.82253867126,
test,5092,0.75,B0_SPC_observed,QUALITY_DRIFT,True,6.403454950178883,5.061702559429017,0.01,57,0.08771929824561403,1.0,0.0,0.0,35.0,,0.0,0.0,0.029411764705882353,48628.82253867126,
test,5092,0.75,B0_SPC_observed,QUALITY_DRIFT,True,6.403454950178883,5.061702559429017,0.02,57,0.10526315789473684,1.0,0.0,0.0,35.0,,0.0,0.0,0.029411764705882353,48628.82253867126,
test,5092,0.75,B0_SPC_observed,QUALITY_DRIFT,True,6.403454950178883,5.061702559429017,0.05,57,0.12280701754385964,1.0,0.0,0.0,35.0,,0.0,0.0,0.03676470588235294,48628.82253867126,
test,5092,0.75,B0_SPC_observed,QUALITY_DRIFT,True,6.403454950178883,5.061702559429017,0.1,57,0.14035087719298245,1.0,0.0,0.0,35.0,,0.0,0.0,0.07352941176470588,48628.82253867126,
test,5092,0.75,B1_IsolationForest,QUALITY_DRIFT,True,6.403454950178883,0.7423023198141773,0.005,57,0.0,0.0,,,,,0.0,0.0,0.04411764705882353,,
test,5092,0.75,B1_IsolationForest,QUALITY_DRIFT,True,6.403454950178883,0.7423023198141773,0.01,57,0.0,0.0,,,,,0.0,0.0,0.051470588235294115,,
test,5092,0.75,B1_IsolationForest,QUALITY_DRIFT,True,6.403454950178883,0.7423023198141773,0.02,57,0.0,0.0,,,,,0.0,0.0,0.051470588235294115,,
test,5092,0.75,B1_IsolationForest,QUALITY_DRIFT,True,6.403454950178883,0.7423023198141773,0.05,57,0.017543859649122806,1.0,0.0,0.0,2.0,,0.0,0.0,0.08823529411764706,49081.0318750075,
test,5092,0.75,B1_IsolationForest,QUALITY_DRIFT,True,6.403454950178883,0.7423023198141773,0.1,57,0.05263157894736842,1.0,0.0,0.0,2.0,,0.0,0.0,0.13970588235294118,48628.82253867126,
test,5092,0.5,RippleTwin,QUALITY_DRIFT,True,6.403454950178883,39.99294167411538,0.005,57,0.0,0.0,,,,,0.0,0.0,0.014705882352941176,,
test,5092,0.5,RippleTwin,QUALITY_DRIFT,True,6.403454950178883,39.99294167411538,0.01,57,0.0,0.0,,,,,0.0,0.0,0.014705882352941176,,
test,5092,0.5,RippleTwin,QUALITY_DRIFT,True,6.403454950178883,39.99294167411538,0.02,57,0.0,0.0,,,,,0.0,0.0,0.029411764705882353,,
test,5092,0.5,RippleTwin,QUALITY_DRIFT,True,6.403454950178883,39.99294167411538,0.05,57,0.0,0.0,,,,,0.0,0.0,0.09558823529411764,,
test,5092,0.5,RippleTwin,QUALITY_DRIFT,True,6.403454950178883,39.99294167411538,0.1,57,0.0,0.0,,,,,0.0,0.0,0.13970588235294118,,
test,5092,0.5,B2_observed_only_twin,QUALITY_DRIFT,True,6.403454950178883,39.987745614480566,0.005,57,0.0,0.0,,,,,0.0,0.0,0.014705882352941176,,
test,5092,0.5,B2_observed_only_twin,QUALITY_DRIFT,True,6.403454950178883,39.987745614480566,0.01,57,0.0,0.0,,,,,0.0,0.0,0.014705882352941176,,
test,5092,0.5,B2_observed_only_twin,QUALITY_DRIFT,True,6.403454950178883,39.987745614480566,0.02,57,0.0,0.0,,,,,0.0,0.0,0.029411764705882353,,
test,5092,0.5,B2_observed_only_twin,QUALITY_DRIFT,True,6.403454950178883,39.987745614480566,0.05,57,0.0,0.0,,,,,0.0,0.0,0.11029411764705882,,
test,5092,0.5,B2_observed_only_twin,QUALITY_DRIFT,True,6.403454950178883,39.987745614480566,0.1,57,0.05263157894736842,1.0,0.0,0.0,35.0,,0.0,0.0,0.16176470588235295,55460.04146198571,
test,5092,0.5,B0_SPC_observed,QUALITY_DRIFT,True,6.403454950178883,5.012127239822025,0.005,57,0.05263157894736842,1.0,0.0,0.0,35.0,,0.0,0.0,0.022058823529411766,55125.95343229045,
test,5092,0.5,B0_SPC_observed,QUALITY_DRIFT,True,6.403454950178883,5.012127239822025,0.01,57,0.07017543859649122,1.0,0.0,0.0,35.0,,0.0,0.0,0.022058823529411766,55125.95343229045,
test,5092,0.5,B0_SPC_observed,QUALITY_DRIFT,True,6.403454950178883,5.012127239822025,0.02,57,0.08771929824561403,1.0,0.0,0.0,35.0,,0.0,0.0,0.022058823529411766,55125.95343229045,
test,5092,0.5,B0_SPC_observed,QUALITY_DRIFT,True,6.403454950178883,5.012127239822025,0.05,57,0.10526315789473684,1.0,0.0,0.0,35.0,,0.0,0.0,0.03676470588235294,54790.839219101035,
test,5092,0.5,B0_SPC_observed,QUALITY_DRIFT,True,6.403454950178883,5.012127239822025,0.1,57,0.15789473684210525,1.0,0.0,0.0,35.0,,0.0,0.0,0.1323529411764706,43616.428972004884,
test,5092,0.5,B1_IsolationForest,QUALITY_DRIFT,True,6.403454950178883,0.7423023198141773,0.005,57,0.0,0.0,,,,,0.0,0.0,0.014705882352941176,,
test,5092,0.5,B1_IsolationForest,QUALITY_DRIFT,True,6.403454950178883,0.7423023198141773,0.01,57,0.0,0.0,,,,,0.0,0.0,0.022058823529411766,,
test,5092,0.5,B1_IsolationForest,QUALITY_DRIFT,True,6.403454950178883,0.7423023198141773,0.02,57,0.0,0.0,,,,,0.0,0.0,0.03676470588235294,,
test,5092,0.5,B1_IsolationForest,QUALITY_DRIFT,True,6.403454950178883,0.7423023198141773,0.05,57,0.0,0.0,,,,,0.0,0.0,0.058823529411764705,,
test,5092,0.5,B1_IsolationForest,QUALITY_DRIFT,True,6.403454950178883,0.7423023198141773,0.1,57,0.0,0.0,,,,,0.0,0.0,0.13970588235294118,,
test,5092,0.25,RippleTwin,QUALITY_DRIFT,True,6.403454950178883,23.87887940963418,0.005,57,0.0,0.0,,,,,0.0,0.0,0.0,,
test,5092,0.25,RippleTwin,QUALITY_DRIFT,True,6.403454950178883,23.87887940963418,0.01,57,0.0,0.0,,,,,0.0,0.0,0.0,,
test,5092,0.25,RippleTwin,QUALITY_DRIFT,True,6.403454950178883,23.87887940963418,0.02,57,0.0,0.0,,,,,0.0,0.0,0.09558823529411764,,
test,5092,0.25,RippleTwin,QUALITY_DRIFT,True,6.403454950178883,23.87887940963418,0.05,57,0.0,0.0,,,,,0.0,0.0,0.14705882352941177,,
test,5092,0.25,RippleTwin,QUALITY_DRIFT,True,6.403454950178883,23.87887940963418,0.1,57,0.0,0.0,,,,,0.0,0.0,0.3088235294117647,,
test,5092,0.25,B2_observed_only_twin,QUALITY_DRIFT,True,6.403454950178883,23.87066583332845,0.005,57,0.0,0.0,,,,,0.0,0.0,0.0,,
test,5092,0.25,B2_observed_only_twin,QUALITY_DRIFT,True,6.403454950178883,23.87066583332845,0.01,57,0.0,0.0,,,,,0.0,0.0,0.0,,
test,5092,0.25,B2_observed_only_twin,QUALITY_DRIFT,True,6.403454950178883,23.87066583332845,0.02,57,0.0,0.0,,,,,0.0,0.0,0.07352941176470588,,
test,5092,0.25,B2_observed_only_twin,QUALITY_DRIFT,True,6.403454950178883,23.87066583332845,0.05,57,0.0,0.0,,,,,0.0,0.0,0.16911764705882354,,
test,5092,0.25,B2_observed_only_twin,QUALITY_DRIFT,True,6.403454950178883,23.87066583332845,0.1,57,0.0,0.0,,,,,0.0,0.0,0.3161764705882353,,
test,5092,0.25,B0_SPC_observed,QUALITY_DRIFT,True,6.403454950178883,4.674774997918179,0.005,57,0.0,0.0,,,,,0.0,0.0,0.0,,
test,5092,0.25,B0_SPC_observed,QUALITY_DRIFT,True,6.403454950178883,4.674774997918179,0.01,57,0.0,0.0,,,,,0.0,0.0,0.0,,
test,5092,0.25,B0_SPC_observed,QUALITY_DRIFT,True,6.403454950178883,4.674774997918179,0.02,57,0.0,0.0,,,,,0.0,0.0,0.0,,
test,5092,0.25,B0_SPC_observed,QUALITY_DRIFT,True,6.403454950178883,4.674774997918179,0.05,57,0.0,0.0,,,,,0.0,0.0,0.0,,
test,5092,0.25,B0_SPC_observed,QUALITY_DRIFT,True,6.403454950178883,4.674774997918179,0.1,57,0.05263157894736842,1.0,0.0,0.0,24.0,,0.0,0.0,0.014705882352941176,50933.67693137738,
test,5092,0.25,B1_IsolationForest,QUALITY_DRIFT,True,6.403454950178883,0.7158774793615637,0.005,57,0.0,0.0,,,,,0.0,0.0,0.022058823529411766,,
test,5092,0.25,B1_IsolationForest,QUALITY_DRIFT,True,6.403454950178883,0.7158774793615637,0.01,57,0.0,0.0,,,,,0.0,0.0,0.058823529411764705,,
test,5092,0.25,B1_IsolationForest,QUALITY_DRIFT,True,6.403454950178883,0.7158774793615637,0.02,57,0.0,0.0,,,,,0.0,0.0,0.0661764705882353,,
test,5092,0.25,B1_IsolationForest,QUALITY_DRIFT,True,6.403454950178883,0.7158774793615637,0.05,57,0.0,0.0,,,,,0.0,0.0,0.08088235294117647,,
test,5092,0.25,B1_IsolationForest,QUALITY_DRIFT,True,6.403454950178883,0.7158774793615637,0.1,57,0.0,0.0,,,,,0.0,0.0,0.09558823529411764,,
test,5096,1.0,RippleTwin,SLOWDOWN,False,1.3160609460945203,42.5638498837417,0.005,44,0.9772727272727273,1.0,1.0,1.0,0.0,,1.0,1.0,0.0,19615.91263060718,
test,5096,1.0,RippleTwin,SLOWDOWN,False,1.3160609460945203,42.5638498837417,0.01,44,1.0,1.0,1.0,1.0,0.0,,1.0,1.0,0.0,19615.91263060718,
test,5096,1.0,RippleTwin,SLOWDOWN,False,1.3160609460945203,42.5638498837417,0.02,44,1.0,1.0,1.0,1.0,0.0,,1.0,1.0,0.0,19319.624530418496,
test,5096,1.0,RippleTwin,SLOWDOWN,False,1.3160609460945203,42.5638498837417,0.05,44,1.0,1.0,1.0,1.0,0.0,,1.0,1.0,0.02040816326530612,19319.624530418496,
test,5096,1.0,RippleTwin,SLOWDOWN,False,1.3160609460945203,42.5638498837417,0.1,44,1.0,1.0,1.0,1.0,0.0,,1.0,1.0,0.10204081632653061,19319.624530418496,
test,5096,1.0,B2_observed_only_twin,SLOWDOWN,False,1.3160609460945203,42.5638498837417,0.005,44,0.9772727272727273,1.0,1.0,1.0,0.0,,1.0,1.0,0.0,19615.91263060718,
test,5096,1.0,B2_observed_only_twin,SLOWDOWN,False,1.3160609460945203,42.5638498837417,0.01,44,1.0,1.0,1.0,1.0,0.0,,1.0,1.0,0.0,19615.91263060718,
test,5096,1.0,B2_observed_only_twin,SLOWDOWN,False,1.3160609460945203,42.5638498837417,0.02,44,1.0,1.0,1.0,1.0,0.0,,1.0,1.0,0.0,19319.624530418496,
test,5096,1.0,B2_observed_only_twin,SLOWDOWN,False,1.3160609460945203,42.5638498837417,0.05,44,1.0,1.0,1.0,1.0,0.0,,1.0,1.0,0.02040816326530612,19319.624530418496,
test,5096,1.0,B2_observed_only_twin,SLOWDOWN,False,1.3160609460945203,42.5638498837417,0.1,44,1.0,1.0,1.0,1.0,0.0,,1.0,1.0,0.10204081632653061,19319.624530418496,
test,5096,1.0,B0_SPC_observed,SLOWDOWN,False,1.3160609460945203,5.124273832797681,0.005,44,0.9545454545454546,1.0,1.0,1.0,0.0,,1.0,1.0,0.006802721088435374,19615.91263060718,
test,5096,1.0,B0_SPC_observed,SLOWDOWN,False,1.3160609460945203,5.124273832797681,0.01,44,0.9545454545454546,1.0,1.0,1.0,0.0,,1.0,1.0,0.013605442176870748,19615.91263060718,
test,5096,1.0,B0_SPC_observed,SLOWDOWN,False,1.3160609460945203,5.124273832797681,0.02,44,0.9545454545454546,1.0,1.0,1.0,0.0,,1.0,1.0,0.013605442176870748,19615.91263060718,
test,5096,1.0,B0_SPC_observed,SLOWDOWN,False,1.3160609460945203,5.124273832797681,0.05,44,0.9772727272727273,1.0,0.9767441860465116,0.9767441860465116,0.0,,1.0,1.0,0.027210884353741496,19319.624530418496,
test,5096,1.0,B0_SPC_observed,SLOWDOWN,False,1.3160609460945203,5.124273832797681,0.1,44,0.9772727272727273,1.0,0.9767441860465116,0.9767441860465116,0.0,,1.0,1.0,0.04081632653061224,19319.624530418496,
test,5096,1.0,B1_IsolationForest,SLOWDOWN,False,1.3160609460945203,0.7784702529546166,0.005,44,0.0,0.0,,,,,0.0,0.0,0.013605442176870748,,
test,5096,1.0,B1_IsolationForest,SLOWDOWN,False,1.3160609460945203,0.7784702529546166,0.01,44,0.0,0.0,,,,,0.0,0.0,0.02040816326530612,,
test,5096,1.0,B1_IsolationForest,SLOWDOWN,False,1.3160609460945203,0.7784702529546166,0.02,44,0.022727272727272728,1.0,0.0,0.0,11.0,,0.0,0.0,0.02040816326530612,33841.84985614409,
test,5096,1.0,B1_IsolationForest,SLOWDOWN,False,1.3160609460945203,0.7784702529546166,0.05,44,0.3409090909090909,1.0,0.0,0.0,11.0,,0.0,0.0,0.08163265306122448,20821.708244266414,
test,5096,1.0,B1_IsolationForest,SLOWDOWN,False,1.3160609460945203,0.7784702529546166,0.1,44,0.7045454545454546,1.0,0.0,0.0,14.0,,0.0,0.0,0.12244897959183673,19911.005072570435,
test,5096,0.75,RippleTwin,SLOWDOWN,False,1.3160609460945203,31.30364205825687,0.005,44,1.0,1.0,1.0,1.0,0.0,,1.0,1.0,0.0,19319.624530418496,
test,5096,0.75,RippleTwin,SLOWDOWN,False,1.3160609460945203,31.30364205825687,0.01,44,1.0,1.0,1.0,1.0,0.0,,1.0,1.0,0.0,19319.624530418496,
test,5096,0.75,RippleTwin,SLOWDOWN,False,1.3160609460945203,31.30364205825687,0.02,44,1.0,1.0,1.0,1.0,0.0,,1.0,1.0,0.013605442176870748,19013.70787430836,
test,5096,0.75,RippleTwin,SLOWDOWN,False,1.3160609460945203,31.30364205825687,0.05,44,1.0,1.0,1.0,1.0,0.0,,1.0,1.0,0.05442176870748299,18712.892241319692,
test,5096,0.75,RippleTwin,SLOWDOWN,False,1.3160609460945203,31.30364205825687,0.1,44,1.0,1.0,1.0,1.0,0.0,,1.0,1.0,0.10204081632653061,18712.892241319692,
test,5096,0.75,B2_observed_only_twin,SLOWDOWN,False,1.3160609460945203,31.30364205825687,0.005,44,1.0,1.0,1.0,1.0,0.0,,1.0,1.0,0.0,19319.624530418496,
test,5096,0.75,B2_observed_only_twin,SLOWDOWN,False,1.3160609460945203,31.30364205825687,0.01,44,1.0,1.0,1.0,1.0,0.0,,1.0,1.0,0.0,19319.624530418496,
test,5096,0.75,B2_observed_only_twin,SLOWDOWN,False,1.3160609460945203,31.30364205825687,0.02,44,1.0,1.0,1.0,1.0,0.0,,1.0,1.0,0.013605442176870748,19013.70787430836,
test,5096,0.75,B2_observed_only_twin,SLOWDOWN,False,1.3160609460945203,31.30364205825687,0.05,44,1.0,1.0,1.0,1.0,0.0,,1.0,1.0,0.06802721088435375,18712.892241319692,
test,5096,0.75,B2_observed_only_twin,SLOWDOWN,False,1.3160609460945203,31.30364205825687,0.1,44,1.0,1.0,1.0,1.0,0.0,,1.0,1.0,0.17687074829931973,18712.892241319692,
test,5096,0.75,B0_SPC_observed,SLOWDOWN,False,1.3160609460945203,5.061702559429017,0.005,44,0.9545454545454546,1.0,1.0,1.0,0.0,,1.0,1.0,0.013605442176870748,19615.91263060718,
test,5096,0.75,B0_SPC_observed,SLOWDOWN,False,1.3160609460945203,5.061702559429017,0.01,44,0.9545454545454546,1.0,1.0,1.0,0.0,,1.0,1.0,0.013605442176870748,19615.91263060718,
test,5096,0.75,B0_SPC_observed,SLOWDOWN,False,1.3160609460945203,5.061702559429017,0.02,44,0.9545454545454546,1.0,1.0,1.0,0.0,,1.0,1.0,0.013605442176870748,19615.91263060718,
test,5096,0.75,B0_SPC_observed,SLOWDOWN,False,1.3160609460945203,5.061702559429017,0.05,44,0.9772727272727273,1.0,0.9767441860465116,0.9767441860465116,0.0,,1.0,1.0,0.027210884353741496,19319.624530418496,
test,5096,0.75,B0_SPC_observed,SLOWDOWN,False,1.3160609460945203,5.061702559429017,0.1,44,0.9772727272727273,1.0,0.9767441860465116,0.9767441860465116,0.0,,1.0,1.0,0.04081632653061224,19319.624530418496,
test,5096,0.75,B1_IsolationForest,SLOWDOWN,False,1.3160609460945203,0.7423023198141773,0.005,44,0.2727272727272727,1.0,0.0,0.0,11.0,,0.0,0.0,0.07482993197278912,20821.708244266414,
test,5096,0.75,B1_IsolationForest,SLOWDOWN,False,1.3160609460945203,0.7423023198141773,0.01,44,0.36363636363636365,1.0,0.0,0.0,11.0,,0.0,0.0,0.08163265306122448,20821.708244266414,
test,5096,0.75,B1_IsolationForest,SLOWDOWN,False,1.3160609460945203,0.7423023198141773,0.02,44,0.5454545454545454,1.0,0.0,0.0,11.0,,0.0,0.0,0.08843537414965986,20821.708244266414,
test,5096,0.75,B1_IsolationForest,SLOWDOWN,False,1.3160609460945203,0.7423023198141773,0.05,44,0.7045454545454546,1.0,0.0,0.0,11.0,,0.0,0.0,0.10884353741496598,19911.005072570435,
test,5096,0.75,B1_IsolationForest,SLOWDOWN,False,1.3160609460945203,0.7423023198141773,0.1,44,0.7045454545454546,1.0,0.0,0.0,11.0,,0.0,0.0,0.16326530612244897,19911.005072570435,
test,5096,0.5,RippleTwin,SLOWDOWN,False,1.3160609460945203,39.99294167411538,0.005,44,1.0,1.0,1.0,1.0,0.0,,1.0,1.0,0.0,19615.91263060718,
test,5096,0.5,RippleTwin,SLOWDOWN,False,1.3160609460945203,39.99294167411538,0.01,44,1.0,1.0,1.0,1.0,0.0,,1.0,1.0,0.0,19615.91263060718,
test,5096,0.5,RippleTwin,SLOWDOWN,False,1.3160609460945203,39.99294167411538,0.02,44,1.0,1.0,1.0,1.0,0.0,,1.0,1.0,0.006802721088435374,19319.624530418496,
test,5096,0.5,RippleTwin,SLOWDOWN,False,1.3160609460945203,39.99294167411538,0.05,44,1.0,1.0,1.0,1.0,0.0,,1.0,1.0,0.013605442176870748,19319.624530418496,
test,5096,0.5,RippleTwin,SLOWDOWN,False,1.3160609460945203,39.99294167411538,0.1,44,1.0,1.0,1.0,1.0,0.0,,1.0,1.0,0.06802721088435375,19319.624530418496,
test,5096,0.5,B2_observed_only_twin,SLOWDOWN,False,1.3160609460945203,39.987745614480566,0.005,44,1.0,1.0,1.0,1.0,0.0,,1.0,1.0,0.0,19615.91263060718,
test,5096,0.5,B2_observed_only_twin,SLOWDOWN,False,1.3160609460945203,39.987745614480566,0.01,44,1.0,1.0,1.0,1.0,0.0,,1.0,1.0,0.0,19615.91263060718,
test,5096,0.5,B2_observed_only_twin,SLOWDOWN,False,1.3160609460945203,39.987745614480566,0.02,44,1.0,1.0,1.0,1.0,0.0,,1.0,1.0,0.006802721088435374,19319.624530418496,
test,5096,0.5,B2_observed_only_twin,SLOWDOWN,False,1.3160609460945203,39.987745614480566,0.05,44,1.0,1.0,1.0,1.0,0.0,,1.0,1.0,0.027210884353741496,19319.624530418496,
test,5096,0.5,B2_observed_only_twin,SLOWDOWN,False,1.3160609460945203,39.987745614480566,0.1,44,1.0,1.0,1.0,1.0,0.0,,1.0,1.0,0.07482993197278912,19319.624530418496,
test,5096,0.5,B0_SPC_observed,SLOWDOWN,False,1.3160609460945203,5.012127239822025,0.005,44,0.9545454545454546,1.0,1.0,1.0,0.0,,1.0,1.0,0.013605442176870748,19615.91263060718,
test,5096,0.5,B0_SPC_observed,SLOWDOWN,False,1.3160609460945203,5.012127239822025,0.01,44,0.9545454545454546,1.0,1.0,1.0,0.0,,1.0,1.0,0.013605442176870748,19615.91263060718,
test,5096,0.5,B0_SPC_observed,SLOWDOWN,False,1.3160609460945203,5.012127239822025,0.02,44,0.9772727272727273,1.0,0.9767441860465116,0.9767441860465116,0.0,,1.0,1.0,0.013605442176870748,19319.624530418496,
test,5096,0.5,B0_SPC_observed,SLOWDOWN,False,1.3160609460945203,5.012127239822025,0.05,44,0.9772727272727273,1.0,0.9767441860465116,0.9767441860465116,0.0,,1.0,1.0,0.034013605442176874,19319.624530418496,
test,5096,0.5,B0_SPC_observed,SLOWDOWN,False,1.3160609460945203,5.012127239822025,0.1,44,0.9772727272727273,1.0,0.9767441860465116,0.9767441860465116,0.0,,1.0,1.0,0.061224489795918366,19319.624530418496,
test,5096,0.5,B1_IsolationForest,SLOWDOWN,False,1.3160609460945203,0.7423023198141773,0.005,44,0.022727272727272728,1.0,0.0,0.0,20.0,,0.0,0.0,0.07482993197278912,25636.581041885875,
test,5096,0.5,B1_IsolationForest,SLOWDOWN,False,1.3160609460945203,0.7423023198141773,0.01,44,0.022727272727272728,1.0,0.0,0.0,20.0,,0.0,0.0,0.07482993197278912,25636.581041885875,
test,5096,0.5,B1_IsolationForest,SLOWDOWN,False,1.3160609460945203,0.7423023198141773,0.02,44,0.11363636363636363,1.0,0.0,0.0,10.0,,0.0,0.0,0.07482993197278912,25636.581041885875,
test,5096,0.5,B1_IsolationForest,SLOWDOWN,False,1.3160609460945203,0.7423023198141773,0.05,44,0.6590909090909091,1.0,0.0,0.0,10.0,,0.0,0.0,0.17687074829931973,19911.005072570435,
test,5096,0.5,B1_IsolationForest,SLOWDOWN,False,1.3160609460945203,0.7423023198141773,0.1,44,0.7045454545454546,1.0,0.0,0.0,10.0,,0.0,0.0,0.2108843537414966,19615.91263060718,
test,5096,0.25,RippleTwin,SLOWDOWN,True,1.3160609460945203,23.87887940963418,0.005,44,0.6363636363636364,1.0,0.03571428571428571,0.14285714285714285,2.0,,0.0,0.0,0.0,19615.91263060718,
test,5096,0.25,RippleTwin,SLOWDOWN,True,1.3160609460945203,23.87887940963418,0.01,44,0.6363636363636364,1.0,0.03571428571428571,0.14285714285714285,2.0,,0.0,0.0,0.0,19615.91263060718,
test,5096,0.25,RippleTwin,SLOWDOWN,True,1.3160609460945203,23.87887940963418,0.02,44,0.6363636363636364,1.0,0.03571428571428571,0.14285714285714285,2.0,,0.0,0.0,0.06802721088435375,19615.91263060718,
test,5096,0.25,RippleTwin,SLOWDOWN,True,1.3160609460945203,23.87887940963418,0.05,44,0.6363636363636364,1.0,0.03571428571428571,0.14285714285714285,2.0,,0.0,0.0,0.08163265306122448,19615.91263060718,
test,5096,0.25,RippleTwin,SLOWDOWN,True,1.3160609460945203,23.87887940963418,0.1,44,0.6363636363636364,1.0,0.03571428571428571,0.14285714285714285,2.0,,0.0,0.0,0.1564625850340136,19615.91263060718,
test,5096,0.25,B2_observed_only_twin,SLOWDOWN,True,1.3160609460945203,23.87066583332845,0.005,44,1.0,1.0,0.0,0.0,3.0,,0.0,0.0,0.0,19615.91263060718,
test,5096,0.25,B2_observed_only_twin,SLOWDOWN,True,1.3160609460945203,23.87066583332845,0.01,44,1.0,1.0,0.0,0.0,3.0,,0.0,0.0,0.0,19319.624530418496,
test,5096,0.25,B2_observed_only_twin,SLOWDOWN,True,1.3160609460945203,23.87066583332845,0.02,44,1.0,1.0,0.0,0.0,3.0,,0.0,0.0,0.061224489795918366,19319.624530418496,
test,5096,0.25,B2_observed_only_twin,SLOWDOWN,True,1.3160609460945203,23.87066583332845,0.05,44,1.0,1.0,0.0,0.0,3.0,,0.0,0.0,0.10204081632653061,19319.624530418496,
test,5096,0.25,B2_observed_only_twin,SLOWDOWN,True,1.3160609460945203,23.87066583332845,0.1,44,1.0,1.0,0.0,0.0,3.0,,0.0,0.0,0.17006802721088435,19319.624530418496,
test,5096,0.25,B0_SPC_observed,SLOWDOWN,True,1.3160609460945203,4.674774997918179,0.005,44,0.0,0.0,,,,,0.0,0.0,0.013605442176870748,,
test,5096,0.25,B0_SPC_observed,SLOWDOWN,True,1.3160609460945203,4.674774997918179,0.01,44,0.022727272727272728,1.0,0.0,0.0,20.0,,0.0,0.0,0.013605442176870748,38174.12269414121,
test,5096,0.25,B0_SPC_observed,SLOWDOWN,True,1.3160609460945203,4.674774997918179,0.02,44,0.022727272727272728,1.0,0.0,0.0,20.0,,0.0,0.0,0.027210884353741496,38174.12269414121,
test,5096,0.25,B0_SPC_observed,SLOWDOWN,True,1.3160609460945203,4.674774997918179,0.05,44,0.022727272727272728,1.0,0.0,0.0,20.0,,0.0,0.0,0.047619047619047616,38174.12269414121,
test,5096,0.25,B0_SPC_observed,SLOWDOWN,True,1.3160609460945203,4.674774997918179,0.1,44,0.045454545454545456,1.0,0.0,0.0,11.5,,0.0,0.0,0.061224489795918366,31030.77806859912,
test,5096,0.25,B1_IsolationForest,SLOWDOWN,True,1.3160609460945203,0.7158774793615637,0.005,44,0.36363636363636365,1.0,0.0,0.0,10.0,,0.0,0.0,0.0,20225.728122512846,
test,5096,0.25,B1_IsolationForest,SLOWDOWN,True,1.3160609460945203,0.7158774793615637,0.01,44,0.6818181818181818,1.0,0.0,0.0,10.0,,0.0,0.0,0.0,19911.005072570435,
test,5096,0.25,B1_IsolationForest,SLOWDOWN,True,1.3160609460945203,0.7158774793615637,0.02,44,0.7727272727272727,1.0,0.0,0.0,10.0,,0.0,0.0,0.02040816326530612,19911.005072570435,
test,5096,0.25,B1_IsolationForest,SLOWDOWN,True,1.3160609460945203,0.7158774793615637,0.05,44,0.8409090909090909,1.0,0.0,0.0,10.0,,0.0,0.0,0.05442176870748299,19615.91263060718,
test,5096,0.25,B1_IsolationForest,SLOWDOWN,True,1.3160609460945203,0.7158774793615637,0.1,44,0.8409090909090909,1.0,0.0,0.0,10.0,,0.0,0.0,0.05442176870748299,19319.624530418496,
test,5097,1.0,RippleTwin,SLOWDOWN,False,1.4294561572624191,42.5638498837417,0.005,52,0.34615384615384615,1.0,1.0,1.0,0.0,85.79731552365544,1.0,1.0,0.10416666666666667,18421.032486793592,18421.032486793592
test,5097,1.0,RippleTwin,SLOWDOWN,False,1.4294561572624191,42.5638498837417,0.01,52,0.36538461538461536,1.0,1.0,1.0,0.0,85.79731552365544,1.0,1.0,0.10416666666666667,18421.032486793592,18421.032486793592
test,5097,1.0,RippleTwin,SLOWDOWN,False,1.4294561572624191,42.5638498837417,0.02,52,0.36538461538461536,1.0,1.0,1.0,0.0,85.79731552365544,1.0,1.0,0.1111111111111111,18421.032486793592,18421.032486793592
test,5097,1.0,RippleTwin,SLOWDOWN,False,1.4294561572624191,42.5638498837417,0.05,52,0.38461538461538464,1.0,1.0,1.0,0.0,85.79731552365544,1.0,1.0,0.1111111111111111,18421.032486793592,18421.032486793592
test,5097,1.0,RippleTwin,SLOWDOWN,False,1.4294561572624191,42.5638498837417,0.1,52,0.4423076923076923,1.0,0.8695652173913043,0.8695652173913043,0.0,85.79731552365544,1.0,1.0,0.1111111111111111,18421.032486793592,18421.032486793592
test,5097,1.0,B2_observed_only_twin,SLOWDOWN,False,1.4294561572624191,42.5638498837417,0.005,52,0.34615384615384615,1.0,1.0,1.0,0.0,85.79731552365544,1.0,1.0,0.10416666666666667,18421.032486793592,18421.032486793592
test,5097,1.0,B2_observed_only_twin,SLOWDOWN,False,1.4294561572624191,42.5638498837417,0.01,52,0.36538461538461536,1.0,1.0,1.0,0.0,85.79731552365544,1.0,1.0,0.10416666666666667,18421.032486793592,18421.032486793592
test,5097,1.0,B2_observed_only_twin,SLOWDOWN,False,1.4294561572624191,42.5638498837417,0.02,52,0.36538461538461536,1.0,1.0,1.0,0.0,85.79731552365544,1.0,1.0,0.1111111111111111,18421.032486793592,18421.032486793592
test,5097,1.0,B2_observed_only_twin,SLOWDOWN,False,1.4294561572624191,42.5638498837417,0.05,52,0.38461538461538464,1.0,1.0,1.0,0.0,85.79731552365544,1.0,1.0,0.1111111111111111,18421.032486793592,18421.032486793592
test,5097,1.0,B2_observed_only_twin,SLOWDOWN,False,1.4294561572624191,42.5638498837417,0.1,52,0.4423076923076923,1.0,0.8695652173913043,0.8695652173913043,0.0,85.79731552365544,1.0,1.0,0.1111111111111111,18421.032486793592,18421.032486793592
test,5097,1.0,B0_SPC_observed,SLOWDOWN,False,1.4294561572624191,5.124273832797681,0.005,52,0.34615384615384615,1.0,1.0,1.0,0.0,85.79731552365544,1.0,1.0,0.1111111111111111,18421.032486793592,18421.032486793592
test,5097,1.0,B0_SPC_observed,SLOWDOWN,False,1.4294561572624191,5.124273832797681,0.01,52,0.34615384615384615,1.0,1.0,1.0,0.0,85.79731552365544,1.0,1.0,0.11805555555555555,18421.032486793592,18421.032486793592
test,5097,1.0,B0_SPC_observed,SLOWDOWN,False,1.4294561572624191,5.124273832797681,0.02,52,0.34615384615384615,1.0,1.0,1.0,0.0,85.79731552365544,1.0,1.0,0.11805555555555555,18421.032486793592,18421.032486793592
test,5097,1.0,B0_SPC_observed,SLOWDOWN,False,1.4294561572624191,5.124273832797681,0.05,52,0.36538461538461536,1.0,0.9473684210526315,0.9473684210526315,0.0,85.79731552365544,1.0,1.0,0.125,18421.032486793592,18421.032486793592
test,5097,1.0,B0_SPC_observed,SLOWDOWN,False,1.4294561572624191,5.124273832797681,0.1,52,0.40384615384615385,1.0,0.8571428571428571,0.8571428571428571,0.0,85.79731552365544,1.0,1.0,0.1388888888888889,18421.032486793592,18421.032486793592
test,5097,1.0,B1_IsolationForest,SLOWDOWN,False,1.4294561572624191,0.7784702529546166,0.005,52,0.0,0.0,,,,,0.0,0.0,0.0,,
test,5097,1.0,B1_IsolationForest,SLOWDOWN,False,1.4294561572624191,0.7784702529546166,0.01,52,0.0,0.0,,,,,0.0,0.0,0.0,,
test,5097,1.0,B1_IsolationForest,SLOWDOWN,False,1.4294561572624191,0.7784702529546166,0.02,52,0.0,0.0,,,,,0.0,0.0,0.0,,
test,5097,1.0,B1_IsolationForest,SLOWDOWN,False,1.4294561572624191,0.7784702529546166,0.05,52,0.09615384615384616,1.0,0.0,0.0,5.0,,0.0,0.0,0.027777777777777776,23513.72521428731,
test,5097,1.0,B1_IsolationForest,SLOWDOWN,False,1.4294561572624191,0.7784702529546166,0.1,52,0.25,1.0,0.0,0.0,5.0,,0.0,0.0,0.0625,19929.992040977097,
test,5097,0.75,RippleTwin,SLOWDOWN,False,1.4294561572624191,31.30364205825687,0.005,52,0.36538461538461536,1.0,1.0,1.0,0.0,85.79731552365544,1.0,1.0,0.1111111111111111,18421.032486793592,18421.032486793592
test,5097,0.75,RippleTwin,SLOWDOWN,False,1.4294561572624191,31.30364205825687,0.01,52,0.36538461538461536,1.0,1.0,1.0,0.0,85.79731552365544,1.0,1.0,0.1111111111111111,18421.032486793592,18421.032486793592
test,5097,0.75,RippleTwin,SLOWDOWN,False,1.4294561572624191,31.30364205825687,0.02,52,0.36538461538461536,1.0,1.0,1.0,0.0,85.79731552365544,1.0,1.0,0.1111111111111111,18421.032486793592,18421.032486793592
test,5097,0.75,RippleTwin,SLOWDOWN,False,1.4294561572624191,31.30364205825687,0.05,52,0.4230769230769231,1.0,0.9090909090909091,0.9090909090909091,0.0,85.79731552365544,1.0,1.0,0.1111111111111111,18421.032486793592,18421.032486793592
test,5097,0.75,RippleTwin,SLOWDOWN,False,1.4294561572624191,31.30364205825687,0.1,52,0.4423076923076923,1.0,0.8695652173913043,0.8695652173913043,0.0,85.79731552365544,1.0,1.0,0.11805555555555555,18421.032486793592,18421.032486793592
test,5097,0.75,B2_observed_only_twin,SLOWDOWN,False,1.4294561572624191,31.30364205825687,0.005,52,0.36538461538461536,1.0,1.0,1.0,0.0,85.79731552365544,1.0,1.0,0.1111111111111111,18421.032486793592,18421.032486793592
test,5097,0.75,B2_observed_only_twin,SLOWDOWN,False,1.4294561572624191,31.30364205825687,0.01,52,0.36538461538461536,1.0,1.0,1.0,0.0,85.79731552365544,1.0,1.0,0.1111111111111111,18421.032486793592,18421.032486793592
test,5097,0.75,B2_observed_only_twin,SLOWDOWN,False,1.4294561572624191,31.30364205825687,0.02,52,0.38461538461538464,1.0,1.0,1.0,0.0,85.79731552365544,1.0,1.0,0.1111111111111111,18421.032486793592,18421.032486793592
test,5097,0.75,B2_observed_only_twin,SLOWDOWN,False,1.4294561572624191,31.30364205825687,0.05,52,0.4230769230769231,1.0,0.9090909090909091,0.9090909090909091,0.0,85.79731552365544,1.0,1.0,0.1111111111111111,18421.032486793592,18421.032486793592
test,5097,0.75,B2_observed_only_twin,SLOWDOWN,False,1.4294561572624191,31.30364205825687,0.1,52,0.4423076923076923,1.0,0.8695652173913043,0.8695652173913043,0.0,85.79731552365544,1.0,1.0,0.13194444444444445,18421.032486793592,18421.032486793592
test,5097,0.75,B0_SPC_observed,SLOWDOWN,False,1.4294561572624191,5.061702559429017,0.005,52,0.34615384615384615,1.0,1.0,1.0,0.0,85.79731552365544,1.0,1.0,0.11805555555555555,18421.032486793592,18421.032486793592
test,5097,0.75,B0_SPC_observed,SLOWDOWN,False,1.4294561572624191,5.061702559429017,0.01,52,0.34615384615384615,1.0,1.0,1.0,0.0,85.79731552365544,1.0,1.0,0.11805555555555555,18421.032486793592,18421.032486793592
test,5097,0.75,B0_SPC_observed,SLOWDOWN,False,1.4294561572624191,5.061702559429017,0.02,52,0.34615384615384615,1.0,1.0,1.0,0.0,85.79731552365544,1.0,1.0,0.11805555555555555,18421.032486793592,18421.032486793592
test,5097,0.75,B0_SPC_observed,SLOWDOWN,False,1.4294561572624191,5.061702559429017,0.05,52,0.36538461538461536,1.0,0.9473684210526315,0.9473684210526315,0.0,85.79731552365544,1.0,1.0,0.125,18421.032486793592,18421.032486793592
test,5097,0.75,B0_SPC_observed,SLOWDOWN,False,1.4294561572624191,5.061702559429017,0.1,52,0.40384615384615385,1.0,0.8571428571428571,0.8571428571428571,0.0,85.79731552365544,1.0,1.0,0.1388888888888889,18421.032486793592,18421.032486793592
test,5097,0.75,B1_IsolationForest,SLOWDOWN,False,1.4294561572624191,0.7423023198141773,0.005,52,0.057692307692307696,1.0,0.0,0.0,5.0,,0.0,0.0,0.0,23513.72521428731,
test,5097,0.75,B1_IsolationForest,SLOWDOWN,False,1.4294561572624191,0.7423023198141773,0.01,52,0.11538461538461539,1.0,0.0,0.0,5.0,,0.0,0.0,0.0,23216.009221582084,
test,5097,0.75,B1_IsolationForest,SLOWDOWN,False,1.4294561572624191,0.7423023198141773,0.02,52,0.21153846153846154,1.0,0.0,0.0,5.0,,0.0,0.0,0.006944444444444444,21411.886861753963,
test,5097,0.75,B1_IsolationForest,SLOWDOWN,False,1.4294561572624191,0.7423023198141773,0.05,52,0.2692307692307692,1.0,0.0,0.0,5.0,,0.0,0.0,0.034722222222222224,19929.992040977097,
test,5097,0.75,B1_IsolationForest,SLOWDOWN,False,1.4294561572624191,0.7423023198141773,0.1,52,0.4230769230769231,1.0,0.0,0.0,5.0,85.79731552365544,0.0,0.0,0.08333333333333333,18421.032486793592,18421.032486793592
test,5097,0.5,RippleTwin,SLOWDOWN,False,1.4294561572624191,39.99294167411538,0.005,52,0.36538461538461536,1.0,1.0,1.0,0.0,85.79731552365544,1.0,1.0,0.10416666666666667,18421.032486793592,18421.032486793592
test,5097,0.5,RippleTwin,SLOWDOWN,False,1.4294561572624191,39.99294167411538,0.01,52,0.36538461538461536,1.0,1.0,1.0,0.0,85.79731552365544,1.0,1.0,0.10416666666666667,18421.032486793592,18421.032486793592
test,5097,0.5,RippleTwin,SLOWDOWN,False,1.4294561572624191,39.99294167411538,0.02,52,0.36538461538461536,1.0,1.0,1.0,0.0,85.79731552365544,1.0,1.0,0.1111111111111111,18421.032486793592,18421.032486793592
test,5097,0.5,RippleTwin,SLOWDOWN,False,1.4294561572624191,39.99294167411538,0.05,52,0.40384615384615385,1.0,0.9523809523809523,0.9523809523809523,0.0,85.79731552365544,1.0,1.0,0.1111111111111111,18421.032486793592,18421.032486793592
test,5097,0.5,RippleTwin,SLOWDOWN,False,1.4294561572624191,39.99294167411538,0.1,52,0.4230769230769231,1.0,0.9090909090909091,0.9090909090909091,0.0,85.79731552365544,1.0,1.0,0.1111111111111111,18421.032486793592,18421.032486793592
test,5097,0.5,B2_observed_only_twin,SLOWDOWN,False,1.4294561572624191,39.987745614480566,0.005,52,0.36538461538461536,1.0,1.0,1.0,0.0,85.79731552365544,1.0,1.0,0.10416666666666667,18421.032486793592,18421.032486793592
test,5097,0.5,B2_observed_only_twin,SLOWDOWN,False,1.4294561572624191,39.987745614480566,0.01,52,0.36538461538461536,1.0,1.0,1.0,0.0,85.79731552365544,1.0,1.0,0.10416666666666667,18421.032486793592,18421.032486793592
test,5097,0.5,B2_observed_only_twin,SLOWDOWN,False,1.4294561572624191,39.987745614480566,0.02,52,0.36538461538461536,1.0,1.0,1.0,0.0,85.79731552365544,1.0,1.0,0.1111111111111111,18421.032486793592,18421.032486793592
test,5097,0.5,B2_observed_only_twin,SLOWDOWN,False,1.4294561572624191,39.987745614480566,0.05,52,0.4230769230769231,1.0,0.9090909090909091,0.9090909090909091,0.0,85.79731552365544,1.0,1.0,0.1111111111111111,18421.032486793592,18421.032486793592
test,5097,0.5,B2_observed_only_twin,SLOWDOWN,False,1.4294561572624191,39.987745614480566,0.1,52,0.46153846153846156,1.0,0.8333333333333334,0.8333333333333334,0.0,85.79731552365544,1.0,1.0,0.1111111111111111,18421.032486793592,18421.032486793592
test,5097,0.5,B0_SPC_observed,SLOWDOWN,False,1.4294561572624191,5.012127239822025,0.005,52,0.34615384615384615,1.0,1.0,1.0,0.0,85.79731552365544,1.0,1.0,0.11805555555555555,18421.032486793592,18421.032486793592
test,5097,0.5,B0_SPC_observed,SLOWDOWN,False,1.4294561572624191,5.012127239822025,0.01,52,0.34615384615384615,1.0,1.0,1.0,0.0,85.79731552365544,1.0,1.0,0.11805555555555555,18421.032486793592,18421.032486793592
test,5097,0.5,B0_SPC_observed,SLOWDOWN,False,1.4294561572624191,5.012127239822025,0.02,52,0.36538461538461536,1.0,0.9473684210526315,0.9473684210526315,0.0,85.79731552365544,1.0,1.0,0.11805555555555555,18421.032486793592,18421.032486793592
test,5097,0.5,B0_SPC_observed,SLOWDOWN,False,1.4294561572624191,5.012127239822025,0.05,52,0.36538461538461536,1.0,0.9473684210526315,0.9473684210526315,0.0,85.79731552365544,1.0,1.0,0.125,18421.032486793592,18421.032486793592
test,5097,0.5,B0_SPC_observed,SLOWDOWN,False,1.4294561572624191,5.012127239822025,0.1,52,0.36538461538461536,1.0,0.9473684210526315,0.9473684210526315,0.0,85.79731552365544,1.0,1.0,0.13194444444444445,18421.032486793592,18421.032486793592
test,5097,0.5,B1_IsolationForest,SLOWDOWN,False,1.4294561572624191,0.7423023198141773,0.005,52,0.038461538461538464,1.0,0.0,0.0,5.0,,0.0,0.0,0.0,23513.72521428731,
test,5097,0.5,B1_IsolationForest,SLOWDOWN,False,1.4294561572624191,0.7423023198141773,0.01,52,0.09615384615384616,1.0,0.0,0.0,5.0,,0.0,0.0,0.0,23216.009221582084,
test,5097,0.5,B1_IsolationForest,SLOWDOWN,False,1.4294561572624191,0.7423023198141773,0.02,52,0.17307692307692307,1.0,0.0,0.0,5.0,,0.0,0.0,0.006944444444444444,21411.886861753963,
test,5097,0.5,B1_IsolationForest,SLOWDOWN,False,1.4294561572624191,0.7423023198141773,0.05,52,0.3076923076923077,1.0,0.0,0.0,5.0,,0.0,0.0,0.05555555555555555,19929.992040977097,
test,5097,0.5,B1_IsolationForest,SLOWDOWN,False,1.4294561572624191,0.7423023198141773,0.1,52,0.36538461538461536,1.0,0.0,0.0,5.0,85.79731552365544,0.0,0.0,0.10416666666666667,18421.032486793592,18421.032486793592
test,5097,0.25,RippleTwin,SLOWDOWN,True,1.4294561572624191,23.87887940963418,0.005,52,0.34615384615384615,1.0,0.0,0.0,4.0,,0.0,0.0,0.09722222222222222,18421.032486793592,
test,5097,0.25,RippleTwin,SLOWDOWN,True,1.4294561572624191,23.87887940963418,0.01,52,0.34615384615384615,1.0,0.0,0.0,4.0,,0.0,0.0,0.09722222222222222,18421.032486793592,
test,5097,0.25,RippleTwin,SLOWDOWN,True,1.4294561572624191,23.87887940963418,0.02,52,0.40384615384615385,1.0,0.0,0.0,4.0,,0.0,0.0,0.09722222222222222,18421.032486793592,
test,5097,0.25,RippleTwin,SLOWDOWN,True,1.4294561572624191,23.87887940963418,0.05,52,0.4423076923076923,1.0,0.0,0.0,4.0,,0.0,0.0,0.09722222222222222,18421.032486793592,
test,5097,0.25,RippleTwin,SLOWDOWN,True,1.4294561572624191,23.87887940963418,0.1,52,0.5384615384615384,1.0,0.0,0.0,4.0,,0.0,0.0,0.10416666666666667,18421.032486793592,
test,5097,0.25,B2_observed_only_twin,SLOWDOWN,True,1.4294561572624191,23.87066583332845,0.005,52,0.34615384615384615,1.0,0.0,0.0,5.0,,0.0,0.0,0.09722222222222222,18421.032486793592,
test,5097,0.25,B2_observed_only_twin,SLOWDOWN,True,1.4294561572624191,23.87066583332845,0.01,52,0.34615384615384615,1.0,0.0,0.0,5.0,,0.0,0.0,0.09722222222222222,18421.032486793592,
test,5097,0.25,B2_observed_only_twin,SLOWDOWN,True,1.4294561572624191,23.87066583332845,0.02,52,0.4230769230769231,1.0,0.0,0.0,5.0,,0.0,0.0,0.09722222222222222,18421.032486793592,
test,5097,0.25,B2_observed_only_twin,SLOWDOWN,True,1.4294561572624191,23.87066583332845,0.05,52,0.5,1.0,0.0,0.0,5.0,,0.0,0.0,0.09722222222222222,18421.032486793592,
test,5097,0.25,B2_observed_only_twin,SLOWDOWN,True,1.4294561572624191,23.87066583332845,0.1,52,0.5769230769230769,1.0,0.0,0.0,5.0,,0.0,0.0,0.11805555555555555,18421.032486793592,
test,5097,0.25,B0_SPC_observed,SLOWDOWN,True,1.4294561572624191,4.674774997918179,0.005,52,0.0,0.0,,,,,0.0,0.0,0.0,,
test,5097,0.25,B0_SPC_observed,SLOWDOWN,True,1.4294561572624191,4.674774997918179,0.01,52,0.019230769230769232,1.0,0.0,0.0,32.0,,0.0,0.0,0.0,28622.13597181234,
test,5097,0.25,B0_SPC_observed,SLOWDOWN,True,1.4294561572624191,4.674774997918179,0.02,52,0.019230769230769232,1.0,0.0,0.0,32.0,,0.0,0.0,0.006944444444444444,28622.13597181234,
test,5097,0.25,B0_SPC_observed,SLOWDOWN,True,1.4294561572624191,4.674774997918179,0.05,52,0.019230769230769232,1.0,0.0,0.0,32.0,,0.0,0.0,0.013888888888888888,28622.13597181234,
test,5097,0.25,B0_SPC_observed,SLOWDOWN,True,1.4294561572624191,4.674774997918179,0.1,52,0.019230769230769232,1.0,0.0,0.0,32.0,,0.0,0.0,0.034722222222222224,28622.13597181234,
test,5097,0.25,B1_IsolationForest,SLOWDOWN,True,1.4294561572624191,0.7158774793615637,0.005,52,0.19230769230769232,1.0,0.0,0.0,5.0,,0.0,0.0,0.0,21411.886861753963,
test,5097,0.25,B1_IsolationForest,SLOWDOWN,True,1.4294561572624191,0.7158774793615637,0.01,52,0.3076923076923077,1.0,0.0,0.0,5.0,,0.0,0.0,0.0,19929.992040977097,
test,5097,0.25,B1_IsolationForest,SLOWDOWN,True,1.4294561572624191,0.7158774793615637,0.02,52,0.46153846153846156,1.0,0.0,0.0,5.0,,0.0,0.0,0.0,19611.85725254778,
test,5097,0.25,B1_IsolationForest,SLOWDOWN,True,1.4294561572624191,0.7158774793615637,0.05,52,0.6153846153846154,1.0,0.0,0.0,5.0,,0.0,0.0,0.006944444444444444,19325.4594137927,
test,5097,0.25,B1_IsolationForest,SLOWDOWN,True,1.4294561572624191,0.7158774793615637,0.1,52,0.6538461538461539,1.0,0.0,0.0,5.0,,0.0,0.0,0.013888888888888888,19325.4594137927,
test,5098,1.0,RippleTwin,QUALITY_DRIFT,False,9.478058094911674,42.5638498837417,0.005,48,0.0,0.0,,,,,0.0,0.0,0.0,,
test,5098,1.0,RippleTwin,QUALITY_DRIFT,False,9.478058094911674,42.5638498837417,0.01,48,0.0,0.0,,,,,0.0,0.0,0.0070921985815602835,,
test,5098,1.0,RippleTwin,QUALITY_DRIFT,False,9.478058094911674,42.5638498837417,0.02,48,0.020833333333333332,1.0,0.0,0.0,30.0,,0.0,0.0,0.02127659574468085,29824.02694142058,
test,5098,1.0,RippleTwin,QUALITY_DRIFT,False,9.478058094911674,42.5638498837417,0.05,48,0.041666666666666664,1.0,0.0,0.0,29.0,,0.0,0.0,0.02127659574468085,29515.19355156428,
test,5098,1.0,RippleTwin,QUALITY_DRIFT,False,9.478058094911674,42.5638498837417,0.1,48,0.20833333333333334,1.0,0.0,0.0,28.0,,0.0,0.0,0.06382978723404255,29515.19355156428,
test,5098,1.0,B2_observed_only_twin,QUALITY_DRIFT,False,9.478058094911674,42.5638498837417,0.005,48,0.0,0.0,,,,,0.0,0.0,0.0,,
test,5098,1.0,B2_observed_only_twin,QUALITY_DRIFT,False,9.478058094911674,42.5638498837417,0.01,48,0.0,0.0,,,,,0.0,0.0,0.0070921985815602835,,
test,5098,1.0,B2_observed_only_twin,QUALITY_DRIFT,False,9.478058094911674,42.5638498837417,0.02,48,0.020833333333333332,1.0,0.0,0.0,30.0,,0.0,0.0,0.02127659574468085,29824.02694142058,
test,5098,1.0,B2_observed_only_twin,QUALITY_DRIFT,False,9.478058094911674,42.5638498837417,0.05,48,0.041666666666666664,1.0,0.0,0.0,29.0,,0.0,0.0,0.02127659574468085,29515.19355156428,
test,5098,1.0,B2_observed_only_twin,QUALITY_DRIFT,False,9.478058094911674,42.5638498837417,0.1,48,0.20833333333333334,1.0,0.0,0.0,28.0,,0.0,0.0,0.06382978723404255,29515.19355156428,
test,5098,1.0,B0_SPC_observed,QUALITY_DRIFT,False,9.478058094911674,5.124273832797681,0.005,48,0.0,0.0,,,,,0.0,0.0,0.0,,
test,5098,1.0,B0_SPC_observed,QUALITY_DRIFT,False,9.478058094911674,5.124273832797681,0.01,48,0.0,0.0,,,,,0.0,0.0,0.0,,
test,5098,1.0,B0_SPC_observed,QUALITY_DRIFT,False,9.478058094911674,5.124273832797681,0.02,48,0.020833333333333332,1.0,0.0,0.0,14.0,,0.0,0.0,0.0,44435.905502706766,
test,5098,1.0,B0_SPC_observed,QUALITY_DRIFT,False,9.478058094911674,5.124273832797681,0.05,48,0.0625,1.0,0.0,0.0,14.0,,0.0,0.0,0.0,44435.905502706766,
test,5098,1.0,B0_SPC_observed,QUALITY_DRIFT,False,9.478058094911674,5.124273832797681,0.1,48,0.0625,1.0,0.0,0.0,14.0,,0.0,0.0,0.028368794326241134,44435.905502706766,
test,5098,1.0,B1_IsolationForest,QUALITY_DRIFT,False,9.478058094911674,0.7784702529546166,0.005,48,0.0,0.0,,,,,0.0,0.0,0.0,,
test,5098,1.0,B1_IsolationForest,QUALITY_DRIFT,False,9.478058094911674,0.7784702529546166,0.01,48,0.0,0.0,,,,,0.0,0.0,0.0,,
test,5098,1.0,B1_IsolationForest,QUALITY_DRIFT,False,9.478058094911674,0.7784702529546166,0.02,48,0.0,0.0,,,,,0.0,0.0,0.0,,
test,5098,1.0,B1_IsolationForest,QUALITY_DRIFT,False,9.478058094911674,0.7784702529546166,0.05,48,0.0,0.0,,,,,0.0,0.0,0.014184397163120567,,
test,5098,1.0,B1_IsolationForest,QUALITY_DRIFT,False,9.478058094911674,0.7784702529546166,0.1,48,0.0,0.0,,,,,0.0,0.0,0.02127659574468085,,
test,5098,0.75,RippleTwin,QUALITY_DRIFT,False,9.478058094911674,31.30364205825687,0.005,48,0.0,0.0,,,,,0.0,0.0,0.0070921985815602835,,
test,5098,0.75,RippleTwin,QUALITY_DRIFT,False,9.478058094911674,31.30364205825687,0.01,48,0.0,0.0,,,,,0.0,0.0,0.0070921985815602835,,
test,5098,0.75,RippleTwin,QUALITY_DRIFT,False,9.478058094911674,31.30364205825687,0.02,48,0.041666666666666664,1.0,0.0,0.0,30.5,,0.0,0.0,0.028368794326241134,29824.02694142058,
test,5098,0.75,RippleTwin,QUALITY_DRIFT,False,9.478058094911674,31.30364205825687,0.05,48,0.041666666666666664,1.0,0.0,0.0,30.5,,0.0,0.0,0.0425531914893617,29824.02694142058,
test,5098,0.75,RippleTwin,QUALITY_DRIFT,False,9.478058094911674,31.30364205825687,0.1,48,0.10416666666666667,1.0,0.0,0.0,29.0,,0.0,0.0,0.07092198581560284,29515.19355156428,
test,5098,0.75,B2_observed_only_twin,QUALITY_DRIFT,False,9.478058094911674,31.30364205825687,0.005,48,0.0,0.0,,,,,0.0,0.0,0.0070921985815602835,,
test,5098,0.75,B2_observed_only_twin,QUALITY_DRIFT,False,9.478058094911674,31.30364205825687,0.01,48,0.0,0.0,,,,,0.0,0.0,0.0070921985815602835,,
test,5098,0.75,B2_observed_only_twin,QUALITY_DRIFT,False,9.478058094911674,31.30364205825687,0.02,48,0.041666666666666664,1.0,0.0,0.0,30.0,,0.0,0.0,0.028368794326241134,29824.02694142058,
test,5098,0.75,B2_observed_only_twin,QUALITY_DRIFT,False,9.478058094911674,31.30364205825687,0.05,48,0.041666666666666664,1.0,0.0,0.0,30.0,,0.0,0.0,0.04964539007092199,29824.02694142058,
test,5098,0.75,B2_observed_only_twin,QUALITY_DRIFT,False,9.478058094911674,31.30364205825687,0.1,48,0.16666666666666666,1.0,0.0,0.0,28.0,,0.0,0.0,0.07801418439716312,29515.19355156428,
test,5098,0.75,B0_SPC_observed,QUALITY_DRIFT,False,9.478058094911674,5.061702559429017,0.005,48,0.0,0.0,,,,,0.0,0.0,0.0,,
test,5098,0.75,B0_SPC_observed,QUALITY_DRIFT,False,9.478058094911674,5.061702559429017,0.01,48,0.020833333333333332,1.0,0.0,0.0,14.0,,0.0,0.0,0.0,44435.905502706766,
test,5098,0.75,B0_SPC_observed,QUALITY_DRIFT,False,9.478058094911674,5.061702559429017,0.02,48,0.020833333333333332,1.0,0.0,0.0,14.0,,0.0,0.0,0.0,44435.905502706766,
test,5098,0.75,B0_SPC_observed,QUALITY_DRIFT,False,9.478058094911674,5.061702559429017,0.05,48,0.0625,1.0,0.0,0.0,14.0,,0.0,0.0,0.0,44435.905502706766,
test,5098,0.75,B0_SPC_observed,QUALITY_DRIFT,False,9.478058094911674,5.061702559429017,0.1,48,0.0625,1.0,0.0,0.0,14.0,,0.0,0.0,0.028368794326241134,44435.905502706766,
test,5098,0.75,B1_IsolationForest,QUALITY_DRIFT,False,9.478058094911674,0.7423023198141773,0.005,48,0.0,0.0,,,,,0.0,0.0,0.0070921985815602835,,
test,5098,0.75,B1_IsolationForest,QUALITY_DRIFT,False,9.478058094911674,0.7423023198141773,0.01,48,0.0,0.0,,,,,0.0,0.0,0.0070921985815602835,,
test,5098,0.75,B1_IsolationForest,QUALITY_DRIFT,False,9.478058094911674,0.7423023198141773,0.02,48,0.0,0.0,,,,,0.0,0.0,0.0070921985815602835,,
test,5098,0.75,B1_IsolationForest,QUALITY_DRIFT,False,9.478058094911674,0.7423023198141773,0.05,48,0.0,0.0,,,,,0.0,0.0,0.014184397163120567,,
test,5098,0.75,B1_IsolationForest,QUALITY_DRIFT,False,9.478058094911674,0.7423023198141773,0.1,48,0.0625,1.0,0.0,0.0,19.0,,0.0,0.0,0.0425531914893617,31915.260237784114,
test,5098,0.5,RippleTwin,QUALITY_DRIFT,True,9.478058094911674,39.99294167411538,0.005,48,0.0,0.0,,,,,0.0,0.0,0.0070921985815602835,,
test,5098,0.5,RippleTwin,QUALITY_DRIFT,True,9.478058094911674,39.99294167411538,0.01,48,0.0,0.0,,,,,0.0,0.0,0.0070921985815602835,,
test,5098,0.5,RippleTwin,QUALITY_DRIFT,True,9.478058094911674,39.99294167411538,0.02,48,0.041666666666666664,1.0,0.0,0.0,30.5,,0.0,0.0,0.02127659574468085,29824.02694142058,
test,5098,0.5,RippleTwin,QUALITY_DRIFT,True,9.478058094911674,39.99294167411538,0.05,48,0.041666666666666664,1.0,0.0,0.0,30.5,,0.0,0.0,0.028368794326241134,29824.02694142058,
test,5098,0.5,RippleTwin,QUALITY_DRIFT,True,9.478058094911674,39.99294167411538,0.1,48,0.14583333333333334,1.0,0.0,0.0,30.0,,0.0,0.0,0.0425531914893617,29515.19355156428,
test,5098,0.5,B2_observed_only_twin,QUALITY_DRIFT,True,9.478058094911674,39.987745614480566,0.005,48,0.0,0.0,,,,,0.0,0.0,0.0070921985815602835,,
test,5098,0.5,B2_observed_only_twin,QUALITY_DRIFT,True,9.478058094911674,39.987745614480566,0.01,48,0.0,0.0,,,,,0.0,0.0,0.0070921985815602835,,
test,5098,0.5,B2_observed_only_twin,QUALITY_DRIFT,True,9.478058094911674,39.987745614480566,0.02,48,0.041666666666666664,1.0,0.0,0.0,30.0,,0.0,0.0,0.02127659574468085,29824.02694142058,
test,5098,0.5,B2_observed_only_twin,QUALITY_DRIFT,True,9.478058094911674,39.987745614480566,0.05,48,0.0625,1.0,0.0,0.0,30.0,,0.0,0.0,0.028368794326241134,29824.02694142058,
test,5098,0.5,B2_observed_only_twin,QUALITY_DRIFT,True,9.478058094911674,39.987745614480566,0.1,48,0.22916666666666666,1.0,0.0,0.0,28.0,,0.0,0.0,0.05673758865248227,29515.19355156428,
test,5098,0.5,B0_SPC_observed,QUALITY_DRIFT,True,9.478058094911674,5.012127239822025,0.005,48,0.0,0.0,,,,,0.0,0.0,0.0,,
test,5098,0.5,B0_SPC_observed,QUALITY_DRIFT,True,9.478058094911674,5.012127239822025,0.01,48,0.020833333333333332,1.0,0.0,0.0,14.0,,0.0,0.0,0.0,44435.905502706766,
test,5098,0.5,B0_SPC_observed,QUALITY_DRIFT,True,9.478058094911674,5.012127239822025,0.02,48,0.0625,1.0,0.0,0.0,14.0,,0.0,0.0,0.0,44435.905502706766,
test,5098,0.5,B0_SPC_observed,QUALITY_DRIFT,True,9.478058094911674,5.012127239822025,0.05,48,0.0625,1.0,0.0,0.0,14.0,,0.0,0.0,0.02127659574468085,44435.905502706766,
test,5098,0.5,B0_SPC_observed,QUALITY_DRIFT,True,9.478058094911674,5.012127239822025,0.1,48,0.0625,1.0,0.0,0.0,14.0,,0.0,0.0,0.06382978723404255,44435.905502706766,
test,5098,0.5,B1_IsolationForest,QUALITY_DRIFT,True,9.478058094911674,0.7423023198141773,0.005,48,0.0,0.0,,,,,0.0,0.0,0.0,,
test,5098,0.5,B1_IsolationForest,QUALITY_DRIFT,True,9.478058094911674,0.7423023198141773,0.01,48,0.0,0.0,,,,,0.0,0.0,0.0,,
test,5098,0.5,B1_IsolationForest,QUALITY_DRIFT,True,9.478058094911674,0.7423023198141773,0.02,48,0.0,0.0,,,,,0.0,0.0,0.0070921985815602835,,
test,5098,0.5,B1_IsolationForest,QUALITY_DRIFT,True,9.478058094911674,0.7423023198141773,0.05,48,0.0,0.0,,,,,0.0,0.0,0.02127659574468085,,
test,5098,0.5,B1_IsolationForest,QUALITY_DRIFT,True,9.478058094911674,0.7423023198141773,0.1,48,0.0,0.0,,,,,0.0,0.0,0.0425531914893617,,
test,5098,0.25,RippleTwin,QUALITY_DRIFT,True,9.478058094911674,23.87887940963418,0.005,48,0.0,0.0,,,,,0.0,0.0,0.0,,
test,5098,0.25,RippleTwin,QUALITY_DRIFT,True,9.478058094911674,23.87887940963418,0.01,48,0.041666666666666664,1.0,0.0,0.0,29.0,,0.0,0.0,0.0070921985815602835,30421.025824351644,
test,5098,0.25,RippleTwin,QUALITY_DRIFT,True,9.478058094911674,23.87887940963418,0.02,48,0.10416666666666667,1.0,0.0,0.0,29.0,,0.0,0.0,0.028368794326241134,29824.02694142058,
test,5098,0.25,RippleTwin,QUALITY_DRIFT,True,9.478058094911674,23.87887940963418,0.05,48,0.16666666666666666,1.0,0.0,0.0,29.0,,0.0,0.0,0.03546099290780142,29824.02694142058,
test,5098,0.25,RippleTwin,QUALITY_DRIFT,True,9.478058094911674,23.87887940963418,0.1,48,0.3541666666666667,1.0,0.0,0.0,28.0,,0.0,0.0,0.04964539007092199,29515.19355156428,
test,5098,0.25,B2_observed_only_twin,QUALITY_DRIFT,True,9.478058094911674,23.87066583332845,0.005,48,0.0,0.0,,,,,0.0,0.0,0.0,,
test,5098,0.25,B2_observed_only_twin,QUALITY_DRIFT,True,9.478058094911674,23.87066583332845,0.01,48,0.0,0.0,,,,,0.0,0.0,0.0070921985815602835,,
test,5098,0.25,B2_observed_only_twin,QUALITY_DRIFT,True,9.478058094911674,23.87066583332845,0.02,48,0.10416666666666667,1.0,0.0,0.0,28.0,,0.0,0.0,0.028368794326241134,29824.02694142058,
test,5098,0.25,B2_observed_only_twin,QUALITY_DRIFT,True,9.478058094911674,23.87066583332845,0.05,48,0.22916666666666666,1.0,0.0,0.0,28.0,,0.0,0.0,0.0425531914893617,29824.02694142058,
test,5098,0.25,B2_observed_only_twin,QUALITY_DRIFT,True,9.478058094911674,23.87066583332845,0.1,48,0.375,1.0,0.0,0.0,28.0,,0.0,0.0,0.06382978723404255,29515.19355156428,
test,5098,0.25,B0_SPC_observed,QUALITY_DRIFT,True,9.478058094911674,4.674774997918179,0.005,48,0.0,0.0,,,,,0.0,0.0,0.0,,
test,5098,0.25,B0_SPC_observed,QUALITY_DRIFT,True,9.478058094911674,4.674774997918179,0.01,48,0.0,0.0,,,,,0.0,0.0,0.0,,
test,5098,0.25,B0_SPC_observed,QUALITY_DRIFT,True,9.478058094911674,4.674774997918179,0.02,48,0.0,0.0,,,,,0.0,0.0,0.0,,
test,5098,0.25,B0_SPC_observed,QUALITY_DRIFT,True,9.478058094911674,4.674774997918179,0.05,48,0.0,0.0,,,,,0.0,0.0,0.06382978723404255,,
test,5098,0.25,B0_SPC_observed,QUALITY_DRIFT,True,9.478058094911674,4.674774997918179,0.1,48,0.020833333333333332,1.0,0.0,0.0,5.0,,0.0,0.0,0.09219858156028368,36417.492140699556,
test,5098,0.25,B1_IsolationForest,QUALITY_DRIFT,True,9.478058094911674,0.7158774793615637,0.005,48,0.0,0.0,,,,,0.0,0.0,0.0,,
test,5098,0.25,B1_IsolationForest,QUALITY_DRIFT,True,9.478058094911674,0.7158774793615637,0.01,48,0.0,0.0,,,,,0.0,0.0,0.0,,
test,5098,0.25,B1_IsolationForest,QUALITY_DRIFT,True,9.478058094911674,0.7158774793615637,0.02,48,0.0,0.0,,,,,0.0,0.0,0.0,,
test,5098,0.25,B1_IsolationForest,QUALITY_DRIFT,True,9.478058094911674,0.7158774793615637,0.05,48,0.0625,1.0,0.0,0.0,10.0,,0.0,0.0,0.0070921985815602835,31022.68234512199,
test,5098,0.25,B1_IsolationForest,QUALITY_DRIFT,True,9.478058094911674,0.7158774793615637,0.1,48,0.08333333333333333,1.0,0.0,0.0,7.5,,0.0,0.0,0.03546099290780142,29824.02694142058,
test,5099,1.0,RippleTwin,SLOWDOWN,False,1.1574358092999795,42.5638498837417,0.005,59,0.03389830508474576,1.0,0.0,0.0,7.0,,0.0,0.0,0.0,29816.93695996902,
test,5099,1.0,RippleTwin,SLOWDOWN,False,1.1574358092999795,42.5638498837417,0.01,59,0.03389830508474576,1.0,0.0,0.0,7.0,,0.0,0.0,0.0,29816.93695996902,
test,5099,1.0,RippleTwin,SLOWDOWN,False,1.1574358092999795,42.5638498837417,0.02,59,0.1016949152542373,1.0,0.3333333333333333,0.3333333333333333,7.0,,0.0,0.0,0.0,29517.704189742744,
test,5099,1.0,RippleTwin,SLOWDOWN,False,1.1574358092999795,42.5638498837417,0.05,59,0.3220338983050847,1.0,0.7894736842105263,0.7894736842105263,0.0,,1.0,1.0,0.015384615384615385,29517.704189742744,
test,5099,1.0,RippleTwin,SLOWDOWN,False,1.1574358092999795,42.5638498837417,0.1,59,0.5084745762711864,1.0,0.7666666666666667,0.7666666666666667,0.0,,1.0,1.0,0.06153846153846154,25618.637950949447,
test,5099,1.0,B2_observed_only_twin,SLOWDOWN,False,1.1574358092999795,42.5638498837417,0.005,59,0.03389830508474576,1.0,0.0,0.0,7.0,,0.0,0.0,0.0,29816.93695996902,
test,5099,1.0,B2_observed_only_twin,SLOWDOWN,False,1.1574358092999795,42.5638498837417,0.01,59,0.03389830508474576,1.0,0.0,0.0,7.0,,0.0,0.0,0.0,29816.93695996902,
test,5099,1.0,B2_observed_only_twin,SLOWDOWN,False,1.1574358092999795,42.5638498837417,0.02,59,0.1016949152542373,1.0,0.3333333333333333,0.3333333333333333,7.0,,0.0,0.0,0.0,29517.704189742744,
test,5099,1.0,B2_observed_only_twin,SLOWDOWN,False,1.1574358092999795,42.5638498837417,0.05,59,0.3220338983050847,1.0,0.7894736842105263,0.7894736842105263,0.0,,1.0,1.0,0.015384615384615385,29517.704189742744,
test,5099,1.0,B2_observed_only_twin,SLOWDOWN,False,1.1574358092999795,42.5638498837417,0.1,59,0.5084745762711864,1.0,0.7666666666666667,0.7666666666666667,0.0,,1.0,1.0,0.06153846153846154,25618.637950949447,
test,5099,1.0,B0_SPC_observed,SLOWDOWN,False,1.1574358092999795,5.124273832797681,0.005,59,0.423728813559322,1.0,1.0,1.0,0.0,,1.0,1.0,0.0,25618.637950949447,
test,5099,1.0,B0_SPC_observed,SLOWDOWN,False,1.1574358092999795,5.124273832797681,0.01,59,0.4745762711864407,1.0,1.0,1.0,0.0,,1.0,1.0,0.023076923076923078,25618.637950949447,
test,5099,1.0,B0_SPC_observed,SLOWDOWN,False,1.1574358092999795,5.124273832797681,0.02,59,0.4915254237288136,1.0,1.0,1.0,0.0,,1.0,1.0,0.03076923076923077,25618.637950949447,
test,5099,1.0,B0_SPC_observed,SLOWDOWN,False,1.1574358092999795,5.124273832797681,0.05,59,0.4915254237288136,1.0,1.0,1.0,0.0,,1.0,1.0,0.046153846153846156,25618.637950949447,
test,5099,1.0,B0_SPC_observed,SLOWDOWN,False,1.1574358092999795,5.124273832797681,0.1,59,0.5084745762711864,1.0,0.9666666666666667,0.9666666666666667,0.0,,1.0,1.0,0.1076923076923077,25010.93888376265,
test,5099,1.0,B1_IsolationForest,SLOWDOWN,False,1.1574358092999795,0.7784702529546166,0.005,59,0.0,0.0,,,,,0.0,0.0,0.038461538461538464,,
test,5099,1.0,B1_IsolationForest,SLOWDOWN,False,1.1574358092999795,0.7784702529546166,0.01,59,0.0,0.0,,,,,0.0,0.0,0.038461538461538464,,
test,5099,1.0,B1_IsolationForest,SLOWDOWN,False,1.1574358092999795,0.7784702529546166,0.02,59,0.0,0.0,,,,,0.0,0.0,0.046153846153846156,,
test,5099,1.0,B1_IsolationForest,SLOWDOWN,False,1.1574358092999795,0.7784702529546166,0.05,59,0.0,0.0,,,,,0.0,0.0,0.11538461538461539,,
test,5099,1.0,B1_IsolationForest,SLOWDOWN,False,1.1574358092999795,0.7784702529546166,0.1,59,0.05084745762711865,1.0,0.0,0.0,7.0,,0.0,0.0,0.15384615384615385,29517.704189742744,
test,5099,0.75,RippleTwin,SLOWDOWN,False,1.1574358092999795,31.30364205825687,0.005,59,0.01694915254237288,1.0,0.0,0.0,6.0,,0.0,0.0,0.0,30115.69530786318,
test,5099,0.75,RippleTwin,SLOWDOWN,False,1.1574358092999795,31.30364205825687,0.01,59,0.03389830508474576,1.0,0.0,0.0,6.0,,0.0,0.0,0.0,29816.93695996902,
test,5099,0.75,RippleTwin,SLOWDOWN,False,1.1574358092999795,31.30364205825687,0.02,59,0.13559322033898305,1.0,0.75,0.75,0.0,,1.0,1.0,0.0,29816.93695996902,
test,5099,0.75,RippleTwin,SLOWDOWN,False,1.1574358092999795,31.30364205825687,0.05,59,0.4067796610169492,1.0,0.9166666666666666,0.9166666666666666,0.0,,1.0,1.0,0.015384615384615385,27415.90392376091,
test,5099,0.75,RippleTwin,SLOWDOWN,False,1.1574358092999795,31.30364205825687,0.1,59,0.6271186440677966,1.0,0.6756756756756757,0.6756756756756757,0.0,,1.0,1.0,0.07692307692307693,25618.637950949447,
test,5099,0.75,B2_observed_only_twin,SLOWDOWN,False,1.1574358092999795,31.30364205825687,0.005,59,0.01694915254237288,1.0,0.0,0.0,7.0,,0.0,0.0,0.0,30115.69530786318,
test,5099,0.75,B2_observed_only_twin,SLOWDOWN,False,1.1574358092999795,31.30364205825687,0.01,59,0.01694915254237288,1.0,0.0,0.0,7.0,,0.0,0.0,0.0,30115.69530786318,
test,5099,0.75,B2_observed_only_twin,SLOWDOWN,False,1.1574358092999795,31.30364205825687,0.02,59,0.15254237288135594,1.0,0.7777777777777778,0.7777777777777778,0.0,,1.0,1.0,0.0,29816.93695996902,
test,5099,0.75,B2_observed_only_twin,SLOWDOWN,False,1.1574358092999795,31.30364205825687,0.05,59,0.5084745762711864,1.0,0.8333333333333334,0.8333333333333334,0.0,,1.0,1.0,0.023076923076923078,25929.120013373333,
test,5099,0.75,B2_observed_only_twin,SLOWDOWN,False,1.1574358092999795,31.30364205825687,0.1,59,0.6779661016949152,1.0,0.625,0.625,0.0,,1.0,1.0,0.08461538461538462,25618.637950949447,
test,5099,0.75,B0_SPC_observed,SLOWDOWN,False,1.1574358092999795,5.061702559429017,0.005,59,0.4745762711864407,1.0,1.0,1.0,0.0,,1.0,1.0,0.023076923076923078,25618.637950949447,
test,5099,0.75,B0_SPC_observed,SLOWDOWN,False,1.1574358092999795,5.061702559429017,0.01,59,0.4745762711864407,1.0,1.0,1.0,0.0,,1.0,1.0,0.03076923076923077,25618.637950949447,
test,5099,0.75,B0_SPC_observed,SLOWDOWN,False,1.1574358092999795,5.061702559429017,0.02,59,0.4915254237288136,1.0,1.0,1.0,0.0,,1.0,1.0,0.038461538461538464,25618.637950949447,
test,5099,0.75,B0_SPC_observed,SLOWDOWN,False,1.1574358092999795,5.061702559429017,0.05,59,0.4915254237288136,1.0,1.0,1.0,0.0,,1.0,1.0,0.046153846153846156,25618.637950949447,
test,5099,0.75,B0_SPC_observed,SLOWDOWN,False,1.1574358092999795,5.061702559429017,0.1,59,0.5084745762711864,1.0,0.9666666666666667,0.9666666666666667,0.0,,1.0,1.0,0.1076923076923077,25010.93888376265,
test,5099,0.75,B1_IsolationForest,SLOWDOWN,False,1.1574358092999795,0.7423023198141773,0.005,59,0.0,0.0,,,,,0.0,0.0,0.06153846153846154,,
test,5099,0.75,B1_IsolationForest,SLOWDOWN,False,1.1574358092999795,0.7423023198141773,0.01,59,0.0,0.0,,,,,0.0,0.0,0.08461538461538462,,
test,5099,0.75,B1_IsolationForest,SLOWDOWN,False,1.1574358092999795,0.7423023198141773,0.02,59,0.01694915254237288,1.0,0.0,0.0,7.0,,0.0,0.0,0.14615384615384616,29816.93695996902,
test,5099,0.75,B1_IsolationForest,SLOWDOWN,False,1.1574358092999795,0.7423023198141773,0.05,59,0.05084745762711865,1.0,0.0,0.0,7.0,,0.0,0.0,0.16923076923076924,29517.704189742744,
test,5099,0.75,B1_IsolationForest,SLOWDOWN,False,1.1574358092999795,0.7423023198141773,0.1,59,0.06779661016949153,1.0,0.25,0.25,7.0,,0.0,0.0,0.17692307692307693,29517.704189742744,
test,5099,0.5,RippleTwin,SLOWDOWN,False,1.1574358092999795,39.99294167411538,0.005,59,0.03389830508474576,1.0,0.0,0.0,6.0,,0.0,0.0,0.0,29816.93695996902,
test,5099,0.5,RippleTwin,SLOWDOWN,False,1.1574358092999795,39.99294167411538,0.01,59,0.03389830508474576,1.0,0.0,0.0,6.0,,0.0,0.0,0.0,29816.93695996902,
test,5099,0.5,RippleTwin,SLOWDOWN,False,1.1574358092999795,39.99294167411538,0.02,59,0.06779661016949153,1.0,0.5,0.5,3.0,,0.0,0.0,0.0,29816.93695996902,
test,5099,0.5,RippleTwin,SLOWDOWN,False,1.1574358092999795,39.99294167411538,0.05,59,0.2542372881355932,1.0,0.8,0.8,0.0,,1.0,1.0,0.015384615384615385,29517.704189742744,
test,5099,0.5,RippleTwin,SLOWDOWN,False,1.1574358092999795,39.99294167411538,0.1,59,0.4406779661016949,1.0,0.8846153846153846,0.8846153846153846,0.0,,1.0,1.0,0.038461538461538464,25929.120013373333,
test,5099,0.5,B2_observed_only_twin,SLOWDOWN,False,1.1574358092999795,39.987745614480566,0.005,59,0.03389830508474576,1.0,0.0,0.0,7.0,,0.0,0.0,0.0,29816.93695996902,
test,5099,0.5,B2_observed_only_twin,SLOWDOWN,False,1.1574358092999795,39.987745614480566,0.01,59,0.03389830508474576,1.0,0.0,0.0,7.0,,0.0,0.0,0.0,29816.93695996902,
test,5099,0.5,B2_observed_only_twin,SLOWDOWN,False,1.1574358092999795,39.987745614480566,0.02,59,0.0847457627118644,1.0,0.6,0.6,0.0,,1.0,1.0,0.0,29816.93695996902,
test,5099,0.5,B2_observed_only_twin,SLOWDOWN,False,1.1574358092999795,39.987745614480566,0.05,59,0.3389830508474576,1.0,0.85,0.85,0.0,,1.0,1.0,0.015384615384615385,27718.851351935315,
test,5099,0.5,B2_observed_only_twin,SLOWDOWN,False,1.1574358092999795,39.987745614480566,0.1,59,0.4745762711864407,1.0,0.8571428571428571,0.8571428571428571,0.0,,1.0,1.0,0.046153846153846156,25929.120013373333,
test,5099,0.5,B0_SPC_observed,SLOWDOWN,False,1.1574358092999795,5.012127239822025,0.005,59,0.4745762711864407,1.0,1.0,1.0,0.0,,1.0,1.0,0.023076923076923078,25618.637950949447,
test,5099,0.5,B0_SPC_observed,SLOWDOWN,False,1.1574358092999795,5.012127239822025,0.01,59,0.4915254237288136,1.0,1.0,1.0,0.0,,1.0,1.0,0.03076923076923077,25618.637950949447,
test,5099,0.5,B0_SPC_observed,SLOWDOWN,False,1.1574358092999795,5.012127239822025,0.02,59,0.4915254237288136,1.0,1.0,1.0,0.0,,1.0,1.0,0.046153846153846156,25618.637950949447,
test,5099,0.5,B0_SPC_observed,SLOWDOWN,False,1.1574358092999795,5.012127239822025,0.05,59,0.5084745762711864,1.0,0.9666666666666667,0.9666666666666667,0.0,,1.0,1.0,0.06153846153846154,25010.93888376265,
test,5099,0.5,B0_SPC_observed,SLOWDOWN,False,1.1574358092999795,5.012127239822025,0.1,59,0.5084745762711864,1.0,0.9666666666666667,0.9666666666666667,0.0,,1.0,1.0,0.1076923076923077,25010.93888376265,
test,5099,0.5,B1_IsolationForest,SLOWDOWN,False,1.1574358092999795,0.7423023198141773,0.005,59,0.0,0.0,,,,,0.0,0.0,0.06153846153846154,,
test,5099,0.5,B1_IsolationForest,SLOWDOWN,False,1.1574358092999795,0.7423023198141773,0.01,59,0.0,0.0,,,,,0.0,0.0,0.08461538461538462,,
test,5099,0.5,B1_IsolationForest,SLOWDOWN,False,1.1574358092999795,0.7423023198141773,0.02,59,0.01694915254237288,1.0,0.0,0.0,7.0,,0.0,0.0,0.14615384615384616,29816.93695996902,
test,5099,0.5,B1_IsolationForest,SLOWDOWN,False,1.1574358092999795,0.7423023198141773,0.05,59,0.05084745762711865,1.0,0.0,0.0,7.0,,0.0,0.0,0.16923076923076924,29517.704189742744,
test,5099,0.5,B1_IsolationForest,SLOWDOWN,False,1.1574358092999795,0.7423023198141773,0.1,59,0.1016949152542373,1.0,0.16666666666666666,0.16666666666666666,7.0,,0.0,0.0,0.18461538461538463,25010.93888376265,
test,5099,0.25,RippleTwin,SLOWDOWN,True,1.1574358092999795,23.87887940963418,0.005,59,0.0,0.0,,,,,0.0,0.0,0.0,,
test,5099,0.25,RippleTwin,SLOWDOWN,True,1.1574358092999795,23.87887940963418,0.01,59,0.0,0.0,,,,,0.0,0.0,0.0,,
test,5099,0.25,RippleTwin,SLOWDOWN,True,1.1574358092999795,23.87887940963418,0.02,59,0.0847457627118644,1.0,0.0,0.0,37.0,,0.0,0.0,0.0,29517.704189742744,
test,5099,0.25,RippleTwin,SLOWDOWN,True,1.1574358092999795,23.87887940963418,0.05,59,0.1694915254237288,1.0,0.0,0.0,39.0,,0.0,0.0,0.0,29221.680917924827,
test,5099,0.25,RippleTwin,SLOWDOWN,True,1.1574358092999795,23.87887940963418,0.1,59,0.288135593220339,1.0,0.0,0.0,39.0,,0.0,0.0,0.046153846153846156,28916.93815032157,
test,5099,0.25,B2_observed_only_twin,SLOWDOWN,True,1.1574358092999795,23.87066583332845,0.005,59,0.0,0.0,,,,,0.0,0.0,0.0,,
test,5099,0.25,B2_observed_only_twin,SLOWDOWN,True,1.1574358092999795,23.87066583332845,0.01,59,0.0,0.0,,,,,0.0,0.0,0.0,,
test,5099,0.25,B2_observed_only_twin,SLOWDOWN,True,1.1574358092999795,23.87066583332845,0.02,59,0.0847457627118644,1.0,0.0,0.0,40.0,,0.0,0.0,0.0,29517.704189742744,
test,5099,0.25,B2_observed_only_twin,SLOWDOWN,True,1.1574358092999795,23.87066583332845,0.05,59,0.2542372881355932,1.0,0.0,0.0,40.0,,0.0,0.0,0.0,29221.680917924827,
test,5099,0.25,B2_observed_only_twin,SLOWDOWN,True,1.1574358092999795,23.87066583332845,0.1,59,0.4576271186440678,1.0,0.0,0.0,40.0,,0.0,0.0,0.038461538461538464,28916.93815032157,
test,5099,0.25,B0_SPC_observed,SLOWDOWN,True,1.1574358092999795,4.674774997918179,0.005,59,0.0,0.0,,,,,0.0,0.0,0.0,,
test,5099,0.25,B0_SPC_observed,SLOWDOWN,True,1.1574358092999795,4.674774997918179,0.01,59,0.0,0.0,,,,,0.0,0.0,0.007692307692307693,,
test,5099,0.25,B0_SPC_observed,SLOWDOWN,True,1.1574358092999795,4.674774997918179,0.02,59,0.0,0.0,,,,,0.0,0.0,0.007692307692307693,,
test,5099,0.25,B0_SPC_observed,SLOWDOWN,True,1.1574358092999795,4.674774997918179,0.05,59,0.0,0.0,,,,,0.0,0.0,0.023076923076923078,,
test,5099,0.25,B0_SPC_observed,SLOWDOWN,True,1.1574358092999795,4.674774997918179,0.1,59,0.0,0.0,,,,,0.0,0.0,0.038461538461538464,,
test,5099,0.25,B1_IsolationForest,SLOWDOWN,True,1.1574358092999795,0.7158774793615637,0.005,59,0.03389830508474576,1.0,0.0,0.0,7.0,,0.0,0.0,0.0,29816.93695996902,
test,5099,0.25,B1_IsolationForest,SLOWDOWN,True,1.1574358092999795,0.7158774793615637,0.01,59,0.05084745762711865,1.0,0.0,0.0,7.0,,0.0,0.0,0.007692307692307693,29517.704189742744,
test,5099,0.25,B1_IsolationForest,SLOWDOWN,True,1.1574358092999795,0.7158774793615637,0.02,59,0.05084745762711865,1.0,0.0,0.0,7.0,,0.0,0.0,0.015384615384615385,29517.704189742744,
test,5099,0.25,B1_IsolationForest,SLOWDOWN,True,1.1574358092999795,0.7158774793615637,0.05,59,0.0847457627118644,1.0,0.0,0.0,7.0,,0.0,0.0,0.023076923076923078,29517.704189742744,
test,5099,0.25,B1_IsolationForest,SLOWDOWN,True,1.1574358092999795,0.7158774793615637,0.1,59,0.0847457627118644,1.0,0.0,0.0,7.0,,0.0,0.0,0.03076923076923077,29517.704189742744,
test,5101,1.0,RippleTwin,COMBINED,False,1.2823454101910827,42.5638498837417,0.005,75,0.6933333333333334,1.0,1.0,1.0,0.0,,1.0,1.0,0.0,29520.52151958327,
test,5101,1.0,RippleTwin,COMBINED,False,1.2823454101910827,42.5638498837417,0.01,75,0.7733333333333333,1.0,1.0,1.0,0.0,,1.0,1.0,0.00847457627118644,29520.52151958327,
test,5101,1.0,RippleTwin,COMBINED,False,1.2823454101910827,42.5638498837417,0.02,75,0.7866666666666666,1.0,1.0,1.0,0.0,,1.0,1.0,0.025423728813559324,29520.52151958327,
test,5101,1.0,RippleTwin,COMBINED,False,1.2823454101910827,42.5638498837417,0.05,75,0.8,1.0,1.0,1.0,0.0,,1.0,1.0,0.0423728813559322,29520.52151958327,
test,5101,1.0,RippleTwin,COMBINED,False,1.2823454101910827,42.5638498837417,0.1,75,0.8,1.0,1.0,1.0,0.0,,1.0,1.0,0.0847457627118644,29520.52151958327,
test,5101,1.0,B2_observed_only_twin,COMBINED,False,1.2823454101910827,42.5638498837417,0.005,75,0.6933333333333334,1.0,1.0,1.0,0.0,,1.0,1.0,0.0,29520.52151958327,
test,5101,1.0,B2_observed_only_twin,COMBINED,False,1.2823454101910827,42.5638498837417,0.01,75,0.7733333333333333,1.0,1.0,1.0,0.0,,1.0,1.0,0.00847457627118644,29520.52151958327,
test,5101,1.0,B2_observed_only_twin,COMBINED,False,1.2823454101910827,42.5638498837417,0.02,75,0.7866666666666666,1.0,1.0,1.0,0.0,,1.0,1.0,0.025423728813559324,29520.52151958327,
test,5101,1.0,B2_observed_only_twin,COMBINED,False,1.2823454101910827,42.5638498837417,0.05,75,0.8,1.0,1.0,1.0,0.0,,1.0,1.0,0.0423728813559322,29520.52151958327,
test,5101,1.0,B2_observed_only_twin,COMBINED,False,1.2823454101910827,42.5638498837417,0.1,75,0.8,1.0,1.0,1.0,0.0,,1.0,1.0,0.0847457627118644,29520.52151958327,
test,5101,1.0,B0_SPC_observed,COMBINED,False,1.2823454101910827,5.124273832797681,0.005,75,0.7733333333333333,1.0,1.0,1.0,0.0,,1.0,1.0,0.03389830508474576,29520.52151958327,
test,5101,1.0,B0_SPC_observed,COMBINED,False,1.2823454101910827,5.124273832797681,0.01,75,0.7733333333333333,1.0,1.0,1.0,0.0,,1.0,1.0,0.03389830508474576,29520.52151958327,
test,5101,1.0,B0_SPC_observed,COMBINED,False,1.2823454101910827,5.124273832797681,0.02,75,0.7733333333333333,1.0,1.0,1.0,0.0,,1.0,1.0,0.03389830508474576,29520.52151958327,
test,5101,1.0,B0_SPC_observed,COMBINED,False,1.2823454101910827,5.124273832797681,0.05,75,0.7866666666666666,1.0,1.0,1.0,0.0,,1.0,1.0,0.0423728813559322,29520.52151958327,
test,5101,1.0,B0_SPC_observed,COMBINED,False,1.2823454101910827,5.124273832797681,0.1,75,0.7866666666666666,1.0,1.0,1.0,0.0,,1.0,1.0,0.0423728813559322,29520.52151958327,
test,5101,1.0,B1_IsolationForest,COMBINED,False,1.2823454101910827,0.7784702529546166,0.005,75,0.0,0.0,,,,,0.0,0.0,0.00847457627118644,,
test,5101,1.0,B1_IsolationForest,COMBINED,False,1.2823454101910827,0.7784702529546166,0.01,75,0.0,0.0,,,,,0.0,0.0,0.00847457627118644,,
test,5101,1.0,B1_IsolationForest,COMBINED,False,1.2823454101910827,0.7784702529546166,0.02,75,0.013333333333333334,1.0,0.0,0.0,3.0,,0.0,0.0,0.025423728813559324,50548.379522405354,
test,5101,1.0,B1_IsolationForest,COMBINED,False,1.2823454101910827,0.7784702529546166,0.05,75,0.6133333333333333,1.0,0.0,0.0,3.0,,0.0,0.0,0.03389830508474576,36417.97502916865,
test,5101,1.0,B1_IsolationForest,COMBINED,False,1.2823454101910827,0.7784702529546166,0.1,75,0.7733333333333333,1.0,0.0,0.08620689655172414,3.0,,0.0,0.0,0.05084745762711865,29809.789620113937,
test,5101,0.75,RippleTwin,COMBINED,False,1.2823454101910827,31.30364205825687,0.005,75,0.7866666666666666,1.0,1.0,1.0,0.0,,1.0,1.0,0.01694915254237288,29520.52151958327,
test,5101,0.75,RippleTwin,COMBINED,False,1.2823454101910827,31.30364205825687,0.01,75,0.7866666666666666,1.0,1.0,1.0,0.0,,1.0,1.0,0.01694915254237288,29520.52151958327,
test,5101,0.75,RippleTwin,COMBINED,False,1.2823454101910827,31.30364205825687,0.02,75,0.8,1.0,1.0,1.0,0.0,,1.0,1.0,0.03389830508474576,29520.52151958327,
test,5101,0.75,RippleTwin,COMBINED,False,1.2823454101910827,31.30364205825687,0.05,75,0.8,1.0,1.0,1.0,0.0,,1.0,1.0,0.059322033898305086,29520.52151958327,
test,5101,0.75,RippleTwin,COMBINED,False,1.2823454101910827,31.30364205825687,0.1,75,0.8,1.0,1.0,1.0,0.0,,1.0,1.0,0.07627118644067797,29520.52151958327,
test,5101,0.75,B2_observed_only_twin,COMBINED,False,1.2823454101910827,31.30364205825687,0.005,75,0.7866666666666666,1.0,1.0,1.0,0.0,,1.0,1.0,0.01694915254237288,29520.52151958327,
test,5101,0.75,B2_observed_only_twin,COMBINED,False,1.2823454101910827,31.30364205825687,0.01,75,0.7866666666666666,1.0,1.0,1.0,0.0,,1.0,1.0,0.01694915254237288,29520.52151958327,
test,5101,0.75,B2_observed_only_twin,COMBINED,False,1.2823454101910827,31.30364205825687,0.02,75,0.8,1.0,1.0,1.0,0.0,,1.0,1.0,0.0423728813559322,29520.52151958327,
test,5101,0.75,B2_observed_only_twin,COMBINED,False,1.2823454101910827,31.30364205825687,0.05,75,0.8,1.0,1.0,1.0,0.0,,1.0,1.0,0.06779661016949153,29520.52151958327,
test,5101,0.75,B2_observed_only_twin,COMBINED,False,1.2823454101910827,31.30364205825687,0.1,75,0.8,1.0,1.0,1.0,0.0,,1.0,1.0,0.07627118644067797,29520.52151958327,
test,5101,0.75,B0_SPC_observed,COMBINED,False,1.2823454101910827,5.061702559429017,0.005,75,0.7733333333333333,1.0,1.0,1.0,0.0,,1.0,1.0,0.03389830508474576,29520.52151958327,
test,5101,0.75,B0_SPC_observed,COMBINED,False,1.2823454101910827,5.061702559429017,0.01,75,0.7733333333333333,1.0,1.0,1.0,0.0,,1.0,1.0,0.03389830508474576,29520.52151958327,
test,5101,0.75,B0_SPC_observed,COMBINED,False,1.2823454101910827,5.061702559429017,0.02,75,0.7866666666666666,1.0,1.0,1.0,0.0,,1.0,1.0,0.03389830508474576,29520.52151958327,
test,5101,0.75,B0_SPC_observed,COMBINED,False,1.2823454101910827,5.061702559429017,0.05,75,0.7866666666666666,1.0,1.0,1.0,0.0,,1.0,1.0,0.0423728813559322,29520.52151958327,
test,5101,0.75,B0_SPC_observed,COMBINED,False,1.2823454101910827,5.061702559429017,0.1,75,0.7866666666666666,1.0,1.0,1.0,0.0,,1.0,1.0,0.0423728813559322,29520.52151958327,
test,5101,0.75,B1_IsolationForest,COMBINED,False,1.2823454101910827,0.7423023198141773,0.005,75,0.6133333333333333,1.0,0.0,0.0,3.0,,0.0,0.0,0.025423728813559324,36417.97502916865,
test,5101,0.75,B1_IsolationForest,COMBINED,False,1.2823454101910827,0.7423023198141773,0.01,75,0.6133333333333333,1.0,0.0,0.0,3.0,,0.0,0.0,0.025423728813559324,30118.095331854922,
test,5101,0.75,B1_IsolationForest,COMBINED,False,1.2823454101910827,0.7423023198141773,0.02,75,0.6266666666666667,1.0,0.0,0.0,3.0,,0.0,0.0,0.025423728813559324,29809.789620113937,
test,5101,0.75,B1_IsolationForest,COMBINED,False,1.2823454101910827,0.7423023198141773,0.05,75,0.7733333333333333,1.0,0.0,0.08620689655172414,3.0,,0.0,0.0,0.0423728813559322,29809.789620113937,
test,5101,0.75,B1_IsolationForest,COMBINED,False,1.2823454101910827,0.7423023198141773,0.1,75,0.8266666666666667,1.0,0.0,0.12903225806451613,3.0,,0.0,0.0,0.16101694915254236,29809.789620113937,
test,5101,0.5,RippleTwin,COMBINED,False,1.2823454101910827,39.99294167411538,0.005,75,0.7866666666666666,1.0,1.0,1.0,0.0,,1.0,1.0,0.00847457627118644,29520.52151958327,
test,5101,0.5,RippleTwin,COMBINED,False,1.2823454101910827,39.99294167411538,0.01,75,0.7866666666666666,1.0,1.0,1.0,0.0,,1.0,1.0,0.00847457627118644,29520.52151958327,
test,5101,0.5,RippleTwin,COMBINED,False,1.2823454101910827,39.99294167411538,0.02,75,0.7866666666666666,1.0,1.0,1.0,0.0,,1.0,1.0,0.0423728813559322,29520.52151958327,
test,5101,0.5,RippleTwin,COMBINED,False,1.2823454101910827,39.99294167411538,0.05,75,0.8,1.0,1.0,1.0,0.0,,1.0,1.0,0.06779661016949153,29520.52151958327,
test,5101,0.5,RippleTwin,COMBINED,False,1.2823454101910827,39.99294167411538,0.1,75,0.8,1.0,1.0,1.0,0.0,,1.0,1.0,0.13559322033898305,29520.52151958327,
test,5101,0.5,B2_observed_only_twin,COMBINED,False,1.2823454101910827,39.987745614480566,0.005,75,0.7866666666666666,1.0,1.0,1.0,0.0,,1.0,1.0,0.00847457627118644,29520.52151958327,
test,5101,0.5,B2_observed_only_twin,COMBINED,False,1.2823454101910827,39.987745614480566,0.01,75,0.7866666666666666,1.0,1.0,1.0,0.0,,1.0,1.0,0.00847457627118644,29520.52151958327,
test,5101,0.5,B2_observed_only_twin,COMBINED,False,1.2823454101910827,39.987745614480566,0.02,75,0.7866666666666666,1.0,1.0,1.0,0.0,,1.0,1.0,0.0423728813559322,29520.52151958327,
test,5101,0.5,B2_observed_only_twin,COMBINED,False,1.2823454101910827,39.987745614480566,0.05,75,0.8,1.0,1.0,1.0,0.0,,1.0,1.0,0.06779661016949153,29520.52151958327,
test,5101,0.5,B2_observed_only_twin,COMBINED,False,1.2823454101910827,39.987745614480566,0.1,75,0.8,1.0,1.0,1.0,0.0,,1.0,1.0,0.15254237288135594,29520.52151958327,
test,5101,0.5,B0_SPC_observed,COMBINED,False,1.2823454101910827,5.012127239822025,0.005,75,0.7733333333333333,1.0,1.0,1.0,0.0,,1.0,1.0,0.03389830508474576,29520.52151958327,
test,5101,0.5,B0_SPC_observed,COMBINED,False,1.2823454101910827,5.012127239822025,0.01,75,0.7733333333333333,1.0,1.0,1.0,0.0,,1.0,1.0,0.03389830508474576,29520.52151958327,
test,5101,0.5,B0_SPC_observed,COMBINED,False,1.2823454101910827,5.012127239822025,0.02,75,0.7866666666666666,1.0,1.0,1.0,0.0,,1.0,1.0,0.0423728813559322,29520.52151958327,
test,5101,0.5,B0_SPC_observed,COMBINED,False,1.2823454101910827,5.012127239822025,0.05,75,0.7866666666666666,1.0,1.0,1.0,0.0,,1.0,1.0,0.0423728813559322,29520.52151958327,
test,5101,0.5,B0_SPC_observed,COMBINED,False,1.2823454101910827,5.012127239822025,0.1,75,0.7866666666666666,1.0,1.0,1.0,0.0,,1.0,1.0,0.0423728813559322,29520.52151958327,
test,5101,0.5,B1_IsolationForest,COMBINED,False,1.2823454101910827,0.7423023198141773,0.005,75,0.6133333333333333,1.0,0.0,0.0,3.0,,0.0,0.0,0.0,36417.97502916865,
test,5101,0.5,B1_IsolationForest,COMBINED,False,1.2823454101910827,0.7423023198141773,0.01,75,0.6133333333333333,1.0,0.0,0.0,3.0,,0.0,0.0,0.0,36417.97502916865,
test,5101,0.5,B1_IsolationForest,COMBINED,False,1.2823454101910827,0.7423023198141773,0.02,75,0.6533333333333333,1.0,0.0,0.0,3.0,,0.0,0.0,0.0,33711.15260645398,
test,5101,0.5,B1_IsolationForest,COMBINED,False,1.2823454101910827,0.7423023198141773,0.05,75,0.7466666666666667,1.0,0.0,0.0,3.0,,0.0,0.0,0.06779661016949153,33418.52144763229,
test,5101,0.5,B1_IsolationForest,COMBINED,False,1.2823454101910827,0.7423023198141773,0.1,75,0.8266666666666667,1.0,0.08064516129032258,0.08064516129032258,3.0,,0.0,0.0,0.09322033898305085,29809.789620113937,
test,5101,0.25,RippleTwin,COMBINED,True,1.2823454101910827,23.87887940963418,0.005,75,0.0,0.0,,,,,0.0,0.0,0.0,,
test,5101,0.25,RippleTwin,COMBINED,True,1.2823454101910827,23.87887940963418,0.01,75,0.0,0.0,,,,,0.0,0.0,0.0,,
test,5101,0.25,RippleTwin,COMBINED,True,1.2823454101910827,23.87887940963418,0.02,75,0.05333333333333334,1.0,0.0,0.0,4.0,,0.0,0.0,0.03389830508474576,48900.19195547748,
test,5101,0.25,RippleTwin,COMBINED,True,1.2823454101910827,23.87887940963418,0.05,75,0.08,1.0,0.0,0.0,4.0,,0.0,0.0,0.0847457627118644,48125.546429525304,
test,5101,0.25,RippleTwin,COMBINED,True,1.2823454101910827,23.87887940963418,0.1,75,0.12,1.0,0.0,0.0,4.0,,0.0,0.0,0.17796610169491525,35518.107529076275,
test,5101,0.25,B2_observed_only_twin,COMBINED,True,1.2823454101910827,23.87066583332845,0.005,75,0.0,0.0,,,,,0.0,0.0,0.0,,
test,5101,0.25,B2_observed_only_twin,COMBINED,True,1.2823454101910827,23.87066583332845,0.01,75,0.0,0.0,,,,,0.0,0.0,0.0,,
test,5101,0.25,B2_observed_only_twin,COMBINED,True,1.2823454101910827,23.87066583332845,0.02,75,0.05333333333333334,1.0,0.0,0.0,4.0,,0.0,0.0,0.025423728813559324,48900.19195547748,
test,5101,0.25,B2_observed_only_twin,COMBINED,True,1.2823454101910827,23.87066583332845,0.05,75,0.12,1.0,0.0,0.0,4.0,,0.0,0.0,0.06779661016949153,47338.344536935365,
test,5101,0.25,B2_observed_only_twin,COMBINED,True,1.2823454101910827,23.87066583332845,0.1,75,0.14666666666666667,1.0,0.0,0.0,4.0,,0.0,0.0,0.16101694915254236,35518.107529076275,
test,5101,0.25,B0_SPC_observed,COMBINED,True,1.2823454101910827,4.674774997918179,0.005,75,0.0,0.0,,,,,0.0,0.0,0.0,,
test,5101,0.25,B0_SPC_observed,COMBINED,True,1.2823454101910827,4.674774997918179,0.01,75,0.0,0.0,,,,,0.0,0.0,0.0,,
test,5101,0.25,B0_SPC_observed,COMBINED,True,1.2823454101910827,4.674774997918179,0.02,75,0.0,0.0,,,,,0.0,0.0,0.0,,
test,5101,0.25,B0_SPC_observed,COMBINED,True,1.2823454101910827,4.674774997918179,0.05,75,0.0,0.0,,,,,0.0,0.0,0.01694915254237288,,
test,5101,0.25,B0_SPC_observed,COMBINED,True,1.2823454101910827,4.674774997918179,0.1,75,0.0,0.0,,,,,0.0,0.0,0.025423728813559324,,
test,5101,0.25,B1_IsolationForest,COMBINED,True,1.2823454101910827,0.7158774793615637,0.005,75,0.0,0.0,,,,,0.0,0.0,0.0,,
test,5101,0.25,B1_IsolationForest,COMBINED,True,1.2823454101910827,0.7158774793615637,0.01,75,0.0,0.0,,,,,0.0,0.0,0.0,,
test,5101,0.25,B1_IsolationForest,COMBINED,True,1.2823454101910827,0.7158774793615637,0.02,75,0.0,0.0,,,,,0.0,0.0,0.00847457627118644,,
test,5101,0.25,B1_IsolationForest,COMBINED,True,1.2823454101910827,0.7158774793615637,0.05,75,0.0,0.0,,,,,0.0,0.0,0.01694915254237288,,
test,5101,0.25,B1_IsolationForest,COMBINED,True,1.2823454101910827,0.7158774793615637,0.1,75,0.0,0.0,,,,,0.0,0.0,0.01694915254237288,,
test,5103,1.0,RippleTwin,SLOWDOWN,False,1.3671204813149551,42.5638498837417,0.005,56,0.5714285714285714,1.0,1.0,1.0,0.0,207.51694934737424,1.0,1.0,0.08888888888888889,33127.186237845286,33127.186237845286
test,5103,1.0,RippleTwin,SLOWDOWN,False,1.3671204813149551,42.5638498837417,0.01,56,0.5714285714285714,1.0,1.0,1.0,0.0,207.51694934737424,1.0,1.0,0.08888888888888889,33127.186237845286,33127.186237845286
test,5103,1.0,RippleTwin,SLOWDOWN,False,1.3671204813149551,42.5638498837417,0.02,56,0.5892857142857143,1.0,1.0,1.0,0.0,207.51694934737424,1.0,1.0,0.0962962962962963,33127.186237845286,33127.186237845286
test,5103,1.0,RippleTwin,SLOWDOWN,False,1.3671204813149551,42.5638498837417,0.05,56,0.5892857142857143,1.0,1.0,1.0,0.0,207.51694934737424,1.0,1.0,0.1037037037037037,33127.186237845286,33127.186237845286
test,5103,1.0,RippleTwin,SLOWDOWN,False,1.3671204813149551,42.5638498837417,0.1,56,0.625,1.0,0.9714285714285714,0.9714285714285714,0.0,207.51694934737424,1.0,1.0,0.11851851851851852,33127.186237845286,33127.186237845286
test,5103,1.0,B2_observed_only_twin,SLOWDOWN,False,1.3671204813149551,42.5638498837417,0.005,56,0.5714285714285714,1.0,1.0,1.0,0.0,207.51694934737424,1.0,1.0,0.08888888888888889,33127.186237845286,33127.186237845286
test,5103,1.0,B2_observed_only_twin,SLOWDOWN,False,1.3671204813149551,42.5638498837417,0.01,56,0.5714285714285714,1.0,1.0,1.0,0.0,207.51694934737424,1.0,1.0,0.08888888888888889,33127.186237845286,33127.186237845286
test,5103,1.0,B2_observed_only_twin,SLOWDOWN,False,1.3671204813149551,42.5638498837417,0.02,56,0.5892857142857143,1.0,1.0,1.0,0.0,207.51694934737424,1.0,1.0,0.0962962962962963,33127.186237845286,33127.186237845286
test,5103,1.0,B2_observed_only_twin,SLOWDOWN,False,1.3671204813149551,42.5638498837417,0.05,56,0.5892857142857143,1.0,1.0,1.0,0.0,207.51694934737424,1.0,1.0,0.1037037037037037,33127.186237845286,33127.186237845286
test,5103,1.0,B2_observed_only_twin,SLOWDOWN,False,1.3671204813149551,42.5638498837417,0.1,56,0.625,1.0,0.9714285714285714,0.9714285714285714,0.0,207.51694934737424,1.0,1.0,0.11851851851851852,33127.186237845286,33127.186237845286
test,5103,1.0,B0_SPC_observed,SLOWDOWN,False,1.3671204813149551,5.124273832797681,0.005,56,0.5357142857142857,1.0,1.0,1.0,0.0,207.51694934737424,1.0,1.0,0.11851851851851852,33127.186237845286,33127.186237845286
test,5103,1.0,B0_SPC_observed,SLOWDOWN,False,1.3671204813149551,5.124273832797681,0.01,56,0.5357142857142857,1.0,1.0,1.0,0.0,207.51694934737424,1.0,1.0,0.11851851851851852,33127.186237845286,33127.186237845286
test,5103,1.0,B0_SPC_observed,SLOWDOWN,False,1.3671204813149551,5.124273832797681,0.02,56,0.5357142857142857,1.0,1.0,1.0,0.0,207.51694934737424,1.0,1.0,0.11851851851851852,33127.186237845286,33127.186237845286
test,5103,1.0,B0_SPC_observed,SLOWDOWN,False,1.3671204813149551,5.124273832797681,0.05,56,0.5357142857142857,1.0,1.0,1.0,0.0,207.51694934737424,1.0,1.0,0.1259259259259259,33127.186237845286,33127.186237845286
test,5103,1.0,B0_SPC_observed,SLOWDOWN,False,1.3671204813149551,5.124273832797681,0.1,56,0.5357142857142857,1.0,1.0,1.0,0.0,207.51694934737424,1.0,1.0,0.14074074074074075,33127.186237845286,33127.186237845286
test,5103,1.0,B1_IsolationForest,SLOWDOWN,False,1.3671204813149551,0.7784702529546166,0.005,56,0.14285714285714285,1.0,0.0,0.0,3.0,,0.0,0.0,0.0,34919.037621188814,
test,5103,1.0,B1_IsolationForest,SLOWDOWN,False,1.3671204813149551,0.7784702529546166,0.01,56,0.16071428571428573,1.0,0.0,0.0,3.0,,0.0,0.0,0.0,34919.037621188814,
test,5103,1.0,B1_IsolationForest,SLOWDOWN,False,1.3671204813149551,0.7784702529546166,0.02,56,0.17857142857142858,1.0,0.0,0.0,3.0,,0.0,0.0,0.007407407407407408,34919.037621188814,
test,5103,1.0,B1_IsolationForest,SLOWDOWN,False,1.3671204813149551,0.7784702529546166,0.05,56,0.8392857142857143,1.0,0.0,0.0,3.0,,0.0,0.0,0.1037037037037037,34621.23233747347,
test,5103,1.0,B1_IsolationForest,SLOWDOWN,False,1.3671204813149551,0.7784702529546166,0.1,56,0.9107142857142857,1.0,0.0,0.0,3.0,,0.0,0.0,0.17037037037037037,33127.186237845286,
test,5103,0.75,RippleTwin,SLOWDOWN,False,1.3671204813149551,31.30364205825687,0.005,56,0.5714285714285714,1.0,1.0,1.0,0.0,207.51694934737424,1.0,1.0,0.0962962962962963,33127.186237845286,33127.186237845286
test,5103,0.75,RippleTwin,SLOWDOWN,False,1.3671204813149551,31.30364205825687,0.01,56,0.5714285714285714,1.0,1.0,1.0,0.0,207.51694934737424,1.0,1.0,0.0962962962962963,33127.186237845286,33127.186237845286
test,5103,0.75,RippleTwin,SLOWDOWN,False,1.3671204813149551,31.30364205825687,0.02,56,0.5892857142857143,1.0,1.0,1.0,0.0,207.51694934737424,1.0,1.0,0.1037037037037037,33127.186237845286,33127.186237845286
test,5103,0.75,RippleTwin,SLOWDOWN,False,1.3671204813149551,31.30364205825687,0.05,56,0.5892857142857143,1.0,1.0,1.0,0.0,207.51694934737424,1.0,1.0,0.1037037037037037,33127.186237845286,33127.186237845286
test,5103,0.75,RippleTwin,SLOWDOWN,False,1.3671204813149551,31.30364205825687,0.1,56,0.5892857142857143,1.0,1.0,1.0,0.0,207.51694934737424,1.0,1.0,0.13333333333333333,33127.186237845286,33127.186237845286
test,5103,0.75,B2_observed_only_twin,SLOWDOWN,False,1.3671204813149551,31.30364205825687,0.005,56,0.5714285714285714,1.0,1.0,1.0,0.0,207.51694934737424,1.0,1.0,0.0962962962962963,33127.186237845286,33127.186237845286
test,5103,0.75,B2_observed_only_twin,SLOWDOWN,False,1.3671204813149551,31.30364205825687,0.01,56,0.5714285714285714,1.0,1.0,1.0,0.0,207.51694934737424,1.0,1.0,0.0962962962962963,33127.186237845286,33127.186237845286
test,5103,0.75,B2_observed_only_twin,SLOWDOWN,False,1.3671204813149551,31.30364205825687,0.02,56,0.5892857142857143,1.0,1.0,1.0,0.0,207.51694934737424,1.0,1.0,0.1037037037037037,33127.186237845286,33127.186237845286
test,5103,0.75,B2_observed_only_twin,SLOWDOWN,False,1.3671204813149551,31.30364205825687,0.05,56,0.5892857142857143,1.0,1.0,1.0,0.0,207.51694934737424,1.0,1.0,0.1037037037037037,33127.186237845286,33127.186237845286
test,5103,0.75,B2_observed_only_twin,SLOWDOWN,False,1.3671204813149551,31.30364205825687,0.1,56,0.625,1.0,0.9714285714285714,0.9714285714285714,0.0,207.51694934737424,1.0,1.0,0.17037037037037037,33127.186237845286,33127.186237845286
test,5103,0.75,B0_SPC_observed,SLOWDOWN,False,1.3671204813149551,5.061702559429017,0.005,56,0.5357142857142857,1.0,1.0,1.0,0.0,207.51694934737424,1.0,1.0,0.11851851851851852,33127.186237845286,33127.186237845286
test,5103,0.75,B0_SPC_observed,SLOWDOWN,False,1.3671204813149551,5.061702559429017,0.01,56,0.5357142857142857,1.0,1.0,1.0,0.0,207.51694934737424,1.0,1.0,0.11851851851851852,33127.186237845286,33127.186237845286
test,5103,0.75,B0_SPC_observed,SLOWDOWN,False,1.3671204813149551,5.061702559429017,0.02,56,0.5357142857142857,1.0,1.0,1.0,0.0,207.51694934737424,1.0,1.0,0.11851851851851852,33127.186237845286,33127.186237845286
test,5103,0.75,B0_SPC_observed,SLOWDOWN,False,1.3671204813149551,5.061702559429017,0.05,56,0.5357142857142857,1.0,1.0,1.0,0.0,207.51694934737424,1.0,1.0,0.1259259259259259,33127.186237845286,33127.186237845286
test,5103,0.75,B0_SPC_observed,SLOWDOWN,False,1.3671204813149551,5.061702559429017,0.1,56,0.5357142857142857,1.0,1.0,1.0,0.0,207.51694934737424,1.0,1.0,0.14074074074074075,33127.186237845286,33127.186237845286
test,5103,0.75,B1_IsolationForest,SLOWDOWN,False,1.3671204813149551,0.7423023198141773,0.005,56,0.03571428571428571,1.0,0.0,0.0,7.0,,0.0,0.0,0.08148148148148149,39709.47967532757,
test,5103,0.75,B1_IsolationForest,SLOWDOWN,False,1.3671204813149551,0.7423023198141773,0.01,56,0.05357142857142857,1.0,0.0,0.0,7.0,,0.0,0.0,0.08888888888888889,39709.47967532757,
test,5103,0.75,B1_IsolationForest,SLOWDOWN,False,1.3671204813149551,0.7423023198141773,0.02,56,0.125,1.0,0.0,0.0,7.0,,0.0,0.0,0.0962962962962963,39423.358512813196,
test,5103,0.75,B1_IsolationForest,SLOWDOWN,False,1.3671204813149551,0.7423023198141773,0.05,56,0.30357142857142855,1.0,0.0,0.0,7.0,,0.0,0.0,0.11851851851851852,38215.48648842659,
test,5103,0.75,B1_IsolationForest,SLOWDOWN,False,1.3671204813149551,0.7423023198141773,0.1,56,0.48214285714285715,1.0,0.0,0.0,11.0,,0.0,0.0,0.23703703703703705,33719.07385887207,
test,5103,0.5,RippleTwin,SLOWDOWN,True,1.3671204813149551,39.99294167411538,0.005,56,0.5714285714285714,1.0,0.96875,1.0,0.0,207.51694934737424,1.0,1.0,0.06666666666666667,33127.186237845286,33127.186237845286
test,5103,0.5,RippleTwin,SLOWDOWN,True,1.3671204813149551,39.99294167411538,0.01,56,0.5714285714285714,1.0,0.96875,1.0,0.0,207.51694934737424,1.0,1.0,0.06666666666666667,33127.186237845286,33127.186237845286
test,5103,0.5,RippleTwin,SLOWDOWN,True,1.3671204813149551,39.99294167411538,0.02,56,0.5714285714285714,1.0,0.96875,1.0,0.0,207.51694934737424,1.0,1.0,0.06666666666666667,33127.186237845286,33127.186237845286
test,5103,0.5,RippleTwin,SLOWDOWN,True,1.3671204813149551,39.99294167411538,0.05,56,0.5892857142857143,1.0,0.9393939393939394,1.0,0.0,207.51694934737424,1.0,1.0,0.08888888888888889,33127.186237845286,33127.186237845286
test,5103,0.5,RippleTwin,SLOWDOWN,True,1.3671204813149551,39.99294167411538,0.1,56,0.5892857142857143,1.0,0.9393939393939394,1.0,0.0,207.51694934737424,1.0,1.0,0.15555555555555556,33127.186237845286,33127.186237845286
test,5103,0.5,B2_observed_only_twin,SLOWDOWN,True,1.3671204813149551,39.987745614480566,0.005,56,0.5714285714285714,1.0,0.0,1.0,1.0,207.51694934737424,0.0,1.0,0.06666666666666667,33127.186237845286,33127.186237845286
test,5103,0.5,B2_observed_only_twin,SLOWDOWN,True,1.3671204813149551,39.987745614480566,0.01,56,0.5714285714285714,1.0,0.0,1.0,1.0,207.51694934737424,0.0,1.0,0.06666666666666667,33127.186237845286,33127.186237845286
test,5103,0.5,B2_observed_only_twin,SLOWDOWN,True,1.3671204813149551,39.987745614480566,0.02,56,0.5714285714285714,1.0,0.0,1.0,1.0,207.51694934737424,0.0,1.0,0.06666666666666667,33127.186237845286,33127.186237845286
test,5103,0.5,B2_observed_only_twin,SLOWDOWN,True,1.3671204813149551,39.987745614480566,0.05,56,0.5892857142857143,1.0,0.0,1.0,1.0,207.51694934737424,0.0,1.0,0.08888888888888889,33127.186237845286,33127.186237845286
test,5103,0.5,B2_observed_only_twin,SLOWDOWN,True,1.3671204813149551,39.987745614480566,0.1,56,0.5892857142857143,1.0,0.0,1.0,1.0,207.51694934737424,0.0,1.0,0.17777777777777778,33127.186237845286,33127.186237845286
test,5103,0.5,B0_SPC_observed,SLOWDOWN,True,1.3671204813149551,5.012127239822025,0.005,56,0.0,0.0,,,,,0.0,0.0,0.007407407407407408,,
test,5103,0.5,B0_SPC_observed,SLOWDOWN,True,1.3671204813149551,5.012127239822025,0.01,56,0.0,0.0,,,,,0.0,0.0,0.007407407407407408,,
test,5103,0.5,B0_SPC_observed,SLOWDOWN,True,1.3671204813149551,5.012127239822025,0.02,56,0.0,0.0,,,,,0.0,0.0,0.007407407407407408,,
test,5103,0.5,B0_SPC_observed,SLOWDOWN,True,1.3671204813149551,5.012127239822025,0.05,56,0.0,0.0,,,,,0.0,0.0,0.014814814814814815,,
test,5103,0.5,B0_SPC_observed,SLOWDOWN,True,1.3671204813149551,5.012127239822025,0.1,56,0.0,0.0,,,,,0.0,0.0,0.044444444444444446,,
test,5103,0.5,B1_IsolationForest,SLOWDOWN,True,1.3671204813149551,0.7423023198141773,0.005,56,0.03571428571428571,1.0,0.0,0.0,7.0,,0.0,0.0,0.007407407407407408,39709.47967532757,
test,5103,0.5,B1_IsolationForest,SLOWDOWN,True,1.3671204813149551,0.7423023198141773,0.01,56,0.05357142857142857,1.0,0.0,0.0,7.0,,0.0,0.0,0.007407407407407408,39709.47967532757,
test,5103,0.5,B1_IsolationForest,SLOWDOWN,True,1.3671204813149551,0.7423023198141773,0.02,56,0.125,1.0,0.0,0.0,7.0,,0.0,0.0,0.022222222222222223,39423.358512813196,
test,5103,0.5,B1_IsolationForest,SLOWDOWN,True,1.3671204813149551,0.7423023198141773,0.05,56,0.23214285714285715,1.0,0.0,0.0,7.0,,0.0,0.0,0.044444444444444446,39423.358512813196,
test,5103,0.5,B1_IsolationForest,SLOWDOWN,True,1.3671204813149551,0.7423023198141773,0.1,56,0.375,1.0,0.0,0.09523809523809523,7.0,127.66615798397385,0.0,0.0,0.1925925925925926,33719.07385887207,37918.23371964931
test,5103,0.25,RippleTwin,SLOWDOWN,False,1.3671204813149551,23.87887940963418,0.005,56,0.5714285714285714,1.0,1.0,1.0,0.0,207.51694934737424,1.0,1.0,0.0962962962962963,33127.186237845286,33127.186237845286
test,5103,0.25,RippleTwin,SLOWDOWN,False,1.3671204813149551,23.87887940963418,0.01,56,0.5714285714285714,1.0,1.0,1.0,0.0,207.51694934737424,1.0,1.0,0.0962962962962963,33127.186237845286,33127.186237845286
test,5103,0.25,RippleTwin,SLOWDOWN,False,1.3671204813149551,23.87887940963418,0.02,56,0.6071428571428571,1.0,0.9705882352941176,0.9705882352941176,0.0,207.51694934737424,1.0,1.0,0.16296296296296298,33127.186237845286,33127.186237845286
test,5103,0.25,RippleTwin,SLOWDOWN,False,1.3671204813149551,23.87887940963418,0.05,56,0.7142857142857143,1.0,0.825,0.825,0.0,207.51694934737424,1.0,1.0,0.2518518518518518,33127.186237845286,33127.186237845286
test,5103,0.25,RippleTwin,SLOWDOWN,False,1.3671204813149551,23.87887940963418,0.1,56,0.8035714285714286,1.0,0.7333333333333333,0.7333333333333333,0.0,207.51694934737424,1.0,1.0,0.34074074074074073,33127.186237845286,33127.186237845286
test,5103,0.25,B2_observed_only_twin,SLOWDOWN,False,1.3671204813149551,23.87066583332845,0.005,56,0.5714285714285714,1.0,1.0,1.0,0.0,207.51694934737424,1.0,1.0,0.0962962962962963,33127.186237845286,33127.186237845286
test,5103,0.25,B2_observed_only_twin,SLOWDOWN,False,1.3671204813149551,23.87066583332845,0.01,56,0.5714285714285714,1.0,1.0,1.0,0.0,207.51694934737424,1.0,1.0,0.0962962962962963,33127.186237845286,33127.186237845286
test,5103,0.25,B2_observed_only_twin,SLOWDOWN,False,1.3671204813149551,23.87066583332845,0.02,56,0.5892857142857143,1.0,1.0,1.0,0.0,207.51694934737424,1.0,1.0,0.16296296296296298,33127.186237845286,33127.186237845286
test,5103,0.25,B2_observed_only_twin,SLOWDOWN,False,1.3671204813149551,23.87066583332845,0.05,56,0.7142857142857143,1.0,0.825,0.825,0.0,207.51694934737424,1.0,1.0,0.25925925925925924,33127.186237845286,33127.186237845286
test,5103,0.25,B2_observed_only_twin,SLOWDOWN,False,1.3671204813149551,23.87066583332845,0.1,56,0.7857142857142857,1.0,0.75,0.75,0.0,207.51694934737424,1.0,1.0,0.362962962962963,33127.186237845286,33127.186237845286
test,5103,0.25,B0_SPC_observed,SLOWDOWN,False,1.3671204813149551,4.674774997918179,0.005,56,0.5357142857142857,1.0,1.0,1.0,0.0,207.51694934737424,1.0,1.0,0.1111111111111111,33127.186237845286,33127.186237845286
test,5103,0.25,B0_SPC_observed,SLOWDOWN,False,1.3671204813149551,4.674774997918179,0.01,56,0.5357142857142857,1.0,1.0,1.0,0.0,207.51694934737424,1.0,1.0,0.1111111111111111,33127.186237845286,33127.186237845286
test,5103,0.25,B0_SPC_observed,SLOWDOWN,False,1.3671204813149551,4.674774997918179,0.02,56,0.5357142857142857,1.0,1.0,1.0,0.0,207.51694934737424,1.0,1.0,0.1111111111111111,33127.186237845286,33127.186237845286
test,5103,0.25,B0_SPC_observed,SLOWDOWN,False,1.3671204813149551,4.674774997918179,0.05,56,0.5357142857142857,1.0,1.0,1.0,0.0,207.51694934737424,1.0,1.0,0.1111111111111111,33127.186237845286,33127.186237845286
test,5103,0.25,B0_SPC_observed,SLOWDOWN,False,1.3671204813149551,4.674774997918179,0.1,56,0.5535714285714286,1.0,1.0,1.0,0.0,207.51694934737424,1.0,1.0,0.17037037037037037,33127.186237845286,33127.186237845286
test,5103,0.25,B1_IsolationForest,SLOWDOWN,False,1.3671204813149551,0.7158774793615637,0.005,56,0.0,0.0,,,,,0.0,0.0,0.05925925925925926,,
test,5103,0.25,B1_IsolationForest,SLOWDOWN,False,1.3671204813149551,0.7158774793615637,0.01,56,0.017857142857142856,1.0,0.0,0.0,13.0,,0.0,0.0,0.06666666666666667,38816.30852119281,
test,5103,0.25,B1_IsolationForest,SLOWDOWN,False,1.3671204813149551,0.7158774793615637,0.02,56,0.26785714285714285,1.0,0.0,0.0,13.0,,0.0,0.0,0.06666666666666667,37315.305836070904,
test,5103,0.25,B1_IsolationForest,SLOWDOWN,False,1.3671204813149551,0.7158774793615637,0.05,56,0.5892857142857143,1.0,0.0,0.0,13.0,,0.0,0.0,0.13333333333333333,33127.186237845286,
test,5103,0.25,B1_IsolationForest,SLOWDOWN,False,1.3671204813149551,0.7158774793615637,0.1,56,0.5892857142857143,1.0,0.0,0.0,13.0,,0.0,0.0,0.2,33127.186237845286,
test,5104,1.0,RippleTwin,COMBINED,False,1.3433616346689874,42.5638498837417,0.005,49,0.3673469387755102,1.0,1.0,1.0,0.0,111.34582703788304,1.0,1.0,0.19863013698630136,37018.34808983871,37018.34808983871
test,5104,1.0,RippleTwin,COMBINED,False,1.3433616346689874,42.5638498837417,0.01,49,0.3673469387755102,1.0,1.0,1.0,0.0,111.34582703788304,1.0,1.0,0.2054794520547945,37018.34808983871,37018.34808983871
test,5104,1.0,RippleTwin,COMBINED,False,1.3433616346689874,42.5638498837417,0.02,49,0.3673469387755102,1.0,1.0,1.0,0.0,111.34582703788304,1.0,1.0,0.2328767123287671,37018.34808983871,37018.34808983871
test,5104,1.0,RippleTwin,COMBINED,False,1.3433616346689874,42.5638498837417,0.05,49,0.3877551020408163,1.0,1.0,1.0,0.0,111.34582703788304,1.0,1.0,0.2602739726027397,37018.34808983871,37018.34808983871
test,5104,1.0,RippleTwin,COMBINED,False,1.3433616346689874,42.5638498837417,0.1,49,0.40816326530612246,1.0,1.0,1.0,0.0,111.34582703788304,1.0,1.0,0.2808219178082192,37018.34808983871,37018.34808983871
test,5104,1.0,B2_observed_only_twin,COMBINED,False,1.3433616346689874,42.5638498837417,0.005,49,0.3673469387755102,1.0,1.0,1.0,0.0,111.34582703788304,1.0,1.0,0.19863013698630136,37018.34808983871,37018.34808983871
test,5104,1.0,B2_observed_only_twin,COMBINED,False,1.3433616346689874,42.5638498837417,0.01,49,0.3673469387755102,1.0,1.0,1.0,0.0,111.34582703788304,1.0,1.0,0.2054794520547945,37018.34808983871,37018.34808983871
test,5104,1.0,B2_observed_only_twin,COMBINED,False,1.3433616346689874,42.5638498837417,0.02,49,0.3673469387755102,1.0,1.0,1.0,0.0,111.34582703788304,1.0,1.0,0.2328767123287671,37018.34808983871,37018.34808983871
test,5104,1.0,B2_observed_only_twin,COMBINED,False,1.3433616346689874,42.5638498837417,0.05,49,0.3877551020408163,1.0,1.0,1.0,0.0,111.34582703788304,1.0,1.0,0.2602739726027397,37018.34808983871,37018.34808983871
test,5104,1.0,B2_observed_only_twin,COMBINED,False,1.3433616346689874,42.5638498837417,0.1,49,0.40816326530612246,1.0,1.0,1.0,0.0,111.34582703788304,1.0,1.0,0.2808219178082192,37018.34808983871,37018.34808983871
test,5104,1.0,B0_SPC_observed,COMBINED,False,1.3433616346689874,5.124273832797681,0.005,49,0.3469387755102041,1.0,1.0,1.0,0.0,111.34582703788304,1.0,1.0,0.17123287671232876,37018.34808983871,37018.34808983871
test,5104,1.0,B0_SPC_observed,COMBINED,False,1.3433616346689874,5.124273832797681,0.01,49,0.3673469387755102,1.0,1.0,1.0,0.0,111.34582703788304,1.0,1.0,0.17123287671232876,37018.34808983871,37018.34808983871
test,5104,1.0,B0_SPC_observed,COMBINED,False,1.3433616346689874,5.124273832797681,0.02,49,0.3673469387755102,1.0,1.0,1.0,0.0,111.34582703788304,1.0,1.0,0.17123287671232876,37018.34808983871,37018.34808983871
test,5104,1.0,B0_SPC_observed,COMBINED,False,1.3433616346689874,5.124273832797681,0.05,49,0.3673469387755102,1.0,1.0,1.0,0.0,111.34582703788304,1.0,1.0,0.1917808219178082,37018.34808983871,37018.34808983871
test,5104,1.0,B0_SPC_observed,COMBINED,False,1.3433616346689874,5.124273832797681,0.1,49,0.3877551020408163,1.0,0.9473684210526315,0.9473684210526315,0.0,111.34582703788304,1.0,1.0,0.2054794520547945,37018.34808983871,37018.34808983871
test,5104,1.0,B1_IsolationForest,COMBINED,False,1.3433616346689874,0.7784702529546166,0.005,49,0.0,0.0,,,,,0.0,0.0,0.0,,
test,5104,1.0,B1_IsolationForest,COMBINED,False,1.3433616346689874,0.7784702529546166,0.01,49,0.0,0.0,,,,,0.0,0.0,0.0,,
test,5104,1.0,B1_IsolationForest,COMBINED,False,1.3433616346689874,0.7784702529546166,0.02,49,0.0,0.0,,,,,0.0,0.0,0.0,,
test,5104,1.0,B1_IsolationForest,COMBINED,False,1.3433616346689874,0.7784702529546166,0.05,49,0.0,0.0,,,,,0.0,0.0,0.0273972602739726,,
test,5104,1.0,B1_IsolationForest,COMBINED,False,1.3433616346689874,0.7784702529546166,0.1,49,0.24489795918367346,1.0,0.9166666666666666,0.9166666666666666,0.0,111.34582703788304,1.0,1.0,0.1780821917808219,37018.34808983871,37018.34808983871
test,5104,0.75,RippleTwin,COMBINED,False,1.3433616346689874,31.30364205825687,0.005,49,0.3673469387755102,1.0,1.0,1.0,0.0,111.34582703788304,1.0,1.0,0.2054794520547945,37018.34808983871,37018.34808983871
test,5104,0.75,RippleTwin,COMBINED,False,1.3433616346689874,31.30364205825687,0.01,49,0.3673469387755102,1.0,1.0,1.0,0.0,111.34582703788304,1.0,1.0,0.2054794520547945,37018.34808983871,37018.34808983871
test,5104,0.75,RippleTwin,COMBINED,False,1.3433616346689874,31.30364205825687,0.02,49,0.3877551020408163,1.0,1.0,1.0,0.0,111.34582703788304,1.0,1.0,0.2191780821917808,37018.34808983871,37018.34808983871
test,5104,0.75,RippleTwin,COMBINED,False,1.3433616346689874,31.30364205825687,0.05,49,0.3877551020408163,1.0,1.0,1.0,0.0,111.34582703788304,1.0,1.0,0.2534246575342466,37018.34808983871,37018.34808983871
test,5104,0.75,RippleTwin,COMBINED,False,1.3433616346689874,31.30364205825687,0.1,49,0.3877551020408163,1.0,1.0,1.0,0.0,111.34582703788304,1.0,1.0,0.273972602739726,37018.34808983871,37018.34808983871
test,5104,0.75,B2_observed_only_twin,COMBINED,False,1.3433616346689874,31.30364205825687,0.005,49,0.3673469387755102,1.0,1.0,1.0,0.0,111.34582703788304,1.0,1.0,0.2054794520547945,37018.34808983871,37018.34808983871
test,5104,0.75,B2_observed_only_twin,COMBINED,False,1.3433616346689874,31.30364205825687,0.01,49,0.3673469387755102,1.0,1.0,1.0,0.0,111.34582703788304,1.0,1.0,0.2054794520547945,37018.34808983871,37018.34808983871
test,5104,0.75,B2_observed_only_twin,COMBINED,False,1.3433616346689874,31.30364205825687,0.02,49,0.3877551020408163,1.0,1.0,1.0,0.0,111.34582703788304,1.0,1.0,0.2191780821917808,37018.34808983871,37018.34808983871
test,5104,0.75,B2_observed_only_twin,COMBINED,False,1.3433616346689874,31.30364205825687,0.05,49,0.3877551020408163,1.0,1.0,1.0,0.0,111.34582703788304,1.0,1.0,0.2602739726027397,37018.34808983871,37018.34808983871
test,5104,0.75,B2_observed_only_twin,COMBINED,False,1.3433616346689874,31.30364205825687,0.1,49,0.40816326530612246,1.0,1.0,1.0,0.0,111.34582703788304,1.0,1.0,0.2671232876712329,37018.34808983871,37018.34808983871
test,5104,0.75,B0_SPC_observed,COMBINED,False,1.3433616346689874,5.061702559429017,0.005,49,0.3673469387755102,1.0,1.0,1.0,0.0,111.34582703788304,1.0,1.0,0.17123287671232876,37018.34808983871,37018.34808983871
test,5104,0.75,B0_SPC_observed,COMBINED,False,1.3433616346689874,5.061702559429017,0.01,49,0.3673469387755102,1.0,1.0,1.0,0.0,111.34582703788304,1.0,1.0,0.17123287671232876,37018.34808983871,37018.34808983871
test,5104,0.75,B0_SPC_observed,COMBINED,False,1.3433616346689874,5.061702559429017,0.02,49,0.3673469387755102,1.0,1.0,1.0,0.0,111.34582703788304,1.0,1.0,0.17123287671232876,37018.34808983871,37018.34808983871
test,5104,0.75,B0_SPC_observed,COMBINED,False,1.3433616346689874,5.061702559429017,0.05,49,0.3673469387755102,1.0,1.0,1.0,0.0,111.34582703788304,1.0,1.0,0.1917808219178082,37018.34808983871,37018.34808983871
test,5104,0.75,B0_SPC_observed,COMBINED,False,1.3433616346689874,5.061702559429017,0.1,49,0.3877551020408163,1.0,0.9473684210526315,0.9473684210526315,0.0,111.34582703788304,1.0,1.0,0.2054794520547945,37018.34808983871,37018.34808983871
test,5104,0.75,B1_IsolationForest,COMBINED,False,1.3433616346689874,0.7423023198141773,0.005,49,0.0,0.0,,,,,0.0,0.0,0.0273972602739726,,
test,5104,0.75,B1_IsolationForest,COMBINED,False,1.3433616346689874,0.7423023198141773,0.01,49,0.0,0.0,,,,,0.0,0.0,0.03424657534246575,,
test,5104,0.75,B1_IsolationForest,COMBINED,False,1.3433616346689874,0.7423023198141773,0.02,49,0.02040816326530612,1.0,0.0,0.0,2.0,,0.0,0.0,0.0410958904109589,40326.45409358191,
test,5104,0.75,B1_IsolationForest,COMBINED,False,1.3433616346689874,0.7423023198141773,0.05,49,0.24489795918367346,1.0,0.9166666666666666,0.9166666666666666,0.0,111.34582703788304,1.0,1.0,0.1643835616438356,37018.34808983871,37018.34808983871
test,5104,0.75,B1_IsolationForest,COMBINED,False,1.3433616346689874,0.7423023198141773,0.1,49,0.3673469387755102,1.0,0.6111111111111112,0.6111111111111112,0.0,111.34582703788304,1.0,1.0,0.22602739726027396,37018.34808983871,37018.34808983871
test,5104,0.5,RippleTwin,COMBINED,False,1.3433616346689874,39.99294167411538,0.005,49,0.3673469387755102,1.0,1.0,1.0,0.0,111.34582703788304,1.0,1.0,0.2054794520547945,37018.34808983871,37018.34808983871
test,5104,0.5,RippleTwin,COMBINED,False,1.3433616346689874,39.99294167411538,0.01,49,0.3673469387755102,1.0,1.0,1.0,0.0,111.34582703788304,1.0,1.0,0.2054794520547945,37018.34808983871,37018.34808983871
test,5104,0.5,RippleTwin,COMBINED,False,1.3433616346689874,39.99294167411538,0.02,49,0.3673469387755102,1.0,1.0,1.0,0.0,111.34582703788304,1.0,1.0,0.2328767123287671,37018.34808983871,37018.34808983871
test,5104,0.5,RippleTwin,COMBINED,False,1.3433616346689874,39.99294167411538,0.05,49,0.3877551020408163,1.0,1.0,1.0,0.0,111.34582703788304,1.0,1.0,0.2602739726027397,37018.34808983871,37018.34808983871
test,5104,0.5,RippleTwin,COMBINED,False,1.3433616346689874,39.99294167411538,0.1,49,0.3877551020408163,1.0,1.0,1.0,0.0,111.34582703788304,1.0,1.0,0.2671232876712329,37018.34808983871,37018.34808983871
test,5104,0.5,B2_observed_only_twin,COMBINED,False,1.3433616346689874,39.987745614480566,0.005,49,0.3673469387755102,1.0,1.0,1.0,0.0,111.34582703788304,1.0,1.0,0.2054794520547945,37018.34808983871,37018.34808983871
test,5104,0.5,B2_observed_only_twin,COMBINED,False,1.3433616346689874,39.987745614480566,0.01,49,0.3673469387755102,1.0,1.0,1.0,0.0,111.34582703788304,1.0,1.0,0.2054794520547945,37018.34808983871,37018.34808983871
test,5104,0.5,B2_observed_only_twin,COMBINED,False,1.3433616346689874,39.987745614480566,0.02,49,0.3673469387755102,1.0,1.0,1.0,0.0,111.34582703788304,1.0,1.0,0.2328767123287671,37018.34808983871,37018.34808983871
test,5104,0.5,B2_observed_only_twin,COMBINED,False,1.3433616346689874,39.987745614480566,0.05,49,0.3877551020408163,1.0,1.0,1.0,0.0,111.34582703788304,1.0,1.0,0.2602739726027397,37018.34808983871,37018.34808983871
test,5104,0.5,B2_observed_only_twin,COMBINED,False,1.3433616346689874,39.987745614480566,0.1,49,0.3877551020408163,1.0,1.0,1.0,0.0,111.34582703788304,1.0,1.0,0.2671232876712329,37018.34808983871,37018.34808983871
test,5104,0.5,B0_SPC_observed,COMBINED,False,1.3433616346689874,5.012127239822025,0.005,49,0.3673469387755102,1.0,1.0,1.0,0.0,111.34582703788304,1.0,1.0,0.17123287671232876,37018.34808983871,37018.34808983871
test,5104,0.5,B0_SPC_observed,COMBINED,False,1.3433616346689874,5.012127239822025,0.01,49,0.3673469387755102,1.0,1.0,1.0,0.0,111.34582703788304,1.0,1.0,0.17123287671232876,37018.34808983871,37018.34808983871
test,5104,0.5,B0_SPC_observed,COMBINED,False,1.3433616346689874,5.012127239822025,0.02,49,0.3673469387755102,1.0,1.0,1.0,0.0,111.34582703788304,1.0,1.0,0.18493150684931506,37018.34808983871,37018.34808983871
test,5104,0.5,B0_SPC_observed,COMBINED,False,1.3433616346689874,5.012127239822025,0.05,49,0.3877551020408163,1.0,0.9473684210526315,0.9473684210526315,0.0,111.34582703788304,1.0,1.0,0.18493150684931506,37018.34808983871,37018.34808983871
test,5104,0.5,B0_SPC_observed,COMBINED,False,1.3433616346689874,5.012127239822025,0.1,49,0.3877551020408163,1.0,0.9473684210526315,0.9473684210526315,0.0,111.34582703788304,1.0,1.0,0.2054794520547945,37018.34808983871,37018.34808983871
test,5104,0.5,B1_IsolationForest,COMBINED,False,1.3433616346689874,0.7423023198141773,0.005,49,0.0,0.0,,,,,0.0,0.0,0.0273972602739726,,
test,5104,0.5,B1_IsolationForest,COMBINED,False,1.3433616346689874,0.7423023198141773,0.01,49,0.0,0.0,,,,,0.0,0.0,0.0273972602739726,,
test,5104,0.5,B1_IsolationForest,COMBINED,False,1.3433616346689874,0.7423023198141773,0.02,49,0.32653061224489793,1.0,0.9375,0.9375,0.0,111.34582703788304,1.0,1.0,0.136986301369863,37018.34808983871,37018.34808983871
test,5104,0.5,B1_IsolationForest,COMBINED,False,1.3433616346689874,0.7423023198141773,0.05,49,0.32653061224489793,1.0,0.9375,0.9375,0.0,111.34582703788304,1.0,1.0,0.14383561643835616,37018.34808983871,37018.34808983871
test,5104,0.5,B1_IsolationForest,COMBINED,False,1.3433616346689874,0.7423023198141773,0.1,49,0.32653061224489793,1.0,0.9375,0.9375,0.0,111.34582703788304,1.0,1.0,0.19863013698630136,37018.34808983871,37018.34808983871
test,5104,0.25,RippleTwin,COMBINED,True,1.3433616346689874,23.87887940963418,0.005,49,0.12244897959183673,1.0,0.0,0.0,2.0,101.41261796613871,0.0,0.0,0.07534246575342465,37614.34063414337,37614.34063414337
test,5104,0.25,RippleTwin,COMBINED,True,1.3433616346689874,23.87887940963418,0.01,49,0.14285714285714285,1.0,0.0,0.14285714285714285,2.0,101.41261796613871,0.0,0.0,0.07534246575342465,37614.34063414337,37614.34063414337
test,5104,0.25,RippleTwin,COMBINED,True,1.3433616346689874,23.87887940963418,0.02,49,0.2653061224489796,1.0,0.0,0.46153846153846156,2.0,111.34582703788304,0.0,0.0,0.19863013698630136,37018.34808983871,37018.34808983871
test,5104,0.25,RippleTwin,COMBINED,True,1.3433616346689874,23.87887940963418,0.05,49,0.32653061224489793,1.0,0.0,0.5625,1.0,111.34582703788304,0.0,1.0,0.2191780821917808,37018.34808983871,37018.34808983871
test,5104,0.25,RippleTwin,COMBINED,True,1.3433616346689874,23.87887940963418,0.1,49,0.3469387755102041,1.0,0.0,0.5294117647058824,1.0,111.34582703788304,0.0,1.0,0.2465753424657534,37018.34808983871,37018.34808983871
test,5104,0.25,B2_observed_only_twin,COMBINED,True,1.3433616346689874,23.87066583332845,0.005,49,0.12244897959183673,1.0,0.0,0.0,2.0,,0.0,0.0,0.0684931506849315,37614.34063414337,
test,5104,0.25,B2_observed_only_twin,COMBINED,True,1.3433616346689874,23.87066583332845,0.01,49,0.14285714285714285,1.0,0.0,0.0,2.0,,0.0,0.0,0.0684931506849315,37614.34063414337,
test,5104,0.25,B2_observed_only_twin,COMBINED,True,1.3433616346689874,23.87066583332845,0.02,49,0.2653061224489796,1.0,0.0,0.0,2.0,,0.0,0.0,0.18493150684931506,37018.34808983871,
test,5104,0.25,B2_observed_only_twin,COMBINED,True,1.3433616346689874,23.87066583332845,0.05,49,0.2857142857142857,1.0,0.0,0.0,2.0,,0.0,0.0,0.23972602739726026,37018.34808983871,
test,5104,0.25,B2_observed_only_twin,COMBINED,True,1.3433616346689874,23.87066583332845,0.1,49,0.3469387755102041,1.0,0.0,0.0,2.0,,0.0,0.0,0.2876712328767123,37018.34808983871,
test,5104,0.25,B0_SPC_observed,COMBINED,True,1.3433616346689874,4.674774997918179,0.005,49,0.0,0.0,,,,,0.0,0.0,0.0,,
test,5104,0.25,B0_SPC_observed,COMBINED,True,1.3433616346689874,4.674774997918179,0.01,49,0.0,0.0,,,,,0.0,0.0,0.00684931506849315,,
test,5104,0.25,B0_SPC_observed,COMBINED,True,1.3433616346689874,4.674774997918179,0.02,49,0.0,0.0,,,,,0.0,0.0,0.00684931506849315,,
test,5104,0.25,B0_SPC_observed,COMBINED,True,1.3433616346689874,4.674774997918179,0.05,49,0.02040816326530612,1.0,0.0,0.0,6.0,,0.0,0.0,0.02054794520547945,47975.019751510205,
test,5104,0.25,B0_SPC_observed,COMBINED,True,1.3433616346689874,4.674774997918179,0.1,49,0.061224489795918366,1.0,0.0,0.0,6.0,,0.0,0.0,0.04794520547945205,43617.7165140591,
test,5104,0.25,B1_IsolationForest,COMBINED,True,1.3433616346689874,0.7158774793615637,0.005,49,0.061224489795918366,1.0,0.0,0.0,20.0,,0.0,0.0,0.02054794520547945,38817.57850631083,
test,5104,0.25,B1_IsolationForest,COMBINED,True,1.3433616346689874,0.7158774793615637,0.01,49,0.10204081632653061,1.0,0.0,0.0,20.0,,0.0,0.0,0.02054794520547945,38511.54023899056,
test,5104,0.25,B1_IsolationForest,COMBINED,True,1.3433616346689874,0.7158774793615637,0.02,49,0.10204081632653061,1.0,0.0,0.0,20.0,,0.0,0.0,0.04794520547945205,37918.14761215127,
test,5104,0.25,B1_IsolationForest,COMBINED,True,1.3433616346689874,0.7158774793615637,0.05,49,0.22448979591836735,1.0,0.0,0.0,20.0,,0.0,0.0,0.07534246575342465,37918.14761215127,
test,5104,0.25,B1_IsolationForest,COMBINED,True,1.3433616346689874,0.7158774793615637,0.1,49,0.24489795918367346,1.0,0.0,0.0,20.0,,0.0,0.0,0.136986301369863,37918.14761215127,
test,5107,1.0,RippleTwin,SLOWDOWN,False,1.4208892241827291,42.5638498837417,0.005,50,0.44,1.0,1.0,1.0,0.0,166.9889171570032,1.0,1.0,0.08333333333333333,30117.40816283219,30117.40816283219
test,5107,1.0,RippleTwin,SLOWDOWN,False,1.4208892241827291,42.5638498837417,0.01,50,0.44,1.0,1.0,1.0,0.0,166.9889171570032,1.0,1.0,0.09027777777777778,30117.40816283219,30117.40816283219
test,5107,1.0,RippleTwin,SLOWDOWN,False,1.4208892241827291,42.5638498837417,0.02,50,0.46,1.0,1.0,1.0,0.0,166.9889171570032,1.0,1.0,0.09722222222222222,30117.40816283219,30117.40816283219
test,5107,1.0,RippleTwin,SLOWDOWN,False,1.4208892241827291,42.5638498837417,0.05,50,0.46,1.0,1.0,1.0,0.0,166.9889171570032,1.0,1.0,0.11805555555555555,30117.40816283219,30117.40816283219
test,5107,1.0,RippleTwin,SLOWDOWN,False,1.4208892241827291,42.5638498837417,0.1,50,0.48,1.0,1.0,1.0,0.0,166.9889171570032,1.0,1.0,0.1736111111111111,30117.40816283219,30117.40816283219
test,5107,1.0,B2_observed_only_twin,SLOWDOWN,False,1.4208892241827291,42.5638498837417,0.005,50,0.44,1.0,1.0,1.0,0.0,166.9889171570032,1.0,1.0,0.08333333333333333,30117.40816283219,30117.40816283219
test,5107,1.0,B2_observed_only_twin,SLOWDOWN,False,1.4208892241827291,42.5638498837417,0.01,50,0.44,1.0,1.0,1.0,0.0,166.9889171570032,1.0,1.0,0.09027777777777778,30117.40816283219,30117.40816283219
test,5107,1.0,B2_observed_only_twin,SLOWDOWN,False,1.4208892241827291,42.5638498837417,0.02,50,0.46,1.0,1.0,1.0,0.0,166.9889171570032,1.0,1.0,0.09722222222222222,30117.40816283219,30117.40816283219
test,5107,1.0,B2_observed_only_twin,SLOWDOWN,False,1.4208892241827291,42.5638498837417,0.05,50,0.46,1.0,1.0,1.0,0.0,166.9889171570032,1.0,1.0,0.11805555555555555,30117.40816283219,30117.40816283219
test,5107,1.0,B2_observed_only_twin,SLOWDOWN,False,1.4208892241827291,42.5638498837417,0.1,50,0.48,1.0,1.0,1.0,0.0,166.9889171570032,1.0,1.0,0.1736111111111111,30117.40816283219,30117.40816283219
test,5107,1.0,B0_SPC_observed,SLOWDOWN,False,1.4208892241827291,5.124273832797681,0.005,50,0.44,1.0,1.0,1.0,0.0,166.9889171570032,1.0,1.0,0.09722222222222222,30117.40816283219,30117.40816283219
test,5107,1.0,B0_SPC_observed,SLOWDOWN,False,1.4208892241827291,5.124273832797681,0.01,50,0.44,1.0,1.0,1.0,0.0,166.9889171570032,1.0,1.0,0.09722222222222222,30117.40816283219,30117.40816283219
test,5107,1.0,B0_SPC_observed,SLOWDOWN,False,1.4208892241827291,5.124273832797681,0.02,50,0.44,1.0,1.0,1.0,0.0,166.9889171570032,1.0,1.0,0.10416666666666667,30117.40816283219,30117.40816283219
test,5107,1.0,B0_SPC_observed,SLOWDOWN,False,1.4208892241827291,5.124273832797681,0.05,50,0.44,1.0,1.0,1.0,0.0,166.9889171570032,1.0,1.0,0.10416666666666667,30117.40816283219,30117.40816283219
test,5107,1.0,B0_SPC_observed,SLOWDOWN,False,1.4208892241827291,5.124273832797681,0.1,50,0.48,1.0,0.9166666666666666,0.9166666666666666,0.0,166.9889171570032,1.0,1.0,0.1111111111111111,30117.40816283219,30117.40816283219
test,5107,1.0,B1_IsolationForest,SLOWDOWN,False,1.4208892241827291,0.7784702529546166,0.005,50,0.0,0.0,,,,,0.0,0.0,0.0,,
test,5107,1.0,B1_IsolationForest,SLOWDOWN,False,1.4208892241827291,0.7784702529546166,0.01,50,0.0,0.0,,,,,0.0,0.0,0.0,,
test,5107,1.0,B1_IsolationForest,SLOWDOWN,False,1.4208892241827291,0.7784702529546166,0.02,50,0.0,0.0,,,,,0.0,0.0,0.0,,
test,5107,1.0,B1_IsolationForest,SLOWDOWN,False,1.4208892241827291,0.7784702529546166,0.05,50,0.0,0.0,,,,,0.0,0.0,0.006944444444444444,,
test,5107,1.0,B1_IsolationForest,SLOWDOWN,False,1.4208892241827291,0.7784702529546166,0.1,50,0.08,1.0,0.0,0.0,6.5,,0.0,0.0,0.09027777777777778,30117.40816283219,
test,5107,0.75,RippleTwin,SLOWDOWN,True,1.4208892241827291,31.30364205825687,0.005,50,0.34,1.0,0.058823529411764705,0.5882352941176471,1.0,166.9889171570032,0.0,1.0,0.04861111111111111,30117.40816283219,30117.40816283219
test,5107,0.75,RippleTwin,SLOWDOWN,True,1.4208892241827291,31.30364205825687,0.01,50,0.34,1.0,0.058823529411764705,0.5882352941176471,1.0,166.9889171570032,0.0,1.0,0.04861111111111111,30117.40816283219,30117.40816283219
test,5107,0.75,RippleTwin,SLOWDOWN,True,1.4208892241827291,31.30364205825687,0.02,50,0.36,1.0,0.05555555555555555,0.6111111111111112,1.0,166.9889171570032,0.0,1.0,0.04861111111111111,30117.40816283219,30117.40816283219
test,5107,0.75,RippleTwin,SLOWDOWN,True,1.4208892241827291,31.30364205825687,0.05,50,0.36,1.0,0.05555555555555555,0.6111111111111112,1.0,166.9889171570032,0.0,1.0,0.0625,30117.40816283219,30117.40816283219
test,5107,0.75,RippleTwin,SLOWDOWN,True,1.4208892241827291,31.30364205825687,0.1,50,0.38,1.0,0.05263157894736842,0.631578947368421,1.0,166.9889171570032,0.0,1.0,0.1111111111111111,30117.40816283219,30117.40816283219
test,5107,0.75,B2_observed_only_twin,SLOWDOWN,True,1.4208892241827291,31.30364205825687,0.005,50,0.4,1.0,0.0,0.5,1.5,166.9889171570032,0.0,1.0,0.04861111111111111,30117.40816283219,30117.40816283219
test,5107,0.75,B2_observed_only_twin,SLOWDOWN,True,1.4208892241827291,31.30364205825687,0.01,50,0.4,1.0,0.0,0.5,1.5,166.9889171570032,0.0,1.0,0.04861111111111111,30117.40816283219,30117.40816283219
test,5107,0.75,B2_observed_only_twin,SLOWDOWN,True,1.4208892241827291,31.30364205825687,0.02,50,0.42,1.0,0.0,0.5238095238095238,1.0,166.9889171570032,0.0,1.0,0.05555555555555555,30117.40816283219,30117.40816283219
test,5107,0.75,B2_observed_only_twin,SLOWDOWN,True,1.4208892241827291,31.30364205825687,0.05,50,0.42,1.0,0.0,0.5238095238095238,1.0,166.9889171570032,0.0,1.0,0.08333333333333333,30117.40816283219,30117.40816283219
test,5107,0.75,B2_observed_only_twin,SLOWDOWN,True,1.4208892241827291,31.30364205825687,0.1,50,0.44,1.0,0.0,0.5454545454545454,1.0,166.9889171570032,0.0,1.0,0.14583333333333334,30117.40816283219,30117.40816283219
test,5107,0.75,B0_SPC_observed,SLOWDOWN,True,1.4208892241827291,5.061702559429017,0.005,50,0.0,0.0,,,,,0.0,0.0,0.0,,
test,5107,0.75,B0_SPC_observed,SLOWDOWN,True,1.4208892241827291,5.061702559429017,0.01,50,0.0,0.0,,,,,0.0,0.0,0.0,,
test,5107,0.75,B0_SPC_observed,SLOWDOWN,True,1.4208892241827291,5.061702559429017,0.02,50,0.0,0.0,,,,,0.0,0.0,0.0,,
test,5107,0.75,B0_SPC_observed,SLOWDOWN,True,1.4208892241827291,5.061702559429017,0.05,50,0.0,0.0,,,,,0.0,0.0,0.0,,
test,5107,0.75,B0_SPC_observed,SLOWDOWN,True,1.4208892241827291,5.061702559429017,0.1,50,0.08,1.0,0.0,0.0,29.0,,0.0,0.0,0.006944444444444444,35813.32292039241,
test,5107,0.75,B1_IsolationForest,SLOWDOWN,True,1.4208892241827291,0.7423023198141773,0.005,50,0.0,0.0,,,,,0.0,0.0,0.006944444444444444,,
test,5107,0.75,B1_IsolationForest,SLOWDOWN,True,1.4208892241827291,0.7423023198141773,0.01,50,0.02,1.0,0.0,0.0,8.0,,0.0,0.0,0.006944444444444444,31919.4858827928,
test,5107,0.75,B1_IsolationForest,SLOWDOWN,True,1.4208892241827291,0.7423023198141773,0.02,50,0.02,1.0,0.0,0.0,8.0,,0.0,0.0,0.020833333333333332,31919.4858827928,
test,5107,0.75,B1_IsolationForest,SLOWDOWN,True,1.4208892241827291,0.7423023198141773,0.05,50,0.04,1.0,0.0,0.0,8.0,,0.0,0.0,0.10416666666666667,30117.40816283219,
test,5107,0.75,B1_IsolationForest,SLOWDOWN,True,1.4208892241827291,0.7423023198141773,0.1,50,0.3,1.0,0.0,0.0,8.0,,0.0,0.0,0.16666666666666666,30117.40816283219,
test,5107,0.5,RippleTwin,SLOWDOWN,True,1.4208892241827291,39.99294167411538,0.005,50,0.36,1.0,0.4444444444444444,0.6111111111111112,1.0,166.9889171570032,1.0,1.0,0.04861111111111111,30117.40816283219,30117.40816283219
test,5107,0.5,RippleTwin,SLOWDOWN,True,1.4208892241827291,39.99294167411538,0.01,50,0.36,1.0,0.4444444444444444,0.6111111111111112,1.0,166.9889171570032,1.0,1.0,0.04861111111111111,30117.40816283219,30117.40816283219
test,5107,0.5,RippleTwin,SLOWDOWN,True,1.4208892241827291,39.99294167411538,0.02,50,0.38,1.0,0.47368421052631576,0.631578947368421,1.0,166.9889171570032,1.0,1.0,0.04861111111111111,30117.40816283219,30117.40816283219
test,5107,0.5,RippleTwin,SLOWDOWN,True,1.4208892241827291,39.99294167411538,0.05,50,0.38,1.0,0.47368421052631576,0.631578947368421,1.0,166.9889171570032,1.0,1.0,0.06944444444444445,30117.40816283219,30117.40816283219
test,5107,0.5,RippleTwin,SLOWDOWN,True,1.4208892241827291,39.99294167411538,0.1,50,0.4,1.0,0.5,0.65,0.5,166.9889171570032,1.0,1.0,0.125,30117.40816283219,30117.40816283219
test,5107,0.5,B2_observed_only_twin,SLOWDOWN,True,1.4208892241827291,39.987745614480566,0.005,50,0.36,1.0,0.0,0.6111111111111112,1.0,166.9889171570032,0.0,1.0,0.04861111111111111,30117.40816283219,30117.40816283219
test,5107,0.5,B2_observed_only_twin,SLOWDOWN,True,1.4208892241827291,39.987745614480566,0.01,50,0.36,1.0,0.0,0.6111111111111112,1.0,166.9889171570032,0.0,1.0,0.04861111111111111,30117.40816283219,30117.40816283219
test,5107,0.5,B2_observed_only_twin,SLOWDOWN,True,1.4208892241827291,39.987745614480566,0.02,50,0.38,1.0,0.0,0.631578947368421,1.0,166.9889171570032,0.0,1.0,0.05555555555555555,30117.40816283219,30117.40816283219
test,5107,0.5,B2_observed_only_twin,SLOWDOWN,True,1.4208892241827291,39.987745614480566,0.05,50,0.38,1.0,0.0,0.631578947368421,1.0,166.9889171570032,0.0,1.0,0.08333333333333333,30117.40816283219,30117.40816283219
test,5107,0.5,B2_observed_only_twin,SLOWDOWN,True,1.4208892241827291,39.987745614480566,0.1,50,0.4,1.0,0.0,0.65,1.0,166.9889171570032,0.0,1.0,0.14583333333333334,30117.40816283219,30117.40816283219
test,5107,0.5,B0_SPC_observed,SLOWDOWN,True,1.4208892241827291,5.012127239822025,0.005,50,0.0,0.0,,,,,0.0,0.0,0.0,,
test,5107,0.5,B0_SPC_observed,SLOWDOWN,True,1.4208892241827291,5.012127239822025,0.01,50,0.0,0.0,,,,,0.0,0.0,0.0,,
test,5107,0.5,B0_SPC_observed,SLOWDOWN,True,1.4208892241827291,5.012127239822025,0.02,50,0.0,0.0,,,,,0.0,0.0,0.0,,
test,5107,0.5,B0_SPC_observed,SLOWDOWN,True,1.4208892241827291,5.012127239822025,0.05,50,0.04,1.0,0.0,0.0,29.0,,0.0,0.0,0.006944444444444444,35813.32292039241,
test,5107,0.5,B0_SPC_observed,SLOWDOWN,True,1.4208892241827291,5.012127239822025,0.1,50,0.1,1.0,0.0,0.0,29.0,,0.0,0.0,0.006944444444444444,35813.32292039241,
test,5107,0.5,B1_IsolationForest,SLOWDOWN,True,1.4208892241827291,0.7423023198141773,0.005,50,0.0,0.0,,,,,0.0,0.0,0.006944444444444444,,
test,5107,0.5,B1_IsolationForest,SLOWDOWN,True,1.4208892241827291,0.7423023198141773,0.01,50,0.0,0.0,,,,,0.0,0.0,0.006944444444444444,,
test,5107,0.5,B1_IsolationForest,SLOWDOWN,True,1.4208892241827291,0.7423023198141773,0.02,50,0.0,0.0,,,,,0.0,0.0,0.020833333333333332,,
test,5107,0.5,B1_IsolationForest,SLOWDOWN,True,1.4208892241827291,0.7423023198141773,0.05,50,0.0,0.0,,,,,0.0,0.0,0.125,,
test,5107,0.5,B1_IsolationForest,SLOWDOWN,True,1.4208892241827291,0.7423023198141773,0.1,50,0.06,1.0,0.0,0.0,12.0,,0.0,0.0,0.1527777777777778,30117.40816283219,
test,5107,0.25,RippleTwin,SLOWDOWN,True,1.4208892241827291,23.87887940963418,0.005,50,0.34,1.0,0.0,0.0,2.0,,0.0,0.0,0.04861111111111111,30117.40816283219,
test,5107,0.25,RippleTwin,SLOWDOWN,True,1.4208892241827291,23.87887940963418,0.01,50,0.36,1.0,0.0,0.0,2.0,,0.0,0.0,0.05555555555555555,30117.40816283219,
test,5107,0.25,RippleTwin,SLOWDOWN,True,1.4208892241827291,23.87887940963418,0.02,50,0.38,1.0,0.0,0.0,2.0,,0.0,0.0,0.08333333333333333,30117.40816283219,
test,5107,0.25,RippleTwin,SLOWDOWN,True,1.4208892241827291,23.87887940963418,0.05,50,0.38,1.0,0.0,0.0,2.0,,0.0,0.0,0.09027777777777778,30117.40816283219,
test,5107,0.25,RippleTwin,SLOWDOWN,True,1.4208892241827291,23.87887940963418,0.1,50,0.4,1.0,0.0,0.0,2.0,,0.0,0.0,0.1388888888888889,30117.40816283219,
test,5107,0.25,B2_observed_only_twin,SLOWDOWN,True,1.4208892241827291,23.87066583332845,0.005,50,0.34,1.0,0.0,0.0,3.0,,0.0,0.0,0.04861111111111111,30117.40816283219,
test,5107,0.25,B2_observed_only_twin,SLOWDOWN,True,1.4208892241827291,23.87066583332845,0.01,50,0.34,1.0,0.0,0.0,3.0,,0.0,0.0,0.04861111111111111,30117.40816283219,
test,5107,0.25,B2_observed_only_twin,SLOWDOWN,True,1.4208892241827291,23.87066583332845,0.02,50,0.38,1.0,0.0,0.0,3.0,,0.0,0.0,0.0625,30117.40816283219,
test,5107,0.25,B2_observed_only_twin,SLOWDOWN,True,1.4208892241827291,23.87066583332845,0.05,50,0.38,1.0,0.0,0.0,3.0,,0.0,0.0,0.09027777777777778,30117.40816283219,
test,5107,0.25,B2_observed_only_twin,SLOWDOWN,True,1.4208892241827291,23.87066583332845,0.1,50,0.4,1.0,0.0,0.0,3.0,,0.0,0.0,0.125,30117.40816283219,
test,5107,0.25,B0_SPC_observed,SLOWDOWN,True,1.4208892241827291,4.674774997918179,0.005,50,0.0,0.0,,,,,0.0,0.0,0.0,,
test,5107,0.25,B0_SPC_observed,SLOWDOWN,True,1.4208892241827291,4.674774997918179,0.01,50,0.0,0.0,,,,,0.0,0.0,0.0,,
test,5107,0.25,B0_SPC_observed,SLOWDOWN,True,1.4208892241827291,4.674774997918179,0.02,50,0.0,0.0,,,,,0.0,0.0,0.006944444444444444,,
test,5107,0.25,B0_SPC_observed,SLOWDOWN,True,1.4208892241827291,4.674774997918179,0.05,50,0.02,1.0,0.0,0.0,25.0,,0.0,0.0,0.006944444444444444,36415.8629685496,
test,5107,0.25,B0_SPC_observed,SLOWDOWN,True,1.4208892241827291,4.674774997918179,0.1,50,0.02,1.0,0.0,0.0,25.0,,0.0,0.0,0.034722222222222224,36415.8629685496,
test,5107,0.25,B1_IsolationForest,SLOWDOWN,True,1.4208892241827291,0.7158774793615637,0.005,50,0.0,0.0,,,,,0.0,0.0,0.0,,
test,5107,0.25,B1_IsolationForest,SLOWDOWN,True,1.4208892241827291,0.7158774793615637,0.01,50,0.0,0.0,,,,,0.0,0.0,0.0,,
test,5107,0.25,B1_IsolationForest,SLOWDOWN,True,1.4208892241827291,0.7158774793615637,0.02,50,0.1,1.0,0.0,0.0,16.0,,0.0,0.0,0.0,35813.32292039241,
test,5107,0.25,B1_IsolationForest,SLOWDOWN,True,1.4208892241827291,0.7158774793615637,0.05,50,0.38,1.0,0.0,0.0,16.0,,0.0,0.0,0.006944444444444444,31018.37113588323,
test,5107,0.25,B1_IsolationForest,SLOWDOWN,True,1.4208892241827291,0.7158774793615637,0.1,50,0.42,1.0,0.0,0.0,16.0,,0.0,0.0,0.013888888888888888,31018.37113588323,
test,5108,1.0,RippleTwin,SLOWDOWN,False,1.4466577530601472,42.5638498837417,0.005,40,0.575,1.0,1.0,1.0,0.0,,1.0,1.0,0.05732484076433121,32815.71805179098,
test,5108,1.0,RippleTwin,SLOWDOWN,False,1.4466577530601472,42.5638498837417,0.01,40,0.575,1.0,1.0,1.0,0.0,,1.0,1.0,0.05732484076433121,32815.71805179098,
test,5108,1.0,RippleTwin,SLOWDOWN,False,1.4466577530601472,42.5638498837417,0.02,40,0.6,1.0,1.0,1.0,0.0,,1.0,1.0,0.07006369426751592,32815.71805179098,
test,5108,1.0,RippleTwin,SLOWDOWN,False,1.4466577530601472,42.5638498837417,0.05,40,0.625,1.0,0.96,0.96,0.0,,1.0,1.0,0.07643312101910828,32815.71805179098,
test,5108,1.0,RippleTwin,SLOWDOWN,False,1.4466577530601472,42.5638498837417,0.1,40,0.775,1.0,0.8064516129032258,0.8064516129032258,0.0,,1.0,1.0,0.11464968152866242,32815.71805179098,
test,5108,1.0,B2_observed_only_twin,SLOWDOWN,False,1.4466577530601472,42.5638498837417,0.005,40,0.575,1.0,1.0,1.0,0.0,,1.0,1.0,0.05732484076433121,32815.71805179098,
test,5108,1.0,B2_observed_only_twin,SLOWDOWN,False,1.4466577530601472,42.5638498837417,0.01,40,0.575,1.0,1.0,1.0,0.0,,1.0,1.0,0.05732484076433121,32815.71805179098,
test,5108,1.0,B2_observed_only_twin,SLOWDOWN,False,1.4466577530601472,42.5638498837417,0.02,40,0.6,1.0,1.0,1.0,0.0,,1.0,1.0,0.07006369426751592,32815.71805179098,
test,5108,1.0,B2_observed_only_twin,SLOWDOWN,False,1.4466577530601472,42.5638498837417,0.05,40,0.625,1.0,0.96,0.96,0.0,,1.0,1.0,0.07643312101910828,32815.71805179098,
test,5108,1.0,B2_observed_only_twin,SLOWDOWN,False,1.4466577530601472,42.5638498837417,0.1,40,0.775,1.0,0.8064516129032258,0.8064516129032258,0.0,,1.0,1.0,0.11464968152866242,32815.71805179098,
test,5108,1.0,B0_SPC_observed,SLOWDOWN,False,1.4466577530601472,5.124273832797681,0.005,40,0.625,1.0,0.88,0.88,0.0,,1.0,1.0,0.07006369426751592,32815.71805179098,
test,5108,1.0,B0_SPC_observed,SLOWDOWN,False,1.4466577530601472,5.124273832797681,0.01,40,0.625,1.0,0.88,0.88,0.0,,1.0,1.0,0.07006369426751592,32815.71805179098,
test,5108,1.0,B0_SPC_observed,SLOWDOWN,False,1.4466577530601472,5.124273832797681,0.02,40,0.65,1.0,0.8461538461538461,0.8461538461538461,0.0,,1.0,1.0,0.07006369426751592,32815.71805179098,
test,5108,1.0,B0_SPC_observed,SLOWDOWN,False,1.4466577530601472,5.124273832797681,0.05,40,0.675,1.0,0.8148148148148148,0.8148148148148148,0.0,,1.0,1.0,0.08280254777070063,32815.71805179098,
test,5108,1.0,B0_SPC_observed,SLOWDOWN,False,1.4466577530601472,5.124273832797681,0.1,40,0.8,1.0,0.6875,0.6875,0.0,,1.0,1.0,0.10191082802547771,32815.71805179098,
test,5108,1.0,B1_IsolationForest,SLOWDOWN,False,1.4466577530601472,0.7784702529546166,0.005,40,0.0,0.0,,,,,0.0,0.0,0.006369426751592357,,
test,5108,1.0,B1_IsolationForest,SLOWDOWN,False,1.4466577530601472,0.7784702529546166,0.01,40,0.0,0.0,,,,,0.0,0.0,0.006369426751592357,,
test,5108,1.0,B1_IsolationForest,SLOWDOWN,False,1.4466577530601472,0.7784702529546166,0.02,40,0.0,0.0,,,,,0.0,0.0,0.006369426751592357,,
test,5108,1.0,B1_IsolationForest,SLOWDOWN,False,1.4466577530601472,0.7784702529546166,0.05,40,0.65,1.0,0.0,1.0,1.0,,0.0,1.0,0.1464968152866242,32815.71805179098,
test,5108,1.0,B1_IsolationForest,SLOWDOWN,False,1.4466577530601472,0.7784702529546166,0.1,40,0.65,1.0,0.0,1.0,1.0,,0.0,1.0,0.18471337579617833,32815.71805179098,
test,5108,0.75,RippleTwin,SLOWDOWN,False,1.4466577530601472,31.30364205825687,0.005,40,0.575,1.0,1.0,1.0,0.0,,1.0,1.0,0.06369426751592357,32815.71805179098,
test,5108,0.75,RippleTwin,SLOWDOWN,False,1.4466577530601472,31.30364205825687,0.01,40,0.575,1.0,1.0,1.0,0.0,,1.0,1.0,0.06369426751592357,32815.71805179098,
test,5108,0.75,RippleTwin,SLOWDOWN,False,1.4466577530601472,31.30364205825687,0.02,40,0.6,1.0,1.0,1.0,0.0,,1.0,1.0,0.07006369426751592,32815.71805179098,
test,5108,0.75,RippleTwin,SLOWDOWN,False,1.4466577530601472,31.30364205825687,0.05,40,0.675,1.0,0.8888888888888888,0.8888888888888888,0.0,,1.0,1.0,0.07006369426751592,32815.71805179098,
test,5108,0.75,RippleTwin,SLOWDOWN,False,1.4466577530601472,31.30364205825687,0.1,40,0.775,1.0,0.8064516129032258,0.8064516129032258,0.0,,1.0,1.0,0.12738853503184713,32815.71805179098,
test,5108,0.75,B2_observed_only_twin,SLOWDOWN,False,1.4466577530601472,31.30364205825687,0.005,40,0.575,1.0,1.0,1.0,0.0,,1.0,1.0,0.06369426751592357,32815.71805179098,
test,5108,0.75,B2_observed_only_twin,SLOWDOWN,False,1.4466577530601472,31.30364205825687,0.01,40,0.575,1.0,1.0,1.0,0.0,,1.0,1.0,0.06369426751592357,32815.71805179098,
test,5108,0.75,B2_observed_only_twin,SLOWDOWN,False,1.4466577530601472,31.30364205825687,0.02,40,0.6,1.0,1.0,1.0,0.0,,1.0,1.0,0.07006369426751592,32815.71805179098,
test,5108,0.75,B2_observed_only_twin,SLOWDOWN,False,1.4466577530601472,31.30364205825687,0.05,40,0.7,1.0,0.8928571428571429,0.8928571428571429,0.0,,1.0,1.0,0.08280254777070063,32815.71805179098,
test,5108,0.75,B2_observed_only_twin,SLOWDOWN,False,1.4466577530601472,31.30364205825687,0.1,40,0.825,1.0,0.7575757575757576,0.7575757575757576,0.0,,1.0,1.0,0.14012738853503184,32815.71805179098,
test,5108,0.75,B0_SPC_observed,SLOWDOWN,False,1.4466577530601472,5.061702559429017,0.005,40,0.625,1.0,0.88,0.88,0.0,,1.0,1.0,0.07006369426751592,32815.71805179098,
test,5108,0.75,B0_SPC_observed,SLOWDOWN,False,1.4466577530601472,5.061702559429017,0.01,40,0.65,1.0,0.8461538461538461,0.8461538461538461,0.0,,1.0,1.0,0.07006369426751592,32815.71805179098,
test,5108,0.75,B0_SPC_observed,SLOWDOWN,False,1.4466577530601472,5.061702559429017,0.02,40,0.65,1.0,0.8461538461538461,0.8461538461538461,0.0,,1.0,1.0,0.07006369426751592,32815.71805179098,
test,5108,0.75,B0_SPC_observed,SLOWDOWN,False,1.4466577530601472,5.061702559429017,0.05,40,0.675,1.0,0.8148148148148148,0.8148148148148148,0.0,,1.0,1.0,0.08280254777070063,32815.71805179098,
test,5108,0.75,B0_SPC_observed,SLOWDOWN,False,1.4466577530601472,5.061702559429017,0.1,40,0.8,1.0,0.6875,0.6875,0.0,,1.0,1.0,0.10191082802547771,32815.71805179098,
test,5108,0.75,B1_IsolationForest,SLOWDOWN,False,1.4466577530601472,0.7423023198141773,0.005,40,0.7,1.0,0.0,1.0,1.0,,0.0,1.0,0.1464968152866242,32815.71805179098,
test,5108,0.75,B1_IsolationForest,SLOWDOWN,False,1.4466577530601472,0.7423023198141773,0.01,40,0.75,1.0,0.0,1.0,1.0,,0.0,1.0,0.1464968152866242,32815.71805179098,
test,5108,0.75,B1_IsolationForest,SLOWDOWN,False,1.4466577530601472,0.7423023198141773,0.02,40,0.75,1.0,0.0,1.0,1.0,,0.0,1.0,0.1592356687898089,32815.71805179098,
test,5108,0.75,B1_IsolationForest,SLOWDOWN,False,1.4466577530601472,0.7423023198141773,0.05,40,0.75,1.0,0.0,1.0,1.0,,0.0,1.0,0.18471337579617833,32815.71805179098,
test,5108,0.75,B1_IsolationForest,SLOWDOWN,False,1.4466577530601472,0.7423023198141773,0.1,40,0.775,1.0,0.0,1.0,1.0,,0.0,1.0,0.2229299363057325,32815.71805179098,
test,5108,0.5,RippleTwin,SLOWDOWN,False,1.4466577530601472,39.99294167411538,0.005,40,0.575,1.0,1.0,1.0,0.0,,1.0,1.0,0.05732484076433121,32815.71805179098,
test,5108,0.5,RippleTwin,SLOWDOWN,False,1.4466577530601472,39.99294167411538,0.01,40,0.575,1.0,1.0,1.0,0.0,,1.0,1.0,0.05732484076433121,32815.71805179098,
test,5108,0.5,RippleTwin,SLOWDOWN,False,1.4466577530601472,39.99294167411538,0.02,40,0.6,1.0,1.0,1.0,0.0,,1.0,1.0,0.07006369426751592,32815.71805179098,
test,5108,0.5,RippleTwin,SLOWDOWN,False,1.4466577530601472,39.99294167411538,0.05,40,0.625,1.0,0.96,0.96,0.0,,1.0,1.0,0.09554140127388536,32815.71805179098,
test,5108,0.5,RippleTwin,SLOWDOWN,False,1.4466577530601472,39.99294167411538,0.1,40,0.775,1.0,0.7741935483870968,0.7741935483870968,0.0,,1.0,1.0,0.11464968152866242,32815.71805179098,
test,5108,0.5,B2_observed_only_twin,SLOWDOWN,False,1.4466577530601472,39.987745614480566,0.005,40,0.575,1.0,1.0,1.0,0.0,,1.0,1.0,0.05732484076433121,32815.71805179098,
test,5108,0.5,B2_observed_only_twin,SLOWDOWN,False,1.4466577530601472,39.987745614480566,0.01,40,0.575,1.0,1.0,1.0,0.0,,1.0,1.0,0.05732484076433121,32815.71805179098,
test,5108,0.5,B2_observed_only_twin,SLOWDOWN,False,1.4466577530601472,39.987745614480566,0.02,40,0.6,1.0,1.0,1.0,0.0,,1.0,1.0,0.07006369426751592,32815.71805179098,
test,5108,0.5,B2_observed_only_twin,SLOWDOWN,False,1.4466577530601472,39.987745614480566,0.05,40,0.725,1.0,0.8275862068965517,0.8275862068965517,0.0,,1.0,1.0,0.08917197452229299,32815.71805179098,
test,5108,0.5,B2_observed_only_twin,SLOWDOWN,False,1.4466577530601472,39.987745614480566,0.1,40,0.8,1.0,0.75,0.75,0.0,,1.0,1.0,0.12101910828025478,32815.71805179098,
test,5108,0.5,B0_SPC_observed,SLOWDOWN,False,1.4466577530601472,5.012127239822025,0.005,40,0.625,1.0,0.88,0.88,0.0,,1.0,1.0,0.07006369426751592,32815.71805179098,
test,5108,0.5,B0_SPC_observed,SLOWDOWN,False,1.4466577530601472,5.012127239822025,0.01,40,0.65,1.0,0.8461538461538461,0.8461538461538461,0.0,,1.0,1.0,0.07006369426751592,32815.71805179098,
test,5108,0.5,B0_SPC_observed,SLOWDOWN,False,1.4466577530601472,5.012127239822025,0.02,40,0.65,1.0,0.8461538461538461,0.8461538461538461,0.0,,1.0,1.0,0.07643312101910828,32815.71805179098,
test,5108,0.5,B0_SPC_observed,SLOWDOWN,False,1.4466577530601472,5.012127239822025,0.05,40,0.8,1.0,0.6875,0.6875,0.0,,1.0,1.0,0.10191082802547771,32815.71805179098,
test,5108,0.5,B0_SPC_observed,SLOWDOWN,False,1.4466577530601472,5.012127239822025,0.1,40,0.825,1.0,0.6666666666666666,0.6666666666666666,0.0,,1.0,1.0,0.10828025477707007,32815.71805179098,
test,5108,0.5,B1_IsolationForest,SLOWDOWN,False,1.4466577530601472,0.7423023198141773,0.005,40,0.7,1.0,0.0,1.0,1.0,,0.0,1.0,0.11464968152866242,32815.71805179098,
test,5108,0.5,B1_IsolationForest,SLOWDOWN,False,1.4466577530601472,0.7423023198141773,0.01,40,0.75,1.0,0.0,1.0,1.0,,0.0,1.0,0.11464968152866242,32815.71805179098,
test,5108,0.5,B1_IsolationForest,SLOWDOWN,False,1.4466577530601472,0.7423023198141773,0.02,40,0.75,1.0,0.0,1.0,1.0,,0.0,1.0,0.12738853503184713,32815.71805179098,
test,5108,0.5,B1_IsolationForest,SLOWDOWN,False,1.4466577530601472,0.7423023198141773,0.05,40,0.75,1.0,0.0,1.0,1.0,,0.0,1.0,0.1592356687898089,32815.71805179098,
test,5108,0.5,B1_IsolationForest,SLOWDOWN,False,1.4466577530601472,0.7423023198141773,0.1,40,0.775,1.0,0.0,1.0,1.0,,0.0,1.0,0.18471337579617833,32815.71805179098,
test,5108,0.25,RippleTwin,SLOWDOWN,True,1.4466577530601472,23.87887940963418,0.005,40,0.475,1.0,0.0,0.10526315789473684,6.0,,0.0,0.0,0.006369426751592357,32815.71805179098,
test,5108,0.25,RippleTwin,SLOWDOWN,True,1.4466577530601472,23.87887940963418,0.01,40,0.475,1.0,0.0,0.10526315789473684,6.0,,0.0,0.0,0.006369426751592357,32815.71805179098,
test,5108,0.25,RippleTwin,SLOWDOWN,True,1.4466577530601472,23.87887940963418,0.02,40,0.675,1.0,0.0,0.07407407407407407,6.0,,0.0,0.0,0.03821656050955414,32815.71805179098,
test,5108,0.25,RippleTwin,SLOWDOWN,True,1.4466577530601472,23.87887940963418,0.05,40,0.775,1.0,0.0,0.06451612903225806,6.0,,0.0,0.0,0.050955414012738856,32815.71805179098,
test,5108,0.25,RippleTwin,SLOWDOWN,True,1.4466577530601472,23.87887940963418,0.1,40,0.825,1.0,0.0,0.06060606060606061,6.0,,0.0,0.0,0.06369426751592357,32815.71805179098,
test,5108,0.25,B2_observed_only_twin,SLOWDOWN,True,1.4466577530601472,23.87066583332845,0.005,40,0.575,1.0,0.0,0.0,6.0,,0.0,0.0,0.0,32815.71805179098,
test,5108,0.25,B2_observed_only_twin,SLOWDOWN,True,1.4466577530601472,23.87066583332845,0.01,40,0.575,1.0,0.0,0.0,6.0,,0.0,0.0,0.006369426751592357,32815.71805179098,
test,5108,0.25,B2_observed_only_twin,SLOWDOWN,True,1.4466577530601472,23.87066583332845,0.02,40,0.775,1.0,0.0,0.0,6.0,,0.0,0.0,0.025477707006369428,32815.71805179098,
test,5108,0.25,B2_observed_only_twin,SLOWDOWN,True,1.4466577530601472,23.87066583332845,0.05,40,0.9,1.0,0.0,0.0,6.0,,0.0,0.0,0.044585987261146494,32815.71805179098,
test,5108,0.25,B2_observed_only_twin,SLOWDOWN,True,1.4466577530601472,23.87066583332845,0.1,40,0.925,1.0,0.0,0.0,6.0,,0.0,0.0,0.05732484076433121,32815.71805179098,
test,5108,0.25,B0_SPC_observed,SLOWDOWN,True,1.4466577530601472,4.674774997918179,0.005,40,0.1,1.0,0.0,0.0,20.0,,0.0,0.0,0.0,45854.61816318823,
test,5108,0.25,B0_SPC_observed,SLOWDOWN,True,1.4466577530601472,4.674774997918179,0.01,40,0.1,1.0,0.0,0.0,20.0,,0.0,0.0,0.0,45854.61816318823,
test,5108,0.25,B0_SPC_observed,SLOWDOWN,True,1.4466577530601472,4.674774997918179,0.02,40,0.175,1.0,0.0,0.0,20.0,,0.0,0.0,0.0,42859.69669825391,
test,5108,0.25,B0_SPC_observed,SLOWDOWN,True,1.4466577530601472,4.674774997918179,0.05,40,0.3,1.0,0.0,0.0,20.0,,0.0,0.0,0.006369426751592357,37317.0707094032,
test,5108,0.25,B0_SPC_observed,SLOWDOWN,True,1.4466577530601472,4.674774997918179,0.1,40,0.325,1.0,0.0,0.0,20.0,,0.0,0.0,0.025477707006369428,37023.82020709311,
test,5108,0.25,B1_IsolationForest,SLOWDOWN,True,1.4466577530601472,0.7158774793615637,0.005,40,0.2,1.0,0.0,0.0,7.0,,0.0,0.0,0.0,38220.22457983908,
test,5108,0.25,B1_IsolationForest,SLOWDOWN,True,1.4466577530601472,0.7158774793615637,0.01,40,0.225,1.0,0.0,0.0,7.0,,0.0,0.0,0.0,37913.539269186535,
test,5108,0.25,B1_IsolationForest,SLOWDOWN,True,1.4466577530601472,0.7158774793615637,0.02,40,0.325,1.0,0.0,0.0,7.0,,0.0,0.0,0.006369426751592357,36124.12098756551,
test,5108,0.25,B1_IsolationForest,SLOWDOWN,True,1.4466577530601472,0.7158774793615637,0.05,40,0.525,1.0,0.0,0.0,6.0,,0.0,0.0,0.03184713375796178,32815.71805179098,
test,5108,0.25,B1_IsolationForest,SLOWDOWN,True,1.4466577530601472,0.7158774793615637,0.1,40,0.575,1.0,0.0,0.0,6.0,,0.0,0.0,0.044585987261146494,32815.71805179098,
test,5109,1.0,RippleTwin,COMBINED,False,1.2299351787986026,42.5638498837417,0.005,53,0.0,0.0,,,,,0.0,0.0,0.0,,
test,5109,1.0,RippleTwin,COMBINED,False,1.2299351787986026,42.5638498837417,0.01,53,0.1509433962264151,1.0,1.0,1.0,0.0,,1.0,1.0,0.027777777777777776,42116.61380124981,
test,5109,1.0,RippleTwin,COMBINED,False,1.2299351787986026,42.5638498837417,0.02,53,0.7547169811320755,1.0,1.0,1.0,0.0,,1.0,1.0,0.06944444444444445,39412.205465521656,
test,5109,1.0,RippleTwin,COMBINED,False,1.2299351787986026,42.5638498837417,0.05,53,0.7735849056603774,1.0,1.0,1.0,0.0,,1.0,1.0,0.10416666666666667,39412.205465521656,
test,5109,1.0,RippleTwin,COMBINED,False,1.2299351787986026,42.5638498837417,0.1,53,0.7735849056603774,1.0,1.0,1.0,0.0,,1.0,1.0,0.19444444444444445,39412.205465521656,
test,5109,1.0,B2_observed_only_twin,COMBINED,False,1.2299351787986026,42.5638498837417,0.005,53,0.0,0.0,,,,,0.0,0.0,0.0,,
test,5109,1.0,B2_observed_only_twin,COMBINED,False,1.2299351787986026,42.5638498837417,0.01,53,0.1509433962264151,1.0,1.0,1.0,0.0,,1.0,1.0,0.027777777777777776,42116.61380124981,
test,5109,1.0,B2_observed_only_twin,COMBINED,False,1.2299351787986026,42.5638498837417,0.02,53,0.7547169811320755,1.0,1.0,1.0,0.0,,1.0,1.0,0.06944444444444445,39412.205465521656,
test,5109,1.0,B2_observed_only_twin,COMBINED,False,1.2299351787986026,42.5638498837417,0.05,53,0.7735849056603774,1.0,1.0,1.0,0.0,,1.0,1.0,0.10416666666666667,39412.205465521656,
test,5109,1.0,B2_observed_only_twin,COMBINED,False,1.2299351787986026,42.5638498837417,0.1,53,0.7735849056603774,1.0,1.0,1.0,0.0,,1.0,1.0,0.19444444444444445,39412.205465521656,
test,5109,1.0,B0_SPC_observed,COMBINED,False,1.2299351787986026,5.124273832797681,0.005,53,0.7547169811320755,1.0,1.0,1.0,0.0,,1.0,1.0,0.041666666666666664,39412.205465521656,
test,5109,1.0,B0_SPC_observed,COMBINED,False,1.2299351787986026,5.124273832797681,0.01,53,0.7547169811320755,1.0,1.0,1.0,0.0,,1.0,1.0,0.04861111111111111,39412.205465521656,
test,5109,1.0,B0_SPC_observed,COMBINED,False,1.2299351787986026,5.124273832797681,0.02,53,0.7547169811320755,1.0,1.0,1.0,0.0,,1.0,1.0,0.04861111111111111,39412.205465521656,
test,5109,1.0,B0_SPC_observed,COMBINED,False,1.2299351787986026,5.124273832797681,0.05,53,0.7924528301886793,1.0,0.9761904761904762,0.9761904761904762,0.0,,1.0,1.0,0.06944444444444445,39412.205465521656,
test,5109,1.0,B0_SPC_observed,COMBINED,False,1.2299351787986026,5.124273832797681,0.1,53,0.8113207547169812,1.0,0.9534883720930233,0.9534883720930233,0.0,,1.0,1.0,0.06944444444444445,39412.205465521656,
test,5109,1.0,B1_IsolationForest,COMBINED,False,1.2299351787986026,0.7784702529546166,0.005,53,0.0,0.0,,,,,0.0,0.0,0.04861111111111111,,
test,5109,1.0,B1_IsolationForest,COMBINED,False,1.2299351787986026,0.7784702529546166,0.01,53,0.0,0.0,,,,,0.0,0.0,0.04861111111111111,,
test,5109,1.0,B1_IsolationForest,COMBINED,False,1.2299351787986026,0.7784702529546166,0.02,53,0.0,0.0,,,,,0.0,0.0,0.06944444444444445,,
test,5109,1.0,B1_IsolationForest,COMBINED,False,1.2299351787986026,0.7784702529546166,0.05,53,0.0,0.0,,,,,0.0,0.0,0.0763888888888889,,
test,5109,1.0,B1_IsolationForest,COMBINED,False,1.2299351787986026,0.7784702529546166,0.1,53,0.0,0.0,,,,,0.0,0.0,0.125,,
test,5109,0.75,RippleTwin,COMBINED,False,1.2299351787986026,31.30364205825687,0.005,53,0.6226415094339622,1.0,1.0,1.0,0.0,,1.0,1.0,0.034722222222222224,39412.205465521656,
test,5109,0.75,RippleTwin,COMBINED,False,1.2299351787986026,31.30364205825687,0.01,53,0.6981132075471698,1.0,1.0,1.0,0.0,,1.0,1.0,0.034722222222222224,39412.205465521656,
test,5109,0.75,RippleTwin,COMBINED,False,1.2299351787986026,31.30364205825687,0.02,53,0.7547169811320755,1.0,1.0,1.0,0.0,,1.0,1.0,0.06944444444444445,39412.205465521656,
test,5109,0.75,RippleTwin,COMBINED,False,1.2299351787986026,31.30364205825687,0.05,53,0.7735849056603774,1.0,1.0,1.0,0.0,,1.0,1.0,0.09722222222222222,39412.205465521656,
test,5109,0.75,RippleTwin,COMBINED,False,1.2299351787986026,31.30364205825687,0.1,53,0.7735849056603774,1.0,1.0,1.0,0.0,,1.0,1.0,0.19444444444444445,39412.205465521656,
test,5109,0.75,B2_observed_only_twin,COMBINED,False,1.2299351787986026,31.30364205825687,0.005,53,0.6226415094339622,1.0,1.0,1.0,0.0,,1.0,1.0,0.034722222222222224,39412.205465521656,
test,5109,0.75,B2_observed_only_twin,COMBINED,False,1.2299351787986026,31.30364205825687,0.01,53,0.6981132075471698,1.0,1.0,1.0,0.0,,1.0,1.0,0.034722222222222224,39412.205465521656,
test,5109,0.75,B2_observed_only_twin,COMBINED,False,1.2299351787986026,31.30364205825687,0.02,53,0.7547169811320755,1.0,1.0,1.0,0.0,,1.0,1.0,0.0625,39412.205465521656,
test,5109,0.75,B2_observed_only_twin,COMBINED,False,1.2299351787986026,31.30364205825687,0.05,53,0.7735849056603774,1.0,1.0,1.0,0.0,,1.0,1.0,0.11805555555555555,39412.205465521656,
test,5109,0.75,B2_observed_only_twin,COMBINED,False,1.2299351787986026,31.30364205825687,0.1,53,0.7924528301886793,1.0,1.0,1.0,0.0,,1.0,1.0,0.2152777777777778,39412.205465521656,
test,5109,0.75,B0_SPC_observed,COMBINED,False,1.2299351787986026,5.061702559429017,0.005,53,0.7547169811320755,1.0,1.0,1.0,0.0,,1.0,1.0,0.04861111111111111,39412.205465521656,
test,5109,0.75,B0_SPC_observed,COMBINED,False,1.2299351787986026,5.061702559429017,0.01,53,0.7547169811320755,1.0,1.0,1.0,0.0,,1.0,1.0,0.04861111111111111,39412.205465521656,
test,5109,0.75,B0_SPC_observed,COMBINED,False,1.2299351787986026,5.061702559429017,0.02,53,0.7547169811320755,1.0,1.0,1.0,0.0,,1.0,1.0,0.05555555555555555,39412.205465521656,
test,5109,0.75,B0_SPC_observed,COMBINED,False,1.2299351787986026,5.061702559429017,0.05,53,0.7924528301886793,1.0,0.9761904761904762,0.9761904761904762,0.0,,1.0,1.0,0.06944444444444445,39412.205465521656,
test,5109,0.75,B0_SPC_observed,COMBINED,False,1.2299351787986026,5.061702559429017,0.1,53,0.8113207547169812,1.0,0.9534883720930233,0.9534883720930233,0.0,,1.0,1.0,0.06944444444444445,39412.205465521656,
test,5109,0.75,B1_IsolationForest,COMBINED,False,1.2299351787986026,0.7423023198141773,0.005,53,0.0,0.0,,,,,0.0,0.0,0.0763888888888889,,
test,5109,0.75,B1_IsolationForest,COMBINED,False,1.2299351787986026,0.7423023198141773,0.01,53,0.0,0.0,,,,,0.0,0.0,0.09722222222222222,,
test,5109,0.75,B1_IsolationForest,COMBINED,False,1.2299351787986026,0.7423023198141773,0.02,53,0.0,0.0,,,,,0.0,0.0,0.10416666666666667,,
test,5109,0.75,B1_IsolationForest,COMBINED,False,1.2299351787986026,0.7423023198141773,0.05,53,0.0,0.0,,,,,0.0,0.0,0.125,,
test,5109,0.75,B1_IsolationForest,COMBINED,False,1.2299351787986026,0.7423023198141773,0.1,53,0.0,0.0,,,,,0.0,0.0,0.1875,,
test,5109,0.5,RippleTwin,COMBINED,True,1.2299351787986026,39.99294167411538,0.005,53,0.0,0.0,,,,,0.0,0.0,0.006944444444444444,,
test,5109,0.5,RippleTwin,COMBINED,True,1.2299351787986026,39.99294167411538,0.01,53,0.0,0.0,,,,,0.0,0.0,0.013888888888888888,,
test,5109,0.5,RippleTwin,COMBINED,True,1.2299351787986026,39.99294167411538,0.02,53,0.0,0.0,,,,,0.0,0.0,0.04861111111111111,,
test,5109,0.5,RippleTwin,COMBINED,True,1.2299351787986026,39.99294167411538,0.05,53,0.0,0.0,,,,,0.0,0.0,0.0763888888888889,,
test,5109,0.5,RippleTwin,COMBINED,True,1.2299351787986026,39.99294167411538,0.1,53,0.0,0.0,,,,,0.0,0.0,0.24305555555555555,,
test,5109,0.5,B2_observed_only_twin,COMBINED,True,1.2299351787986026,39.987745614480566,0.005,53,0.0,0.0,,,,,0.0,0.0,0.006944444444444444,,
test,5109,0.5,B2_observed_only_twin,COMBINED,True,1.2299351787986026,39.987745614480566,0.01,53,0.0,0.0,,,,,0.0,0.0,0.013888888888888888,,
test,5109,0.5,B2_observed_only_twin,COMBINED,True,1.2299351787986026,39.987745614480566,0.02,53,0.0,0.0,,,,,0.0,0.0,0.04861111111111111,,
test,5109,0.5,B2_observed_only_twin,COMBINED,True,1.2299351787986026,39.987745614480566,0.05,53,0.0,0.0,,,,,0.0,0.0,0.1111111111111111,,
test,5109,0.5,B2_observed_only_twin,COMBINED,True,1.2299351787986026,39.987745614480566,0.1,53,0.0,0.0,,,,,0.0,0.0,0.24305555555555555,,
test,5109,0.5,B0_SPC_observed,COMBINED,True,1.2299351787986026,5.012127239822025,0.005,53,0.03773584905660377,1.0,0.0,0.0,10.0,,0.0,0.0,0.006944444444444444,51152.58460424607,
test,5109,0.5,B0_SPC_observed,COMBINED,True,1.2299351787986026,5.012127239822025,0.01,53,0.03773584905660377,1.0,0.0,0.0,10.0,,0.0,0.0,0.006944444444444444,51152.58460424607,
test,5109,0.5,B0_SPC_observed,COMBINED,True,1.2299351787986026,5.012127239822025,0.02,53,0.05660377358490566,1.0,0.0,0.0,10.0,,0.0,0.0,0.013888888888888888,51152.58460424607,
test,5109,0.5,B0_SPC_observed,COMBINED,True,1.2299351787986026,5.012127239822025,0.05,53,0.09433962264150944,1.0,0.0,0.0,10.0,,0.0,0.0,0.020833333333333332,51152.58460424607,
test,5109,0.5,B0_SPC_observed,COMBINED,True,1.2299351787986026,5.012127239822025,0.1,53,0.11320754716981132,1.0,0.0,0.0,10.0,,0.0,0.0,0.041666666666666664,43622.269345588655,
test,5109,0.5,B1_IsolationForest,COMBINED,True,1.2299351787986026,0.7423023198141773,0.005,53,0.0,0.0,,,,,0.0,0.0,0.013888888888888888,,
test,5109,0.5,B1_IsolationForest,COMBINED,True,1.2299351787986026,0.7423023198141773,0.01,53,0.0,0.0,,,,,0.0,0.0,0.020833333333333332,,
test,5109,0.5,B1_IsolationForest,COMBINED,True,1.2299351787986026,0.7423023198141773,0.02,53,0.0,0.0,,,,,0.0,0.0,0.034722222222222224,,
test,5109,0.5,B1_IsolationForest,COMBINED,True,1.2299351787986026,0.7423023198141773,0.05,53,0.0,0.0,,,,,0.0,0.0,0.0763888888888889,,
test,5109,0.5,B1_IsolationForest,COMBINED,True,1.2299351787986026,0.7423023198141773,0.1,53,0.0,0.0,,,,,0.0,0.0,0.11805555555555555,,
test,5109,0.25,RippleTwin,COMBINED,True,1.2299351787986026,23.87887940963418,0.005,53,0.0,0.0,,,,,0.0,0.0,0.020833333333333332,,
test,5109,0.25,RippleTwin,COMBINED,True,1.2299351787986026,23.87887940963418,0.01,53,0.0,0.0,,,,,0.0,0.0,0.020833333333333332,,
test,5109,0.25,RippleTwin,COMBINED,True,1.2299351787986026,23.87887940963418,0.02,53,0.018867924528301886,1.0,0.0,0.0,10.0,,0.0,0.0,0.09027777777777778,51850.46310596164,
test,5109,0.25,RippleTwin,COMBINED,True,1.2299351787986026,23.87887940963418,0.05,53,0.03773584905660377,1.0,0.0,0.0,10.0,,0.0,0.0,0.14583333333333334,51496.698805605556,
test,5109,0.25,RippleTwin,COMBINED,True,1.2299351787986026,23.87887940963418,0.1,53,0.09433962264150944,1.0,0.0,0.0,10.0,,0.0,0.0,0.25,39412.205465521656,
test,5109,0.25,B2_observed_only_twin,COMBINED,True,1.2299351787986026,23.87066583332845,0.005,53,0.0,0.0,,,,,0.0,0.0,0.013888888888888888,,
test,5109,0.25,B2_observed_only_twin,COMBINED,True,1.2299351787986026,23.87066583332845,0.01,53,0.0,0.0,,,,,0.0,0.0,0.020833333333333332,,
test,5109,0.25,B2_observed_only_twin,COMBINED,True,1.2299351787986026,23.87066583332845,0.02,53,0.018867924528301886,1.0,0.0,0.0,10.0,,0.0,0.0,0.06944444444444445,51850.46310596164,
test,5109,0.25,B2_observed_only_twin,COMBINED,True,1.2299351787986026,23.87066583332845,0.05,53,0.05660377358490566,1.0,0.0,0.0,10.0,,0.0,0.0,0.1527777777777778,40019.50530853529,
test,5109,0.25,B2_observed_only_twin,COMBINED,True,1.2299351787986026,23.87066583332845,0.1,53,0.11320754716981132,1.0,0.0,0.0,10.0,,0.0,0.0,0.2361111111111111,39412.205465521656,
test,5109,0.25,B0_SPC_observed,COMBINED,True,1.2299351787986026,4.674774997918179,0.005,53,0.03773584905660377,1.0,0.0,0.0,10.0,,0.0,0.0,0.0,51152.58460424607,
test,5109,0.25,B0_SPC_observed,COMBINED,True,1.2299351787986026,4.674774997918179,0.01,53,0.05660377358490566,1.0,0.0,0.0,10.0,,0.0,0.0,0.0,51152.58460424607,
test,5109,0.25,B0_SPC_observed,COMBINED,True,1.2299351787986026,4.674774997918179,0.02,53,0.05660377358490566,1.0,0.0,0.0,10.0,,0.0,0.0,0.0,51152.58460424607,
test,5109,0.25,B0_SPC_observed,COMBINED,True,1.2299351787986026,4.674774997918179,0.05,53,0.09433962264150944,1.0,0.0,0.0,10.0,,0.0,0.0,0.013888888888888888,51152.58460424607,
test,5109,0.25,B0_SPC_observed,COMBINED,True,1.2299351787986026,4.674774997918179,0.1,53,0.09433962264150944,1.0,0.0,0.0,10.0,,0.0,0.0,0.034722222222222224,51152.58460424607,
test,5109,0.25,B1_IsolationForest,COMBINED,True,1.2299351787986026,0.7158774793615637,0.005,53,0.0,0.0,,,,,0.0,0.0,0.0,,
test,5109,0.25,B1_IsolationForest,COMBINED,True,1.2299351787986026,0.7158774793615637,0.01,53,0.0,0.0,,,,,0.0,0.0,0.0,,
test,5109,0.25,B1_IsolationForest,COMBINED,True,1.2299351787986026,0.7158774793615637,0.02,53,0.0,0.0,,,,,0.0,0.0,0.006944444444444444,,
test,5109,0.25,B1_IsolationForest,COMBINED,True,1.2299351787986026,0.7158774793615637,0.05,53,0.0,0.0,,,,,0.0,0.0,0.006944444444444444,,
test,5109,0.25,B1_IsolationForest,COMBINED,True,1.2299351787986026,0.7158774793615637,0.1,53,0.018867924528301886,1.0,0.0,0.0,6.0,,0.0,0.0,0.027777777777777776,39715.602454476386,
